review_id,review
0,"Designer Matt Nye's sophomore show featured a coed collection centered around navy sailor pants, fitted jackets and simple cotton polo shirts. The theme seemed to be a cross between sophisticated urban staples and relaxed resort wear: There were waterproof ponchos, drawstring paratrooper pants, nautical tees, and boat-neck pullovers. Levi's 501s and Converse sneakers added a classically retro touch to the overall look."
1,"Armani proposed a light, feminine silhouette for the new millennium, inspired by the lines and colors of Kandinsky. Sea foam, fuchsia, and lime chiffon infused his collection with a delicate dreaminess. But the Armani woman is as practical as she is ethereal, so there were also plenty of pinstriped wool pants, polished linens, and classic tops. The real innovation came in how models wore the pieces: short jackets were shown with low-waisted pants cropped at the ankle, sarongs were overlapped or doubled and floral dresses were paired with tie-dyed cashmere. Armani's explanation: ""The real woman of 2000 does not want to be hostage to the rules of fashion. She wants the freedom to create her own look with passion and a sense of self-fulfillment."" Enough said."
2,"Broadway Garnier was the theme for Eric Berg're's collection of tailleurs, flowing skirts with pleats, knit sweaters and ruched shirts. The intent may have been theatrical, but the result was '80s-inspired. There was an assortment of frayed denim pieces, shiny paisley shirts with long scarves, cocktail slips, and fringed bandeau tops. It seems as though Berg're, who is noted for the polish and sophistication of his work, was exploring new directions this season."
3,"Getaway glamour was the theme for Celine's striking presentation: Jennifer Lopez meets Jackie O. in St. Tropez, of course, for fun in the sun. Duran Duran blared on the speakers as Michael Kors sent out a procession of hand-bleached silk denim ensembles--a new and luxurious take on acid wash, that reliable '80s favorite, this time around with matching oversized travel bags. Dresses and tops in suede and jersey followed. The fabrics were as light and easy to wear as the colors Kors favored: watercolor blue, pale turquoise and bright chartreuse. Kors' penchant for easy luxury extended to the glove-leather vests, chrome-studded cashmere T-shirts, and crystal-encrusted sarongs--which would work equally well on the beach or as evening wear by a bonfire. The accessories were no less striking: clear Lucite bracelets, stiletto mules and, of course, logo-emblazoned totes. It was an accomplished, playful collection punctuated by Kors' trademark simplicity of design and the richness of the fabrics he employed."
4,"Judo Jetson blends my favorite cartoon character with spiritual Japanese influences, said John Bartlett about the opening part of his Byblos show, which featured white and black linen jackets with tie waistbands, sharply tailored capri pants and asymmetrical skirts. The clean, almost clinical looks eventually gave way to an array of satin pieces with geometric designs in shades of turquoise, pink and pale blue, often paired with crisp gray pants and jackets. Bartlett's inspiration? ""The second part of the collection was all about Jackie O. on acid,"" he explained. Of course who wouldn'ave guessed it?"
5,"Bottega Veneta showed a line of simple, easygoing separates, including shimmery coral tops, ecru leather pantsuits and beaded cardigans. But in keeping with the luxury leather house's roots, the true stars of the show were their signature handbags, which came down the runway with nearly every outfit. There were oversized carry-alls, simple clutches, and large, square hard cases in sophisticated taupe as well as spring's essential colors: lime green and pink."
6,"Josephus Thimister's work is striking for its simplicity. Few designers today have the talent or the desire to reconfigure traditional notions of acceptable dressing, mix rich materials with pedestrian ones to create hard, striking pieces, and then use them to propose an aesthetic that's undeniably beautiful. Thimister's austere collection featured simple white trenches, dresses and skirts, many with burnt hems; there were rich knit sweaters in brown and aqua, crinkly leather ensembles and shiny black suits. But perhaps most important of all, there was no unnecessary ornamentation just well-constructed, defiantly modern clothes based on strong creative power. And one good idea is worth more than a thousand misplaced paillettes."
7,"My collection is based on clean, nude fabrics and knits, said Rebecca Danenberg before her show. Danenberg's vision was clearly a sexy one, hailing back to the decadent disco days: There were filmy, mosaic-printed chiffon tops, flesh-colored leather strapless dresses, liquid tunics with silver chain belts and powder-blue ruffled dresses. With the exception of the leather pieces, shine dominated the runway, with fabrics that shimmered with every step the models took. These were not clothes for the faint of heart."
8,"Jill Stuart is known for translating the trends for her youthful clientele, making fashion fun and wearable. And her Spring 2000 collection was no exception: Comfortable, frilly tees were worn over jeans with heart-shaped pockets and embroidered detailing. There were also funky white leather bomber jackets, candy-pink camisoles and mint micro-shorts. For evening, Stuart showed pretty pastel column gowns with strappy high-heeled thong sandals that added a sexy footnote."
9,"White was the overwhelmingly dominant color at Loewe, with sporadic splashes of tan, sapphire, and yellow. Buttery leathers and suedes gave an opulent edge to form-fitting jeans, sexy jumpsuits and beaded overcoats. There were also delicate shift dresses, practical vests with zippers and python ensembles. For evening, Narciso Rodriguez showed a series of suede and leather dresses encrusted with glittering crystals. Overall, it was an unencumbered, consistent collection that did not forget Loewe's tradition of simple and luxurious chic."
10,"Antonio Berardi's runway positively oozed with raw energy as he presented one of the most unapolegetically sexy collections so far. Necklines plunged, skimpy leather dresses clung to the body for dear life and flowing, floor-length evening gowns in shocking pink, orange and yellow were simultaneously old-world and unflinchingly modern. Berardi once again proved his skill at combining deft tailoring (as in his white, sharp tuxedo suits) with extravagant sensuality (silky cocktail dresses never looked better). As if that weren't enough, this time around he threw in Murano glass, vertigo-inducing ankle-cuff stilettos, Lalique jewelry and edgy headpieces by Stephen Jones."
11,"Marni's presentation relied on youthful and easy-to-wear dresses and separates in bright pink, green and yellow over white and beige. Polka dots and abstract motifs in light cotton dominated, but there were also flowing country-girl skirts with subtle embroidery and traditional gingham prints. The translucent layering of light fabrics added a playful touch to the feminine silhouette. The look was completed with flat shoes and boots some of which were also decorated with eye-catching polka dots."
12,"Colonna's idea of chic is certainly not that of the haute bourgeoisie: Instead think smoky nightclubs, too much to drink and illicit romances. His slinking sensibility showed up this season in fringed, semi-destroyed denim ensembles, belted handkerchief tops with lace insets, net T-shirt dresses and paillette-trimmed rock 'n' roll ensembles with revealing slashed cutouts. Without forgoing all the hard-edged glitz, Colonna also featured some of his trademark favorites--sweaters with exposed seams, deconstructed layering and reconfigured garments."
13,"Karl Lagerfeld presented one of the strongest collections of the season, propelling Fendi once and for all into the center of the fashion limelight. Their trademark accessories--snakeskin baguette purses, acid-colored totes and luxurious foulards--were impeccable as usual, but it was the clothes that took over the stage and captivated the audience. Lagerfeld toyed with the interaction between soft, flowing fabrics in feminine colors and shapes, and the hard-edged glamour of a Halston-clad Studio 54 diva. The result was an innovative, perfectly balanced silhouette. One-sleeved cocktail dresses, shiny patent leather with lace detailing, logo-emblazoned suits, sexy chiffon dresses, enormous driving sunglasses and futuristic metallic heels make up the wardrobe of the modern Fendi woman--a sophisticate who feels equally at home sipping cocktails at a garden party in Milan, attending a gala in New York or nightclub-hopping until dawn in Los Angeles."
14,"Tommy Hilfiger appropriated the current elements of decoration in fashion beading, assorted prints, and embroidery stripped them of all frilliness, and used them to rock the house at Madison Square Garden. Bush performed live as a parade of sexy modern-day cowboys and girls took to the runway wearing multi colored eagle bustiers, crimson motorcycle jackets, and jeans with snakeskin appliques. Red, white, and blue was the patriotic, and predominant, color scheme, occasionally tempered by patchwork dresses and floral-printed western looks. Cowboy boots inspired by the American flag added the ideal footnote to Hilfiger's extravagant looks."
15,"Iceberg, which was brimming with youthful energy, was inspired by the topic of love. Lilac, orange, red, gold and white were the colors of choice for a broad range of silhouettes--there were '70s flared pants with appliqu's, macro and miniskirts, Chaplinesque trousers and elaborate knits, most with glittering paillettes thrown in for good measure. It was a lighthearted collection that should easily find a niche in Iceberg's new Las Vegas boutique."
16,"Fashion's king of minimalism showed a romantic, ethereal collection that played with almost imperceptible variations of light and pattern. Colors went from white to putty and pale blue to light gray in fabrics that were sheer and airy. Sophisticated coats and jackets were treated like redefined button-down shirts. Suits were feather-light but tailored razor-sharp, and classic dresses with built-in underwire bras brought the collection into the new millennium with the use of technologically advanced materials like micro-pinstripe opaque jersey."
17,"It takes a master designer like Christian Lacroix to confidently mix a dizzying array of prints and make it work. Indeed, there was not a single solid piece in Christian Lacroix's strongly decorated collection, but there were plenty of flowers, colorful patchwork, polka dots, paisleys, beading, Kabuki motifs, petal embroidery and giant leaf prints. It was a visually arresting extravaganza that captured the soft, feminine side of spring 2000. If you're in the market for a garden party dress or an eye-catching number for those long summer nights, look no further."
18,"Charo Meets Che was the title of John Bartlett's coed show, inspired by photographer and Mexican revolutionary Tina Modotti. Bartlett's ""Guerrilla Ballerinas"" stormed the runway wearing rust and brown leather slim pants with side laces, bomber jackets, and silk chiffon wrap tops. More formal looks followed, including a black twill luggage coat, georgette pants with gold beading, and gathered nude silk sleeveless tunics."
19,"Dolce & Gabbana are determined to party like it's 1999 for as long as they can, and are sparing no resources to do so. A typical look from their runway included a paisley-print transparent top, embroidered tapestry microskirt with oversized diamant? buckle, leopard tights, jewel-fringed boots and a glittering choker. For those who need a little something extra, there were also plenty of polka-dotted chiffon shirts, flapper tops and skirts, oversize fur hats and bags, beaded ties and buckets of rhinestones. Not satisfied? Slip into their teetering platform shoes, throw on a bejeweled bikini and top it off with a slouchy suit with shimmery appliqu's. That should do the trick!"
20,"Cerruti has a well-built reputation for producing classically tailored, elegant daywear in top-quality fabrics. Peter Speliopolous, who took over the creative reins from Narciso Rodriguez a couple of seasons ago, has successfully capitalized on the traditional house's strengths, and simultaneously infused the clothes with a younger attitude. This season the look was perfect for a summer picnic on the Riviera: Onionskin jerseys, feminine wraps, delicately ruched dresses, and Spanish-inspired skirts evoked a modern interpretation of an impressionist painting. Cutout designs, paillette accents, and very delicate embroidery on light, simply cut fabrics proved how the combination of American sensibility with European tradition and craft is working at Cerruti."
21,"The design team of Josh Patner and Brian Brantley, better known as Tuleh, showed a perfectly honed collection today. The look was sophisticated, natural and very, very pretty. Floral prints, checks and frou-frou detailing appeared on everything from body-hugging suits to flowing gowns and '50s inspired skirts. Foxy feathered skirts and strapless A-line dresses looked fresh and clean, and were perfectly complemented by the boldly-colored satin pumps that Christian Louboutin designed for Patner and Brantley. Tuleh perfectly captured the season's lust for feminine decoration without ever reverting to artifice or excess."
22,"Sportmax designs simple, easy-to-wear clothes for people who want the look of the moment without taking too many fashion risks. This season revolved around a beach motif, featuring shorts, customized tank tops and sexy bikinis decorated with petals. Simple T-shirts received a glamour boost with paillette detailing, and a Pucci-like print showed up on liquid chiffon skirts and handkerchief shirts. The ""modern nomad"" looks were accessorized with '80s-style sunglasses and gigantic bags big enough to carry your beach supplies, or your all-important traveling essentials."
23,"Daphne Gutierrez and Nicole Noselli, the girls behind Bruce, held an inspirational, glamorous and seductive presentation centered around sumptuous leather skirts and jackets, ruched tanks and no-nonsense trousers. The pieces successfully walked the fine line between avant-garde minimalism and jet-set glamour: Slate-gray satin cocktail dresses shared the runway with crocheted tops and leather pants with gathered cuffs. The sobriety of the designs extended to the classic boots and snakeskin heels that blended in perfectly with the collection."
24,"The grandiose Musée du Petit Palais served as the setting for Stella McCartney's sensual collection. Fringed, frayed, ecru denim pieces opened the show, accessorized by white boots with high heels and bold ankle cuffs. A series of interesting embroidered pieces followed--delicate colored thread formed figures of women and animals on skirts, jeans, and jackets. The collection's underlying theme of subtle opulence was underscored by the hand-painted jerseys, diamond-embroidered pieces and 24-K-gold chains that held together some tops or served as blouses. For McCartney's customer, luxury, evidently, comes naturally."
25,"It was a veritable tour de force for Marc Jacobs who, after showing his own line in New York, presented an impressively honed collection for Louis Vuitton. Travel and luxury have always been essential components of the Vuitton allure, and this season it looks like jet-setters will feel equally at home on their way to a safari in Africa or hopping on the Concorde between New York and Paris. Canvas skirts, trenchcoats, and jackets stamped with LV's mini-monogram were reminiscent of a luxury-starved colonial explorer's uniform, as were the wool denim pieces and oversize bags. For more urban tastes, Jacobs produced a series of fluid silk jersey dresses with graphic prints, gold skirts and coats, and cashmere tops with scarves. The overall feeling was of easy, eminently wearable chic adornment was restricted to very subtle diamond stitching on pants and skirts, and occasional embroidery on tanks and evening gowns."
26,"Jil Sander's strength has always been her self-assured simplicity of design. This season she experimented with a lighter, more feminine silhouette that included floral patterns and western shirts. Skirts had gathered waistbands; some dresses featured sash-like pleats on the front. Sander's softer side came through in the lacy chiffons and cottons she used, and in her precise use of color. The runway evoked a procession of sculptural cascades in black and white, with sporadic flashes of brown, beige, rose and yellow."
27,"Freedom Girls was the theme for Betsey Johnson's rambunctious, colorful presentation, set to DJ Mark Ronson's funky beats. And true to theme, the real-life models, ranging in age from ten years old to fifty something, who stalked the makeshift runway in Johnson's Seventh Avenue neon-pink and yellow showroom did radiate a sense of fashion, liberation. Johnson's signature playful prints showed up in sexy baby doll halters, micro-cardigans, peasant skirts, and simple sheath dresses. ""Farm girl"" looks mingled with western ensembles of flared jeans with ruffles, and middle eastern-inspired shawls and skirts. ""This is a celebration of personal style,"" declared Johnson, who also served as the show's emcee."
28,"It's all about dots, said Inacio Ribeiro, who designs with his wife Suzanne Clements, of his collection. The first look out on the runway a floaty yellow chiffon dress covered with multicolored dots and worn over a dotted bikini was a strong opening for the collection. There were to-die-for lily-print coats, paisley chiffon skirts decorated with cellophane discs, lean trousers tied at the waist with airy chiffon bows and the most original draped sequin tops. And no one will be able to resist the latest Clements cashmere a twinset combining chocolate and pistachio stripes, which was shown with cropped trousers in that divine pink and peppermint lily print."
29,"A flowing, sensual silhouette accented with occasional hard touches has been a recurring motif through Sonia Rykiel's impressive career. This season she geared her collection toward the ""tough, unpredictable, and determined woman."" Rykiel produced a series of flouncy, delicate dresses spiced up with pleats, square necks and lace detailing. The clothes were at times sweet and delicate, but often provocatively sexy, such as the series of rhinestone sweaters, brightly colored rabbit fur bomber jackets and ""crocheted dresses for eccentric ladies"" she showed. Even Rykiel's bride had an edge: Her flowing white gown, like many pieces in the show, was trimmed with metal studs. What about Rykiel's wedding-night accessories? A blue bouquet and tons of attitude, bien s r ."
30,"Imagine an off-blue, tailored leather pantsuit. Then imagine its collars held together with a knifelike slice of mirrored glass, and you can see why Robert Cary-Williams' third runway show held everyone's attention. A young designer who has previously shown on runways banging with explosions, Cary-Williams stayed true to his inspirations molded leather that he bakes in an oven and deconstructed tailoring. Jackets were crafted in butter-colored or cloud gray leather with detailed topstitching and seaming, while dresses were trimmed with leather or zips. Trousers were beautifully deconstructed to fall away into skirts and many jackets were completely backless. If Cary-Williams couldn't resist a few art school moments, like a dress made entirely of mirrors, the star piece an organza dress decorated with zips that unraveled down Kate Moss' bared back proved this designer has a unique vision that should be watched."
31,"Couture blaxploitation, logos-a-go-go, leather-clad revolutionaries, whip-toting modern courtesans where else but at Dior? John Galliano's romp started with a series of wildly sexy denim looks reminiscent of a glammed-out Foxy Brown: knee-high lace-up logo boots, foulard tops made out of Dior's signature print, frayed microskirts and supersexy tan leather pants. Just when you were ready to call the vice squad, out came a parade of eighteenth-century-inspired white, black, and red corsets with lace-up skirts and leggings (asymmetrically cut and with plenty of zippers and laces, of course). Insouciant dance-hall girls in enormous coiffures, velvet ensembles, polka dots, deconstructed suede, whips and satin getups followed. It doesn't get much closer to the fantasy of couture than this and nobody makes it more fun than Galliano."
32,"Spring 2000 for Donna Karan revolved around the concept of ""Fusion between the past and the future, the body and fabrics, the ancient arts of the East and the modern pace of the West."" As usual, Karan kept the palette elementary: indigo, black, nude and ivory showed up on soft jackets, scarf-like shirts and chic suits. Paper-thin kimonos and nude-colored suedes looked clean and modern, while hand-painted floral chiffons added a sensual feeling to the evening styles."
33,"Two-thousand-and-one nights: global chic was the inspiration for Anna Molinari's raucously festive Blumarine collection. Wandering from east to west on a magic fur-trimmed, bejeweled carpet, the designer toyed with bikinis in cashmere and sequins as evening wear; urban tailleurs were alternated with her signature feminine knits. Ethnic motifs appeared everywhere in the form of beaded dragon appliques, Indian-style embroidery and African zebra prints. Pushing the decoration envelope to the max, Molinari turned the rose, Blumarine's symbol, into the leitmotif for a rich series of evening dresses that dripped with waterfalls of the flower's shiny petals."
34,"Conceptual designer Hussein Chalayan showed a collection of luxurious separates for TSE on Friday afternoon. Based on the idea of ""Shadows,"" Chalayan featured multitone embroidered cotton jackets, dresses and skirts, as well as ultrasoft red cashmere sweaters. Muted color blocks showed up against backdrops of rose ash, marmalade and grey in both tops and skirts. Double-face silk dresses completed the smart, understated presentation."
35,"Those who lust for the elaborate fantasy and craftsmanship of couture but who prefer prêt-à-porter will find a niche for their whimsical fantasies at Ferre. If there was ever a collection that exemplified unflinching, maximalist resolve, this is it. Ferre's background as an architect was apparent in his use of constructed bodices, grand ballroom skirts with wire underpinnings, origami-inspired dresses and dandyish suits with oversized cuffs. Decoration was, of course, a defining element for the entire collection, ranging from generous ruffles on shirts to beads on floor-grazing skirts and enormous floral appliqu's on elaborate dresses. Not a collection for the faint of heart."
36,"Designer Roberto Menechetti's new take on an old British house was more feminine and fun than in previous seasons. There were sexy, double-breasted biker jackets in sueded leather that looked like they had been biking for years, cute mini dresses in a ""new"" Burberry check (it has the old camel-and-red colorway with a lino feel to the print), long, flowing skirts in iridescent lilac silk and macs in ultra-light sailcloth printed with the new check on a lilac or green background. It was an identifiably Burberry collection, but Menechetti seems to be getting closer to a modern British style."
37,"Tristan Webber's talent is with tailoring, particularly in leather and this season this young Saint Martin's graduate delivered an extremely creative and beautiful take on his signature look of seamed leather. Using the veins of a butterly wing as inspiration for his seaming, Webber joined the palest blue leather with chiffons or high-tech knits to create some unbelievably sharp tailoring. There were some to-die-for jackets and coats whose tailoring techniques were as sensous and curvacious as the female body. Webber is a truly original tailor who has to be congratulated for pioneering unique and new techniques that will undoubtedly influence the rest of the fashion world. Pale blue chiffon skirts and dresses, skin tight or looser and printed with flesh-pink 'veins' were wonderfully pretty and feminine. Webber has developed his obsession with the fusion of human anatomy and the anatomy of tailoring to create something less macabre than in previous seasons in fact, you could call it as elegant as it was edgy."
38,"Our collection is girly and optimistic, younger than usual, and definitely glamorous, explained Mark Badgley. The presentation featured nearly all the colors of the rainbow in cool sorbet shades, like light rose, lime green, and citron yellow tempered with white. Reserving their trademark glittering gowns for last, Badgley Mischka devoted the first part of the show to embroidered, shimmery separates that included wearable georgette tops, raspberry sequin skirts, and fuchsia sprinkle-beaded jackets."
39,"Versace's requisite ingredients were all present: sex, bright colors and rock-hard attitude. The volume on the runway was cranked up to 11 as an assortment of Hawaiian prints (not your traditional beach shirts, mind you), Grecian-front slinky dresses, mischievous handkerchief blouses and draped evening gowns flashed by under the strobe lights. Cleavages were deeper than ever, and a jet-set look imbued everything from the strappy bathing suits to the glittery heels and tie-collar blouses. Versace's daring cut, wild use of color and uncensored drama continue to be the label's strongest assets and Donatella shows no signs of slowing down."
40,"It was quite a dramatic presentation at Balmain, featuring everything from feather paste-on brassieres to rough-cut cavegirl-like skirts and microskirts, and Jackson Pollock-inspired prints. Of course, there were also plenty of more sedate pieces pretty twinsets in pastel shades, a broad range of soft, flowing chiffon dresses and candy-colored short suits with exposed seams, perhaps influenced by Gilles Dufour's years at Chanel. Evening had a distinctly '80s flavor: Acid orange, fuchsia and green minidresses shared the runway with feathered tops, handkerchief slips with trains that served as scarves and paillette gowns. And who better to show them all off than Claudia Schiffer?"
41,"An American prairie girl goes to Goa would be a good way to describe Anna Sui's unapologetically rich summer collection. Her looks were at times sexy, often innocent, but always bedecked with embroidery, ruffles, beading and a rampage of colorful patterns. Western-inspired pieces like dark denim capri jeans and jackets were bejeweled and studded '70s-inspired Empire dresses were stitched from rambunctious paisley prints; and floral-print ruched blouses were in abundance. Clearly, restraint was not even a minor consideration for Sui, who went for all-out luxe."
42,"Hong Kong designer Vivienne Tam's Spring 2000 collection was inspired by dragons, which showed up everywhere from discreet details on waistbands to large sequined representations on dresses. ""I wanted to propose a return to femininity for the twenty-first century,"" explains Tam. Her trademark embroideries were applied to technologically-advanced, iridescent fabrics in hues like ivory, jade and coral. Minimalist jackets were lavishly draped, printed dresses were generously beaded and skirts were dip-dyed in aqua and mint green. Tam designed the kind of wardrobe that will take a chic, young girl-about-town from mother's garden party to the nightclub without skipping a beat."
43,"Macdonald's talent lies with knitwear and fiber, and he didn't let his fans down. Out came PVC jeans decorated with silver studs, plasticlike fabrics painted with pale pinks and blues, a golden sweater with woven-in crystals so it sparkled, and sweaters in lime, fuchsia and silver stripes. Very disco, very out there. Very Julien."
44,"Gabrielle Strehle designed for Strenesse a concise line of blouson shirts, off-the-shoulder tops, and slinky dresses in solid shades of white, aqua, gold and tan. The general feeling was reminiscent of California in the '70s, but the final effect was thoroughly contemporary. Soft suede, denim twill and baby cashmere gave the collection an atmosphere of luxury that stemmed from precision of design and refinement of materials rather than overt decoration. Smart details like subtle beading on gold skirts, thin belt straps and ruched necklines packed quite a punch, but were never overdone."
45,"There's a fresh, younger look to my collection this season, said designer Linda Allard before the Ellen Tracy show. ""Khaki pants and skirts are shorter, and we've incorporated a lot of color as well. The collection looks great with a sculpted, modern high heel and a simple gold link chain."" Other highlights included fire-engine red trenchcoats and shirts; linen knit tops; and jade, lilac and lavender jackets, wraps and tanks. Evening wear revolved around a colorful series of frosted beaded pants, slip dresses and long skirts in grape, cherry, yellow and pink."
46,"Dries Van Noten strayed from the mainstream, as he often does, and showed a strong and directional line for Spring 2000. ""I wanted to create a collection about passion and love, something to prove that intensity is not necessarily about women with tight clothes and high heels,"" he explained. Instead, Van Noten created visions of femininity enveloped in voluminous skirts reminiscent of Spain and the south of France, delicately embroidered tops and wool shawls that could be wrapped asymmetrically around the body. Bright, contrasting colors added a youthful touch to the inspired designs."
47,"She's back in style and readily available. The early '80s disco dolly came out to party in full force at Alessandro Dell'Acqua's show. Sex was clearly the driving force behind this cavalcade of one-shouldered purple, red and black tulle shirts, cowl-necked satin tops and paillette-encrusted slacks that took over the runway. Accessories were no less bold and added to the shimmering extravaganza decorated boots, dangling rhinestone chains worn as belts or necklaces under layers of transparent fabric and bags with dripping beads. It was a strobe-light affair."
48,"Yves Saint Laurent is not about the past and it's not about the future. It is eminently contemporary, said Pierre Berg? before the show began. Truer words could not have been spoken. Alber Elbaz created a collection that perfectly captures the fashion moment ""designed for a woman who desires traditions with a twist, who thinks big and lives fast."" Classic Saint Laurent favorites looked better than ever--tuxedo suits with chiffon shirts, evening dresses brimming with flou fran ais and sexy tops with oversized cowl necks. But there were also sharp new pieces, like a series of semitransparent green, fuchsia, blue and plum suits; hard-edged tan leather dresses; plastic paillette gowns; python overcoats and Amazon-inspired silk shirts with leaf motifs. Clearly, Saint Laurent's strong, gutsy woman is still very much in vogue and, thankfully, it looks like we'll be seeing plenty of her in the future."
49,"Elegant, glamorous and gracefully cut are keywords when speaking of Valentino's work. This season the emphasis was on prints floral appliqu's, ivory polka dots on red crepe and lily of the valley embroideries. There were also some strong, less decorated pieces, like the stunning cashmere coat that opened the show, evocative of Jackie O. Also striking were his accessories: rectangular bags with cascades of beads and spindly high heels decorated with delicate, dainty rosebuds and glittering flowers."
50,"Victor Alfaro showed a sexy, elegant collection of styles that would look right at home in the Concorde Lounge at Charles de Gaulle. Supple, deep-brown leather skirts, capri pants and skimpy shorts opened the show, followed by aqua shirt-dresses with plunging necklines. Sand-colored, cashmere-knit hot pants were worn under a cotton trench, and simple, creamy leather pants looked great with slinky embroidered tops. For evening, Alfaro featured lilac chiffon skirts, embroidered silk knit tops and crystal beaded dresses."
51,"Mayor Rudy Giuliani saluted the New York City fashion industry with an open-air show in the middle of Times Square Monday night, complete with giant TV screens and a musical performance by Grammy Award winner Trisha Yearwood. Nearly 90 designers participated, each showing only one or two looks. Models walked down a makeshift runway in rapid succession (Lauren Hutton, modeling an Armani velvet pantsuit, received an enthusiastic round of applause) as gridlock-causing crowds gathered to watch in the surrounding streets."
52,"Elspeth Gibson's look is as wearable as it is sweetly sexy. The dress-of-the-moment is either a white fitted broderie anglais shift or a soft silk frock printed with hot-pink flowers on a chocolate background. Sequined sweaters, lime-green chiffon skirts that dipped at the hem, gingham bikinis or skirts that revealed lots of leg, and crystal-covered halter dresses will make for a sublime summer wardrobe. Take it to St. Tropez."
53,"For his Spring collection, BCBG designer Max Azria did just what he does best, distilling the season's major trends into fashion that's utterly wearable and accessible. Ecru, rust, raspberry, and mint green were the predominant shades, with floral prints and beading adding an ethnic touch. Suede skirts, dresses, and shells with appliqu's looked great worn with lacquer boots and heels, while skimpy apron tops, layered multi-tulle skirts, and enamel cotton dresses embroidered with paillettes gave an extra spark to the sophisticated, sexy spirit of the collection."
54,"Daryl K is best known for her urban survival gear, but she also has a longstanding obsession with '70s chic. This season she reconciled the two: Daryl's devotees will be glad to know that there are still plenty of hip-hugging, low-slung trousers, hurricane jackets, dark denim skirts and no-nonsense army blousons. But the '70s influence was obvious in her patchwork silk charmeuse kimono tops, sun-ray shirts with elaborate detailing, and ultra-sexy white vintage cotton tanks paired with bikini bottoms. All the looks were shown with simple wood wedges or supple leather no-heeled boots."
55,"Khaki, burgundy, lavender, and navy blue were the predominating colors at MaxMara. It was a simple, controlled collection that worked thanks to the precision of the form-fitting pantsuits, sexy shorts, and luxurious denim ensembles. Studded overcoats, pleated skirts and transparent shirts were both practical and sharp; graphic sweaters with geometric motifs, and a series of shiny pink snakeskin pieces added a dash of excitement to the runway. The chemisiers, smoky glasses, skinny belts, and fitted blazers confirmed that 70s glamour is here to stay at least for a while."
56,"Deconstructing (and then reconfiguring) traditional clothing and silhouettes has always been an essential component of Yamamoto's work, and this season he addressed the issue head-on. A simple white dress opened his show; a virtually identical one, adorned only by a black ruffle on the front followed it; next, it developed a sleeve and side section. Eventually, of course, the outfit was completed with two sleeves and shoulders, though Yamamoto never quite got around to the back. The effect was stunning, as were the beige full skirts with elaborate pleats and voluminous ruffles, feather umbrellas, trench coats and preciously embroidered tops in the lightest possible shades of orange, purple and green. It takes a master of nuance to pull off such a delicate collection and Yamamoto did it faultlessly."
57,"The relationship between word and image was the theme for Ann Demeulemeester's predominantly black and white collection. Bands of text with messages like ""Curious wishes feathered the air,"" and ""Morning found the field bright"" were inscribed on tank tops and jackets. Overlays of transparent tulle, sometimes decorated with subtle beading, covered Demeulemeester's well-known black pantsuits. There were also lighter pieces, like ecru papery jackets, distressed denim pants, and simple knit sweaters."
58,"Vera Wang began her show with pure, modern dresses in white, accented with graphic, geometric patches of silver beading. A series of fluid black pieces followed, and then a procession of beaded pants and skirts, transparent tops and sequined gowns in pastel shades inundated the runway. For the conclusion, Wang offered the expected array of signature wedding gown an ultraromantic array of dresses punctuated by flowing cathedral-length veils that trailed to the floor."
59,"Rei Kawakubo's designs are normally unsettling at first, somewhat confusing and, ultimately, incomparably beautiful. What begins as an assault on the senses slowly reveals itself as the work of a true artistic genius. For  pring 2000, Kawakubo continued her ongoing experimentation with proportions, layering, pleats and ruffles, creating some of the most original pieces of the season. Ballerina tights were stuffed with layers of chiffon that peeked sheepishly from the girls' thighs. Olive-green army jackets and fatigues were broken down and reconfigured to create flowing skirts and rumpled jackets with displaced shoulders. But at the heart of the collection was a series of shirts and dresses with unexpected abundance of texture and color. Evoking exotic flowers or intricate corals, Kawakubo piled yards of pink, fuchsia and red fabric into bundles of ruffles and pleats that dramatically redefined the silhouette. Flat surfaces suddenly blossomed into enormous volumes. Nothing old, nothing that has been done before that's Comme des Garçons' mantra, and it's as true now as it's ever been."
60,"Sitbon gathered many of the season's predominant themes and reworked them into her own collection: Transparent fabrics layered with shine, paillette appliqu's, fringed trims, and pleating all showed up in her work. Leather skirts with geometric patchwork inserts were interesting, and there were a few easy-to-wear trench coats. The colors were mostly rosy pastels, black and white, but a series of pieces, reminiscent of the Russian deconstructivists, incorporated red and aqua insets as well."
61,"Jackie O. meets Brigitte Bardot would be a fitting description for Ralph Lauren's latest collection, which featured numerous styles stitched up in gingham and polka dots. ""This is for a woman who understands how sexy simplicity can be,"" explained the ever-discerning designer. His palette was heavy on black, white and red, which showed up in taffeta pants and tops, gabardine jackets and skimpy shorts. There were also georgette floral skirts and camisoles, and sensational leather jeans. Overall, Lauren's strong collection worked beautifully by defying conventional rules."
62,"Ferretti has always relied on youthful femininity as the inspiration for her Philosophy collections and Spring 2000 was no exception. The predominant look was that of a sweet country girl on safari: easy-going day dresses in olive green, beige, gold and white; peasant skirts with delicate ruffles; patchwork-embroidered gauzy tops; and ultra-soft suede pants accessorized with no-nonsense rubber boots. But even the most practical-minded expeditionary craves a touch of glamour, and Ferretti delivered the goods with '60s-style gold mesh sleeveless dresses, beaded hot pants, embroidered tops, and coppery capri pants."
63,"Another wild tour de force for Galliano this time, a musical rundown of the century, with plenty of unexpected twists and turns, of course. Dandyish zoot suits Mafioso style were shown with spacelike silver overcoats, hats, and bags. Fifties crinolines followed: Galliano's take on romance and innocence, and the beginning of rock. Gingham prints, floral appliqu's and extravagant pink volumes alternated with punk and hip-hop inspired getups: combat boots, bondage straps (albeit covered in paillettes) and slashed dresses. Galliano's main virtue is his whimsical ability to retrace and appropriate different periods of fashion history. It wasn't always easy to grasp all the references, but the extravagant and accomplished creations left the audience reeling in their seats."
64,"The Emporio Armani woman for the year 2000 is imaginative, eclectic, optimistic and self-assured, declared Giorgio Armani. His ideal woman, evidently, is also dressed in technologically advanced fabrics brushed with lacquered strokes; she is mad for pastels, from pink to aquamarine and sage; and she layers her clothing in a thoroughly modern way. Jackets were light and deconstructed, with simple details in contrasting color lace and snaps. Slim and refined pants were worn under semi-transparent skirts and sarongs; tanks were sexy and provocative, some with open backs, others elegant and long-sleeved. Armani's Emporio collection underscored once again the designer's uncanny ability for restrained innovation."
65,"Jeremy Scott's presentation was a brilliant finale for the collections--and a witty reply to all his detractors, who had accused him in the past of producing outlandish clothing that no one would wear. Scott encapsulated--and took a step further--the dominating themes of the season: easy luxury, '80s references and working woman sexiness. His show opened with a series of strong-shouldered tan trenches, wrap dresses and blazer suits. ""Perfect for power lunches or PTA meetings,"" said Scott, who acted as emcee. Sharply commenting on the current branding craze, Scott also produced his own series of travel totes, bags and clutches, and emblazoned them all with his name. After a long day at the office, the girls needed to relax on the tennis court, of course, wearing skimpy powder-blue knit-wrap dresses, sports jackets with removable sleeves and campy visors. And for evening wear, Scott proved that aside from biting humor and talent, he's also got plenty of spunk left. His ""Atlantis divas"" were clad in nearly pornographic pastel chiffon, reminiscent of a Swedish blue-movie starlet circa 1980. Vive l'avant-garde !"
66,"Marc Jacobs has long been a fashion-insider favorite, and with his collection, shown late Monday night at the New York Armory, he once again proved why. His Spring 2000 line is sure to become one of the most important collections of the season. The mood of the clothes was evocative of a California surfer girl on holiday in a Parisian discotheque circa 1979: canvas trousers with green and red piping were paired with poor boy cashmere T-shirts; Nimes denim pants, sundresses, and skirtsuits looked crisp and fresh with striped gauze tops. The clean and simple lines were thrown occasional accents like paillette trimming on green cotton satin pea jackets, spotted dresses, and striped trousers. The overall feeling: effortless, understated chic."
67,"Miuccia Prada confirmed, once again, that she is one of the greatest creative talents in fashion at the moment. Her new Miu Miu line, aptly entitled ""Almost a Lady,"" was an intelligent play on the discreet charm of the modern and young bourgeoisie. Classic prep ensembles were reinvented with '90s shine, attitude and confidence. Pleated skirts were worn with colorful mules, baseball jackets were outfitted with patent leather detailing, and pale slacks and skirts were dressed up with diamond detailing. The looks never seemed forced or over-the-top; indeed, the collection's greatest strength was the masterful balance between embellishment and function. These are the types of clothes that women can wear everyday, anywhere, with the self-assured certainty that they'll never be underdressed or overdone."
68,"At Friday's late-night show, Donna Karan's diffusion line, DKNY, celebrated ""the first ten years, the first New York store, the first fragrance and the first season of the millennium."" Indeed, with Boy George spinning the background music and a bevy of celebrities in attendance, the show reeled with festive energy. Karan kept the upbeat feeling both on and off the runway: Boys and girls strutted confidently down the catwalk in flesh-colored suede and leather, orange and acid-green nylon, and snake-embossed prints. For her finale, Karan showed a series of metallic denim pieces that sent the audience out to her party with a bang."
69,"The mood at the Versus show, which was set to the heart-pounding beats of electronic band Les Rythmes Digitales, was as sexy and extroverted as ever, with celebrities like Madonna, Rupert Everett, and Natasha Richardson seated front row center at the sleek ruby-red runway. White was the dominant color of the collection, accented with quick flashes of pink, gold, lime green, and Caribbean-colored floral prints. Slim, straight-leg trousers and short skirts were shown with slinky honeycomb tops and copper-zip jackets. Delicate embroidery, overlapping layers, lavish beading, and high-heeled boots complemented Donatella Versace's ultra-sexy silhouette."
70,"Cristina Ortiz presented a subtle yet striking collection for Lanvin, with her famously slim, sleek trousers taking center stage. They were done in black, lilac, red and cocoa, in fabrics ranging from canvas to leather to coated cotton. The highlight was a stunning beaded pair that faded from hazelnut to green. Ortiz also created sharp leather jackets, fitted shirtdresses, and practical jacquard dresses with ruched necks and waistlines. For her finale, Ortiz sent out a series of colorful evening gowns with appliqu's resembling glittering broken tiles."
71,"Not one to lose touch with her clients' need for romantic, feminine clothing with an urban edge, Ferretti delivered the goods this season. Transparency was the key to her array of dreamy, girly dresses with delicate beading and ruffles in light shades of brick, green, yellow and pale blue. There were also shiny slim pants, delicate twinsets, and peasant-inspired tops and long skirts. It was a subtle, contemporary and practical collection that will keep girls looking fresh for the year 2000."
72,"Leather and chiffon essentially summarizes Costume National's presentation, which did not stray far from the familiar looks of the season: simple, light, gauzy, often beaded and transparent dresses with plunging necklines and revealing backsides. In this case, they were shown alongside fitted leather coats, miniskirts, and very short suede shorts and skirts. The predominant color was black, though bursts of green, gray, and copper livened up the atmosphere."
73,"My first collection of the millennium celebrates female strength, explained Oscar de la Renta. ""This is the first time in fashion history that professional women can dress very femininely and use that to their advantage."" True to his words, de la Renta showed stylishly embroidered leather skirts in camel, pink and yellow; double-faced denim pantsuits worn with cashmere shells; and Kelly-green silk and shantung dresses. For evening, there was an array of Ottoman-inspired gowns, embroidered strapless gowns, and silk tulle ballerina skirts. Oversized jewelry added the final touch."
74,"Girls just wanted to have fun at Moschino's riotous festival of colors and prints. An assortment of references evoked everything from a psychedelic Peter Pan to a neo-dandy cabaret singer and a country-western drifter on Route 66. The runway was a no-holds-barred orgy of pirate caricature dresses, sailor pants, deluxe hippie dresses, ruffled shirts (worn with big-buckled buccaneer belts and extravagant headpieces), closely fitted waistcoats and acid-tinted snakeskin. Young sartorial divas should have no problem finding a broad selection of outfits here to drive Mother insane."
75,"It seemed only appropriate that Miss Universe and Miss America were seated front-row center at Randolph Duke's heavily bejeweled presentation. Navy blue, white and silver were the predominant colors, highlighted with sporadic bursts of maroon and powder blue. Duke drew inspiration from the Marines, picking up sailor-pant detailing on long skirts and trousers that were shown with tube knits, Celtic cable cardigans and turtlenecks. The lineup for evening was a nonstop procession of floor-length gowns lavished with beading, sequins and embroidery."
76,"Miuccia Prada showed today what is certain to become one of the most influential and successful collections of the season. It was an exquisite show of chic and glamour, tempered by the designer's signature discretion. Burgundy shorts and sweaters, lipstick prints, polka dot shirts, leather skirts and boldly colored turtlenecks evoked a cosmopolitan panache not seen since the jet-set '70s and early '80s; some looks were accessorized with sizeable travel bags and large sunglasses. For those in search of the perfect summer robe, there were also demure, semi-transparent dresses with masterful pleats and lingerie-inspired detailing that begged for relaxed cocktails in the country. ""The ABC of fashion,"" was how Prada summed up her collection. It is precisely this knack for endowing classic, seemingly normal clothes with masterful fashion sense that keeps her empire going and the audience begging for more."
77,"Take a London girl and send her on a trip through Bali, Goa, and Ibiza and you have Matthew Williamson's glamorous and seductive vision of a well-dressed gypsy. Williamson's hot fringed-at-the-bottom red suede dress, hand-painted white leather frock and sari tops decorated with neon embroidery and glistening sequins were instant hits. Watch out for his photo print T-shirts covered with jeweled flowers and the newest take on the vest top purple cashmere with a neon-yellow trim at the arm. Hot stuff for the well-heeled downtown girl."
78,"Amid the sea of dainty decoration that has been the prevailing theme for Spring 2000 so far, Lawrence Steele's raw, sexy collection added a welcome dose of unadulterated energy. Models reminiscent of Helmut Newton's '70s glamour girls strutted down the catwalk wearing graphic black-and-white animal prints, studded skirts and transparent tops. Striking leather jackets and dresses were set off by accents of shocking pink and orange; detailing included large paillettes, feathers and gold piping on bare-back dresses. Steele offered the perfect look for those late nights you can't remember too well the next morning."
79,"There were no unnecessary frills at Narciso Rodriguez, whose black and white collection relied on the strength of his precise cut, layered silhouettes and subtle beading. Grecian-inspired bias jersey dresses and tops looked refined and sexy, as did his ultra-thin mohair sweaters worn over gauze tops and sleek cotton trousers. Rodriguez artfully played with a variety of transparencies and forms to create an ethereal effect: Dresses were worn over each other, and beaded cashmere gowns were paired with bias slips. But there was also an edgier side to Rodriguez's show: Leather trenches, a dress decorated with staples and a few candy-colored tops confirmed that Rodriguez can successfully address his customers' needs for sophisticated dressing, while indulging their tough-girl chic cravings."
80,"Palm Bitch was the inspiration for Michael Kors's extravagant and luxurious cavalcade of tangerine, lemon and bright-pink looks. There were familiar Kors favorites like jersey shifts (this time in Lilly Pulitzer-like acid-colored floral patterns) and sumptuous cashmere cable pullovers in bright yellow and white. Buttery leather skirts were embroidered and paired with simple tanks, while zebra prints made unexpected appearances in everything from cotton shifts to bikinis and cabana shirts. For an evening of uncomplicated glamour, Kors offered slinky jersey columns, nude beaded gowns and seafoam-colored halters."
81,"Sex sells, and no one knows that better than Tom Ford, who declared that Spring 2000 was about ""Farrah Fawcett and Blondie, with a touch of Gwyneth Paltrow."" Indeed, Gucci's catwalk sizzled with glamorous vixens swathed in python prints, leather trainer pants and sparkling jersey dresses a movie star's dream wardrobe, circa 1979. This is certainly not the time to be shy with your clothing. Ford also showed leather jumpsuits, fitted pants with flared legs, strappy bathing suits with barely-there running shorts, and super-shiny shirts worn unbuttoned under fitted jackets. Bright-pink hosiery, stone-encrusted sandals and oversized sunglasses underscored the rock-star dimension of the unbridled glamfest."
82,"Bangee sportswear with '80s influence could be a way of describing Alexander McQueen's show for Givenchy, staged in what was set up to look like a gymnasium complete with winner's podium and high-powered fans to blow up the models' ponytailed manes. Most of the collection was made up of tracksuits with high heels, but there was also a white leather boilersuit, sexy black pantsuits with yellow stitching, and a leather patchwork coat in brown, acid-green and white. Boxing and athletic uniform influences showed up on nylon bomber jackets, sports mesh tank dresses and blue sweaters with a sporty yellow stripe."
83,"The audience gave an enthusiastic standing ovation at the end of Bill Blass' historic final presentation. It was a well-deserved send-off for a true master of American fashion, who has decided to retire after decades of designing glorious American sportswear. His swan-song offered plenty of Blass favorites: floral organza strapless dresses, embroidered sweater and skirt sets and clean, sophisticated suits in black and ivory. There were also some fun, youthful twists in his farewell collection, including zebra-print column gowns, beaded hot pants, and bold tops and skirts in vivid shades of aqua, red and pink. It was a fitting finale for one of this country's best designers."
84,"Daydreams was the inspiration for Miller's show, which was defined by unbridled decoration. Beaded tube tops in magenta, chartreuse and yellow were worn with georgette ruffled skirts; contrasting patterns complemented each other within the same outfit. Aqua tanks were featured alongside turquoise leopard skirts, and hand-painted organza cap-sleeved shirts were paired with crocheted skirts. Among the standout evening looks: long tartan skirts and shiny blue trousers."
85,"Susan Lazar who's known for creating clean, modern styles presented a collection of youthful classics at The Altman in Chelsea. The simple, easy-to-wear separates showcased several of the season's prevailing trends, including white canvas coats worn over long silk skirts in shades of olive and rust, camisole dresses in desert rose and canary yellow, and tops and skirts with a decorative touch of Moroccan embroidery."
86,"Nicholas Ghesqui're continued his revival of the silhouettes Balenciaga pioneered in the '50s, and brought them up to speed (which, in this season, means going back to the '80s). Loose sack-dresses, sweaters and coats with dolman sleeves, as well as pleated pants tapered at the bottom, predominated; but there were also preppy, slim trousers with matching long-sleeved shirts and blazers. The palette was restrained for the most part: Plum, beige, and navy were the main colors."
87,"A.F. Vandervoorst took over the reigns at Ruffo Research this year from Raf Simons and Veronique Branquinho, who had imbued the traditional leather goods company with a more experimental edge. The transition couldn't have been smoother: A.F. Vandervoorst's collection was brave, innovative and brilliant, reworking traditional biker and hospital uniforms into luxurious leather ensembles, some with unexpected details like asymmetrical closures and sleeves, others strikingly simple and clean. Ruffo Research provided a very welcome jolt of inspiration to Milan fashion week; some of their pieces, like the white, paper-thin hospital lab coats, distressed trousers and heavily pleated skirts, are sure to become instant cult classics with the forward-thinking set."
88,"Josephus Thimister successfully brought his sense of lofty experimentation to Genny in a collection inspired by Martha Graham's philosophy of dance. The emphasis was on body movement and the synergy between grace and strength. This became apparent through Thimister's choice of fabrics fluorescent leather trousers and silk jersey tops contrasted with ballerina dresses in tulle and mousseline. Volume was achieved through the use of artful folds and gathering, and the palette was kept graphic and simple black and white were the basic colors, enlivened with occasional crescendos of caramel, pink, orange and yellow. In all, Genny's show played like a well-balanced symphony of complementary opposites."
89,"Carolina Herrera took a playful turn for spring 2000, displaying a youthful, modern feeling that was balanced by her trademark ladylike sophistication. Never one to take fashion over the top, Herrera featured plenty of luscious colors, including beaded pink and chartreuse camisoles and dresses, rich Moroccan embroideries, and buttery-soft suede trousers. The evening looks brought to mind a daring debutante: citron silk crepe backless halter gowns, full taffeta skirts, and ruffled shirts paired with floor-length A-line skirts. ""The mood for 2000 is feminine, luxurious and seductive,"" explained Herrera. ""We need a lot of color and energy."""
90,"The Love Boat was Jean Paul Gaultier's inspiration for a campy cruise through vacation wear. His island runway came complete with sand, leaves, a palm tree and a little pond for models to take a dip. Vampish ocean-liner mavens with '70s coiffures opened the show with an array of boldly printed tops adorned with silk-screened faces. Recalling a tropical paradise, flowing white dresses with ruffled hems and sleeves followed. Meanwhile, some girls were fortunate enough to have with them those shipwreck essentials: cut-off shorts and miniskirts worn over bloomers. The sweet maidens were soon overcome by romantic pirates toting foulards, bandeau tops and tulle chemises. How did it all end? Glamour to the rescue, of course, in the form of black long dresses gathered at the waist and acid-colored chiffon gowns."
91,"Junya Watanabe's collection was nothing short of an epiphany: one of those rare fashion moments when creative genius, artistic integrity and down-to-earth sensibility come together as one. The show opened with two girls running down the rained-on runway, protected only by their dainty foulards and beautifully simple shift robes. Each took turns unfastening the seams on the sides and turning the front of her dress onto itself, revealing a different color and print--in fact, two looks in one. Blending function and delicate beauty was the leitmotiv for Watanabe's entire presentation. There were waterproof skirts (equipped with a hidden protective plastic layer), wrap-around scarves that upon closer inspection proved to be attached to a dress or skirt, gloriously pleated wraps and futuristic headpieces. It was a seamless display of refinement, architectural construction and clarity of vision that relied on technologically advanced fabrics and techniques coupled with Watanabe's impeccably pure sense of style."
92,"Lou Lou goes on vacanza with a trunk of white and gold, was Rosella Tarabini's inspiration for Anna Molinari. Lou Lou also packed an assortment of prints, Pierrot dresses, floral appliqu's, and every paillette she could find. Gold leather ensembles were shown alongside frilly polka-dotted dresses, ""I love you"" printed chiffon numbers, and proven ;al florals on devore velvet. Tarabini felt her collection was ""pure St. Tropez,"" but many of her pieces would certainly not be unwelcome at the colorful and extravagant festivities of Rio de Janeiro."
93,"Cynthia Rowley's dancehall-inspired presentation was held at a ballroom in the New Yorker hotel, where a couple did a brief waltz as a prelude to the show. The colorful collection was divided into four categories, each with its own distinctive feel: ""Hanky Panky"" featured earth-toned and yellow floral-embroidered dresses, painted leather trousers, and cashmere sweaters. ""Acapulco Gold"" included a crisp selection of white caftans, perforated shirts and dresses, and ribbon wraps. ""Snap out of it"" consisted of ultrasexy swimsuits and Op-Art-inspired dresses in white, salmon, and blue. The conclusion was ""Get Lit,"" which showcased party dresses with miniature lights under slinky layers of lace."
94,"A continuous flow of color and patterns in light fabrics was the key design element for Angela Missoni, whose signature prints looked better than ever in this season filled with decoration. It was a feminine collection defined by soft forms and geometric, colorful patterns. Optical waves of yellow, turquoise, orange and lime suggested a seaside stay on Capri, while zigzag brushstrokes of black and white brought an urban touch to the mix. Evening was defined by a series of nocturnal landscapes with rhinestone appliqu's on airy, chiffon knit column-dresses."
95,"Love to love you, baby was the soundtrack for most of Ungaro's wildly extravagant ode to the late '70s and early '80s, and it couldn't have been more appropriate. The runway felt like a flashback to Studio 54 glamour girls dancing and slithering onstage in ruffled one-shoulder crepe dresses, airy georgette polka-dot tops and animal-print jerseys in acid colors. Not to mention the parade of nearly fluorescent fuchsia, orange and green disco slips, jungle motifs and extravagantly beaded ensembles. It was a rich, indulgent presentation that felt curiously appropriate in a season that has been continuously hinting at the pleasures of excess. One couldn't help but scan the audience for a sighting of Ivana Trump, and what a thrill to find her seated in the front row! There's no doubt about it at Ungaro, flash is back, flash is good and flash is cool."
96,"Looking at Hussein Chalayan's work is a bit like looking at a painting by an old master you know immediately who painted it, and that it is the work of a great artist. This show, which opened with dresses with voluminous skirts of multiple gores, was the work of a fashion master. Chalayan displayed an incredible body of work tonight, from his perfectly executed, simple white dresses with their geometric ruffles at the armhole, to semi-opaque pink slips with frills that skimmed down the bodice of the dress and disappeared under the skirt only to reappear hanging from beneath it. There were several pieces de resistance an inflatable orange dress that was pumped up on stage, a baby pink moulded plastic dress that was opened up by a remote control panel held by a young boy to reveal a froth of pink tulle underneath, and the grand finale - five models in deconstructed corsets in acid brights and matching pleated skirts. As they stood motionless on stage, the floor literally opened and the girls were swallowed into the depths of the theatre. A great achievement for such a young man, this is the kind of show that will go down as a unique fashion moment."
97,"British designer Hussein Chalayan is known for his exacting attention to detail which is present in both his signature line and his designs for TSE. This season, Chalayan turned out a series of color-blocked looks pale gray, rose, taupe, grass and cobalt blue turned up in asymmetric jackets, ribbon-hem skirts and corduroy pants with leather trim. There were also a few sweet cotton and silk dresses with embroidered tulle overlay, and cashmere map-print sweaters. It was a tranquil, reposed collection that artfully explored the interaction between color and shape."
98,"VH1/Vogue Fashion Awards Designer of the Year nominee Calvin Klein's main strength lies in understanding what modern women want to wear, and providing it effortlessly. Always in tune with the fashion zeitgeist, Klein turned his attention to polished silhouettes and timeless classics, redone in luxurious fabrics and deep colors. Sporty 3/4-length trousers and cashmere tweed suits shared the runway with shiny alligator coats and metallic leather skirts; floor-sweeping coats made a powerful statement, as did the sheer satin dresses in inky hues. For evening, there were satin slips in aubergine, gunmetal, powder and ruby, as well as papery graphite ensembles and viscose jersey dresses. It was a controlled, sensible collection that encapsulated the feminine, ladylike mood of the moment."
99,"In a season that has seen battalions of smoky '80s Parisienne looks stalk the runways, Martine Sitbon, who can rightly claim this territory as her particular and rightful property, has really come into her own. Black looks opened the show like a satin high-belted jacket over a skirt formed from a patchwork of matte and shine fabrics, or a bishop-sleeve blouse with stiff culottes. Then Sitbon smiled on stylish purple, poison yellow or mustard-gold color-ways, dazzling against the patent runway. Sitbon's slick urban effects are counterpointed with charming artisanal detailing. This season, standouts included overscale windowpane checks created from felted wool layers; a sweater of purple mink patchwork pieces; gigantic fabric roses blooming on a purple organza skirt; a flurry of handkerchief points as a playful corsage on a close-fitting sweater; and swags of ""chic punk"" fine chains as trim. There was even a Sitbon take on ladylike '60s Chanel, with a tweedy ivory mohair coat embroidered with a plaid design of gold thread, encapsulating the particularly Gallic brand of chic with a punk attitude that she has always championed."
100,"Donatella Versace proved today that she is the undisputed queen of sexy glamour. The runway at Versus exploded with blocks of overlapped color, graphic prints and outsize flowers all artfully packaged in a a sleek, controlled silhouette. Blazers were closely fitted, trousers were sharply creased and liquid dresses seemed to dance on the body. There was a variety of leather looks, ranging from a long purple coat to laminated sheepskin jackets. Of course, no Versace collection is ever complete without a touch of outrageousness: Donatella sprinkled cabochon studs and chains on short lace dresses, and turned out a series of velvet and sheared-velour evening numbers that are sure to set the night on fire."
101,"Midnight blue, Afghanistan blue, China blue, Prussian blue Krizia's collection demanded one word: blue. The effect was strangely hypnotic, forcing the audience to look more closely than usual at the cut and fit of the clothes. Tailored jackets and coats sported small rounded shoulders and important collars, while simple rectangles of fabric were worn as wraparound cloaks, with two side slits as armholes. Sheer pareos and scarves were layered and used as skirts. A welcome chromatic respite came in the form of tie-dyed spirals of white on cashmere knits, but the real surprise arrived at the end of the show: the sea of azure was interrupted by a series of jeweled evening dresses in peach, orange and rust that looked absolutely dazzling."
102,"Donna Karan's DKNY collection revolved around suits this season, featuring a structured silhouette in classic tweeds, herringbones and plaids. Belted macs, pleated skirts, cashmere turtlenecks and mohair dresses all looked grown-up and sophisticated, while sexy oxblood leather coats, sheer chiffon tops and lacquered satin shells also made a polished statement. But DKNY is all about mixing and matching Karan also showed colorful Fair Isle cashmere and washed-wool multi-bias sweaters that were both relaxed and modern. And, naturally, there were plenty of sexy options Karan's slim pants, short leather jackets, liquid dresses and vivid hosiery are sure to satisfy even the staunchest DKNY aficionado."
103,"Showing in his new showroom space an atmospheric turn-of-the-century Parisian atelier Josephus Thimister's collection was an exercise in subtlety. Hairstylist Odile Gilbert's pink- and grey-powdered eighteenth-century looks on both men and women reflected a mood gently suggested by Thimister via Beau Brummel collars on poplin blouses, and close-to-the-body frock coats in stiff felted wools. Confined to an exquisite palette of bois de rose, bone, ink, dulled silver and tobacco, Thimister made his a message of continuity, revisiting his trademark pieces. The sheath dress with a draped wrap in back, or pelican cowl in front, was reconsidered in glazed linen or ribbed platinum lamé. Thimister's signature mohair hand-knits appeared as overscaled sweaters over side-swagged skirts, or as slim evening dresses dusted with tarnished silver sequins and ribbon thread--or even as a fragile evening stole for a shining evening sheath worn by enduringly beautiful '60s supermodel Benedetta Barzini. Thimister's oatmeal mohair hand-knit cardigan with platinum lamé pants was also the most contemporary take on the vintage Chanel redux that has proved a collection's keynote a subtle homage to another designer who believed in evolutionary fashion."
104,"Come fall, Alberta Ferretti's girls will be casually strolling up Madison Avenue, sipping cocktails at the Plaza and then heading out for a night on the town. Ferretti showed a full wardrobe of essentials for the quintessential girl-about-town: Wool coats with fur-trimmed sleeves, sheared fur jackets and beaded, layered evening dresses all looked chic. There were also optical-printed tops, croc skirts and tweed suits cinched at the waist with thick metallic bands. The overall effect depended on which shoes the girls wore Ferretti offered both slim, ladylike heels and perfectly flat riding boots."
105,"Hussein Chalayan set his stage up like a sitting room. Very spare, it consisted of four chairs, a table, a flat screen television, several vases and pots, and lots and lots of white space. What has all this to do with clothes? In Chalayan's world, everything. Chalayan's models appeared dressed in seemingly simple clothes like a black coat, or tan trench, and then secreted away the household objects inside the coats or in outer pockets. Like millennial (and amazingly chic) nomads, they wandered the stage in stiff black dresses inspired by Christian Dior, ruffled skirts, shirts with strange volumes, all of it perfectly proportioned, very new and outrageously modern. Chalayan's finale was quite astonishing. Four models clad in chic gray shift-dresses approached the set of chairs, removed the covers and literally put them on. The chair covers became perfect versions of the shifts they were already wearing. The last model stepped inside the table, lifted it up, and it transformed into a wooden skirt (the real fashion-insider will remember Chalayan's graduation show included a wooden skirt too). Finally the chairs folded into suitcases, which were carried off the stage, the television screen disappeared, and we were left looking at an empty room. If it sounds like a magic; that's because it was."
106,"Alessandro Dell'Acqua's presentation kicked off with Alek Wek wearing a simple yet stunning black jersey dress with a flower appliqué on the side. This marked the beginning of a collection filled with similar motifs floral and butterfly embellishments showed up on bodysuits, sexy skirts and sheer overlay dresses. Op-printed sweaters and skirts, short furs and translucent tops with ruffled trims also took a turn on the runway. The show closed with a string of jean ensembles that contrasted the streetwise appeal of denim with the romantic feel of breezy chiffon tops."
107,"Preen is an underground outfit that has steadily built up something of a cult following. Incredibly hip and ultra-trendy, designers Justin Thornton and Thea Bregazzi bring the London Street to the runway in a very effective manner. The red skirtsuit with a bow at the neck was the most modern take on the suit I have seen this season; a little black dress had marvelously Gothic pointy shoulders and a ton of cool attitude. Chiffons appliqu'd with leather were super-sexy; a pale pink sweater, with its overly high neck and giant wool rose at the shoulder, would hit the spot whether you were at Balthazar or Meow Mix. I call it Edgy Chic."
108,"The constructive ideology calls for the highest exactitude of means of expression, read part of the program for Narciso Rodriguez's sleek show for Loewe. Don't ask. Pretentious theory aside, Rodriguez's show was a study in controlled elegance. His graphic little shift dresses and neat coats and pantsuits had the look of Jackie Onassis' sporty-deluxe wardrobe during the Ari years. Deft leather work is the specialty of this classical Spanish house, and Rodriguez capitalized on the superb craftsmanship with contrast-insets in a Mondrian grid on those leather shifts, and refined chevron work. Subtle touches of hidden luxury included a warm-pink satin lining on the camel jacket of a mini suit, and matte caviar sequins on a chiffon evening mini. Rodriguez kept to an appropriately Spanish palette of black, honey-tan, palomino and a dash of lingerie-pink, and focused on understated luxury. You win the pop quiz if you can count the number of chevron black-and-white mink coats we've seen this season, but Rodriguez's held its own. His top-heavy shearling tops with skinny leather pants looked hipper still a palatable take on the '80s."
109,"I've mixed the romanticism of the Orient with sensual silhouettes to create a look that is feminine, yet hard-edged, said Vivienne Tam about her collection, which celebrated the Chinese New Year. Gold was the dominant color for a series of fun looks that included chrysanthemum-beaded dresses, velveteen coats with fur trims and metallic-embroidered shells. There were also shimmering optical prints, sequin starburst dresses and purple leather trousers that were thoroughly urban and modern. Tam's clean designs were enlivened with texture, color and shine to create an eclectic and thoroughly upbeat show."
110,"Jean Paul Gaultier's collection was an ode to smoky Parisian chic although at times it felt like an epic poem since those looks just kept on coming. Gaultier created a rain-drenched sidewalk as his runway became littered with cigarette butts in true Gallic fashion. His models came out provocatively dragging on Gauloises to a soundtrack featuring the soothing words of an anti-smoking therapist. Gaultier wanted to create real-life looks that reflected ""the chic and elegance of daily life"" for the chic Parisienne perhaps and threw in just enough of his customary playful inventions. These included vests with collars that folded into integral jackets and opera gloves with pockets just big enough for, well, a packet of cigarettes. Gaultier has reinvented the trench coat masterfully in his couture collections, and they put in an appearance here too--black and narrow and cut to the floor or as a perfect little coat-dress. If it wasn't the characteristic show-stopping Gaultier drama, this collection was about a quiet elegance that, like his couture collections, paid subtle homage to Saint Laurent. YSL touches included the jersey chemise--here reworked as a tunic over pinstripe pants, featherlight chiffon pleat skirts, stylish ""smokings"" and all those mannish trilby hats. Gaultier, who was already an established design force the first time around, showed timely '80s touches like the stirrup pants worn with viciously high heels and the bat-wing sleeve that appeared throughout the collection proving his talents for invention and reinvention."
111,"At a moment when it seems like everything in fashion has gone positively dotty, dainty, polished and ruffled, Jean Colonna's fast-paced, hard-edged collection offered a refreshing change of mood. In his hands, the sweet, girly chiffon dresses that have taken over the runways have now become super-sexy, vampy attention-grabbers with zippers, sequins and appliqu's. Jeans with leatherlike insets had frayed edges and piping, and leopard-print tops were worn under sheer blouses. How to top off the ""can't-wait-for-midnight"" look? With massive faux furs, golden motorcycle jackets and coats, transparent shoes and graphic, Blade Runner -inspired make-up."
112,"Bella Freud never does anything obvious so of course her show wasn't a show at all. Instead, the designer decided to produce her own magazine, shot over the course of two days. Anita Pallenberg lent her very bohemian Chelsea flat for the shoot, which was only fitting since the whole collection was inspired by her personal style and the movie Performance. ""Anita's always dressed much cooler than the average rock and roller,"" said Freud. ""She has some really tacky things and some really elegant things."" Freud's collection pairs an orange velvet suit with a lilac polka-dot chiffon blouse; a purple leopard-print stretch dress with a classic coat; and a pinstripe suit with a striped English school scarf. There were perfect little black satin dresses with frills at the elbow; mini minidresses in green tiger-print chiffon and tiny skirts in fabulous English tweed. And for anyone who can't wear a 3-inch skirt, there are masses of sexy, beautifully produced knitwear. Freud's magazine will feature all of London's coolest kids: Photographer Dan Macmillan, who will also take a turn in front of the camera, and Chanel girl Devon Aoki, Jerry Hall, Jade Parfitt and Kiara as models. Add a John Malkovich interview with Pallenberg and a contribution from artist Sarah Lucas and you have the ultimate fashion 'zine. There's only one hitch: As yet the magazine has no title."
113,"It's a good fashion moment for Missoni. Prints and sophistication--both buzzwords for Fall are the concepts upon which this well-known Italian fashion house was founded. Missoni's ideal of visual and visible elegance came alive on the runway with considerable zeal. Capitalizing on the current branding craze, Missoni used a zigzag ""M"" pattern as an oversize, tongue-firmly-in-cheek logo. There was also an emphasis on eclectic mixing and matching: beaded trousers, Lurex knits, liquid satins and comfy tweeds all came together in an extravagant potpourri of texture and color. How to top off the rich look? With sheared-fur bomber jackets, gold tights and matching shoes and bags."
114,"VH1/Vogue Fashion Awards Designer of the Year nominee Miuccia Prada showed a strikingly beautiful collection. Sharp suits with narrow shoulders, defined waists and flowing skirts captured the spirit of the presentation, which was all about polished elegance and classic sophistication. Inspired by a '40s silhouette, Prada relied on an understated and tasteful color scheme: chocolate and gray dominated, with occasional dashes of yellow and red. For evening, Prada showed sexy velvet dresses with floral appliqu's and a few silver beaded gowns that were absolute showstoppers. And, of course, you can always rely on Prada for some of the best accessories on the market: Her open-toed heels and geometric bags were an instant hit with the fashion crowd."
115,"At Balmain, Gilles Dufour takes the house's staid Jolie Madame image and filters it through the eyes of a younger generation. There is a limit to how rebellious his gilded Parisienne wants to get, however. Grandm're's draped black-jersey cocktail dress from the '40s? Punk it up a little with colored hose and spike-heeled satin ankle boots. Maman's sun-ray-pleated, giant-dot print '60s chiffon frock? Shrug a slim leather coat over it, and pin your hair into a messy French twist. Those dappled double-face country tweeds (nip-waist jackets and short, full skirts)? Spice them up with a graffiti print T-shirt or a skinny cashmere sweater with a saucy message emblazoned across the front. Dufour takes an old leaf from Schiaparelli's book too, sprinkling beaded butterflies, satin M&Ms or coils of ""pasta"" on fitted evening jackets, or sequin eyes, lips and even bright-colored false nails on knits. Flying with the season's ""more is more"" mantra, and leaving the editing to the editors, Dufour throws little mink matinee jackets (reinvented in cartoon colors and shrugged over cut-velvet and chiffon kilts), firework embroideries and Dickensian cutaway jackets into the frantic mix."
116,"Victor Alfaro clearly has one objective in mind when designing: to make women look as glamorous as humanly possible. This time around, his archetypal woman went out to play mixing and matching leather motorcycle jackets in vibrant colors with easy, chunky knits, sexy crocodile belts and sleek, long slacks. Optical prints, reminiscent of '70s upholstery fabric, looked surprisingly chic in low-slung trousers and long coats; plaid fringed skirts, blush silk jackets and grape chiffon evening dresses screamed for cocktails in Aspen. Overall, it was an eclectic, artfully combined collection that successfully dared to explore a variety of influences."
117,"Even under the worldwide onslaught of Super-Chic Chic, Clements Ribeiro prefer to go their own, super-decorated way. Good for them I like designers who stay true to themselves. That is not to say that Suzanne Clements and Inacio Ribeiro don't have their own, very quirky little brand of chic going. They do. It consists of soft chiffon dresses beaded with tarnished siver sequins, little sweater sets in glittery stripes or polka dots, distressed tartan skirt suits, beautifully printed silk blouses with wonderfully billowy '70s-style sleeves, and wool coats printed with giant, glittery polka dots. Their take on the suit was as original as ever a cropped jacket with puffy sleeves and cropped trousers, or a bow-necked jacket with a slim skirt. Clements Ribeiro's use of color is always interesting, and this time the hit combination was lemon and camel. Worn as a sharp little camel coat with lemon dress and hat, this look was the very picture of chic, London-style."
118,"With his third runway show for Yves Saint Laurent, Alber Elbaz finally hit the target with a controlled collection that proved a strong modern take on the house's timeless chic. Elbaz elongated and chiseled the classic proportions of the trademark boxy jackets and pencil skirts, and showed them with black glove-leather shirts with matching narrow ties--a cool, modern spin for the classic YSL suit. With satin revers on an overscale man's Crombie coat, he also gave a contemporary twist to ""le Smoking."" Moving away from the house's enduring '40s references, Elbaz's models wore their hair in severe French twists and stalked the runway in vicious stiletto-heeled shoes. Tabard coats and dresses, worn over skinny rib knits, and a trio of priestly black jersey robes, allowed Elbaz to express his austere side. Leaving grand soir statements to the master himself and the haute couture collection he continues to design, Elbaz sent out only short, after-dark looks for his finale. Classic metallic lace looked chic again, in long-sleeved midi dresses styled with hip-slung crocodile belts and wrinkled '70s cavalier boots. Great-looking tarnished brass lamé suits with black chiffon blouses, body-skimming cocktail dresses in black slipper-satin, and entrance-making flapper dresses solid with brilliant silver bugle beads were followed by a final stylish take on a YSL classic the sheer black chiffon blouse with a skirt made entirely of ostrich feathers."
119,"Lawrence Steele aptly calls his collection ""sophisticated, eccentric, ostentatious, daring, smart, sexy and languid."" The American designer relied on his well-known brand of glamour for this collection, and it shows. Printed tweed suits looked smashing when paired with fox mufflers and scarves; so did the flirty tulle dresses with embroidered overlay that opened the show. But Steele's forte is cocktail dressing, and he knows it. His ultrasleek, shimmering, liquid black-and-gold gowns and beaded sheer numbers are designed for women who want to make a statement and aren't afraid to stand out from the crowd."
120,"Julien Macdonald decided to end London fashion week with a very loud bang. He attracted 1500 people to the Millennium Dome to see a brashy, flashy, trashy, vampy collection of barely-there evening gowns, asymmetrical frocks and almost-invisible miniskirts. Into this outrageous mix, he threw quite a lot of crazy printed fur coats, gilded serpent trousers and psychedelic jeans. The whole bizarre experience rounded up with a performance from Gwen Stefani and her band No Doubt. She was wearing bondage trousers and one of Julien Macdonald's fabulous pink coats. Fashion rocks!"
121,"Taking his Emporio line in a more eclectic direction, Giorgio Armani ably translated both luxurious and practical looks into affordable, trend-conscious clothes. On the sumptuous side, there were rich velvet and beaded evening dresses, voluminous overcoats in pale pastels and fur-trimmed chiffon tops. But, obliging his customers' taste for easy-to-wear suits and separates, Armani also showed narrow skirts, slim trousers and an assortment of wool suits. The use of geometric patterns, floral details, beaded fringes and ethnic embroidery proved that the father of minimalism can easily maintain his signature style while infusing his designs with considerable dash."
122,"Costume National is best known for its sleek, modern take on urban ready-to-wear. The label's loyal following of no-nonsense, minimal-inclined clients will have no trouble revamping their fall wardrobes with supple leather tops, slim pantsuits and satin copper blouses. To lighten the mood, they will turn to off-white suede jackets worn with leather skirts (skin on skin is an unbeatable combination), and cowl-neck sweaters. Of course, everyone needs a bit of spice once in a while. Not to worry houndstooth-print red-and-black satin dresses, sheared fur sweaters and glittery black suits for evening should do the trick."
123,"Mathew Williamson decided he wanted the audience to concentrate on the clothes, rather than on Jade Jagger's latest look, so he banished his famous fans from the front row to the after-party. It wasn't hard to focus since Williamson opened his show with an attention-grabbing dress made of skeins of crystal worn by the giraffelike Jodie Kidd. He followed this with a show inspired by the colors and shapes of stained-glass windows, with a very modern take. Black dresses with cutout work were backed with hot pinks, limes and oranges to create a very graphic look, and were lit up at the end of the show to great effect. But Williamson's softer pieces were where he excelled: There was a wonderfully chic black silk dress with beaded lime chiffon hidden under pleats; amazingly floaty fishtailed chiffon skirts; and my personal favorite, a Day-Glo yellow chiffon evening dress, backless and pulled in at the waist with a beaded back lace sash. This has to be one of the sexiest, most magical evening dresses I have seen so far this season. And in a season of suits, a splash of romance is utterly refreshing."
124,"Inspired by such iconic references as the film Grey Gardens, The Jockey in Paris and model Lisa Fonssagrives, John Bartlett presented a vamped-up, tongue-in-cheek collection that alluded to a bygone era of whimsical glamour. Bartlett relied on classic prints such as checks, chevron stripes and houndstooth, and reworked them in all shapes and sizes some blown up so large that they were barely recognizable. Adding to the ""erotic heiresses"" theme were sexy fuchsia and chocolate leather pieces, capes with high-ruched necks and transparent tops. A couple of figure-hugging, double-knit wool jumpsuits, perfect for apr's-ski in Aspen, closed the sexy presentation."
125,"Leave it to Narciso Rodriguez to create the perfect little dress. The Cuban-American designer's forte has always been adding a touch of edginess to simple, chic classics, and this season he proved that he is still ahead of the game in that department. Silk charmeuse formed the base of his collection--showing up on dresses and slips that were worn alone or layered, alluding to a sensual state of partial undress. Rodriguez hardened the mood with sharp, tailored leather coats and cashmere tweed dresses. There were also sleek, fitted cashmere trousers and sexy, curve-hugging T-shirts. Clever accessories completed the look: Rodriguez featured luxurious alligator bags, decadent mink booties and hefty chains worn as necklaces and bracelets."
126,"Nicolas Ghesqui're showed one of the most original, refined collections of the season for Balenciaga. At a moment when artless reinterpretations of the past seem to dominate the runways, his clothes stood out for their distinct originality. To be sure, there were strong '80s references, like sharp shoulders, punk-inspired fastenings on jackets and pegged baggy trousers; but the looks were constructed with a freshness that had nothing to do with the past. While straight, narrow black pants were worn with strict jackets and zippered shirts, ragged, tattered dresses were wrapped around the body to look nonchalantly chic. Tailored jeans were the perfect companions for batwing turtlenecks, tapestry tiger-print vests and elaborately ruffled tops. The quiet color scheme centered on black, navy, rust and tan added an element of sobriety and elegance to the clothes. In all, it was an extraordinary presentation one that is sure to put Balenciaga once and for all in the center of the fashion map."
127,"I tried to imagine what would happen if different minorities from all over the world met across time and space, said Gilles Rosier about his first solo collection for Kenzo. For his fast-paced, visually arresting show, Rosier reworked classic Kenzo favorites loose shapes, colorful prints and patterns into urban, modern looks that pay tribute to the house's heritage while decidedly moving ahead. Supple leather coats and skirts were given a punk touch when paired with lace-up ankle boots, patchwork plaids and batwing tops; there was also a graphic '80s influence in a series of large geometric-motif dresses. A touch of the orient became apparent through the Japanese orchid prints, slit kimono sleeves and obi sashes that were seamlessly woven in. It was a successful, eclectic collection for Rosier, who proved that he can create a modern image for Kenzo while remaining true to his mentor's roots."
128,"Beneath a floating ceiling solid with lightbulbs 4,300 in all Dries Van Noten sent out a sweet and whimsical collection where the message was in the mix. Van Noten worked with the season's ladylike theme but translated it through the eyes of a madcap English milady. Her charming, haphazard vision revolved around unexpected juxtapositions--a tweedy coat worn over poison-green flapper dresses (beaded with blossom-shaped sequins); a mustard funnel-neck sweater, thick enough for a British winter, with a horizontally paneled emerald velvet skirt. Van Noten cited the influence of the Bloomsbury Group of artists and writers in twenties London, and, indeed, their off-key color sense and devil-may-care attitude to clothes saturated this artsy collection. Even when Van Noten showed an outfit as unembellished as a ribbed black polo neck with wide ""Oxford Bag"" pants, he wrapped an ivory hand-knit scarf around it and embroidered the trailing ends with a crusting of amethyst beads. There was a '50s feel, too, in the nubbly wool coats with thick fur collars, and the buoyant gored skirts in brightly colored silk stripes or fruity velvet a lighter reworking of Van Noten's Spanish gypsy crinolines of last season."
129,"Knit-maven Sonia Rykiel's influence has been felt on runways all over town this season, and in London, Milan and New York too. Think of all those skinny '70s knit sweaters, the glitter stripes and accessories, the jewel-dotted berets, those fluorescent-bright accents on black. So it was great to see La Rykiel, flame-haired grandmother to all these trends, in such glittering good form. Rykiel delved into her archives for great '70s and '80s references that look as hip today as they ever did. The '70s looks ran the gamut from Annie Hall layers (spiced up with cone-heeled colored metallic disco shoes) to a black-jersey tabard over lipstick-red sequin leggings. Deco sunburst intarsias on plum and cyclamen knits; a chocolate-and-red overscale plaid with a Burberry feel; a striped fur Flashdance sweater over skintight pants; and a sheared black fur sweatshirt and mini were also upbeat takes on current fashion hits. Even Rykiel's archaic way of presenting clothes is so out that it's in again, from the opening lineup with a row of girls (hair frizzed ? la Rykiel) in different color-spectrum versions of the same wide jersey Oxford ""bag"" pants and stole, to the Old World tradition of sending out a bride. Especially when the bride is the hot young British model Liberty Ross, and her knit twinset, beret and full taffeta skirts are in tones of the season's must-have orchid purple with a playfully overscaled ruby-red mink daisy tucked at the waist."
130,"The extravagant craftsmanship of couture has filtered down to Gianfranco Ferré's whimsical ready-to-wear line. No less eclectic than romantic, Ferré's collection featured languid dresses, taffeta ruffles over crinolines and strict Hungarian army coats thrown over utterly feminine georgette robes. There were also long leather skirts, gray flannel trousers and the designer's signature tailored shirts. This precisely cut collection will surely keep Ferré's well-established clientele perfectly satisfied."
131,"Josephus Thimister's graphic, fluid presentation for Genny was inspired by the Russian constructivist artists of the '20s. Centered on the idea of contrasts, Thimister alternated between rigorous tweeds, light muslin and patchworks of shimmering, ethereal fabrics. His color palette paid homage to Kandinsky, relying on hues of pale green, tangerine, magenta and peach, with occasional bursts of violet. The masterful way Thimister gathered sheer tops and layered delicate skirts evinced his couture background; the dreamy mood was offset by sharp trousers and sleek coats. Genny's collection was a tribute to the designer's ability to combine seemingly disparate elements in a sophisticated and beautiful manner."
132,"If this is the season for ladylike clothes, this is Valentino's moment. No sly irony here, though. His real-life ladies lead a pampered limo life, apparently unchanged since the Duchess of Windsor's day. In fact, Wallis would have loved the '40s flared-skirt cocktail suits worn with fox muffs, the starburst of seams on the front of a double-face coat and the standout slim lace shirt-dress to the floor, embroidered with a trace of golden sequins and sashed in ivory chiffon. But the fussier effects may not have received that royal seal of approval. After some recent adventures in chic simplicity, Valentino now leaves no surface unembellished. Of course, if anyone can approximate haute couture detailing in ready-to-wear, it is he. A turtleneck sweater has a twist of evening gown drapery across the bosom; a cappuccino tweedy coat is hemmed in Persian lamb and embroidered roses. And that's just for starters. After dark, Valentino really pulls out all the stops. His more subtle looks worked bes like a quartet of scarlet crepe cocktail dresses and the most luxurious trenchcoat in town reimagined as an opera coat, cut full to the floor in either champagne raw silk, black or Valentino red duchesse-satin. And let's hope that Va-Va's ladies own wardrobe trunks large enough to pack those giant crinoline ball gowns ruffled with organza fins and that they find somewhere to wear them!"
133,"This season, opulence reigned supreme on the Fendi runway. Over the past few years, Fendi has become the ultimate word in high-end luxury and this collection didn't disappoint. Any of the optical dresses, A-line leather skirts and color-splotched furs would have been just the thing on the maiden voyage of the Concorde of course, they all look perfectly fabulous right now. Printed chiffon dresses, patent leather jackets and tweed suits--most cinched at the waist with gaudy gold belts--added to the sumptuous mix. The all-out decadent mood was reminiscent of the eighties, several prints were inspired by the sixties and the glamorous attitude was all seventies, but the spirit of the collection was anything but retro. The irreverent mixing and matching of references, and the skillful way in which colors and fabrics were treated, was absolutely of the moment and nothing short of brilliant."
134,"The first outfit was a tiny minidress with a metallic lace top that covered the model's face. Her hand was linked to her feet with miles of gold chains she did a good job making it to the end of the runway in all that armor. Outfit No. 2 was another miniscule dress with a giant hood decorated with porcupine quills. You get the picture. Polish-born Arkadius, in his second season, makes mad, mad clothes the kind you come to London to see. Along with the arty insanity there were some fabulous ideas such as the foam dress, which made its wearer look as though she were an elegant mushroom; and the sweater with foam arms, which created the weird impression that the model had four arms. On a more practical note, Arkadius had one heavenly cream coat that combined wool and fur. Fur as fabric is the trendiest texture for next season. You saw it here first."
135,"According to designer Max Azria, Wim Wenders' 1987 film Wings of Desire was the inspiration for BCBG this season. Literal interpretations included wing motifs on the backs of heather-gray wool jackets and black T-shirts. There were also more subtle references like embroidered chiffon tops with ties that fell to the floor, mud-fur jackets, and a color palette that revolved around pewter, porcelain and sable. Colorful pieces included shiny croclike coats, glitter suede jackets, and easy plaid coats and pants. Accessories were fun and playful: faux-mink wraps, fake-fur and feather-covered bags and tall boots in distressed metallic leather."
136,"Looking for dazzle? Leave it to Dolce & Gabbana to supply a jolt of show-stopping glamour. Inspired by the Middle East, the duo's collection featured everything from gold tapestry-printed dresses to silver palazzo pants to glimmering, striped Lurex T-shirts. Even their interpretation of the current suit craze was appropriately glitzy: there were purple velvet knicker-and-jacket combos and three-piece corduroy riding ensembles with rhinestone-covered berets. How to top off the look? Try a patchwork shearling coat, a colorfully decorated fur or a shiny croc jacket with leopard-print lining and matching hat. If you need still more flash, you can always go for the hoop earrings, bright tights and flower-appliqu'd shoes."
137,"As decade crunching continues to move forward at breakneck speed, it is inevitable that a designer as acutely attuned to the style buzz on the streets as Marc Jacobs should pick up and run with the '80s vibe currently setting a younger generation of style-makers on fire. For luxury house Louis Vuitton, Marc Jacobs revisits Paris in the '80s, paying homage to the looks featured in publications like the so-hip-it-hurts style manual JILL , and translating them into must-have modern looks. The early Madonna moment beret, oversized sweater slouched off one shoulder and short, leather pencil skirt--was skewered and chic-ed up with luxury fabrics. Think of that sweater in corduroy-seamed sheared fur, the skirt in satin thick as leather. Early Montana and Mugler signatures were evoked in details like the decorative silver-press stud fastenings on the shoulder of a satin print T-shirt, silver cube buttons as closures on man-size jackets, curving seams on footballer-shouldered jackets and zippers diagonally splicing 7/8 coats. Jacobs' twisted palette also brought the decade flooding back endless existentialist black of course, spiked with caf? au lait, chocolate, peppermint and teal (dazzling for a crocodile trouser suit). His tortoise-shell, sequined mini dresses closing the whirlwind show were suspended from or trimmed with the fine gold chain that was also used for the adorable midget disco purse just big enough to hold that members' pass for disco hot spot Le Palace."
138,"VH1/Vogue Fashion Awards Designer of the Year nominee for her Chloé collection, Stella McCartney drew inspiration from her own childhood memories of the '70s and '80s. And since the self-proclaimed ""Rock Princess'"" impressionable years moved to a disco beat, so did this racy collection. The sexy, fun-loving Chloé gals strutted their stuff at the Opéra Garnier to the raunchiest soundtrack to rock the runways in years. Stella set the tone for the collection with short, batwing-sleeved jersey disco dresses, trellised with Art Deco beading all set for Studio 54. Inspired by the allure of a girl shrugging her ""boyfriend's secondhand coat"" over a skimpy dress, Stella provided wintry cover-up in off-white ""Afghan lamb"" fake fur.""Deco"" seen through '70s eyes hink Biba, that pacy fashion and style emporium appeared in ombré-shaded lozenge prints and in silky jersey pieces, as well as in the crisply tailored wool coats that have become a Stella signature. There was more '20s influence in the Josephine Baker-style clasps, threaded with lengths of silk ribbon cord that belted satin tops or hipsters, and in the lush beaded trim on hot chocolate, jade green and navy. Quirky, too, were the deluxe knitting bags, transformed from the prosaic via dense beading of hand-cut feather-shaped sequins. This embroidery later appeared fringing the sleeves of mini shifts and as entrance-making jackets and coats like ""plastic fake fur,"" enthused Sean Lennon, who joined Stella's ever-supportive dad Paul McCartney in the audience."
139,"This boy (OK, he's 39 but looks like a kid) just gets chic-er and chic-er. Mouret's talent is to sew without seams many of his dresses are just one piece of fabric that is held together with a single humble safety pin. As a result, his dresses have a lightness of touch that is almost unrivaled. His show, located in Borough High Street, SE1, featured a photographic studio as a set, with the models posing as though on a shoot. This gave us ample time to get a good look at sheer chiffon shirts in electric blue with giant bows, several versions of the little black dress some floor length, some sexily backless, all very graphic and modern-looking as well as a perfect Yves Saint Laurent-inspired trouser suit and a Poiret-esque coat. Mouret's only decoration was a giant '60s-style rose at the neck on some of the pieces that was reminiscent of the famous Chanel camellia. The ladies, and the coolsters, will be lining up."
140,"Marc Jacobs continued doing what he does best: reinterpreting classic favorites with a refined, self-effacing skill. This time around, '70s wardrobe favorites head-to-toe looks that call to mind a sophisticated feminist art dealer with a penchant for the organic underwent his skillful surgical treatment. Jacobs turned out a series of accurate tweed suits with leather trim, cashmere-starved schoolgirl double-faced shift dresses, and sporty jackets embellished with buttons, oddly reminiscent of a subdued, time-warped Patrick Kelly. For the final portion of the show, Jacobs departed from his easygoing motif and ventured into a series of delicate, grown-up mille-feuille organza skirts, textured silk shirts, and ultra-light faille dresses in brick, grape, salmon, and rust."
141,"Eisen's clothes have always been simultaneously sensual and practical, executed in sophisticated, figure-flattering fabrics. This season, the South African-born designer showed a neat, clean collection of tan leather coats and tops, luxuriously chunky knit sweaters and light Prince of Wales suits with leather piping. For evening, gauzy chiffon looks were both sweet and sexy while a series of feathered coats and skirts were pure glamour. His presentation touched upon many of the prevailing trends of the season, translating them into fun, easy-to-wear looks."
142,"Betsey Johnson is one designer who consistently puts fun in fashion, and she never disappoints. Manhattan's Lot 61 was converted into a nightclub for her presentation complete with strobe lights, disco balls, blaring music and scantily clad rock chicks, motorcycle vixens and disco bunnies. Looks included plasticized cat suits, hot-pink biker ensembles, micro shorts with zipper sides, Lurex ""Ziggy Stardust"" minidresses, technicolor lizard-print hipsters and provocative eyelet leather pants. For the finale, Johnson showed mini-tutus in neon colors paired with lace tees, bras and halter tops; her wedding gown consisted of a lace puff top with diamond mini-pouf skirt."
143,"Bohemian deluxe is the leitmotif of Sui's work, and this season was no exception. Her runway resembled a luxurious recasting of an outdoor concert circa 1974: There were assorted floral dresses worn over colored stockings, riotous contrasts of patterns, patchwork skirts, graphic sweaters and studded jeans. Chunky stone necklaces and earrings were the perfect accessories. For evening, Sui offered embroidered georgette blouses, fringed skirts in black and pink, Lurex-striped dresses and sequined mesh tops."
144,"Peter Speliopoulos takes the Milanese route for Cerruti, with a collection that provides an elegant, low-key spin on the trends du jour. Thus, neat Duchess of Windsor coats with the look of Julianne Moore's '40s costumes in The End of the Affair are interpreted in subtly beautiful Cerruti fabrics like a black wool flecked with ruby glitter, or a pepper-and-salt tweed that catches a bordeaux-colored shadow in movement. The retro ladylike look follows through to the longer skirts with a graceful swing to them, and to the accessories, which included those all-too-familiar open-toed '40s sandals (shown with old-fashioned back-seamed stockings) and tiny fur tippets at the neck, already featured at Prada. Other quiet takes on trend items that Speliopoulos features include a herringbone black-and-white mink trench; chiffon bib blouses; the batwing sweater (with a deep bateau neck, and a fine gauge turtleneck worn underneath) and spiky feather fronding on caf? au lait and prune chiffons."
145,"Young designer Russell Sage called his show, ""So Sue Me."" His inspiration was the logo mania of the moment, and he took some famous fashion references like the Burberry trench and reconfigured them for the avant-garde. The Burberry check was worn as a vest with a cobalt blue, sequined, puffed-sleeve top underneath; Tommy Hilfiger's rock 'n' roll collection of last season was satirized in a rough hessian corset that read TOMMY ROCKS in red beads across the front. Among the craziness there were some good ideas like the faded blue mac with frayed hem and a lining that resembled gold leaf, the amazing take on Elizabethan sleeves and the way that chiffon was used as an outer layer over solids rather than as an inner layer. There was even an old Union Jack flag that had been burnt, appliqu'd with gold paillettes and turned into an outrageous skirt. It's recycling for the chic set very street, very UK."
146,"VH1/Vogue Fashion Awards Designer of the Year Nominee Tom Ford's collection for Gucci was sleek, sensual and filled with the edgy sex appeal that has become his trademark. The show opened with a series of sharp and shiny silk gazar dresses and coats, featuring ornately ruffled necklines. Wool and cashmere looks included belted coats with carefully defined waists and leather-trimmed tweed suits. Ford quickly moved on to fitted, in-your-face motorcycle ensembles that were thoroughly young and urban. For evening, he turned the volume way up with an assortment of dazzling gold coats, slinky dresses and beaded gowns with plunging necklines. The entire collection was carried by Ford's deft way with shapes and materials, which allowed him to effortlessly create a feeling that was modern and chic."
147,"Alexander McQueen bravely set his show to the X-Ray Spec's punk ballad ""I'm a clich  "" then set out to refute the message by appropriating styling tricks absorbed from a new school of designers. His first look a man-size jacket in army green worn with a white shirt, narrow golden clip-on tie and a white shirt and hose defined the new '80s proportions that are establishing themselves so forcefully this season. '80s, too, were the clever twist jersey mini dresses (think early Versace), and the gold lamé wood-grain brocades, used for sharply cut short-waisted jackets and slim-leg pants worn with sleeveless leather tops (Alexis Carrington goes clubbing). A Gothic punky attitude coursed through the show, reinforced through the somber palette of army green, black and purple. As he reinforced with his own name-collection, McQueen is a visionary talent. So it was a pity that this production had the formulaic look of a stylist-led collection, with classic staples tricked up with styling details like trousers bloused into ankle boots, and jackets cinched at waist or hip with invisibly fastening wide patent belts and Kraftwerk-narrow ties worn with men's shirts. Flashes of McQueen's real talents shone through in the punk-slashed tartan top over a prune patent mini, those twist dresses and a black-and-purple banded leather mini-dress, the bands fastening in back like bondage belts. More exhilarating still was McQueen's bow he coursed the considerable length of the runway (a beautiful curving corridor in the Musée du Cinema, currently under renovation) on a speeding scooter."
148,"Daddy, who were The Clash was the jokey little title of Luella Bartley's first catwalk show. Indeed her models wouldn't know they were dressed like the hippest teenage schoolgirls, and probably born around 1987. It was hard not to adore the clothes or the attitude. A neat houndstooth check dress was as proper as could be until you saw the zip up the back, which opened at both ends, and up on the arms. Hot pink drainpipe jeans with the word 'darling' written in tiny crystals on the back pocket and worn with a pink blouse and perfect-black jacket showed us all how the hip crowd will wear tailoring next season. There was even a striped school blazer worn with a white shirt and skinny trousers. Luella is way ahead of the pack. She's stylishly brought back the mod teenager, added a splash of Blondie and created an ultracool image for her label."
149,"Miuccia Prada reworked some of the most outstanding concepts of her signature line into accessible looks for Miu Miu, her diffusion label. It was an eminently wearable, simple and refined collection, centered on sweet, girly dresses pale-rose chiffon slips, some gathered or bunched--and the season's all-important essential the perfect jacket. Loose coats with rounded shoulders, ample shiny skirts and fitted tweed suits successfully acknowledged the '40s-inspired elegance present in much of the Fall collections. Pleated wool skirts were worn with casual striped tees, and optical-printed skirts and tops were playfully mixed and matched. Once again, Prada proved that diffusion lines can often compete with the best of the rest."
150,"High-octane Ivy League is how Tommy Hilfiger described his coed collegiate collection, which revolved around sporty, All-American preppy looks. Houndstooth and Donegal tweed suits were worn with light turtleneck sweaters; A-line skirts were finely tailored, light and feminine. Scottish tartans in green, navy, red and white dominated the runway, showing up in the lining of classic coats, on easy-fitting pants and shirts (often made up of mismatched panels) and even on a handcrafted leather and suede skirt. Shrunken jackets in metallic leather, calf-hair dresses and suede pants covered with leather appliqu's that created a tiger print added a fun and whimsical touch to the presentation."
151,"It was full speed ahead for Ann Demeulemeester, who successfully revitalized her signature designs while staying true to her well-known style. The mood was decidedly urban and gritty: There were blasted black leather coats with asymmetric skirts, stressed orange suede jackets, aged wool coats and washed black-denim ensembles. Demeulemeester's usually stark color scheme of black and white was livened up by purple military-inspired overcoats, lime-green papery tops, floor-sweeping orange skirts and a glorious sleeveless fur wrap with unfinished edges. Sequined tops, fur mufflers and yellow knit wraps gave a fun, luxurious edge to the great-looking collection."
152,"Tristan Webber is London's king of leather a fabric which he contorts and reinvents with amazing style and flair. He is also a fanatically inventive tailor, whose curvaceous seaming mimics human muscle structure. Combine the two, and you have a very chic, sleek look that is now becoming a convincing signature for this designer. On the more wearable side, Webber had a slim white punched leather skirtsuit that was as edgy as it was classy; geometrically patchworked raw-shearling coats; and a sharp green leather jacket with cutout work so intricate it resembled stitching. On the creative side, Webber pulled out a stretched neon-green mesh top with mask attached; delicate green, red and white chiffon dresses and some terrifyingly tight leather frocks. Undoubtedly influenced by early Alaïa and Mugler, Webber makes the skintight vixen-look new."
153,"Urban and modern are synonymous with Helmut Lang, and with good reason. This season, while most designers scamper to redefine yet another bygone era or perfectly distill the trend of the moment, Lang took time out to create sharp, clean and timeless clothes. That is not to say that there were no references involved; Balenciaga certainly was an influence for the fitted tops and jackets, bell-shaped skirts and exquisitely voluminous dresses that dominated his runway. But Lang has too fine a sense of his own aesthetic for his designs ever to appear derivative. The ease of the silhouette, and the signature color palette shades of basic tones with occasional shocks of color were all his own. As if to stress the validity and timelessness of his practical philosophy, Lang made sure to open the show with his most recognizable classics super-sharp pants and suits, street-smart coats and transparent tops. The results, especially in contrast with the gratuitous ornamentation often seen elsewhere, were more gratifying than ever."
154,"Naomi Campbell and Madonna have both recently been spotted on major shopping sprees at Elspeth Gibson's store on Pont Street, London. I can see why. Gibson has developed into a designer whose clothes might not be wildly innovative but are absolutely irresistible regardless. Frankly, who could say no to an aubergine-colored, paisley-print wool dress, with a bow at the neck and both wrists? Not me. I don't think I could put up much resistance to Gibson's Lurex-lace-tweed (yes, she combined all three in one fabric) skirts, or to her long tweed coats with cord pockets and detailing either. This designer wants to bring back the hat (the tweed trilby), gloves (long, tan, leather) and shoes that glitter (lilac, leather, by Jimmy Choo). Entitled ""Say Chic,"" here's a wardrobe for the cool London girl who grew up. Oh, and the other thing that maketh woman: red lips. They'll be as important as your handbag this fall."
155,"Miguel Adrover confirmed with his second collection that he is one of the most creative new talents on the fashion scene. The Spanish designer clearly has an outstanding ability to identify the fashion moment, detect its undercurrents and transform them according to his unique sensibility. His presentation featured everything from reconfigured garments made out of Burberry coats, Louis Vuitton purses and vintage denim to soft, feminine blouses with gathered sleeves, and strict, deftly tailored dresses with unfinished asymmetric hems. There were also functional plaid pants, chunky knits and ornate, spider-woven beaded evening dresses. The word is out: Adrover has shown that it is possible to maintain an independent creative spirit, and simultaneously produce chic, wearable clothes."
156,"This season, Daryl K's recurrent themes country-western, punk and urban hipster motifs were fused together in a vibrant, eclectic cocktail. The show consisted of 30 carefully constructed looks that included silk-pleated bomber jackets with insets, shearling jackets and jean skirts with velvet insets. Of course, Kerrigan also featured her trademark hip-huggers, spiced up with leather piping or metallic glitter, and paired with billowy angel blouses. And, if you're in need of the perfect downtown party ensemble, look no further: Daryl K's patchwork leather dresses, tuxedo shirts and suede gathered numbers are sure to hit the spot."
157,"Irresistible Bitch was the soundtrack at Bottega Veneta, summing up the unabashedly rich, attitude-drenched spirit of the collection. Head-to-toe ski chalet outfits picture a Bond girl on vacation in Cortina d'Ampezzo included tan napa jackets and skirts, angora neck cuffs, knee-high boots and matching oversized bags. The '70s-inspired feeling of irrepressible luxury also extended to several sexy silk-denim looks, as well as plush sheepskin coats, woven leather tops and shiny crocodile clutches and belts. Cashmere legwarmers, fingerless gloves and fuzzy angora short shorts completed the look."
158,"Models coolly walked down a runway made out of snow at Badgley Mischka, with ice totems looming in the background. The reference was clear: Lights reflected the multicolored hues in the sculptures and on the floor as much as on the designer's dazzling clothing. This season, the collection consisted mostly of solid looks in beige, black and white double-face cashmere was paired with sequined trousers and beaded georgette; rabbit bombers were worn with leather jeans. The ultra-glamorous eveningwear consisted of embroidered patchwork gowns and sequined sheaths in bronze, champagne, and magnesium; the bronze was so sequined it looked nearly holographic."
159,"Nicole Noselli and Daphne Gutierrez, known as Bruce, proved once again that they are one of the most talented design teams in New York. This season, they presented their clothing on mannequins, with guests ambling by as if attending an art show (which very well could have been the case). Experimenting with elaborate draping and cutting techniques, the duo showed striking nubby knits, dresses decorated with scarves and gold chains, a gray leather skirt with a gathered front and a stunning leather vest with ruffled edges. Bruce's trademark has always been individuality, and it is easy to understand why their nuanced, lovingly made clothes reflect a maturity and commitment to the integrity of their work that is seldom seen."
160,"A sheared fur-enveloped Ivana Trump was prominently seated in the front row at Luca Luca, as if to sum up the spirit of the collection, which consisted mostly of flashy zebra prints, formfitting black-, orange- and white-leather ensembles, and heavily beaded eveningwear. Texture came in the form of white rabbit jackets, black pleatherette suits and a turquoise alpaca coat. For anyone in need of a little extra oomph, there were also plenty of sequined cow-print skirts and overcoats, royal-blue sequined bustiers and shantung pants."
161,"With an acid-splashed black runway and Billy Idol's ""Rebel Yell"" turned up to deafening volume, Ungaro's elegant front-row ladies must have suspected that the classical couturier was having an identity crisis. Suspicions were confirmed as the first Avenue Montaigne-punk amazons pounded down the runway in rockabilly zoot jackets with second-skin red-and-black ""stonewash"" jeans, teetering on glitter-toed clear-plastic spectator heels and glowering from behind their '70s tequila-sunrise sunglasses. With an electric palette of hot pinks, poison yellows and the season's ubiquitous purples (all combined at one point in a delirious camouflage print), Ungaro indulged in a psychedelic disco parade complete with beaded chiffon ponchos, asymmetric handkerchief hems, bright jersey mini dresses and '70s-style rock-chick beaded pantsuits. Of course, Ungaro has many of these great references in his own archives, but the fine gold chains swagged like an admiral's decorations across a scarlet pantsuit, or forming a peek-a-boo disco top, looked like they had strayed from last season's Chloé runway. Young-at-heart mothers hitting their mid-life crises might respond to the modern idea of deconstructing their wardrobe pieces and mixing them up again with a hip new attitude, but their fashion-forward young daughters will love the real classics--like the purple-banded black on white pinstripe pantsuit and the superb new take on Rita Hayworth's knock-'em-dead Gilda gown, made sexy as only Ungaro knows how in black jersey."
162,"To the rousing chords of the theme music from Dynasty , Michael Kors took Celine on a playful romp through the high-excess '80s. It was a case of ""move-over-Nolan-Miller"" as Kors paid tribute to the campy deluxe looks once worn by Alexis Carrington and her rivals. You want luxury Dallas-style? Kors has it in spades. That black-and-gold-brocade Anna Karenina jacket? How about adding sable cuffs, collar and center banding? And why not swag golden chains as fastenings across it too. A chocolate Persian midi coat? Hem it with deep bands of cocoa mink. That black Swarovski-beaded shirt? Why not wear it with a leopard-beaded and ostrich-hemmed skirt. Kors claimed Oscar nominee Chloé Sevigny as his primary inspiration. Although Sevigny is barely old enough to have experienced the decade firsthand, she has an insouciant way with great clothes of recent vintage like '70s Saint Laurent pieces that place her ahead of the fashion curve. Kors revisited the Saint Laurent ideal via off-the-shoulder satin print gypsy dresses in caf? au lait, paisley or leopard-print satin. Bold Chanel overscale tweed weaves also put in an appearance. Kors is obviously targeting the glamorous young Park Avenue princesses who want to play dress-up in clothes they (just) remember their moms wearing. And who knows Mom herself might be tempted to relive the glory moment too."
163,"Feel like a woman wear a dress was the inscription on the tickets attached to Diane von Furstenberg's famous wrap dresses in the early '70s. Twenty years later, the designer's philosophy of ""simple, one-step dressing"" still rings true--women need elegant outfits that work in virtually any situation, day or night. This time around, von Furstenberg presented her collection in the form of a tableau vivant , with models casually chatting and dancing to the music as guests ambled by. Silk jersey dresses in harlequin prints, paperweight suede numbers in brown, ivy green and pumpkin and double-faced satin sheaths in marble blue and yellow were at the heart of the collection. The silhouette was slinky, seductive and classic, with a distinctly aloof and sophisticated edge."
164,"It was an easy-to-wear collection for Oscar de la Renta, who managed to turn out very relaxed pieces without forgoing his traditional feeling of luxury. Cashmere ruled the runway showing up on colorful striped skirts, sweaters and knit cardigans. Brick, burgundy and navy coats and jackets were lavishly embroidered. There were also striking black ensembles in leather, suede and taffeta perfect for a sexy evening out on the town. Of course, de la Renta's presentation could not be complete without dazzling evening wear feather dresses, voluminous faille ball skirts worn casually with a sweater and iridescent paillette gowns, which closed the show with a big bang."
165,"In some circles, Pamela Dennis has built a reputation as a reliable purveyor of classic yet eye-catching eveningwear. This season, black leather was crucial to her collection, showing up on slim skirts and trousers that were paired with limestone gauze shirts and beaded camisoles. Graphite lamé organza ball skirts, crinkled skirts, stretch-wool cocktail dresses and gazar asymmetrical gowns completed the show."
166,"Welcome to all our Super Fly Girls, read the models' upbeat cue-card backstage at the House of Dior's latest extravaganza. After the furor over his last Dior ""hobo"" couture collection, designer John Galliano crowded the mirrored runway with throwaway luxe outfits that took a leaf make that a volume or two from the opulent style manuals of the contemporary rap world. The fur was flying: Chunky sable and chinchilla coats, and even a sheared mink trench, were shrugged over barely there boudoir chiffon dresses (some suspended from thick gold chains). Even Galliano's thick knits were threaded with fur strips (and worn with '80s ostrich-skin skirts or skinny pants). When the fur wasn't real, it was printed--think faded animal spots on chiffon or beaded leopard pelts on stonewashed denim. The Christian Dior Daily, a newspaper created just for the show, was printed on chiffon, leather and even the reverse side of furs. The mood softened with perversely ragged dresses inspired by Galliano's couture collection, and a finale of miraculously cut black or lingerie-pink lace and chiffon dresses. These, with their deconstructed corset pieces cleverly built-in, and with sun-ray-pleat insets fanning into trains, hinted at the refined Galliano magic of yesteryear."
167,"It was a veritable fur-and-skin fiesta at Trussardi. Full-on luxury was the hallmark of a series of head-to-toe looks, like the sheared fur dress with python trim and matching bag and pumps that opened the show. Trussardi's logo, the sprinting greyhound, made a dashing appearance everywhere from purse- and belt-clasps to printed cardigan twinsets and even cuff links. Evening consisted mostly of black satin dresses, also adorned with snakeskin trim. Massive fur and leather coats were accessorized with Trussardi's signature travel valises."
168,"It was a welcome treat to see Giorgio Armani do what he does best: dress sophisticated women in classic, chic clothes. The suit Armani's forte and the season's leitmotif played an appropriately prominent role in this collection. But forget untailored and slouchy--these suits were sharp, closely cut and sexy, in jet-black or gray. There were also cropped fur jackets with blue and lavender highlights, colorful striped tops and embroidered trousers in shades of mint green and coral. For evening, Armani indulged in a series of floor-length sophisticated black-and-white beaded gowns, which explains why he remains the darling of the international cocktail party set."
169,"After a somewhat unsure beginning at Burberry, designer Roberto Menichetti has finally found his voice this season. Burberry showed 12 looks in a very strong, slick presentation at their redesigned Haymarket store looks that said Burberry and England as much as they said modern and urban. Menichetti's inspiration is the biker's uniform a super-sophisticated, luxury leather and cashmere version. His message is that we should all wear very thin layers next season, each one as chic as the next, so that we can feel comfortable whether we are in an air-conditioned office or in snow boots. There were skinny leather pants in tawny brown worn with a feather-light hot-pink cashmere sweater, over which was layered a fuchsia leather jacket and a faded Burberry-check coat. And kilts in a hot-pink version of the Burberry check, wrapped and pinned in an ingenious fashion, worn with layers of fine cashmere and cool biker-inspired jackets. The most interesting fabric development was the ultralight shearling coat it was almost as weightless as one of his cashmere cardigans. But the crowning glory of this collection has to be the reinvention of the famous Burberry check once again. This time it was injected with a raspberry hue the fringed scarf is a must-have."
170,"I dedicated the collection to Françoise Hardy, explained Eric Berg're after his quintessentially Parisian collection. ""She was the Twiggy of France#151;a writer, singer and Left Bank intellectual and an inspiration for people like Bob Dylan and Mick Jagger."" Berg're took elements of Hardy's trademark kooky '60s-style an androgynous attitude, miniskirts worn with hip-slung belts, black leather headscarves and morphed them with pieces drawn from the uniforms of chic European children, including pinafores, short capes, school blazer badges and the sort of stiff little A-line coats favored by the British Royal family. The soundtrack mixed folky '60s French singers with music from Austin Powers: The Spy Who Shagged Me , and mirrored Berg're's feeling for ""a little bit of '60s and '70s, but modernized"" for his clothes, which run the gamut from elegant, to, well, kooky. Berg're cuts his stylish skinny pants just above the ankle and gives his blouses the bishop's sleeve of the season, but throws some alarming hot pants and even an '80s rah-rah skirt into the brew. A sheer chiffon blouse with a bow-tie neckline (worn with a short velvet skirt), and the low back on an otherwise cover-up velvet cocktail dress, however, hint at the stylish Saint Laurent ideal that Berg're happily continues to hold dear."
171,"It was back to basic chic for Carolina Herrera, who focused on her traditional, well-known feminine and no-nonsense silhouette. Her collection revolved around suits formfitting stretch wool and bouclé jackets were paired with flared or lean skirts and skinny, tailored pants. Black prevailed for both day and evening. Leather skirts and coats looked striking and modern when paired with sand georgette tops, and simple crepe gowns made a splash with shocks of pink and scarlet. There was also a lush chevron-striped mink jacket, and richly embroidered dresses and separates that exuded Herrera's unmistakable touch of classic sophistication."
172,"A jeep smashing through a wall of white paper, a moving forest, wire fencing, London's oldest railway arches: These images formed the backdrop for Robert Cary-Williams' third show, which was ultra London, ultra avant-garde and ultra brilliant. To Cary-Williams, clothes are something to be deconstructed and then reconstructed with ingenious zips and seaming. Take his idea of a dress a cream, devor? satin-slip dress hung by one thread off one shoulder, hung by a zip off the other and frayed at the ends, with one side trailing on the floor. Or a shirt make it in black cotton, bind it with ties around the waist and then add intricately pleated cuffs that zip off. For coats, Cary-Williams took a tough olive cotton trench that had an asymmetric collar and one strap at the bottom that made it just off-kilter enough to be edgy. He also had a black version, minus that naughty little strap, that was unbelievably chic and wearable. So, there was only one wearable piece in the show, but Cary-Williams is still working out his style and his attitude he has as much potential as Alexander McQueen and Hussein Chalayan did at the beginning. We'll wait for the cocktail dresses. A footnote, literally: Sandra Choi, the designer at Jimmy Choo, has created some nuttily fabulous shoes for this show. They were men's brogues in pale skin-colored leather, which had been molded in water on a foot, leaving imprints of toes in the shoes. Very original. Very odd. Very alternative-chic."
173,"Pretty is not a word that has been flying freely at the collections this season, but it is just the effect that Cristina Ortiz achieved at Lanvin. Her light-handed collection wafted along like a breath of sweet-scented fresh air after all of this week's smoky nightclub ambience. Ortiz softened her hard geometry of past seasons, but continued to draw on graphic Art Deco motifs that referenced the slightly theatrical clothes that made Jeanne Lanvin a fashion star in the '20s. In Ortiz's sophisticated hands, and with her intriguing color mixes, the effects were never old-fashioned. A jigsaw patchwork of lozenge-shapes, embroidered in silk or beads, resembled the work of Jean Dunand, the great '20s decorative artist. Ortiz used the patchwork in African colors for a stiff A-line skirt, or as a giant ""kipper"" tie, knotted over a black chiffon blouse. A sweater of sheared fur was crafted in color-shaded chevrons; a chiffon skirt or blouse had a whirlpool effect of swirling panels in beige, cocoa and sky. A Barbie-pink satin blouse, worn with peach chiffon bootleg pants, was an exclamation point of color. And Ortiz introduced subtle traces of gold as in the borders on a skinny biscuit-colored fur bomber jacket; the hip-slung belt on a chiffon dress in ice-cream tones of coffee, framboise, lemon and peach; and in the platform-heeled golden sandals, their gilded soles flashing prettily as the high-stepping mannequins stalked the runway."
174,"The avant-garde met retail-credibility tonight as Jeremy Scott proved once again that he has the ability to turn out chic, salable clothes and still maintain an independent spirit. His show opened with a series of brown pinstriped looks that were, as always, inspired by the '80s, but looked thoroughly modern; logo bags, coats and turtlenecks cheekily referenced fashion's love affair with branding. Scott's vision of evening wear consisted of tuxedo-printed T-shirts and bathing-suit dresses. Perhaps for the first time in history, a ruffled sweatshirt was presented as part of a smoking. For an appropriately dazzling finale, Scott revived early-Hollywood diva looks serving up neglig es, robes, satin gowns and Grecian columns that offered a sexy and humorous take on America's infatuation with iconic starlets."
175,"Nicole Miller devotees rely on the New York designer to translate the mood of the moment into reliable, affordable pieces. But this season, money and luxury were the inspiration for her opulent series of tweed, embroidered suits and corsets, multicolored-striped sweaters and rich paisley skirts. Miller added an especially extravagant touch to the lineup with fuzzy camouflage jackets, sleek leather pants and rabbit sweaters, bags and scarves. For evening, there were a series of jeweled looks, fox stoles, angora sweaters and even some elephant-skin jackets."
176,"Welcome to our Playground. This time at Chez Galliano, those telling models' cue-cards were scripted in bright crayola colors and stuck with children's sweeties. Yes, Galliano decided it was time for some serious dress-up, but after his flashy Dior show earlier in the week, he wasn't thinking of entrance-making Oscar gowns. Instead, he chose to further infantalize his models (many of whom have yet to break into their twenties), by casting them as little girls let loose with their mom's clothes and maybe their pop's and sports-mad brother's too. With all the pressure on him to continually invent the fashion wheel, and please the big guns at LVMH, Galliano apparently decided to regress to a cozier time. To a soundtrack that included the themes from '60s British kids' TV shows, Galliano's girls (and one or two experimental little boys too), clomped down the runway in mom's far-too-big shoes (perversely made with inner pockets to ensure that they actually did fit), their faces and sometimes clothes smeared with primary paint colors. A brother's huge soccer shirt (team Galliano); dad's giant cardigan; mom's mad '70s wallpaper print frock; her prom dress (stepped into the wrong way, twisting the bodice all to the front), were all assembled with a child's delightfully untrained eye. Some tattered but classic Galliano treasures could be salvaged from the dress-up box, but this was less a fashion show than an indulgent but enchanted Alice-in-Wonderland adventure into the comfort zone of barely remembered childhood."
177,"Richard Tyler built his career on his strength as a tailor, and on the success of the high-powered, glamorous pieces he created for Hollywood stars which explains his penchant for sharp lines and eye-catching details. Tyler showed a series of tweed coats and skirts with snakeskin belts and trim, plaid jackets and houndstooth pants, tulle tops with voluminous ballet skirts and easy-going shirtdresses. For evening, there were shiny Chinese-embroidered jacquard looks in light blue, orange and pink, as well as sexy chiffon jersey ruffle dresses."
178,"The models at Philosophy smiled demurely as they showed off a sweet and girly collection. Alberta Ferretti successfully translated some popular trends of the season including pulled-together, chic, ladylike elegance into youthful, easy-to wear looks for her loyal following of sophisticated girls. Short pleated skirts in strong colors livened up tweed suits, while brilliant patterns and bright tights brought vibrance to simple day dresses. Accessories added an important edge to the collection: There were thin double-loop belts, dyed fur mufflers, triple buckles on skirts and printed foulards. For evening, Ferretti showed a series of featherlight, sophisticated chiffon dresses in black and white."
179,"American Gothic was the theme for Wink's '80s-inspired collection, which included direct references to such pop-culture icons as The Smiths. T-shirts and leggings were inscribed with ""Bigmouth Strikes Again"" in bold letters; dark, loose coats, reminiscent of Ally Sheedy in The Breakfast Club were worn with zip pants and flat ankle boots. There were also pleated skirts, low-waisted sweatshirt dresses and satin-cuffed jeans ideal urban-combat gear. The show ended with a navy-washed strapless dress the one that the bad, pretty girl, who in junior high smoked in between classes, would have worn to the prom."
180,"It was a characteristically flamboyant presentation for Randolph Duke, who has never been known to shy away from sexy curves, ornate beading and overall decoration. Double-face wool knits in black, camel and grey, herringbone separates and wool suits opened the show. Evening progressed into chevron-beaded pants, sparkly tweeds with ostrich feathers and houndstooth motifs done up in plumes. To top it all off, there were chinchilla cuffs, dyed-fox shoulder slings and super-luxe sables."
181,"Talented young designers Boudicca don't play by any rules except their own. Boudicca are less interested in creating clothes to wear than in ideas but that's exactly what we come to London to see. So here are a few ideas, fresh from the Boudicca runway. A striped organza blouse that billowed out at the waist in wonderfully extravagant folds was bound in with a huge white sash. Then there was the precious cut shirt, a little puffed at the shoulder, whose sleeves split down the side of each arm and were starched to within an inch of their lives. The leather coats with weird flaps at front and neck weren't exactly deconstruction nor reconstruction. London fashion sometimes defies description, but that's the fun of it."
182,"Big-city glamour was the inspiration for Michael Kors' dazzlingly rich, unabashedly ladylike show, which is sure to usher in a season of polished, sophisticated dressing. Kors reinterpreted decadent deco classics sleek, tailored coats, languid blouses and body-hugging metallic columns in a way that brilliantly crystallized the opulence of the current fashion moment. There were also textured tweed suits, sumptuous cashmere sweaters (which are currently being treated as essential, everyday staples) and healthy doses of fur and feathers for good measure. How to accessorize the 1930s by way of 2000? With large pearls everywhere, sleek pumps, Minnie-the-Moocheresque head wraps and fedora hats and ice-cool diamond belts, of course."
183,"Simplicity in dressing was Halston's dictum while he was still alive. Now it seems that a less discreet philosophy has permeated practically every piece that bears his name: Gold ombré sequined suits, goatskin ball gowns and tricolor pastel tweed ensembles were a few of the looks on the runway this season. Alongside classic Halston staples like Ultrasuede raincoats and lace halter skimps, there were logo beaded dresses, cardigans and jackets. Sex appeal was a key element of the show, and a lot of the eveningwear, like the matte jersey slit dresses, fox wraps and slick columns, are sure never to go unnoticed."
184,"Belgian design team A.F. Vandervoorst has come to define a new kind of laid-back cool. Designing their second collection for Ruffo Research, the duo turned their attention to the Harley-Davidson set. Their presentation took place in a large space decorated like a beer hall--the perfect setting for rugged motorcycle men and their babes to display a series of plush furs, tan shearling pullovers with unfinished edges and long leather coats. There were also trompe-l'oeil leather jeans and jackets, and leather trousers treated to look like corduroy. More urban were the long asymmetric skirts and cropped bomber jackets, worn with calf-high boots. In all, A.F. Vandervoorst presented a fun, witty line that underscores Ruffo Research's growing reputation as one of the most interesting breeding grounds for highly original talent."
185,"There's a new kind of glamour that's polished, sleek and sexy, said Ralph Lauren about his collection of simple, elegant American classics. Suits played a key role for Lauren this season black, fitted jackets and sharply detailed trousers and skirts were worn with casual cashmere crewnecks and ivory silk blouses. Fair Isle sweaters accompanied comfortable Donegal tweeds and steely leather pants. Striking crocodile car coats and broadtail trousers added a shot of opulence to the presentation, as did the evening dresses: There were body-conscious satin and jersey gowns, as well as Persian-motif embroidered gowns that are sure to cause a stir at any event."
186,"A Woman's Voice was the title of Donna Karan's collection, a return to the constructed, impeccably crafted pieces that every woman needs and wants. Karan's silhouette was fitted yet easy-to-wear: Shoulders were narrow while skirts opened up to full A-lines. Black set the tone for double-face wool coats, tops and pants, but there were also some sharp tweed suits as well as occasional flashes of color: Bright red cashmere sweaters and mohair skirts, aubergine trenchcoats and violet jackets livened up the show. For evening, Karan indulged in velvet cinnamon and raspberry dresses, as well as beaded, airy sequined black and burgundy numbers that were as sexy as they were sophisticated."
187,"Vera Wang is famous for combining couture-worthy craftsmanship with the practicality of American ready-to-wear, and her fall collection was true to her roots. It consisted of classic, elegant pieces in rich materials, cut with careful precision. Wang showed stretch tweed suits, cashmere pullovers, black crocodile coats and gabardine pleated skirts and they all worked together. But Wang never forgets that she is most famous for her eveningwear, and she did not disappoint: There were square sequin gowns, chiffon halters, cashmere robes and a couple of show-stopping, neon-colored scarf dresses."
188,"It was a fun, fast-paced show at Cynthia Rowley, based on the lives of young, rich and beautiful It girls. Soft, feminine prints acquired a hard edge when cut close to the body and paired with beaded mock-croc tops. Short dresses in optical prints screamed for a night of dancing, while striped leather pants and chiffon tops looked urban and easy-to-wear. A series of brocaded, glittery evening looks provided yet another set of wardrobe options for those hankering for a night out on the town."
189,"Women who really care about their clothes are a fascinating bunch, read Tuleh's show program. Evidently, Tuleh knows exactly what their ladies want. This season, it was highly polished glamour in the form of pert jackets, fitted fur coats and tailored pencil skirts. There was something for every occasion: from a shiny green military-inspired trench dress to plaid suits, sassy turtlenecks and sleek pants. Eveningwear was equally accomplished and varied: beaded tops, long overcoats and one-shoulder dresses. It was a classic, elegant collection that perfectly suited the venue in which it was shown: New York's tony Regency Hotel."
190,"It was a playful ""Send in the Clowns"" message from Christian Lacroix, who presented his collection in the sawdust ring of a delightful early-19th-century circus. His setting, which included a towering tree of lightbulb garlands, had a certain whimsical charm, one that Lacroix apparently wanted to capture in the clothes. True to his egalitarian philosophy, Lacroix deconstructed his various lines, mixing Jeans and Bazar pieces with his collection items. Thus, the show opened with his skinny-leg jeans no ordinary jeans in this fashion genie's hands, of course given the full couture works, either densely studded with gold and silver rivets or embellished with random artsy patches of bright-colored mink. With his slim pant, Lacroix showed garishly hued boxy mink jackets or tucked and pleated Victorian blouses, all with a high-rise shoulder line. Then his clothes got really elaborate. In an eye-boggling palette of shrill neons and brights, foiled with black and white, Lacroix's multi-media pieces were a riot of appliqu's, embroideries, color-block prints and patchworks. In their febrile eccentricity, they seemed to owe a debt to the performance art clothing of the late Leigh Bowery, star of the '80s London club scene. While exhilarating at times, Lacroix's ceaselessly inventive touches could prove exhausting at others; his profligate way with the ingredients made some of the dishes indigestible."
191,"In just a few years, Belgian wunderkind Olivier Theyskens has established himself as one of the most powerful creative personalities in fashion. His show opened with a series of sleek, hard-edged leather pieces that suggested the need for protection, not only from the weather, but from urban life in general long, bulky leather coats with zippers were worn with ruched long skirts and sleek pants that flared at the bottom. Great-looking tuxedo suits with side fastenings, knit sweater dresses (sometimes with the tuft of an even longer, voluminous skirt peeking out) and a modern take on legwarmers, that reliable '80s favorite, added to the eclectic mix. Of course, there were also a few breathtaking feats of construction massive ball skirts worn as either part of a dress, or with an equally huge coat on top. It was a visually arresting presentation that assured Theyskens a prominent spot in fashion's future."
192,"Against a hypnotic soundtrack of chants that seemed part Native-American, part Tibetan, Yohji Yamamoto sent out a bravura collection that suggested a luxurious cocooning against an arctic winter. In the poetic Yamamoto tradition, his models looked like the brides of Mongolian or Tartar warriors. The designer's light touch also ensured that the potentially cumbersome volumes sweeping ankle-length coats with deep-set sleeves, layered over full skirts were controlled via airy duvet linings and decorative hand-stitched quilting. Yamamoto used fur--real fox and faux wolf to circle hoods and collars and to bristle from beneath the hems of padded crinoline skirts, as well as for such swaggering accessories as overscaled Cossack hats, loop stoles, gauntlets and muffs. He juxtaposed the magnificence of jacquard fabrics their patterns suggesting antique paisley shawls with the savage edge of animal skins, transformed into fitted sheaths. These were deftly seamed to follow the skins' natural ragged edges a theme brilliantly developed in layered fabric pieces, with the hems cut in ragged imitation of those animal pelts. An Inuit-inspired couple and their enchanting swaddled baby closed the show, suggesting the sensuous pleasures of wrapping up against the cold."
193,"Love was in the air at Wynn Smith's Spring collection. Thematically the show which consisted of five vignettes was about an Amish girl who saw pictures of Prince William at a polo match and fell in love with him. The show began with four all-black ensembles and closed with a wedding dress (also black, with a quilted appliqué) and two ""bridesmaids."" The ""Polo Match"" and ""Eton"" vignettes featured man-tailored separates made of Prince of Wales plaid, which was meant to evoke an English feel. A shirt-jacket and shorts ensemble, as well as white shorts cut like jodhpurs, were particularly effective.  This season Smith paid homage to Rei Kawakubo (much as he did to Stephen Sprouse last Fall). To this end, there were many interesting back treatments, cutouts and asymmetries. Thematic organizations aside, there were strong pieces to be found in this collection, which followed its own plot line rather than the season's trends."
194,"The '50s-by-way-of-the-'80s spirit that Miuccia Prada referenced in her signature line also turned up at Miu Miu, here with a young, utilitarian spin.  The collection opened with short skirts that were dwarfed by oversize drop-shoulder jackets cinched at the waist with wide elastic belts; there were large exterior pockets on cropped tops, skirts and jackets. Striped mohair sweaters looked smart with a pleated full skirt to the knee; pointy librarian glasses accentuated the '50s collegiate look. Lighter pieces included a semi-sheer white camisole with spaghetti straps, an Empire-waist gray shift, and several printed and pleated baby-doll dresses.  The accessories also picked up on the themes seen at Prada. Geometric color-block pumps conveyed a girly and playful spirit, while the wide-strapped bags brought to mind the need for urban, no-nonsense essentials."
195,"Gilles Rosier's collection for Kenzo was based on a play between lightness and geometry. Fluid chiffon dresses were dip-dyed and layered, chiffon ones smocked and ruffled, while harder chocolate leather skirts were embellished with graphic circular orange insets. Rosier also delivered several unpretentious, girly white dresses, trousers and wrap tops that will be perfect for a day at the beach: Throw them over one of his siren-inspired bathing suits.  Rosier is still on his way to modernizing Kenzo's considerable legacy of mixing and matching diverse cultural references. There were plenty of good pieces in the collection, but many of them got lost in a sea of repetition. The show would've gained strength if it had been edited down to the essential looks."
196,"Spanish designer Miguel Adrover's Spring 2001 collection proved that he is one of the most creative and insightful talents in his field. An impeccable navy suit and cream blouse with matching navy trim set the tone for the show, providing the perfect prelude to a series of polished looks. Featuring comfortable blazers with straight-legged trousers, masculine shirts and casual polos, Adrover brought to mind a Pimm's-and-lemonade-sipping debutante enjoying the good life in Bermuda. But his archetypal woman has many faces: Interspersed among his parade of proper uptown ladies were ghetto-fabulous home girls with bandannas and cutoff shirts, Army cadets in strict olive-green uniforms and streetwise chicks in distressed jeans. Shockingly, they all blended in seamlessly, forming a chic procession of mix-and-match style tribes.  The key to Adrover's success lies in his ability to appropriate diverse cultural elements to create something utterly new. While most native New Yorkers develop early on a talent for deciphering stereotypes and social codes, Adrover knows that, sometimes, it is the foreigners who ultimately get it right."
197,"There was certainly no shortage of creativity at Arkadius' bizarrely bucolic London show. The Polish designer turned to his homeland for inspiration, referencing farm life with colorfully trimmed linens, flowing cottons and foulards wrapped around the head.  Intrigued by how little the style of dressing in his country has changed, Arkadius took it upon himself to suggest new possibilities. With skillful draping, ruching and cutting, he managed to turn perfectly quaint frocks into sexy, in-your-face ensembles. Arkadius' new country maiden wears slinky strapless dresses with colorful bird prints, white leather pants with gathered sides or cutouts, frayed topstitched jeans with ankle boots, and slash-cut skirts. But that's not all: there was a blood- (or faux blood-) drenched shirt, a top made out of straw and plastic birds, and a model carrying a dress suspended by two poles in front of her.  Arkadius delivered an invigorating burst of energy after the more commercial collections of New York, yet his presentation was at times repetitive and would have benefited from some careful editing."
198,"Roland Mouret's very grown-up, sophisticated and theatrical collection provided an alternative to the many bubblegum-inspired looks that have shown up this season. Marc Almond sang live, cabaret-style, as Mouret's evening ladies filed out of a hall of mirrors wearing masterfully draped, pleated gowns this is, after all, a designer who is able to create traffic-stopping dresses out of a piece of fabric and a clothespin.  Mouret's collection spoke of the haughty glamour of decades past, but avoided the usual trappings. Instead of madly splashing sequins about, he carefully applied them to tears on flowing dresses and pants. A perfectly plain black one-shoulder silk cape dress relied on nothing more than precision of cut to create a stunning effect; a classic liquid white column came equipped with a large black wrap around the neck held in place by a jeweled pin. While many designers strive desperately to invent eye-catching looks that last barely a season, Mouret continues to refine his personal vision of polished femininity."
199,"There were two sides to Anna Sui's collection: a stark, punk-influenced series of slashed black jersey tops, dresses and skirts with crisscross straps, metal studs and butch-belle belts, and an array of embroidered and embellished printed chiffon and crepe ensembles. Sui would've done well to stick with the former the moment girly prints, fringed bags and raffia anything came along, the powerful image fell apart.  Not surprisingly, the three most directional looks were worn by Belgian model Hannelore, who is fast emerging as a poster face for the new haute-punk and the more street-savvy reinterpretations of the '80s. She wore a simple white silk cowl-neck dress that looked perfectly right, a purple mesh dolman dress, and a one-shouldered black jersey number that would've worked equally well at CBGB in 1985 or at a cocktail reception in the downtown Guggenheim right now."
