review_id,review
4600,"For three seasons now, Moncler Grenoble has made New York its playground. Last winter, it headed to Chelsea Piers' driving range, for Spring it staged an impromptu dance party in Grand Central Terminal, and tonight, Remo Ruffini and his considerable resources brought the traveling show to Central Park's Wollman Rink. It was nearly freezing, even with the heat lamps and waiter-delivered cups of cider, hot chocolate, and mulled wine, which for a skiwear brand showing at an ice rink seemed perfectly apropos. Even the weather seemed dramaturgically in step with the proceedings. Now those are production values! And production values are what Moncler's Grenoble line has made itself about. Suffice it to say that the company makes very nice, very luxurious down parkas, ski pants, and a few knits. It will need to suffice to say it because the performance that ensued incorporating speed skating, synchronized skating, on-ice line dancing, and a children's choir made it rather difficult to see it. Still, with spectaculars like these, it'd be Grinchy to complain. There was a red section, a white section, and a blue section the French tricolore in action. Old Glory, too. By the second cup of mulled wine, you could start to see the whole thing as an international gesture of good vibes between France (home of Moncler) and the U.S. Then ""Rhapsody in Blue"" came over the stereo speakers, and after that, the children's choir launched into ""New York, New York."" They don't make Franco-American love letters like this anymore not since Lady Liberty herself."
4601,"During a preview, Richard Chai was straightforward about a desire for the straightforward. ""It's not about tricks for the show,"" he said. ""I want it to be clean and crisp, accessible and believable."" That read asself-admonishment for experiments past, but hey, what would fashion be without a gamble here and there? Inspired by a Bruce Davidson subway photograph of ""a fragile-looking man"" wearing a sturdy chesterfield coat, Chai's mantra was ""handsome femininity."" That's certainly a return to roots, as mens-for-women or boys-for-girls, depending on your view? is a longtime fascination of his.Sure enough, the collection's biggest impact was sartorial a great-looking navy and charcoal striped tweed, which he developed with an Italian mill. It fell prey to awkward proportions in the suit that was the first look out, but was a smart and polished winner in nearly every other iteration. Even as that crispness intentionally gave way to the abstraction of Chai's signature prints and a Lurex striped wool, the sense of believability didn't flag. Instead the designer concentrated on refinement, with details like the very flattering waist-defining suede yokes and the taffeta banding that finished skirts and dresses. And he kept his penchant for complex layers in check. Chai's big news of late is that he's the new creative director of venerable outdoor gear label Filson, whom he had approached in order to collaborate on men's outerwear. There was a woodsy element to the womenswear, but it was in the men's that it really took shape. For that matter, the menswear alsoseemed to soak up most of the melancholy of the soundtrack's ""How Soon isNow "" by the Smiths. In their gawky cropped pants, rubber-soled Palladium high-tops, and city/country hybrids like a funnel-neck nylon windbreaker under a checked suit, the boys looked like young runaways trying to hitch a ride out of the provinces to spite the world. Goodness knows that oversize Filson duffel backpack, (surely destined for a men's magazine near you) is tailor-made for such a venture."
4602,"The runes suggest there's a waft of Andre Courreges' Pop style in the air. Felipe Oliveira Baptista certainly seemed downwind of it with his Fall collection for Lacoste , which made a feature of abbreviated rugby dresses that were ski-suit lean over tights whose side stripes made the silhouette look even leaner. Skiwear was, in fact, one of Baptista's inspirations specifically, the uniforms Lacoste designed for the French national team in 1966. So there was a sleek downhill aerodynamism to the geometric graphics that helped define the collection. The zips, too: They were a key detail. Sleeves zipped open to create an attenuated cape-like effect, particularly striking in black leather. But Baptista had also found pictures of a 1930s mountain motoring expedition in Lacoste's archives, so there was a subtle retro theme threading through his mondo moderno. It was most obvious in the menswear, but it also emerged in ski sweaters reconfigured with rows of Lacoste crocodiles, or pieces that were lightly quilted like something you'd see in an old photo, or the long skirts with flared hems. A lattice print was actually a thirties tweed writ large. What united Baptista's inspirations was his ongoing commitment to the urbanization of Lacoste. The muted color palette blues, grays, and whites was concrete and steel. Camel and red accents were classically classy."
4603,"It's always party time chez Luisa Beccaria . Her sugar-coated version of the good life persists from season to season, but she continues to expand her repertoire not necessarily moving beyond cocktail hour and after-dark, yet adding categories nonetheless. If a quilted velvet trench won't keep you dry in the rain, it will keep your shoulders warm in your guipure lace frock. A Lurex-shot bouclé tweed skirtsuit had a newness factor too, as did a fine-knit turtleneck sweater worn with a to-the-floor accordion-pleated skirt. That maxi skirt in particular felt more fashion-y than typical Beccaria fare. In fact, the designer and her daughter Lucilla Bonaccorsi might be paying too much attention to recent Valentino runways. The echoes were strong here, not only in those pleats, but also in the eyelet pieces and the floral embroidery on a long-sleeve tulle dress with a full skirt. Another tulle number in a watercolor print of crystals had no progenitors we could think of, and was better for it."
4604,"New York senator Kirsten Gillibrand occupied the exact spot today where Nicki Minaj sat a season ago. That says something about fashion's range but also about Carolina Herrera , whose red-carpet dresses are a longtime favorite of Renée Zellweger but have also recently found favor with none other than her Royal Gaga-ness. Certainly, there was range on today's runway. Herrera began in an uncharacteristically dark rhapsody of navy and black day looks, before achieving liftoff into serious ball skirts. Herrera said she had reality on her mind. Sure, that word is relative, but for those who share Herrera's rarefied universe, she offered a form of functional luxury. It meant the casual cool of a soft, robelike coat made to wear over a gown. It meant the speedy glamour (for the elegant but time-starved) of a broadtail and knit sweatshirt over a silver beaded pencil skirt. Add the little wedge booties worn with every look, and things get speedier still. But one of Herrera's biggest ideas for Fall inched toward the other end of the spectrum: a cropped almost chopped, really top or jacket that was meant to create an elongated silhouette. The shape did its work with lean pencil skirts and gowns, though it couldn't save a hefty woolen ball skirt an idea that probably seems genius only for the few hours that you shiver through a gala on a wintry night. Another idea that worked better in theory was the pop collage print made for Herrera by English print designer Joe Duke, which, if you looked closely, included her daughter Carolina Jr.'s lovely visage. Even range has its limits."
4605,"At a preview, Suno 's Erin Beatty and Max Osterweis talked about twodivergent goals for Fall: One, to evoke a ""childlike glee,"" and two, to enhance the collection's wearability. It's a testament to their skill that they pulled them both off. Upping the glee factor was easy for this print-loving duo: They whipped up a dress covered in na've Edward Gorey-esque doodles, and created a black and white pattern of trees for another frock that, upon close inspection, revealed tiny creatures hidden among the leaves. There was also pleasure to be found in a sweet evening jacket and dress in colorful beaded flowers embroidered on a background of shimmery black sequins. Where the designers stretched themselves was with their outerwear. A houndstooth and camel jacket had a masculine, military influence that provided a strong counterpoint to the knit dress underneath it. And the multicolor stripes that opened the show likewise had a bold, graphic feel. It wasn't all hits. A blue and red geometric motif wrap dress looked more like DVF than quirky Suno. But mistakes like that aside, the important thing is they're figuring out ways to ensure that their relevance lasts longer than fashion's current fascination with print."
4606,"The narrative that Tory Burch spun on her show notes sounded awfully familiar: a prim and proper girl who falls for the wrong guy in a hotel no less. Despite the current simmering conflict with ex-husband Chris Burch, Tory disavowed any notion that it was autobiographical, explaining that the spark was cinematic. ""I had just seen [Wong Kar-wai's] film In the Mood for Love ,"" Burch said. ""I was just thinking about the idea of being polished and put-together, and sexy but not overtly sexy."" It was polished and then some, like the ladies who might have inhabited Burch's stomping grounds of the Pierre a few decades ago. The models wore gloves, hosiery, and neat-as-a-pin pointy spectator pumps, and nearly every girl carried a handbag. Hint, hint. While some of the bags were covered in whimsical translucent paillettes, they tended toward surprisingly alluring structured old-school shapes, luxed up with tortoise trim and gold chain straps. What took the clothes to the next level was the sureness Burch displayed in twisting her highly embellished, lady-fied source material. Sure, some saw shades of Prada (call it an homage), but the witty little bits of subversion and eclectic mixes that crescendoed over the course of 42 looks were impressively confident. Burch could easily serve her prettiness straight up and walk away with a mint, but she has her eyes on ever bigger horizons, whether that's ringing the bell at the New York Stock Exchange (if you believe the speculation about an IPO) or just continuing her enviable skyward arc of growth, wrong guys be damned."
4607,"Blumarine began with five fluorescent Mongolian lamb coats, each one more electric than the last. But Anna Molinari and her fearless stylist Carlyne Cerf de Dudzeele were just warming up. The designer's Fall collection was all about metallics, iridescents, and holograms. It was ""positively shining,"" just as the show's title promised except for a brief sidetrack through the label's perennial head-to-toe animal prints, sometimes as many as six separate pieces in one outfit. Molinari, it's well known by now, doesn't do anything by halves. Still, some of today's looks like the one consisting of a turquoise puffer vest, silver hoodie, and sequined pants spelling out ""jolie,"" ""wow,"" and other superlatives certainly reconfirmed her enthusiasms. And if the show didn't get more gonzo than that, it came close several times. The cocktail and evening dresses pav'd in iridescent studs at the finale? Minimal by comparison."
4608,"Continuing last season's evolution, a move toward a cleaner, more refined aesthetic, Ronson sharpened her silhouettes for Fall and steered clear of grunge. Waists were accentuated with slender belts, and pertcollars peeked out from beneath dresses and tops. (The collars wereactually part of backless dickies, a clever way to add a touch of schoolgirl to a look without the added bulk of a button-down.) Anotherladylike touch came courtesy of the accessories. Bags, a new addition thisseason, were paired with complementary hats and gloves for a complete, chicset. There were still those sheer, breezy dresses in bohemian prints (aRonson staple) but they looked fresh and sophisticated alongside thecharming knits and proper pencil skirts. ""I wanted to design a modernwardrobe for a real girl,"" Ronson said before her show. Mission accomplished."
4609,"Something about Gareth Pugh brings out the philosopher in his collaborators. Soundsmith Matthew Stone was talking about ""the archetypal human need for religion."" Makeup artist Alex Box was brooding on the penitence of nuns. Pugh himself shied away from anything directly tied to the dinner party's favorite conversation killer, but maybe that's because he felt his designs had done the talking for him. The fiercesome insularity of his clothes suggested a world where women had dispensed with the fripperies of civilization i.e., men in favor of a faith in female power. Nothing as blandly noxious as girl power, mind you. More a kind of cannibalistic, Amazonian, mutant force. And that sure made for a great fashion show. Petals of black had scarcely stopped cascading from the ceiling when Joan Smalls marched onto the catwalk in a yeti shag and Aztec headdress, like the high priestess of a techno death cult. Furriness and fringing in multiple variations followed, creating a liquid, indefinable silhouette. When Pugh drew that silhouette back to the body, he used snakeskin on a jersey backing, a sinuously elemental effect which automatically evoked the poor misbegotten serpent who tried to wise up Adam and Eve to their state of unblissful ignorance in Eden. But if Eve took the rap for Adam's fall, Pugh was determined to restore some semblance of her dignity. His women were battlefield-worthy in their funnel necks and spiked shoulders. And their enemy? Could it be God Himself, textured through Stone's soundtrack by Twitter voices saying His name? The conceit was an audacious one, but it's hard to ignore the niggle that Pugh needs something bold at this point in his career to knock him up to the next level. Alien beauty has a shelf life, after all."
4610,"Rather than articulate a theme, Martine Sitbon preferred to describe her imagined muse for the season. ""She's a bit more androgynous and she has a strong attitude,"" said the designer. ""But at the same time, she prefers something softer."" In essence, the answer to ""What do women want "" is ""Everything."" (Chris Rock would have a field day.) But somehow the Parisienne traverses that divide with more agility the hard coexisting peacefully and stylishly with the soft. In no-nonsense black and white, Sitbon's variegated knits looked cozy but telegraphed the idea of protection. A shift in crafty macram? lace and laser-cut bouclé was armorlike but quite chic. A fab full-sleeve trenchcoat had black lapels running the length of it that were belted open to create a kind of barrier that looked nearly bulletproof. When women want to feel strong, sporty streetwear is a sure route. Sitbon upped the ante on hers, putting raglan sleeves on a loden bouclé coat with a subtle hit of Lurex, and creating her version of the varsity jacket skirtsuit a ripple from last Fall's Tisci stone toss in a silk watercolor print with crocheted collar and cuffs. For pure softness, Sitbon a master frockmeister knows it's all about a dress. But most girls would race past the ones pieced in satins that tried to have it all, and head straight for the jewel-hued chiffon beauties with open smocking that closed the show. They're the kind of bohemian Sitbon special that make a good percentage of the female population go gooey, and sometimes that is everything."
4611,"At a Maison Martin Margiela  show it can occasionally feel like the design team is ticking off boxes: Deconstruction? Check. Wacky tailoring? Check. Face-obscuring trick? Check. Last season it was the models' own hair wrapped around their heads. Today it was turtlenecks that reached almost up to their eyeballs. A new, exaggerated volume was the collection's central conceit. But if the work sticks pretty much to a formula, there's still plenty to like about it. The tuxedo jackets that opened the show were faultlessly constructed; their matching pants appeared entirely normal from the front until the models turned and you realized that the hems were several inches shorter in back. A pair of capes also played the trompe l'oeil card. It wasn't until they breezed on by that it became apparent that their rounded, cocoonlike shape was created by sleeves stitched into pockets. Deconstruction took two forms. In one case, the designers cut up and reassembled printed kimono fabric, and in the other they sliced away portions of pleated maxi skirts at the hip. The former was more thought-provoking. Still, the greatest success of this collection was its no-brainers: A pair of double-breasted, stand-up collar coats, one in navy and the other camel, had a straight-up appeal that was hard to argue with."
4612,"For Fall, Monique Lhuillier envisioned a tougher girl than Spring's counterpart. ""Darker,"" the designer said in her showroom a few days before hers how. ""More sultry."" The palette was red and black ""It is the Year of the Dragon,"" she pointed out and prints were inspired by lava and volcanic stones. One of Lhuillier's goals was to create an illusion of linearity, so she used waist-narrowing leather corset belts to deflate volume throughout. Overall the silhouette was lean and long thanks, in part, to the teetering, patent-heeled Manolo Blahniks that played up the collection's bondage feel. Long sleeves were a constant, too, skinny enough that they required zippers for getting in and out. How's that for foreplay? Back to the prints. The fiery pattern on the opening dress had been printed directly onto lace (much to the consternation of the Italian mill), stripping the fabric of all its dainty connotations. Sequins accounted for other embellishments. They formed the shimmering gold epaulets on an evening-appropriate jumpsuit with a sheer mesh back. The jumpsuits were part of Lhuillier's effort to expand her non-gown offerings, but fear not: There were lava-hot dresses, too. Leather and organza strips made up the skirt of one while metallic paillettes in the shape of licking flames glittered along the entire length of another. A gown with a red organza skirt that was anything but linear closed the show. Celebrity stylists, get on your marks."
4613,"Louise Gray sent out only 23 looks, but they packed such an in-your-face visual punch, it seemed like much more. ""It's just dresses,"" she said innocently backstage. But the designer also had a full plate of references, from the punk band Rubella Ballet's vocalist, Zillah Minx, to the cubist works of Fernand Léger and David Hockney's eighties-era opera sets. Toss in Debbie Harry and Diana Vreeland, and a sort of logic starts to form around Gray's hyper-graphic pastiche. Then again, logic isn't really the goal. Particularly driven by Nasir Mazhar's fantastic and crowd-pleasing sideways Mohawk hats, the eye-popping print-on-print-on-print DIY layers, sometimes embellished with what looked like an entire jewelry box of random earrings, had an intended club-faring look. But there was also something a bit sweetly old-fashioned, like the look of a silver-black graffiti brocade skirtsuit shown with matching bar code-print boots from longtime collaborator Nicholas Kirkwood under the Pollini label and a matching handbag. Within the mad mixes, it was hard to pick out Gray's great Scottish cashmeres, but they were there in softly marled yarns with a bright contrast band of color and a cuff or hem. Her show notes stated that this collection was about ""everything, all the time,"" and as such that excess did succeed. On the other hand, just one of those knits might make someone a happy girl."
4614,"A typical Alexandre Herchcovitch show cycles through a lot of looks and alot of ideas. Today's show, in contrast, was pithy and straight to thepoint: His overarching concept was to combine unlikely materialssuch as lace and technical nylon or printed silk and shearling and applythem to clean, ladylike silhouettes. That strategy resulted in a lot of strong looks, in particular theouterwear paneled in tone-on-tone metallic leather and the baroquely gothictiered dress in gold lace. Aside from the metallic theme, Herchcovitchlimited himself unusually to a neutral palette, turning out hispapery suede and shearling jackets in varying shades of brown, fromplumlike to pumpkin-y, and tamping down the gold bling with a simple tancheck print. All in all, this was a restrained effort from him,and a solid one."
4615,"You can usually count on Rebecca Taylor for girly, floral frocks, but things were a bit moodier chez Taylor this season. ""Our girl has a slightly darker heart,"" the designer said backstage before her show, by way of explanation for the plum, navy, and charcoal hues that made up her latest collection. As for those new graphics? ""Our prints were feeling a little stale, so we took Rebecca Taylor staples and digitized them,"" she said. The results played well in the charmingly layered mash-up of fabrics. There were angora and ponte knits for comfort, chiffon and jacquard for romance, and new this season shearling for snuggling. The resulting cozy coats, raglan sweaters, sheer tops, and tough-chick leggings (they came studded with nail heads) made for a winning tomboy attitude. The Taylor girl did get dressed up a bit a velvet burnout dress was slouchy and sexy but she seemed most at ease in oversize bombers and piled-on protection from the cold. Chalk it up to that dark heart."
4616,"Click sometime soon on Net-a-Porter, and you can catch a milestone of Michael van der Ham 's young career. His Spring collection scored him that retail big whale for the first time, quite something for the Central Saint Martins grad whose first collection wowed the fashion set but seemed virtually impossible to produce. Since then, van der Ham's work has been to refine the cacophonous but clever collaging he's made his distinct signature and to nudge it forward. For Spring, he told the story with prints. This season he explored knitwear, another highly sellable category, which helped streamline his ideas, as in a color-blocked T-shirt and skirt, both with wavy stripes. Van der Ham cited Veronica Lake and the Ziegfeld Follies as inspiration. Perhaps that old Hollywood gloss accounts for the amped-up luxury here. It stood out most in all the metallic the gold lace that was appliqu'd on a semi-sheer jacquard in soft skirts and burnished silver bouclé tops. As for those Follies, they came through in the blousy drama of the abstract prints worked into some dresses, and you struggled a little to let these grip you in the way that van der Ham's work can do. That wasn't an issue for the chic trio that closed the show; their components of top, skirt, and back of dress had an easier-to-parse simplicity. But not all was as it seemed. As two walked by you, you saw a flash of bright underskirt through a slit. They were like the three wise women, leading the way to a promising new direction."
4617,"The venerable Le Smoking is a crucial element of French fashion, and one that Anne Valérie Hash has visited again and again, both in her ready-to-wear and haute couture. This season, she devoted an entire collection to it. But this was mostly a riff on tuxedo as motif. In other words, if you were looking to re-up on your timeless Yves-inspired classic, you'd be out of luck. Hash's proposition was deconstructed and quite a bit slouchier, even as her fabrics heavy mikado silks, metallic velvets, and satins in jewel hues ran to the flamboyantly expensive and formal. The new jacket came with a rounded drop-shoulder construction in contrast colors that had the effect of a strapless dress, while pants were either tailored but nowhere near strict or veering into near-dhoti territory. Blouses in sheer crinkle chiffon were draped and shadowy, while a button-up version had a trompe l'oeil bow tie in two black triangles painted on its collar. Clever ideas all, certainly the kind of fresh and elegantly twisted pieces that Hash's fans adore. But on the runway the effect became slightly muddled, dragged down by heavy wedge boots. A soup on of the quiet refinement you saw in the designer's pre-fall collection was the ingredient that would have made this recipe sing."
4618,"There was the merest snatch of ""You Don't Own Me,"" Lesley Gore's classic anthem of fuck-offery, on the Lanvin soundtrack today, but that was enough to cue the sense of triumph that must be powering Alber Elbaz in this, the tenth anniversary of his tenure at the house. There were the years when things didn't go quite right, when the YSL dream job turned nightmare, when he felt like the eternal outsider in fashion's sleek inner circle. But here he is a decade later, A-number one, top of the list, king of the hill, and somewhere deep inside, there must be a voice cooing to Elbaz that revenge is sweet. The clothes he showed today certainly were. But not sweet like the pyramids of cakes that greeted guests at the after-show party. No, these outfits were suh-weet in their body-enhancing shape; their intense, delicious color; their feeling of wayward fun. Elbaz has always exalted womanliness (tonight he even confessed that he'd be happy to be considered a designer who reshaped women), and here there was a generous emphasis on the curve. Roundness too, especially in skirts that flared from hips. But if you were to attempt to plumb Elbaz's appeal and the sheer joy that seemed to animate tonight's audience shows how deep it runs it might be the fun element that hits first. His ten years at Lanvin have given women a license to dress up, get down. The party section of the collection announced itself with gold brocade, then quickly leaped to glittering appliqu's, beaded sheaths, exuberant prints, and intarsia-ed furs. The models literally had diamonds OK, sparkles  on the soles of their shoes. And when Aymeline Valade worked the runway in a black dress with a huge white ruffle coiling around her body, it brought back memories of those purely pleasurable fashion moments whencatwalk divas like Pat Cleveland shamelessly strutted in the name of style. Elbaz remembers those good times. Hence, the carnival atmosphere of his show closer and everything that came afterward. Alber himself crooned ""Que Sera, Sera,"" with a backing group of signal figures from his past. (""Ladies and gentlemen, Mr. Joey Arias on vocals, Miss Kim Hastreiter on xylophone."") But the fizzy fabulosity of the evening kicked another thought pattern into gear. All parties must come to an end, and maybe that melancholy prospect is a less acknowledged element in the appeal of Elbaz's clothes. Underneath all the dazzle, he gives you depth and a hint of darkness."
4619,"Sophia Kokosalaki  is back in Paris for the second season after a year-and-a-half absence. As of January, she was preparing to do a runway show, but Kokosalaki, like her fellow Londoner Phoebe Philo, is pregnant, and she opted for one-on-one appointments. All the better to understand where the designer is coming from now. ""It's always a mix of Greece and London,"" she said, describing her new collection. A jumpsuit in black silk that looked like leather evoked London in the early eighties, and a fitted, long-sleeve dress in a metallic lamé tweed looked like London today, but overall we saw more of the designer's roots in this collection. A white silk blouse buttoned up to the collar above a thick leather belt and slim black pants gathered at the ankle was something she saw on a man last summer in Crete, ""but with the folklore subtracted."" Same goes for a draped white goddess dress that still had an edge: ""Everybody's had a go at the poor Grecians,"" the designer said. ""It's important to make it cooler."" Kokosalaki has always been best known for her cocktail dresses, so the daywear felt fresh. Sweaters hand-knit by a Scottish women's collective that she trimmed in leather for added cool factor looked and felt great. And a pair of knit jersey pants had editors asking to place special orders."
4620,"The little-sister line to Chloé took its first (virtual) steps onto the runway today. See by Chloé became the second label, after the relaunched ICB by Prabal Gurung, to strut into the online ether as part of Digitalfashionshows.com, which allows an invite-only crowd to screen prerecorded shows. It's hard to imagine Chloé ever making such a move especially as it gears up to celebrate its 60th anniversary this year but little sisters are often more adventurous than their elders. Especially when they've got parents in high places pushing them along. ""It felt right to support this strong and directional collection and to promote See by Chloé via an innovative and new digital platform which allows optimum visibility to the label,"" Chloé CEO Geoffroy de la Bourdonnaye said. As a move to up visibility, the decision was a success. (Case in point: You're reading about it here.) With greater visibility, however, comes greater scrutiny. Chloé's Clare Waight Keller is not the creative force at the helm of See, and in fact, the company doesn't identify a designer or team behind the line. Maybe that's why the collection itself feels more anonymous than it might. The See aesthetic riffs on that of the Chloé main line, especially in its emphasis on long, fluid lines, soft volumes, and a pretty, feminine bent. For Fall, the femme got flirty with an emphasis on sheer mesh tops and dresses in silk georgette, viscose, and silk, fineness that played off the roughness and slouch of oversize outerwear and tailored pieces in denim and wide-wale corduroy. Piece by piece, you could see items that should energize customers on the sales floor, but overall, the message wasn't as distinctive as the medium."
4621,"You shouldn't have wasted time rooting around under your seat for show notes at Felipe Oliveira Baptista . There weren't any an intentional omission. ""I wanted to try to do something that has its own impact,"" he explained before the show. ""I just wanted to do desirable clothes, well, try to, anyway."" If you're a fashion writer who's heard her share of hanging-by-a-thread inspirations, clothes about clothes aren't an altogether bad thing. What might incite pure desire here? Certainly any of the coats in rectangular silhouettes, pieced together with wool, leather both patent and matte and shearling, as well as a pair in a luxurious pebbled navy leather that were curiously alluring despite their handbaglike thickness. Not coincidentally, outerwear is this up-and-coming designer's strongest retail category. The show wasn't, however, entirely a reference-free zone. When pressed, Baptista mentioned being moved by the hard lines of communist architecture, and Belle de Jour . And perhaps just a hint of Courrèges, as in the collection he showed just over two weeks ago for Lacoste. Those standaway shapes and graphic pastiches of zebra print and color shards undeniably had a sixties pop and fizz, though perhaps somewhat filtered through the more recent lens of Nicolas Ghesqui're. Baptista explained backstage that he finds it exciting to start each season with a blank page. However although his edgy-sporty voice is starting to emerge it might be nice to carry over a few lines from season to season in order to resonate more strongly in a city filled with serious fashion."
4622,"Competence is an underrated virtue. Surely we all keep a mental list of those people in our lives who just plug along quietly, demonstrating excellence on deadline. They come in handy, those folks. Count Monica Paolini and Sean Monahan among the competent ones: As the designers of Sea , Paolini and Monahan make clothes that are well made, well priced, and dependably appealing. They waste zero effort trying to be fashion stars and have built a sizable business pretty much on their own and almost completely under the radar. Anyway, they've earned some kudos. This season's Sea collection was a predictably solid affair, composed largely of easy-to-wear patterned knits and silk pieces in a variety of scarf prints. There was a new emphasis on handknits and outerwear, all of which served to further elaborate Sea's tomboy-cute aesthetic. A few pieces stood out as really special: A boxy coated canvas coat, for instance, had a directional slickness; ditto the micro-pleated leather skirt. Meanwhile, the folk Russian scarf print in dark jewel tones looked rich, especially so in a simple tank with a ruffled hem. These pieces and others suggest that Monahan and Paolini are ready to rise to the challenge of refining their line and attacking it with a bit more ambition."
4623,"The show began with an impossible proposition: Keep the descendingswarms of showgoers off the uncovered runway. A human wall ofvolunteers and a man with a Swiffer did their valiant best, but more than one audience member's heel scuffed the catwalk before the lights went down. Why all the fuss? Who knows, but Acra presumably wanted a gleaming surface for her girls to walk on, an acceptable enough reason for a collection based on ""femininepower."" That phrase was Acra's, issued backstage, where she explainedthat she wanted to convey a sense of power through strong, second-skinsilhouettes. For day, Acra got her slinky message across with a strong-shouldered, nipped-waist leather jacket and matching pencil skirt in wine red. Snug, embellished skirt suits in metallic tweed and herringbone hewed close to the body.Another leather jacket had the contained volume of a puffer coat, butit cinched the waist, flared out to a peplum, and flaunted a high,protective collar not a coat you'd want to mess with. Some of the air was released from the silhouette for night. A fewDeco-beaded flapper dresses slid by, welcome respites fromall the hourglasses. But there was more skin to be seen, and threegowns featured major peekaboo cutouts that slashed the body withwide zigzags. The trompe l'oeil effect was more disturbing thandelightful, and would likely pose problems for anyone with a décolletage. There was a red-carpet winner, however, in the show's closer: a one-shouldered silk crepe gown, taut across the bodice, that opened to a sheer, beaded skirt allowing for plenty of movement. Clothes that let you walk where you want sounds like feminine power to us."
4624,"Day-to-evening dressing is hardly an original concept, but it's one that is particularly relevant for Banana Republic 's practical yet polished customer who needs multitasking separates. At the Fall presentation last night, creative director Simon Kneen described the season as the time of year when women are perhaps returning from holidays and diving back into the hustle and bustle of their busy work and social schedules. They don't necessarily have the time or interest to decipher what's fashionable, so BR eliminates the guesswork, effectively repackaging the latest trends (the label has the big advantage of showing a month after the final Paris runways). ""It's all about the cropped trouser,"" Kneen said, gesturing toward the ankles on display. The best look included those cigarette pants, a slim turtleneck, and a double-face wool wrap coat all done in au courant crimson. The label gets bonus points for the monochromatic color scheme. Other highlights included a selection of smart capelets trimmed in leather as well as faux fur pieces like a chubby vest cinched with a wide belt. Styled with tasseled clutches and broguish booties, the collection had an equestrian undertone. For the men, double-breasted car coats, shawl-collar sweaters, and tailored suits in heritage tweed and herringbone delivered a dapper message. All in all, it'll be difficult to go wrong with most of this lineup."
4625,"Antonio Marras should shelve this fashion malarkey and devote himself to moviemaking. Since John Galliano's retreat, there isn't another designer who paints cinematic pictures as vividly as he does. And that's Marras' challenge costume is character, but is it fashion? His latest inspiration was Milly, a singer who, throughout the middle decades of the twentieth century, was a living metaphor for Milan, like Piaf for Paris or Lotte Lenya for Berlin. She was an emotions-larger-than-life character, lover of, among others, the king of Italy, and a perfect candidate for Marras' signature collage technique. He imagined her clothes as souvenirs of everywhere she'd been, everyone she'd loved. A piece of tapestry, a fragment of a man's suit, a dissected fur coat, a swatch of red velvet theater curtain these were the kinds of elements Marras stitched together for his collection. There were 45 unique bags, and shoes to match. Milly's signature trenchcoat was reinvented with fur sleeves and tapestry inserts. Her equally signature blouse with the ruffled neckline was duplicated for evening. But, to return to Marras' challenge for a moment, none of this was mere fashion necrophilia or plain costume. He is too in love with his craft. So a funnel-neck jacket collaged from classic menswear fabrics, or a skirt with a red-lined obi fold at its waist, both stood out as ingenious fashion pieces. That said, Marras is really a connoisseur's proposition. True, this collection had the forties line tailored jacket, severe pencil skirt that has been seen elsewhere (and, it should be said, Marras' pencil skirts generate major heat), but his use of print and color had a melancholic romance that bordered on the theatrical. At show's end, dark roses flowered across the scrim while Milly's voice crackled down the decades. It was the sort of haunting chord that Marras can strike in his sleep. But sadly it ain't for everyone."
4626,"Alessandro Dell'Acqua is busily going about re-creating himself as a designer for the street-style crowd. His No. 21 collection is just over two years old, and what defines it is its young, fresh mind-set. Hems are miniskirt-short above towering platform sandals; this season's requisite bomber jacket made multiple appearances in tweed; and an otherwise straightforward black dress came embellished in gobstopper-size jewels at the waist. The irony here is that he was apparently inspired by the idea of Queen Elizabeth in her garden. The pieces that will reap the most ""I love that""s, followed quickly by a ""Whose is it "" are the hologram paillette-encrusted sweatshirt and carwash-flap skirt. Dell'Acqua's collection is just under-the-radar enough to retain its anonymous quality. Which may be another way of saying that it hasn't quite fully realized its own identity yet. Elsewhere, Dell'Acqua revisited some of the lingerie tropes he liked to use when he designed under his own name. Those of us who predate the street-style phenomenon recall his fondness for exposed bra tops and guipure lace. He used the latter to charming effect on a minty green slipdress. Ultimately, though, this collection felt a bit too lightweight to redress No. 21's lingering anonymity issue."
4627,"Tawfik Mounayer compared his label's current position to that of a bird taking flight. ""Last season we were at the edge of the nest,"" he said during his well-attended presentation. ""Now I feel like we're soaring."" Tribune Standard recently added Nordstrom to its retail roster (its first big department store), so the brand is certainly on the rise. Taking the avian theme further and giving a winking nod to his own confidence Mounayer created Tribune Standard's own ""status print"": a rich pattern of cognac and russet pheasant feathers that popped on a sweet silk blouse for day. For night, the plumes morphed into dripping paillettes; hanging off the bottom of an ivory silk column dress, they created the impression of being half-dipped in quills in a sexy, Black Swan sort of way. Noting the saucy tassels on a belted, cinnamon-hue bib dress, Mounayer mentioned a subtle Marrakesh-in-the-seventies vibe, but it was subtle, indeed. The collection was more ladylike than louche, and felt, happily, timeless."
4628,"With quirky statement sweaters securely in place as front-row staples and street-style bait, we're sure to be seeing more of them from designers with a sense of humor. Gwen Stefani's contribution to the genre was a taupe crewneck with houndstooth-print arms that had the word ""punk"" emblazoned across the chest in sulfur green and hot pink. It was Stefani herself distilled in one piece: A retro sweater girl with a rebellious streak, all dolled up in acid hues and a dash of black-and-white check. Those elements appeared throughout the collection, which, over email, Stefani said had been influenced by the original rock 'n' roll girls of the early sixties. The models' sky-high beehives and demarcated Twiggy lashes took you back; the collection's bold hues and digital prints brought you up to date. As for the silhouette, a familiar polarity was at play: Narrow pants and printed jumpsuits had a boyish appeal, while flared miniskirts and cropped cocoon coats provided a girly edge. Whichever gender they called to mind, the pieces paired a welcome ease with a pert punch. Punk, but pretty."
4629,"Mother of Pearl impresario Maia Norman is out to curate your closet. Each season, the brand creates a collection that adapts the work of a different artist: Recent seasons have seen MoP taking on Jim Lambie, Keith Tyson, and Fiona Banner; next year, with the launch of pre-collections, Norman is set to invite emerging artists into the fold. This time out, the artist in the house is Fred Tomaselli a smart choice, given that Tomaselli's hallucinogenic collage paintings practically beg to be turned into prints. This Mother of Pearl did with verve, turning Tomaselli's ornithological murder spree Birds into pretty silk prints and cashmere intarsia knits and extracting rich, kaleidoscopic patterns from his Millennium Phosphene Bloom . Tomaselli's Hang Over and Night Music for Raptors got some play here as well, and more generally, the glittering surfaces of his wood panels inspired the collection's well-judged crystal embroidery. A cashmere sweater that was intarsia-knit to look strung with gems, for instance, took on extra punch courtesy of the addition of crystals and pearl beads, while bronze dresses and gauzy blouson tops were topped, chicly, with a crystal choker. The artist focus at Mother of Pearl has a way of distracting from the fact that this brand is increasingly well designed. There's a savvy strategy at work: Season to season, the actual look of the clothes stays reasonably consistent, with sporty pieces and simple yet refined tailoring providing a canvas for endless reinvention. It's worth noting, though, that while a pair of slim track pants looked terrific in a print from Tomaselli's Phosphene , they were pretty sharp in plain plum-colored silk, too. Ditto the unadorned leather jackets and wide-leg trousers. To exit the realm of art, for a moment, and employ a music metaphor, the Mother of Pearl signatures operate as a kind of rhythm section, and a very good one, that sets the beat and the bass line for the melodies you remember."
4630,"Town and Country. That was the name of Tommy Hilfiger 's Fall collection, which broadened his preppy girl's world to include the horsey world of the hunt club in addition to Park Avenue. It's an inspiration you'd expect to yield a polished look, but seeing how this collection very closely traced his military-themed menswear collection shown a few days ago, the result was supremely precise. The trio of high-necked, double-breasted coats with bullion trim that opened the show almost demanded that you stand at attention. The show was at its best when Hilfiger remixed the various elements of the upper-class equestrienne's world. The quilted suede of a field jacket was fashioned into a slyly sexy skirt with a semi-attached panel of colored leather. Fisherman's cables were printed on silk dresses, and an actual cable-knit sweater came trimmed with quilted suede on the shoulders and little buckles at the sleeves. The highlight? A trio of scarf-printed dresses with bridle motifs that had a loose, seventies sex appeal. They stood apart from various looks that were, by turns, schoolgirl prim or a bit stuffy. When taken piece by piece, the collection's luxurious materials and, yes, precision, were beyond reproach. But after a few strong seasons with this team at Hilfiger stylist Karl Templer and designer Peter Som we had gotten used to having a little bit more fun."
4631,"David Lynch's new album Crazy Clown Time skewers familiar musical genres just like Mulholland Drive was a forensic dissection of film noir clich? and that makes it some kind of aural analogy for Junya Watanabe 's work in fashion. So it was purest logic that Lynch's sweet-sour music joined with Junya's clothes today in a celebration of the severely hybrid. The designer mutated fundamental menswear codes. Everything from pinstripes to Prince of Wales checks, Oxford shoes to riding boots, camel coats to military capes to create bold new forms. A trenchcoat became a funnel-neck cape; cuffed pants were opened out into the trailing tails of a pinstriped jacket. The ingenuity of such pieces was practically confounding. Equally confounding was the passage of dévoré'd, flocked, latticed apronlike dresses that closed the show. Colored in rose and mustard and burgundy, they had a deconstructed dustbowl-chic feel. That might suggest another of Junya's outsider analyses of Americana. As in, you put together the mutation and the deconstruction and you've got yourself a thumbnail of a society in the throes of collapse."
4632,"According to Chris Benz , women have finally come back around to the art of dressing up (he may have a point, based on a few of the ostentatious front-row fixtures spotted this week). ""I remember sitting in my mom's bathroom, watching her get all dolled up while listening to The Judy Garland Holiday Special ,"" he mused. ""And now girls are making the effort to be glam like that again."" Channeling this nostalgia, Benz presented a Fall collection that at times felt like watching a Turner Classic Movies marathon. Costume wigs, pillbox hats, cabaret soundtrack music, and a gold sequined backdrop amplified the retro vibe of the clothing. For example, tea-length frocks with voluminous petticoats were paired with shrunken cardigans reminiscent of fifties sweater girls. Slim cigarette pants shown with astrakhan pullovers trimmed in mink could've been pulled straight from Holly Golightly's closet. The playful colored fur coats here were a high point, and there were several more straightforward pieces like a structured wool raw-edged topper and printed wide-leg pants that would integrate seamlessly with a modern wardrobe."
4633,"The VPL collection shown today represented a strong return to first principles for designer Victoria Bartlett. With the Michael Clark dance Mmm as her jumping-off point, Bartlett was moved to reconsider the movement of the body, and the way material twists, turns, and releases against it. In practice, this meant that a lot of garments wrapped around the bodice and fell away at soft angles. The collection was heavy on dancers' stretch materials, notably a dense d lav? in a rocky gray, and slick draped jerseys. The other idea Bartlett took away from Mmm was its play of light and shadow, a theme she worked through in a variety of back-to-front color-blocked pieces, such as a longish dress draped with shiny plum-colored jersey in front, and matte cream-colored jersey in back. The light/shadow meme also meant that Bartlett adhered, even more than usual, to her palette of neutrals alongside her traditional skin tones (looking very fresh, at present), she showed a lot of white, silver, gray, and black. Less traditional for VPL, there were a lot of dagger-hem leather jackets and mannish coats on the runway; the leather, it turned out, was faux. But it was totally convincing. The real winners in the collection, however, were this season's knits, in particular Bartlett's shrugged-on, oversize sweaters in mottled bouclé and marled wool, and the dense black sweater, fitted to the body, with knit-in braid and armored shoulders. The knit emphasis was reaffirmed in the show's finale, which included a plethora of elaborate garments that should see a lot of editorial action come fall."
4634,"The Viktor & Rolf show began with the photographers in the camera pithowling at an enormous moon at the back of the runway. That set the stagefor what was to follow. Decorous draped silk pajama sets were printed withanimal motifs, and understated, almost middle-of-the-road black and whitetailoring was trimmed along the seams with strips of mink, echoing themodels' fur pompom pumps. On other pieces, the danger was a little bit closer to the surface.Voluminous fur coats, for instance, were shaved in wide curving lines, as iftheir owners had been swiped by giant claws and lived to tell about it. Anda long dress in sheer black tulle (which made it abundantly clear that themodel wasn't wearing panties) abided by its own kill-first, ask-questions-later policy. Hunters or prey? Heavenly creatures or sexy beasts? Viktor Horsting and Rolf Snoeren'sideas about womanhood are overly simplistic, and that can prove frustratingat their runway shows, where they emphasize their art over wearability.Their pre-fall collection tred similar babes-in-the-woods ground withall-around more successful results."
4635,"The symbolism was impossible to avoid. At 5 p.m. this evening, Alexander Wang debuted his latest collection to a packed house in midtown. At 6 p.m. or thereabouts, since it was a long, traffic-jammed drive between venues? Miguel Adrover returned to the fashion stage with a show at Teatro Latea on the Lower East Side, where he presented his famous Quentin Crisp collection 12 years ago. Today, Wang is the paradigm of up-and-coming New York designers: A commercial juggernaut, with his supply chain and streetwise merchandising firmly in hand. A dozen years before, the paradigm was Adrover, a pauper stitching together garments from an old mattress. Times needless to say have changed.  Adrover's goal this evening was an ambitious one: More or less, he wished to stage a fashion revolution, one inspired by the fresh leaves being turned over in the Middle East. As he put it after the show, he wanted ""to lose contact with fashion as it is now, and to set forth a new vocabulary."" It's hard to argue with a guy who comes over as a cross between Jesus and Pan, but it seems fair to point out that the clothes he showed tonight had a pretty familiar vocabulary, one he essentially established himself. That said, it was nice to be refreshed on it; more than a few designers, Wang included, have played with Adrover's ideas over the years, but seeing his dresses made from backwards button-downs, suit jackets, and baseball caps was like sitting in on a deconstruction master class. Adrover is an incomparable imagineer, as they say at Disney; he sees potential for interesting volumes in the most mundane garments, and uses all his marvelous skill as a tailor and patternmaker to bring those visions to life.  But the most intriguing pieces on the runway tonight were the ones that witnessed Adrover's contact with street style, both local and far afield. There were his drooped, hip-hop redolent trousers and stacked baseball caps; and eerily beautiful, brightly colored burka dresses. It would have been nice to see him pursuing more of those experiments, rather than, say, sending out a tunic covered with sock-puppet cats. (Attack! Attack!) Another quibble: the models tossing out Cuban peso notes as they sidled down the catwalk. This is the kind of thing that gives fashion people a reputation as un-deep thinkers. Adrover isn't glib, but in some ways his critique of the commercialization of fashion felt thin, and the strewn bills underlined that impression. Rage against the machine, by all means, but the leveling blow will always come from the rager who's worked to understand it."
4636,"The trend guru Li Edelkoort once noted the disservice done fashion by online coverage, which reduces the work of designers to a sequence of head-to-toe front-on images that take little account of three-dimensionality. Perhaps my colleagues at Style.com will soon perfect the 360-degree view, but until then, Roland Mouret's show yesterday was a real case in point. All that detail going on in back, but who was aware of it, bar the few hundred people in the live audience? Maybe that's why so many designers have been talking about ""tri-dimensionality"" this season. And maybe that's why the ever you-go-north-I'll-go-south Rei Kawakubo chose this particular moment to present a show that glorified the flat. ""The future's in two dimensions"" was its provocative premise, and fans of Flat Stanley would have wallowed in the cutout paper-dolliness of looks like the red and pink felted coat-dresses that opened the show, or the lilac jacket and pants that followed. The only thing missing was the little paper tabs. But as the collection moved on, it felt less like Rei was being a contrary Mary than that she was actually making a comment on the state of the industry. If the fashion industry was happy with coverage that reduces its most elevated endeavors to two dimensions, then Rei was going to reduce the industry itself to an equally flat proposition. Hence, a handful of ultra-clich'd fashion patterns camo, leopard, florals, polka dots. Likewise the felt, the velvet. And while we're at it, why not strip away the show soundtrack and parade the clothes in a silence punctuated only by the thump of the models' cloggy footwear and the trill of cell phones? That's flat. Then, to remind us of the silence, introduce a surge of plangent electronica for a final passage of ""eveningwear"" ? la Comme. Sequins, the ultimate evening clich , naturally. That's flat too. And when the audience claps and claps? and claps , disappoint them by remaining resolutely behind the curtain, like the Wizard of a new kind of fashion Oz. If it had been a Dada performance in Zurich's Cabaret Voltaire in the second decade of the twentieth century, its genius would have been galvanic. As a fashion show in the second decade of the twenty-first century, its satire felt a little obvious. But its savage point was well taken. The us-or-them reductiveness of the popular discourse is turning our round world flat."
4637,"Japanese company Onward Kashiyama launched ICB with designer Michael Kors in 1995, a time when what we now know as the contemporary market went by the less than alluring term ""bridge."" Before shuttering the label in 2002, it had gone through phases of being designed by a studio team as well as by Viktor Horsting and Rolf Snoeren. But this season ICB, which stands for International Concept Brand, is returning, with Prabal Gurung at its helm. It's an interesting time for ICB, now that there are far more contemporary labels that have a distinctly designer point of view, from Carven to Phillip Lim. Gurung, in a preview, called his debut ""just fashion-y enough,"" an assessment with which we'd have to agree. What stood out most were the fab prints, some abstracted ikats in silk dresses and pants, and a baroque-looking brushstroke motif that was close to the ones Gurung showed in his last two collections. Little was basic. Even the tailoring wasn't played safe, snagging visual punch from acid-bright colors or sculpted shapes. Dark wool coats trimmed with fur, or cable knits with split hems, were strong, but are the kind of pieces that many designers show. But here you saw recognizable hits of Gurung in dip-dyed lace blouses and lace print dresses that closed show the first digital-only affair. Gurung described his customer as ""the girl who has an interest in fashion but not necessarily the means."" But everyone loves a nice price and there will surely be an audience broader than that. What's encouraging is that this isn't meant to be a fleeting collaboration. ""When they hired me, it was a long-term strategic plan,"" said Gurung. ""We want to build it carefully and slowly."" It was a good start. ICB? How about: I Could Buy or I Covet Badly."
4638,"If every unsmiling girl in a motorcycle jacket is compared to Lisbeth Salander this week, it will be enough to make the biggest Steig Larsson fan turn to violence. But hey, it's still early, right? In a phone call a few days before her show, Kimberly Ovitz revealed that she had been inspired by warriors this season and who better embodies a modern-day warrior than Larsson's disciplined and vengeful heroine? The hacker would have fit right in among Ovitz's all-black-clad crew of toughies, though she would have stuck with the collection's structured outerwear and drawn the line at the draped dresses. That divide marked the polarities at play structure versus fluidity. They both came through in the moto jackets, which evinced a relaxed, lived-in drape despite their heft. Less successful was a knit body-con dress with armorlike embellishment that fell awkwardly between hard and soft. A gauzy chiffon column in white printed with a shock of wolf fur toed the line with much more sophistication. Thebest looks combined a mix of textures and tones: layered under a chunky oatmeal knit, a fluid olive jersey dress with a black faux fur necklace slung over one shoulder like an artillery belt was arresting and wearable. Sexy and fresh, it more than held its own against the hacker chic."
4639,"Wendy Nichol operates her studio out of a room at the back of her Soho boutique a room so petite, it's hard to believe the amount of stuff that comes out of it. Nichol designs jewelry and bags, and as of last season, clothes; the fact that she sees fit to spin all those plates out of a small, serviceable space is telling, somehow. Simply put, she doesn't have room for the extraneous. The designer's new collection of ready-to-wear is thus appropriately concise. In general, she's focused on outerwear, all studiously well cut. A sharp black trench trimmed in leather, with a detachable lining embroidered in a crocodile pattern, was a standout; so too the blanket coat, with its high collar, and the fringed cream leather blazer. Elsewhere, Nichol refined and updated a few of her key silhouettes from Spring, including her apron dress and boyish button-downs. Her clothes don't jump out at you even a sheer shirtdress in French lace had a quiet, almost monastic quality but their details make them sing. To wit, that blanket coat, which was done in a very rich cashmere blend, trimmed in leather, and fully lined in wool taffeta. You get the sense that Nichol is so committed to keeping her range of product small because she wants to give each individual piece its due. That's an admirable stance."
4640,"The set on the runway at Yohji Yamamoto was a rectangle of thin scaffolding. Painted bright red, it suggested something sporty. As the first looks came out, the suggestion took on substance. Draped jersey dresses had a streetwise edge with flat combat boots and dip-dyed punk hair, and looked like the kind of designer riffs on athletic gear that were big in the nineties. The graphic punch of those black and red knits, wrapped a bit helter-skelter about the body, echoed Yamamoto's work at Y-3, a reference you saw last season as well. But really, this show would seem to be about contrasts and halves, covering the body, and uncovering it to reveal something. One long, cowled sweater had a whipstitched seam all the way up the front like a scar, and then on the turn you saw its cutaway back, with skin and pants unobscured. Elsewhere, models seemed to be instructed to hold on to their clothes, as if one false move would drop them all to the floor. Even the invite came with a curtain of sheer black fabric that had to be pulled back to get at its practical truths. All that coy revealing leads logically to sex, which is rarely traversed territory for Yamamoto. There were corseted satin teddies under great, sturdy felted wool capes, and an exquisite lipstick dress with curved pleats like petals that fell open as the model walked, a bit like, well, you can guess what. The show ended in a strange bit of theater, with a group of skimpy spaghetti-strap frocks trimmed with stripper tassels. The models wearing them halfheartedly shimmied by a pole before taking their walk. The message? Mixed. But perhaps that's just a woman's prerogative."
4641,"An audience with Rick Owens could leave you feeling like a seal who's been thrown a bucket of red herrings. Before his show today, he was relating his new collection to brutalism, the architectural movement that gave the world a wealth of anonymously squat concrete skyscrapers. Backstage, the models in filleted ski masks were a glimmer of what he might possibly mean, even if Owens clarified that the masks were, for him, ""a brutalist veil,"" and, to counteract the harsher implications of a Lecter-like face hugger, he'd insisted on classically beautiful makeup: a pale face, a red lip. The soundtrack for the show, on the other hand, was Zebra Katz's savagely minimal ""Ima Read."" That at least had an unambiguously brutalist vibe. So did the set, with bars of fire blazing like a sacrificial pyre while the models walked. And then, against all that, Owens had to go and unload the most lyrical, un-brutal collection he's ever shown, in an act of fierce self-contradiction that underscored his assertion that the story slowly ""emerges"" each season for him. In other words, even he isn't quite sure what it is he's just done. There is certainly enough in Owens' work to suggest that he is unwittingly channeling something deep and meaningful. He is, however, clued in enough to provide a clear context. He's a Hollywood baby, for instance, so if there were freaky glimmers of Fred Astaire in his men's show in January, here there were refractions of Marlene Dietrich in her Jean Louis-gowned cabaret appearances (and how unlikely is it that the very same reference popped up with Marios Schwab in London).  It was actually the pilled-chiffon dresses that were most suggestive of Dietrich's ""naked"" gowns to Owens himself, which was maybe an ellipse too far. If he's not sure about what he does, howcan we be? Still, when Owens reeled off Dietrich's assets ""control, beauty, discipline"" they were all consummately expressed in his collection, never more so than in the serenely elegant gowns partnered with cropped lantern-sleeve leather jackets. Those same jackets also appeared with huge, capelike shearling collars. Duly enchanted, it was easy to move on to Owens' explorations of new graphic possibilities: blanket checks, patchworked furs, color-blocking (although the colors were a panoply of monotones). Discussing the architectural influences on his latest collection, Owens mentioned that he'd progressed from last season's Marcel Breuer (""soft"" brutalism) to Frank Lloyd Wright, the most organic of architects. So it was Wright's elementalism that ultimately shaped Owens' Fall. All those soft, round, flowing volumes were the very opposite of brutalism's angles. Thank God Rick Owens is a stranger to himself."
4642,"When asked how they're settling into their newish role as creative directors at Cacharel , Ling Liu and Dawei Sun shrewdly circled back to their Fall inspiration of Amelia Earhart, a woman who by their estimation wasn't afraid of anything. (These two might be just as ready for a Republican debate as a Paris runway.) You can see where Liu and Sun find that confidence. As evidenced by last season's debut and today's showing, the pair has serious technical savvy. Their tailoring here of twenties-tinged coats and tapered trousers was full of all sorts of look-Ma-no-hands details. The knitwear was even stronger, with its zigzagging herringbone textures, a motif used, the designers explained, to inject masculinity into Cacharel's girlish DNA. See also the sweetly sexy skater dresses with sun-ray pleats flaring out from either side. The seed of Liu and Sun's inspiration was ice crystals glimpsed through an airplane window, which led to the prismatic print and chilly blue palette, an unfortunate choice of hue that flatters few. You hoped for other color ways back at the showroom. The print that stood out, however, was the zigzag, quite cute in a pair of blocked palazzo pants that tricked the eye into seeing a slimmer silhouette within the wide. Liu and Sun may be fearless, and quite capably so, but the element that's still missing is excitement. You have to wonder if the right consultant or stylist preferably one that shies away from red and white tights couldn't help maximize their obvious talent."
4643,"Stella McCartney 's on a roll. There's the new store in New York's Soho and a second London boutique opening this week. There's the Olympics, for which she's designing the British team's uniforms. There's the string of recent red carpet coups an hourglass Kate Winslet comes to mind. And today there was her new collection, which captured how women want to dress now. Backstage McCartney talked about merging city and country, and day and night. ""The Stella woman is about balance,"" she said. After nearly a month of fashion shows, the women in her audience this morning are all craving some of that. Well, sorry, ladies, but you'll have to wait several months to get your hands on the polished yet easy pieces in this collection. Coats are always a highlight at McCartney's Fall shows you can pass the time waiting for papa Paul to take his seat counting examples from the previous year. The standouts here were a side-zip style with the season's bolder proportions in a vivid blue, and a tailored number with a sporty knit collar and the padded hips we've been seeing all around town. She dressed up her tailoring with graphic, botanical embroideries (white and black on that same vivid blue) or embossed the same pattern on double crepe. Jackets were slightly oversize and pleated pants slouched from the hips. Maybe with an eye to the coming Olympics, McCartney ended her collection on a sporty beat. Long-sleeve dresses with kicky hems were pieced together from stretch tweed and ergonomic blocks of blue and white. Plenty sexy, but more covered-up than her frocks have been lately. Gymnasts? Tennis players? Cheerleaders? They had a cheering section in her front row."
4644,"Fall was full of firsts for T by Alexander Wang , which continues to expand to offer a more comprehensive wardrobe. Believe it or not, T has never done full-on leather pants before, and the downtown staple made its debut this season (although ringing up at $995, these might be more than you bargained for from the lower-priced line). Another introduction was print: a muted, wallpaperlike one meant to mimic jacquard, which appeared on soft button-ups and signature maxi slipdresses. One thing you can always expect from T is fabric innovation. The raw-edged, scuba-esque neoprene here (echoing the main collection's recent sporty theme) looked fresh on pleated short skirts and racer-neck dresses that were layered with cropped, chunky knits. And speaking of knits, we can't get enough of Wang's must-have take on the oversize, borrowed-from-the-boyfriend topper, which looks substantial but is actually sweater-weight perfect for freakishly warm winter days like those we've been having recently."
4645,"A.P.C. 's Louis Wong, a spokesperson for the design team, often stays close to home when seeking inspiration. ""We actually look at a lot of people in the Sixth,"" Wong said at today's presentation in the company's Rue des Saints-P res showroom. ""They're traditional bourgeois but a bit arty. Their clothes are always a bit down at the seams, not perfect."" That said, the Fall collection ventured slightly further afield than the Left Bank, to traditional English hunting gear. Wong went straight to the source for bona fide Harris tweed, cut into a leather-trimmed cape and car coat with matching skirts. Tartan flannels, meanwhile, got an upgrade into A.P.C.'s sweet, sixties-ish shapes. In menswear, the reference stayed typically neat and narrow, even with the comfortable slouch of a flannel shirt or a shawl-collared sweater with khakis and gum-soled boots. As the collection cycled through slim suits to cable knits and parkas, the look was consistent: rumpled but quite dapper. ""It's a typical A.P.C. collection,"" said Wong. ""Lots of old French movie references."" Fittingly, Catherine Deneuve had stopped by earlier to see her friend Jean Touitou, while the spirits of Belmondo and Delon drifted lightly through the air like smoke from a Gauloises."
4646,"The sporty couture look we've been seeing the past three seasons at Jil Sander has been passed down to the brand's more affordable Navy line for Fall. Crisp shirtdresses came in numerous incarnations of hammered satin, bright plaid taffeta, or jacquard with an Arabian nights print, and were decorated with graphic embroidered collars or grosgrain bow belts. For every beautiful dress, there was a sharply engineered coat to go with it. Noteworthy in particular were the astrakhan wool versions with detachable mink collars and hook-and-eye closures, and the apr's-ski cropped puffers, which nicely juxtaposed with the pervasive midcentury femininity here. Accessories like the geometric cube backpacks and chunky rocker platforms added another shot of modern minimalism for an overall impact that was vintage-flavored yet still thoroughly twenty-first century."
4647,"Sachin and Babi Ahluwalia staged their first runway show today, a major moment for the husband-and-wife design duo (not to mention a nice way to spend Valentine's Day together). After seeing the first few looks in motion on the catwalk, it became clear that this season was not only an upgrade for Sachin + Babi 's presentation format, but also for the clothing itself. Backstage after the finale, Sachin explained that for Fall, they wondered, ""What would a love child between between Jim Morrison and Kate Beckinsale look like? And more importantly, how would she dress "" So needless to say there was a lot of leather here. ""But she isn't a tough girl with this hard exterior,"" Babi clarified. ""We wanted to show the more delicate side of leather."" A lipstick red lambskin shift dress, for example, was broken up by pleated chiffon on the torso and hemline. And an embossed crocodile suede flared skirt was balanced out with a gauzy T-shirt and plush navy fox fur jacket. S + B ramped up its eveningwear offerings this time around, too perhaps to attract more of a Hollywood clientele. We wouldn't be surprised to see Gwyneth Paltrow (or any A-lister fond of flaunting her toned gams) turn up on the red carpet in one of the saturated jewel-tone gowns with double thigh-high slits. Overall, this collection indicated a new, more refined direction for the two-and-a-half-year-old contemporary label."
4648,"Mary Katrantzou 's thank-yous today included a shout-out to Antony Price, the British fashion legend whose claims to fame included dressing Roxy Music and their cover girls. Price was a specialist in the dramatic silhouette, and Katrantzou had clearly been doing her homework, because she recaptured that drama. ""I'd already done the peplum and hourglass,"" she said backstage. ""So I was looking for different silhouettes to emphasize embroidery and embellishments."" And, Katrantzou scarcely needed to add, to frame those extraordinary prints that have propelled her lickety-split to the top of the London fashion class. Hence a godet skirt, so difficult to engineer print-wise that she made only four of them. Or frothing torrents of chiffon. Or a strictly corseted shape she'd extracted from some historical research (specifically Elizabethan England) without, she was quick to add, ""crossing into the territory of costume."" Katrantzou also extended her repertoire in other ways. For the first time, she focused on a single color top-to-toe, like the crayons on her invitation. And she'd chosen deliberately banal subject matter to match the colors. Green meant grass, for instance, rendered as an ornamental lawn working its way down a floor-length gown. Yellow was expressed in a mandala of No. 2 HB pencils, erasers attached. They were rendered in rubber by the Lesage embroidery atelier in Paris not only the first time Lesage's artisans had worked with such stuff, but also their first collaboration with a London designer. Clocks, hedges, telephones, spoons, and forks also provided source material. The bodice of a rococo red velvet dress featured a red typewriter, its keys providing a coiling abstract geometry on the skirt. The serial patterning was so intense at times that it made you feel like the one person who couldn't make out the 3-D image in those Magic Eye pictures that were a minor craze a few years back. As everyone else shouted, one after another, ""Oh, yes, I see it now,"" you'd be chewing on your eyeliner in a blind rage. But Katrantzou's conceits were so beautifully conceptualized here never more so than with the bathtub that foamed with crystals and pearls that her elevation of the quotidian to the sublime was, once again, easily one of the finest pieces of theater in London fashion week."
4649,"The models at the Philosophy di Alberta Ferretti show entered and exited the runway by escalators on either end of the Grand Promenade inside Avery Fisher Hall. Ferretti said that she had designed the collection imagining futuristic clothes for a very chic researcher or academic, and the staging made you think of perfect ladylike androids on a conveyor belt. There was a sort of sharp, clinical Gattica glamour in the HD-sharp silhouettes of skirt suits, shifts, and coats, many drawn in at the waist by clear Perspex belts. And there was, not surprisingly, a focus on technical fabrics. That's a direction that can easily go awry, like a shift dress with crystal beading all sandwiched in PVC or another entirely made from plastic-coated wool. (Be honest, when's the last time you wanted to wear plastic ) But there were some beautifully made and quite luxurious clothes that made the point more subtly: a lovely reversible coat made of ivory leather bonded with bouclé, for example, or another chic coat, created with a needle-punch technique, that seamlessly melded stripes of camel wool and mohair with a nubby tan bouclé. Overall, it was more work than play. Philosophy is known for a good party dress, but there were few here. The many who loved last season's beaded twenties romp may find themselves slightly disappointed on this go-around."
4650,"In the homestretch of a roller coaster fashion month, Ann-Sofie Back 's Fall collection with its references to institutions and asylums seems like an apt metaphor. Sometimes all this is just crazy. The collection was called God 2, the sequel to last season's God. But it was less about religion and more about what's within, the darker impulses fighting the light, which leads to psychoanalysis, and then to plain psycho.  There was layer of clinical-looking nylon over a burgundy wool coat, and coated white cotton shirting echoed nurses' uniforms. The silhouettes were boxy and stiff, and looked almost nailed together with flat metal studs like those you'd see in a padded cell. Back did denim for the first time, dark and unwashed, and left the exposed seams unfinished and fraying, a statement about coming undone. As a finishing touch, silver rings, bracelets, and earrings were modeled after the zip ties that are used as restraints.  Back's Atelje venture is unapologetically conceptual. She has enough of an outlet for more conventional designs in her diffusion Back line and as creative director of Cheap Monday. Clearly those allow her to use Atelje as a sort of laboratory of ideas, and to do so in beautiful, interesting fabrics like the stiff woven organza she placed as a kind of shield on a white shirt, or a great laser-textured black leather cut into baggy paper-bag waist pants one piece you could see translating easily to real life. Also ready to make the leap: the jewelry, which did double duty as the hardware to cinch a leather clutch. A small dose of insanity goes a long way."
4651,"Normally for Fall we dive into print and pattern and color, Rachel Comey said over the phone the day before her show. ""This time, I pulled all of that out and cleared the air."" Comey girls, take a deep breath: The charmingly off-kilter quality that characterizes the designer's work is still in evidence, but a new straightforwardness lent a maturity to the new collection. Classic silhouettes came in neutral shades, and a parade of LBDs finished the show. With prints taking less of a starring role, Comey sprang for fabrics from specialty mills and called on unusual fabric treatments to take their place. Perforated cotton and wool felt hole-punched with a laser lent a lightness to tops and bodices, while the shiny plastic finish on a sexy, full-skirted dress provided the right kick of Comey quirk. The few prints and jolts of color, like a nubbly coat in caution orange and a dress covered in attenuated hearts in shocking pink, were swift visual punches that landed. Aside from a few unflattering sack silhouettes, this collection was solidly retail-friendly, a boon given that Comey revealed that she expanded on the higher end of her price point this season (see: those specialty mills). As the designer's vision matures, it follows that her customers will grow with her; if not, there was plenty here to entice a new crop of sophisticated admirers."
4652,"Marc Jacobs earned his reputation as New York fashion's consummate showman and then some tonight. The set was spectacular and huge. Dreamed up at the designer's request by his friend, the artist Rachel Feinstein, the construction paper folly looked like a broken castle. ""Marie Antoinette's version of ruins,"" she said. A pretend fountain was perched halfway down the curving runway. But we weren't in eighteenth-century France. Seventeenth-century Plymouth Rock meets the twenty-first-century street-style scene is more like it. Jacobs' models wore pilgrim shoes, of both the flat and stacked heel variety, affixed with giant rhinestone buckles. And their wild outfits, the designer said backstage, were inspired by the likes of Anna Piaggi and Lynn Yaeger, fashion eccentrics of the first order and mash-up artists long before the Sartorialist arrived on the scene. Piaggi has never gone anywhere without a hat, and Jacobs had some doozies on the runway. Made of multicolored mink, they tilted this way and dipped that, like something out of Dr. Seuss. The getups were just as off-kilter: Wool stoles were buttoned over wool coats worn on top of patchwork skirts above cropped pants. Colors were all over the map; prints ranged from oversize paisleys to floral pencil doodles, and holographic appliqu's dripped off dresses. Tinsel turned up everywhere. And volumes, in marked contrast to his strict, severe collection of a year ago, were turned up, too. Padded hips? Prepare yourselves, ladies. It was fearless, just like Piaggi, Yaeger, and co. And it made you fall in love with fashion and Marc Jacobs all over again."
4653,"Maybe it was Paul Hanlon's Vidal Sassoon-influenced, heavy-banged, dead-straight dolly-bird hair that cued the response, but there was a 1960s edge to the Marni collection today. It was helped along by the white stockings, drop-waist silhouettes, and decorative elements like metallic discs and the big rhinestone brooches that defined a neckline. Two coats one red leather, the other butter yellow patent had a pop art zing. Mind you, against that relative rigor, there were also Orientalist red accents, gold brocades, a lean black tunic with slit sides over three-quarter-length pants, and red kabuki-soled shoes with gold metal toe caps, all of which looked like they'd been borrowed from Suzie Wong's closet. But that too was a sixties reference. Those associations may have reared their heads because Consuelo Castiglioni was brooding on a linear, architectural statement about volume with her new collection. That line of thought was a really big deal in the sixties, and the bold blocks of color here fitted with it. The extravagant print stories that are a usual Marni signature were noticeably absent. There were prints, but the graphic presence was confined to a tulip pattern and a na've floral tracery. This time, the strength was in the shapes: the oversize shoulders of a snakeskin coat, the drape of another in a gold-flecked rockabilly tweed, the swing of a cape. It meant the collection was much more straightforward, maybe more restrained than usual. One interpretation: Castiglioni's collaboration with H&M had allowed her to get a lot of classic Marni out of her system, offered her pause for reflection, and pointed her toward a possible future. Expect more changes."
4654,"Backstage before the Ports 1961 show, Fiona Cibani distilled the season's message: ""Strong, but not aggressive."" Using simple, straightforward silhouettes and rich textures, Cibani showed a focused collection that derived its strength from its luxurious fabrics. The first model out wore a lustrous, boxy, color-blocked top that curved away from the body, just skimming the long cashmere sweater it was layered over. Throughout, cashmere sweaters and dresses made up the looks' foundations; they added nicely to the texture play. The shiny opening top and similar pieces that followed were fine, if slightly unflattering. Better was a series of coats and tops in sheared mink. Understated but still special, they had the good-life quality this label is known for."
4655,"Josie Natori insists that her three-season-old ready-to-wear line has the ""same DNA"" as her signature lingerie collection, which marks its 35th anniversary this year. But beyond the embroidery and lace, the designer's contemporary clothing proves to be a richer, more exotic beast. Leaving behind last season's Indochine inspiration, Natori chose this time to focus on the colors and terrain of the Mongolian desert. The verdict? Traveling north was a good choice. The looks at today's presentation, which were styled by Annabel Tollman, offered something meatier and more textured than the jersey gowns and simple jackets from Spring. Kimono-style wrap dresses and sequined maxi skirts were paired with imperial red clutches; high-heel boots with embroidered lace appliqué matched cocoon coats with the same detailing. For a more structured look, belted tops constructed of perforated leather were tucked into jacquard skirts. Natori also expanded upon her jewelry, this time using semiprecious stones such as amethyst and smoked quartz to make necklaces that did double duty as belts. The best look? The finale's long black gown with a sheer, beaded back that was sexy, sophisticated, and a far cry from a set of lace underwear."
4656,"Hell and heaven. Prabal Gurung 's Fall collection made that journey, starting off all black, traveling through a blue period, and culminating in a finale of gold and ivory worthy of the pearly gates. Beforehand, the designer talked about his own spiritual quest, about embracing both the dark and the light within. On the runway, that translated into dueling impulses. On the one hand, Gurung is an expert tailor with a keen skill for creating a sleek, sexy silhouette: See his sleeveless, body-hugging dress made in part from stretchy iridescent neoprene or a pantsuit pieced together from shiny and matte black fabrics. The new louche trousers he showed came in a low-slung, skinny flare shape. On the other hand, Gurung is a dressmaker who's seen his profile skyrocket with celebrities like Zo? Saldana wearing him on the red carpet. (She was sitting in his front row today in a peacock green jacket and coordinating print pants from Spring.) Last season's can't-ignore-me engineered prints were a hit with retailers; Gurung recently landed Bergdorf Goodman, so he revisited the idea here, creating designs that combined Japan's coveted blue roses and Georgia O'Keeffe's cow skulls, and later recasting the print in lemony gold. This half of his offering wasn't without pitfalls, though. Once he'd added ruffles and sheer insets and bug jewelry, it started to feel like way too much sugar for a dime (not to mention a bit too Tisci-tinged). The evening number with the most zing was much simpler by comparison: a long white gown made with sheer, delicately bejeweled sleeves and a bullion-embroidered train lovely. So which of the designer's dueling impulses came out on top? In our book: the sleek, unfettered side."
4657,"Jasmin Shokrian launched her main line ten years ago, and she used her Draft No. 17 collection this season to celebrate the anniversary. The clothes here were self-reflective in a witty way: Shokrian used trompe l'oeil-like color blocking on shift dresses to suggest old silhouettes and created a similar effect using sheer overlays on blouses. (A ""Xerox"" technique, she explained.) In essence, she was quoting herself. But then, Shokrian is always sort of quoting herself: As a designer, she hews very close to her signatures, such as circular patternmaking, geometric color, and loose, cropped trouser silhouettes. This collection featured all of the above. But it was also atypically expansive, thanks largely to Shokrian's new emphasis on outerwear a wool duster and burgundy anorak were particularly striking and her focused detailing. To wit, the leather tie on a pair of karate pants, the petal collar on a button-down, or the slit up the back of a silk tee. She also turned out one seriously cool evening dress a loose-fitting job in red that was cut down the front, up the leg, and along the side to make for a much sexier item than its shrugged-on silhouette would suggest. All in all, this collection proved that, after ten years, Shokrian hasn't run out of new tricks."
4658,"Juicy Couture might be a bit like the most popular girl in your high school class. She earned a reputation for being uninhibitedly feminine and assertive with a penchant for the color pink. But get to know her a bit better, and you'll realize that there's substance behind the Juicy girl's velour jumpsuit facade. Chief creative officer LeAnn Nealz has been working hard for several seasons to build up the contemporary label's fashion credibility, and there was plenty to be optimistic about at yesterday's Fall presentation, which drew a turnout of starlets including Emma Roberts, Kate Mara, and Anna Faris. Nealz described the youthful collection as ""Sunset Strip in the seventies meets London mod squad."" The eye jumped from printed paisley silk trousers to a peppy floral, slightly padded jacket with matching skinny jeans to a full-on Technicolor brocade pantsuit that hit on one of the season's biggest trends. Outerwear was a focus here, with swingy bell-shaped coats and faux fur capes adding a polished touch. Of course, Juicy nodded to its bread-and-butter leisurewear but smartly traded in those over-and-done-with sweats for leather track pants that we could imagine both casual Californians and their New York counterparts wearing for weekend errand runs."
4659,"Volume is one of the season's big stories. That puts Véronique Leroy , who has quite a way with all things oversize and full, right in the thick of things. Leroy doesn't seem to design a collection as much as construct one, particularly with the heftier fabrics of fall and winter. Her narrative this time conjured a rebellious girl who's trying to become a productive member of society. Her solution is to co-opt her elegant mother's clothes. The happy ending: She gets a job and merges mumsy's wardrobe with her punk sensibility. Would you read that in the tea leaves of these 36 looks? It's doubtful, but that's not a bad thing. Even as the show cycled from melancholy blacks to proper tweeds and, eventually, ladylike pastels, there was a real cohesiveness in the boxy, sixties-tinged shapes. The story provided the element of tension in, for instance, all those skirtsuit-y silhouettes worn with platform-wedge combat boots and blackened silver floral necklaces and cuffs, or the layering of coats and cardigans that Leroy saw as her muse's main mode of sartorial rebellion. As ever with Leroy, her fabrics, like trompe l'oeil fake furs made out of mohair and wool, and the great bouncy nylon jacquard knits, were worthy of note. But it's the slightly off-kilter yet alluring proportions that gave this collection its strong point of view."
4660,"After an atypical flirtation with pink last Spring, Ennio Capasa headed back into the darkness. You might call it his comfort zone, if there wasn't so much skillful experimental tailoring that hitrefresh on the usual edgy all-black fare. The major story was asymmetry and cutaway silhouettes, occasionally layered and crisscrossing in flaps. The effect was elegant in gently curving arcs sliced out of the sides of leather andwool coats and jackets, and a bit more jarring in sharper angular chops. But credit Capasa's skill for making the conceit wearable more often than not. He called the collection New Wave-No Wave-Dark Wave. That cocktail of movements lent the proceedings a sort of tough luxury that at times was Matrix -slick and at others alluringly witchy. A white shirt with a barren-tree motif tucked into a great, lush black leather skirt and worn with killer just-over-the-knee boots struck the balance. Sitting nearby, Capasa fan Marina Abramovi? leaned over to pronounce it beautiful. The label's other fans will be similarly pleased with this collection, not only for its fab outerwear that eventually blossomed into other moody hues like bottle green but also the selection of great big baggy trousers, some with dipped and curved leather waistbands that echoed those cutaways. One pair came all in leather, right on track with a few we've seen this season. If it wasn't already, a trend is born."
4661,"John Patrick named his collection A Beautiful Vision, after a Julia Margaret Cameron photograph of her niece Julia Duckworth. You could trace the sepia-toned line to the floral print on his lovely double-faced silk dresses, which looked like Victorian wallpaper through just-woken-up eyes. The enveloping greatcoat silhouette here was cut in trench-appropriate khaki, but in wool it would have been just the thing to beat a damp draft circa 1880. Though a less direct connection to that hazy romance, leather was also a big part of the story. ""Inspiration doesn't have to march in lockstep,"" said Patrick. At times, as in the case of a fetish-lite black leather hooded duffel coat, it worked to counter the rosy-cheeked sweetness of Patrick's slouchy layered looks with their half-tucked shirttails. But it also served to upgrade the staple-driven collection from casual to luxury status. The fuzzy hand-loomed knits and sturdy outerwear that rounded out the English countryside feel did the same. One smart outerwear spin was to merge two heritage elements, herringbone tweeds with the quilted Barbour. In all, after last season's homage to Gap, this collection gave you more to chew on. As ever at Organic , there's a tale of sustainability to tell. This season's came courtesy of Raleigh Denim, with whom Patrick collaborated on the collection's raw denim jeans, apparently made from recycled TV-dinner trays. A respected buyer pointed out that denim sans stretch is a tough sell these days. Alas, the good fight was never easy."
4662,"MM6 Maison Martin Margiela , not unlike the house's signature collection, takes a humorous approach to fashion. In the Fall lineup, you'll find a dove gray sweatshirt with unique Fair Isle-patterned laser cutouts, light wash jeans with skinned-knee-proof leather patches, and a range of whimsical accessories featuring neon ""scooby strings"" accents that should bring you right back to the arts and crafts table at summer camp. But having a laugh is just part of the MM6 MO. The collection is chock-full of practical, multifunctional daywear. The bottom of a puffy parka coat, for example, zips off to create an alternative, cropped look; apparently, with a little imagination, you can also style the detached part as a scarf. The functionality extends to footwear, too. Another serviceable zipper transforms a pair of comfortable wedge booties into knee-high numbers. The only off note: exaggerated, thick wool pullover sweaters that seemed quite cumbersome compared to the collection's clever, utilitarian pieces."
4663,"The Salander-ish hair at Antonio Berardi came as no surprise. His muse is powerful and smart and certainly uses her clothing as a sort of armor. However, the initial reference for this collection was on the other end of the aesthetic spectrum from the antiheroine hacker. Berardi was looking at the rococo sculptor Giacomo Serpotta, whose molding work he vividly compared to ""a wedding growing out of the wall."" You'd hardly call these clothes florid, but you saw Berardi's inspiration in all the arced seams not a single straight line in the bunch, he claimed and curving contrast panels, which he used to hint at the body-con curves for which he's known. (The effect was quite striking in the hourglass shape set into the back of two coats.) He gained his hourglass-loving reputation years ago, and he's eager to shake it: Today he showed his skill with other shapes, particularly those full, fifties-inflected A-line skirts with kick pleats. For day they came in a bouncy neoprenelike fabric that's actually a silk and linen weave backed with bouclé and cut against the grain. Its great matte finish and the way it looked sculptural but not stiff gave the first half of the show its sharp modern beauty. And to hear Berardi talk about it is to be reminded that he is a masterful technician. Masterful but not perfect. Though he does killer cocktail, Berardi admitted that full-on evening isn't his strong suit. Perhaps it's because his ideas are best served in smaller doses, but his gowns felt dragged down, whether by peplums or weighty fabrics. But in all that was a slight stumble during a strong step forward."
4664,"From the start, one of the principles of the Felder Felder look has been the label's rock 'n' roll influence, witnessed especially in sharp black leather jackets and accessories and studded everything. Designers Annette and Daniela Felder must have suspected that their rock signature was getting them into a bit of a rut, because they dispensed with it almost entirely this season and went for an altogether more grown-up tone for Fall. This was a show with a lot of texture, featuring nubby shearling jackets, fringed handknits, and dresses and skirts in a plissélike micro pleat. The palette was earthy, based in deep tans, plus mineral hits of dark red, plum, and gold. The Felder twins made some canny adaptations of their trademarks here, such as affixing barely-there gold studding to mannish wool jackets and applying a matching print to the wide leather belts accompanying several soft dresses. A lot of the silhouettes were familiar, in particular the Felder Felder fit-and-flare minidress, but the new palette helped to refresh the look. Not all the developments were successful some of the handknit dresses looked awkward, for instance, and the beaded fringe was a little weird but the Felders made some really impressive strides here. The standout look at the show was a polished and sexy long red dress, which bespoke a confidence in understatement that hasn't been seen in a Felder Felder collection until now."
4665,"Manuela Arcari's manifesto ""casual and concise as the anti-uniform of a revolt"" was so contrary as to immediately intrigue. The gift horse of anarchy should never be looked in the mouth. Maybe Arcari meant her catwalk would be awash with individuality, anti-uniforms. Wrong. What she offered was a consistent dark-bordering-on-Gothic vision. Casual it wasn't there was far too much serious structure for that. But it was definitely concise. The designer displayed her usual facility with couture shapes: Amidst the A-lines, a black-and-white baby doll stood out. A huge jumpsuit, gripped by a half-belt in back, also had the one-off vibe of a couture piece. And Arcari exploded an animal print to create a nu-couture camouflage, in a suit composed of an A-line jacket over a wrap skirt. That sophisticated structure was tempered with a shaggily textural fur and leather subtext. Did Arcari picture the bonded leather breastplates as a stylish option for her neo-revolutionaries? There were echoes of Rei Kawakubo's elegant refusal in the way Arcari subverted silhouettes with, say, an asymmetric panel of fur, or a bib of ruffles. Same with the shaggy shoes, except they were shown with ankle socks. The oblique suggestiveness of that combination was a perfect counterpoint to Arcari's manifesto."
4666,"Structured tailoring is essential to the heritage of Genny , an Italian label that's trying for a revival at the hands of Milan up-and-comer Gabriele Colangelo. Fittingly, Colangelo opened his second collection for the brand with an innovative riff on the tuxedo, converting it into a red cocktail dress with plunging satin revers and a sheer tulle back. Coat-dresses in the same sleek, streamlined vein followed; they were the most confident things about this uneven show. In contrast, a dress made from fitted python on one side and pleated floral-print organza on the other was misjudged. Likewise, flesh-colored bandeaux with a single horizontal stripe through the middle didn't suitably address the see-through issue on other frocks and blouses. The way forward for Colangelo at Genny is not to come up with wardrobe problems, but solutions."
4667,"There's a reason Helmut Newton never gets old as a point of reference for womenswear designers: The photographer was simply nonpareil at capturing the power of female sexuality, the mastery in feeling desire, and also knowing one is desired. To put Newton's trick in academic terms, his women are both subjects and objects, and for that reason, his work makes for very good source material for a designer like Kevork Kiledjian . Three seasons out, Kiledjian has developed an idiomatic sexiness; with this collection, it seems he's finally caught on to the fact that the women he's designing for want to feel in powerful in their sexuality, rather than beholden to it. Kiledjian's starting point was a Newton portrait of Charlotte Rampling gazing languorously, yet hard-eyed, into the camera. There were echoes of the photo in the collection's pops of red, and especially in his excellent shadowy red furs; more generally, Newton hovered over the runway in the harnessing motif used in several looks. As is usual in Kiledjian's collections, the clothes were formfitting; this season, he went for a long, narrow silhouette, enunciated by tight leggings that extended over the ankle. This time out, though, he was atypically circumspect, showing a minimum of skin. The silhouette got same-y after a while, and the silver-ball embellishment was overused, but the designer had a strong theme going with his architectural cutaways, and the jacquards and tonal color-blocking added a nice variety of color and texture. Where the collection really shone was in its outerwear: Alongside the furs, Kiledjian turned out some truly excellent motorcycle jackets, in particular the versions in cherry red and quilted black leather. All in all, a big step forward."
4668,"For Fall, Maiyet turned away from the faintly bohemian vibe of last Spring for something darker and sharper. Backstage, creative director Gabriella Zanzani explained the inspiration was Santiago Calatrava, both in details like embroidery and appliqu's as well as architectural silhouettes. That's partly the natural progression of things for a cold-weather season, but possibly also an attempt to skirt the crunchy, ethical-fashion pigeonhole. After all, Maiyet is both luxury label and geopolitical experiment, attempting to stabilize regions of the world by employing their local artisans. Those production locales were called out by country on the run of show. But Maiyet 's ethos is both the point and not the point. Meaning: It is if you care. For those who don't, this collection still had things that might make them take notice at Barneys New York, where Spring just made its exclusive debut. Outerwear was easily the strongest category, like a lean little military car coat with felted appliqu's, made in New York and India, or a chic burgundy cocoon with a narrow shawl collar and single button. Simple blouses were also chic, as was most of the jewelry, but some of the dresses with contrasting shoulders and experiments in piecing together tailoring with free-flying Indian block-printed chiffon felt less than sophisticated. At the show, company president Kristy Caylor reported that the first season was a success, making it onto store racks in spite of tough production logistics, and making it off of them. Reorders may even be in the offing. Caylor also explained that Maiyet is ensuring smooth expansion by partnering with Indian NGO NEST to upgrade and grow their artisans' skills. All good news, but as Maiyet matures and continues to show on a Paris runway, it would be nice to see a clearer point of view also come into focus."
4669,"First things first: Skaist-Taylor , the new label from Juicy Couture founders Gela Nash-Taylor and Pamela Skaist-Levy, is not going to appeal to hardcore fashion freaks. If you're the kind of person who has ever described the cut of a pair of trousers as ""Yohji-esque,"" or got into an eye-searing print because its mix of colors was pleasingly offensive, you're probably not in the market for a one-shoulder gold lamé minidress. But no hard feelings, because there are plenty of women out there for whom Skaist-Taylor is going to be catnip. Who are these women, the ones going to stores in search of vintage-inspired peasant blouses, paisley maxi dresses, oversize python clutches, and foxtail bag charms? One word you might use to describe them is: shoppers. As they proved at their debut Skaist-Taylor presentation today, Nash-Taylor and Skaist-Levy haven't lost their sixth sense for the mainstream fashion id, and with that in mind, they've designed an unapologetically accessible collection boasting day-to-night dresses in flattering cuts, shrug-on knitwear, cotton-cashmere blend sweatshirts, and a variety of vaguely boho accessories. They've also returned with new styles of velour pants much dressier than the old Juicy sweatpants, and designed, as Nash-Taylor explained, ""to make women look great."" They're going to make a fortune. Another one."
4670,"The rarely umbilical connection between Marc Jacobs' two collections was made even less so today by a Marc by Marc Jacobs show that literally scoured away every physical trace of the extravagant melancholia of last night's signature presentation. Not one solitary shred remained of Rachel Feinstein's extraordinary set in the Lexington Avenue Armory. True, it's always been that way with Jacobs' dual presentations, but there seemed something especially brutal about the way the fragile mood of one show was so rapidly unhinged by the stentorian stomp of another.  Brutal, but also significant, in that the collection today had a dark, martial theme. Frederic Sanchez's soundtrack was all Front 242 and Public Image Ltd's This Is What You Want This Is What You Get , marching music for a new model army. The shoes were flat boots, the headgear was little drummer boy hats, the men wore military coats and felt officer's pants, the women were clad in somber wives-at-the-front dresses with stiff black underskirts peeking out below dark floral prints. Of course, that wasn't the whole story. The strictness was softened by outbreaks of bouclé, mohair, Lurex, lamé, and perforated velvet, which, like the sparkly-buckled pilgrim shoes in which Jacobs took his bow, pointed to pleasures beyond the regimented pale. Maybe the designer was, after all, reiterating last night's message: In the end, fashion is all about fantasy."
4671,"By all rights, today's Kinder Aggugini show should have been a total mess. Its theme was ""appropriation,"" according to the show notes; in practice, that meant that this collection was a cheerfully postmodern mash-up of cowboy motifs, baroque wallpaper, traditional menswear silhouettes and fabrics, Delftware, kids' TV icons, and more. How all of these references came to be sharing space in the hothouse of Aggugini's brain is a question for another day, but they formed a kooky unity on the runway. The standout pieces were the ones in cowboy-dappled prints, in particular the sculpted minidresses and short skirts that had been treated with an acid to dislodge stray fibers. Aggugini aggressively mixed prints and materials, and the effect was chaotic, but appealingly so. There was an eccentric schoolgirl vibe here, one accentuated by the designer's integration of rolled-up tweed short shorts and oversize Melton wool coats into the mix; as with last season, you got the sense that his muse was that girl rummaging around in thrift-shop bins and getting inspired. The looks closing the show had a more grown-up affect: Aggugini turned out several pieces in a black tulle embroidered in wallpaper flock-patterned sparkles; he gamely played the material against a black silk printed with sculptures, and another in navy and white polka dot. Again, these looks should have been a mess, but Aggugini's artful juxtapositions gave the clothes a disheveled elegance."
4672,"Ralph Lauren might have played the series theme song, but it was L'Wren Scott whose show more closely evoked Downton Abbey . Citing England from the 1900's to WWII as reference, she called the collection Tea Time, though that didn't come close to conveying its high drama. There were lean velvet and satin gowns pinned with estate jewels for a proper dinner, and even a floor-sweeping black cape the perfect thing for eloping with the chauffeur. A gold brocade cape came with a huge bow at the nape of the neck and was lushly lined in royal purple feathers. The clothes seemed as rich as the lunch: a tin of Petrossian caviar served with a baked potato, chives, and crème fra che. Just try to sneak past an Occupy Wall Street protester in a purple brocade jacket over a matching ponyskin skirt and fuchsia chiffon blouse trimmed with velvet bows. Scott explained that her fabrics were so expensive that she took it easy on her typically heavy embellishment. It's worth noting that several seasons ago Scott's first lunch was held for a super-elite group of 30 people, while today's guests numbered around 120. (It's still a relatively tough ticket to score for those lucky enough to rub shoulders with Mick, Daphne, and co.) She's come a very long way from making a few fab body-hugging dresses and jeans that make your legs look a mile long; her range of offerings has grown along with the guest list. There were jeweled clutches to expand on the handbag line she launched last fall and a rainbow of cage sandals from her shoe line, not to mention loosened silhouettes like the printed tea dresses with swishing skirts. The trick now will be to maintain her distinct point of view. So far, so good."
4673,"With Georgia O'Keeffe on her mind this time around, designer Nicholas Kunz painted a promising picture of Nicholas K 's evolution. While keeping her line's cool, utilitarian signatures a desert palette, outerwear focus, draped knits and jerseys, heavy layering on display, Kunz pushed her men's and women's clothes in a more geometric direction, and went some distance toward elevating the tone of the 9-year-old brand. Kunz's inspiration for the season was the Taos artists of the twenties and thirties, and it proved to be a smart one. It related easily to Nicholas K's desert fixation, and it hewed the collections, slightly, to the larger Depression-era narrative shaping up for Fall. Kunz has sometimes found it a challenge to integrate current trends, but the Taos theme allowed her to add to her brand's vocabulary, pulling in both western and Deco references. One of Kunz's most interesting ideas was to tie the two together through the use of fringe; the western part of that worked, resulting in easy, fringed dresses with crochet detailing and sharply cut leather jackets jangling with fringe. The more evening-oriented beaded, flapper-ish stuff, meanwhile, felt a little forced. Kunz had more success with her lightly printed silks, iterated as clean and sexy bias-cut dresses and tops. The menswear collection made its own move into more formal territory, notably with the inclusion of soft, oatmeal-colored suiting pieces. (In general, the tailoring for both men and women looked good and relevant more of that, please.) Kunz also nicely worked the western theme into the men's clothes, especially with her application of horsehair to jackets and parkas. A last word re: parkas. At a time when many fashion houses have gone parka-crazy, it bears mentioning that Nicholas K has been turning out excellent versions of the hooded jacket for a while now, and there were more expert examples on the runway this morning. Together with Kunz's razored leather jackets, the parkas proved that outerwear is this brand's enduring strength."
4674,"Kean Etro has so successfully established an image for the Etro man a thinking man with an appetite for adventure that you kind of feel sorry for his little sister, Veronica Etro, who has had to carve a niche out of nothing. She's looked here, looked there, but she's just been fishing. All too rarely has she latched on to something that feels right for the brand. Still, she's getting there. Today's show was a clearly defined statement of intent. Etro's Mitteleuropa dandyism translated appealingly into lean, tailored looks that used the family's signature paisley as a building block. Not in a particularly respectful way, mind. Laser-cut into a patchwork on a net gown, printed on a sheer top, woven into trousers that were legging-tight, paisley proved itself to be a profoundly alluring thing. As alluring, in fact, as a tracery of tattoos on skin. Perhaps it was that sensual association that spurred Veronica on to such extremes as the perforated leather ruff that limned a velvet jacket, or the hard-edged combo of black leather and fishtailed velvet. If there was one word that worked for the whole collection, it was flare . Flare in the leather peplum belts, flare in those fishtailed gowns, flare in the godet skirts. It took discipline to make them all work. Veronica is clearly little sister no longer."
4675,"The news at Christophe Lemaire was knitwear, which ranged from skinny ribbed essentials some sheer like underpinnings all the way to rugged fare like your classic army-surplus crewneck, now in mohair with satin patches. A new brick in the wall holds more sway here than it might elsewhere. That's because Lemaire isn't looking to blow your mind each season, but rather to methodically build a wardrobe, or an ""alphabet of sartorial forms"" as he called it. But there's subtle beauty in his workaday utility, which was on display today in twenties-inspired dropped waists and Poiret-esque coats. As with the men's collection Lemaire showed a month ago, there was an amped level of luxury here, as well as other resonances. Lemaire carried over the Donegal tweeds, patchworked neatly into a coat and even better in a back-to-front contrast suit and a sturdy felted wool peacoat. It's hardly surprising, considering the designer's womenswear is quite masculine in its minimalist, Eastern-focused way. There's something a bit millennial Annie Hall in its jauntiness. A flippy little pleated knit mini, worn with a tabardlike vest, provided a relatively sexy counterpoint to a collection that otherwise got quite serious. Still, there's plenty of sizzle available elsewhere for those who want it, and this designer stands out in knowing his way around a luxurious product. You could see how the particular woman who likes Lemaire could easily be cultish. Now that he's settling into his role at Herm's, Lemaire is growing his own label, with a push into the U.S. Next Fall could see a whole new batch of converts."
4676,"Sophia Kokosalaki stayed at home for Diesel Black Gold 's latest show (she's expecting ababy), but over e-mail she said that the brand's well-received pre-fallcollection became the foundation for this one. That meant a continued focuson outerwear a leather trench with a slouchy knit turtleneck stood out and a strong dose of menswear. Kokosalaki also injected a bit of humor for Fall, opening the show with a pop art image of a pixelated girl in tears on a black-and-white sweater. OK, maybe that's not funny, exactly, but it setthe tone of irreverence the designer was going for. For a little more cheek,slouchy shorts in treatments from shiny leopard print to pony hair werelayered over men's boxer shorts in a blue and white stripes. It looked likethe kind of outfit a rocker girl might make up after rolling out of bed witha banker. Skirts came slung low, too; they hung just at the hips with thehelp of wide, sexy belts that attached at the back. For a denim prediction,it looks like prints aren't going anywhere soon. The jeans in thiscollection came splatter-painted or patterned and were cut with a bit ofgive, to just below the knee. These were fresh reworkings of streetstaples, laid-back and super-cool."
4677,"Designers have been sizing up all season long. Nina Ricci 's Peter Copping got in on the act tonight, conjuring a scene of young girls playing dress-up in their mother's and grandmother's clothes. Sleeves extended below the fingertips; too-large skirts were suspended from braces or hung slackly from the hips; and dresses were gathered at the torso, as if they'd been pinned to accommodate tiny waists. The collection had a sense of dishabille altogether different from last season's. There was a lot more bare skin on display for Spring, but this outing wound up seeming more provocative like Lolita, but in French lingerie instead of 1950's American polyester. Copping gave a lot of the pieces a DIY spin, from slipdresses patched together with tweed and lace to tweedy jackets that had a relaxed, almost sporty feel, thanks to insets at the sides in semi-sheer silk. A coat was embroidered in a na've, connect-the-dots style. Some pieces came off a little too undone, like a printed chiffon skirt that seemed to expose a couple of inches of pantyhose, but others retained their typical polish. A streamlined black coat was still chic, despite the fact that its blush pink fox collar was askew. Given Copping's chosen theme, you missed the grand evening looks he's known for when they didn't make their expected exit at the end of the show. Among the party confections he showed, a sheer black dress that revealed the outline of its slip underneath was best."
4678,"Car trouble? Cynthia Rowley can help. Coveting the ease of a coverall, the designer looked to mechanics and their workwear for Fall. ""I liked that you could put one piece on and have barely anything else and look tough and sexy,"" she said backstage before her show. That said, Rowley couldn't resist a little bit of layering or a smattering of embellishments. Sleek turtlenecks were slipped under almost everything; they provided a clean finishing touch and a sweet contrast to the kaleidoscope tortoiseshell prints that were splashed across shirtdresses. A few of the turtlenecks boasted bejeweled necks, courtesy of the Dannijo girls, and a cozy, oversize black sweatshirt was dotted with clusters of baubles. A denim dress in a dark, subtle plaid looked smart under a matching engineer's coat lined in shearling. Sure, it was two pieces, but it married a garage worker's pragmatism with a fashionista's spirit."
4679,"Justin Thornton and Thea Bregazzi go for evolution over revolution, building each collection on the last. Spring's exploration of femininity and streamlining of silhouettes barreled forward for Fall. As for muses, they stuck with the Victorians, turning from Virginia Woolf to illustrator and conservationist Beatrix Potter, both her work and her life. ""She was quite progressive in her time,"" said Thornton backstage. ""There was a group who used to sit at home and embroider, but she's one of the ones who traveled and sketched and went off onto the moors."" For the strong women of today, Thornton and Bregazzi cut the inevitable high romance of botanical flower and butterfly prints by paneling them into dresses with sharp blocks of a very flat matte fabric they referred to as scuba wool, and generally manipulating them by printing the motifs on sequins and embroidering over them with tarnished silver beading. The effect was far from sugary. At times, it was nearly minimal a successful dance with feminine codes. The brushstroke print mid-show that came from looking at Abstract Expressionists like Jasper Johns provided a sort of interlude. The trompe l'oeil construction that was Thornton and Bregazzi's calling card for many seasons has all but disappeared, which could be the natural course of things as well as a bid for more business. Let's face it, a Frankenstein-ed look of, say, a half-skirt over a longer skirt and attached blouse has more limited appeal than a dress with a straightforward silhouette. However, here, the precise collaging of fabrics especially in standouts like look 35 from op art and floral prints to lace to daisy-patterned sequins and even little chunks of crystal beading, was sophisticated enough to hold your interest. We'll trust this duo to not become so streamlined as to lose their distinct point of view and look like everyone else."
4680,"Where India and England intersect was the apparent starting point for the new Rag & Bone show. It didn't necessarily come through in the clothes, but so what? David Neville and Marcus Wainwright's strength as designers is understanding their own here-and-now and the style habits of cool, urban women. It helps that they're married to two of them. Wainwright's wife just gave birth to their third baby this morning (it's a girl!), and she let him leave the hospital for the duo's menswear show at noon talk about cool. But we digress. Having lived through many New York winters by now, the English expats are well acquainted with the cold. This particular winter has been easy, but the R & B gal will be ready for whatever next December throws her way, because this collection, like all of their Fall outings, was a study in layers: a tile-motif jacket over paisley pajama pants, or a sweater and jacket on top of a draped skirt and slim leggings, with another blazer thrown on for good measure. They weren't shy about mixing herringbone with arrow prints with polka dots with stripes. Outerwear was a strength. Especially a red, army green, tan, and black wool blanket stripe coat and a floral tapestry jacket with fur details (OK, that one put you in mind of the subcontinent). They both added needed jolts of color to a lineup that was predominantly black and white and shades of gray. This collection lacked some of the visual punch of Spring. But there's no arguing with its streetwise vibe, just the way their girls like it."
4681,"The tale Giles Deacon began to spin for Fall was that of a stately country home accidentally ablaze on an arctic winter's night. ""I just had this idea of someone rushing out of a beautiful house,"" Deacon said backstage before the show. ""It's burning down, and what are you going to take "" One very acceptable answer to that could be these clothes. This collection yielded some truly beautiful things, romantic with macabre bite, pumped up by a couturier's eye for detail. What's impressive is how they fit Deacon's new direction of well-made clothes for women of means, while still nestled comfortably into the narrative at hand. Deacon set the darkly enchanted tone with the first exit: a high club-collared tuxedo accessorized by a menacing black plumed scarecrowlike helmet this season's version of Spring's swan headpieces, also made by Stephen Jones. He quickly segued from governess strictness to lady-of-the-house softness. A painterly print echoed a burnt tapestry; it was cut into a chiffon blouse, tucked into a matching skirt of sharply razored organza ruffles that spilled dyed-to-match feathers at its hem. The thorns from Deacon's frozen garden were transformed into laser-cut satins and a rich metallic lace. And in this fairy tale an icy blue brocade tapestry populated, if you looked closely, with unicorns and other mythical creatures seemed to have been ripped from the wall and transformed, through some sort of fashion wizardry, into a strapless mullet-skirted dress or an evening jacket to elegantly cover up a burnt and water-stained tulle gown. Catastrophe was rarely so chic. And though the collection might have skewed a bit prim and proper for those who love Deacon's antic side, inside it still burned with a magical and mischievous spirit."
4682,"This season Martin Grant opted for a presentation on mannequins instead of a show: Judging from these clothes, it was a switch that suits him well. Though Grant claimed he designed the collection just as he always does, the lineup had a quietly grounded and focused sensibility that made it pleasing for an editor but a bigger-than-usual dream for the designer's ever-satisfied retailers. That seemed partly due to the increase in daywear. Those narrow, straight black trousers that started things off were beautifully cut. Paired with a shawl-collar coat or a houndstooth intarsia turtleneck with skinny ribbed sleeves, casual and slightly cool elegance never came so easy. Grant rejected the idea that his lack of needing to make a big runway statement turned things casual, but he did drop down another notch with the sporty, almost lounge-like element of silk jumpsuits pieced with ribbed knit. The beauty of a static presentation was seeing Grant's details up close, like the sculpted petal-like sleeves on a little nipped-waist black wool gazar dress, or the almost surgically precise piecing of leather and wool on the shift with the blown-up houndstooth motif. Grant said he felt he was going back to his roots, and that made sense. There was a sense of highly refined staples the perfect LBD, the perfect black gown, the perfect black coat. His rarefied clientele will likely take the opportunity to stock up."
4683,"Domenico Dolce and Stefano Gabbana set the stage for their latest show with chandeliers festooned in real flowers and vines along with an enormous gilded mirror that was propped at the end of the runway. It was unabashedly lavish, but it had nothing on the duo's new collection, which was dripping in gold bullion. Once again, the designers found themselves plucking ideas from Domenico's native Sicily, specifically its baroque religious traditions. It truly is the birthplace that keeps on giving. Capes played a starring role, just as they had at the label's men's show last month. When they were long to the knee, especially, they recalled a cardinal's vestments, albeit rendered in black and gold. White lace frocks, meanwhile, put some in mind of communion dresses. In general, the silhouettes weren't as va-va-voom as they can be here. In fact, more often than not, they were away from the body, which gave them a newness that's been lacking for a few seasons chez Domenico and Stefano. Given how sheer they were, though, they weren't quite holy. Colorful needlepoint florals and prints of cherubs also contributed to a sweeter-than-usual mood. The finale parade consisted not of the usual corset tops, bralets, and bloomers but of more black lace coats, dresses, and skirtsuits embroidered in metallic gold thread. Dolce & Gabbana pushed its vocabulary with positive results, but it wasn't unfamiliar enough to dampen the religious devotion of its fans."
4684,"The character Vanessa Bruno drew for Fall was a magical, pixielike girl, but one who prefers city streets and anime to enchanted forests and fables. That gave a mix of dark fairylike charm to the proceedings, in its delightfully witchy palette of bottle greens and violets suspended in a sea of black. Bruno's counterpoint to the floatier side of her notion was a relatively minimalist approach to the silhouette. The broad outlines were smart: a rounded coat or jacket over jaunty cropped trousers, or a dress with tight long sleeves and a flaring skirt. A cool, chunky-heeled motorcycle boot was the finishing touch. When filling things in, Bruno was at her best with a very light hand. You often wanted her interesting effects of jewel-hued techno fabrics and sweaters knitted and embroidered with Lurex to have their moment to shine. And by show's end, it was as if a fashion Tinkerbell had granted your wish. Bruno ended on a strong note with a group of dresses whose embellishments sparkled against their black fabrics, and were a sweet take on the season's generally darker direction."
4685,"One of fashion's oddities is the hive mind, the way a single idea takes root in a season and infiltrates any number of collections (so everything seems to be coming up green or red or polka-dotted at the same time). Among the 20 designers from the Central Saint Martins M.A. fashion course who presented their graduate collections tonight, it was fascinating to see how many of them opted for penitential shrouds, long, layered tunic shapes (for men and women), and asymmetrical silhouettes that swept the floor, evoking monks and knights in equal degree. The clothes stood away from the body, often genderless, never reverting to fashion clich's like prettiness or seduction. ""It's not shoulder to knee,"" exulted living-legend professor Louise Wilson, who is celebrating 20 years of guiding the M.A. course. ""I'm fed up with a decorated dress."" But it would be too pat to say that, in their rejection of such a notion, the clothes celebrated individuality. They didn't. They were simply about a different kind of tribalism. The Occupy movement has refreshed a spirit of militancy in the popular debate, and there was a real edge of that here. It was easy to imagine the abrasive, passionate Wilson as a warrior queen leading her students on a crusade. There was even a crusade readily at hand. This is the last M.A. class to graduate from the old Saint Martins premises on Charing Cross Road, the seedbed that produced under Wilson's guidance the staggering list of alumni included in the show notes. The move to the new complex in King's Cross, where the college is now the linchpin of an urban regeneration project, has been a difficult, controversial one, with the ever outspoken Wilson ever speaking out. That's been her crusade, but like all such endeavors, it's a lost cause. Maybe that's why there was such an air of melancholy, even pessimism, in the clothes tonight. Yes, these people might have been crusaders at some point, but their battles were over and now they were hunkering down in survivalist communities, ingeniously crafting their clothes from the detritus of the civilization that had abandoned them. There is some sweep to that generalization, because, obviously, there were exceptions. Like Erna Einarsd ttir's flecked sweater and gilded tweed skirt combinations or Hiroko Nakajima's color-blocked felts over knit leggings, which had something of Issey Miyake's esoteric athleticism about them. But the winners of the L'Oréal Professionnel Creative Award, whose collections conveniently topped and tailed the presentation, were a perfect summation of the evening. Luke Brooks opened his segment with a model wearing a chaotically hand-painted smock topped by a tattered headdress of the Olympic rings, timely enough in light of London 2012 except that it looked like it had been dredged from the depths of the ocean centuries after the event. Trailing skeins of wool, spattered finger daubs of crusted paint, rips, tears, and radical deconstruction (and more headdresses, including a vaguely accusatory ""Old Hat"" attached to what else? an old hat) compounded the confusion. But the chaos was breathtakingly crafted. And that was a reminder of why Saint Martins and London's other fashion education institutions have always been so vital to the health of the fashion industry worldwide. The vision offered by the other L'Oréal winner, Craig Green, was poles apart in its precise monochrome layering, but it still had a melancholic out-of-time feel with clothes that implied a Middle Ages/Middle Eastern narrative of masters and servants. Or maybe that was simply because Green's last looks suggested men in full burkas, as provocative a comment on powerlessness as you could expect to find in a fashion show."
4686,"Tess Giberson started her collection by looking at some of the earlier works of Christo, when he was content to be wrapping smaller fare like books and motorcycles. ""I like that idea that you don't really know what's underneath,"" she explained backstage. Her collection, pithily called Wrap, expressed the idea by layering various textures, both tactile and slick an art at which Giberson excels. It came across best in looks that were covered up neck-to-toe, like a white knitted lamb vest-cum-scarf draped over a sequined tunic and lean but fluid bias-cut skirt, or a similar iteration, a cobalt satin puffer scarf with handy pockets and mohair tunic. But the scarier unknown comes from without: thus the attendant idea of protection, which took more literal form in a silver-plate harness bib a collaboration with Jill Platner but also in the city-girl armor of black tailored jackets and leather leggings. It's easy to forget that Tess Giberson existed in a time we'll call P.P.S. (pre-Proenza Schouler), when the likes of Susan Cianciolo and Tara Subkoff staged arty fashion shows with clothes that had a hazy future beyond the downtown venue they were shown in. It's a testament to her that she's still here, and thriving. (She reports that her newest stockist is Saks Fifth Avenue.) What's interesting is how Giberson has nimbly managed to structure her business so that her new contemporary status doesn't preclude selling special pieces like the great cable sweater inset with chainlike crochet at a designer price. Even if this collection was missing some of the crisp viewpoint of her Spring show, it was still evidence that progress chez Giberson continues apace."
4687,"A couple of weeks ago, Misha Nonoo won the womenswear prize at the FashionGroup International's 15th Annual Rising Star Awards. She split it in a tiewith Wes Gordon, but still, it gave the designer an extra dose of energy justbefore her presentation. Milk Studios also offered the designer a space atthe Standard Hotel, where she showed 17 looks from her French-inflectedcollection last night. Nonoo started her line a little over three years ago with a partner, andtheir focus was coats, which were admired for their special details. Thistime around, the collection lacked an equally strong point of view. Printedpants paired with peplum jackets and wool ruffled skirts matched with lacechiffon tops felt a little bit like déjà? vu with other designers. Establishinga foothold in the competitive contemporary market is no easy task, butpaying too much attention to collections like Carven and 3.1 Phillip Limcertainly isn't the answer. Coats and jackets are still Nonoo's forte andwere no doubt the strongest items she showed."
4688,"At her presentation today, Victoria Beckham reported that her first collection for Victoria, Victoria Beckham enjoyed 100 percent sell-through on Net-a-Porter before it was even online. ""They said it was unprecedented,"" she added. That's the power of celebrity. But it's also the power of a good dress. Her Spring frocks were as eccentric as they were effortless, covered in cats, clouds, or moons. The 20 looks she showed for Fall retained the charm of last season's debut; there was a ""Frockerella"" print of dress sketches on one, and swans on the collars of others. But the sensibility was more sophisticated. The somewhat slimmer silhouettes and shrunken shoulders were contributing factors, as was the more muted color palette. The clothes were also more ambitious. The collection's standout number was made from a woven jacquard that looked like parallel strips of different fabrics but was in fact two single pieces of material front and back. Technical details like that aren't what's making a success of the label, though. Rather, it's the dresses' simplicity, their smart price points, and, perhaps most importantly, pictures of VB looking fab in them."
4689,"A sticker on Oscar de la Renta 's show program was the first clue we were infor something different. It read ""#THEBOARD: Submit inspiration to the boardfor our next collection. Oscar and his assistants will be watching live inthe studio for new content daily."" The clothes, like the invitation tocontribute ideas, seemed pitched at a new generation. The youthful feeling came through in any number of ways: the mostly short,full-skirted silhouettes; the baby pinks and powder blues; the ribbonsaffixed with gobstopper crystals that the models wore in their hair. Butmostly it was the photo prints of jewels that gave this show its irreverentstreak. They were facsimiles of the real bijoux that dangled from pieceslike a Nile blue silk faille dress or a black double-face cashgora, but blownup to positively eye-popping proportions. Cheeky. Don't get us wrong; these clothes were still plenty precious as is the de la Renta way. And he didn't neglect to include skirtsuits and twinsets forthe Park Avenue set, either, but they weren't the focus. The playful moodcontinued into evening, where the emphasis was on cocktail dresses. Thedraped tulle gowns at the end were more debutante than doyenne. Oscar turns80 this year. Eighty years young."
4690,"As is widely acknowledged, the London fashion industry is second to none when it comes to supporting and developing new talent. Fashion East, among all the local programs for emerging designers, remains the keenest talent spotter; director Lulu Kennedy has excellent, eclectic taste. The trio of designers on the Fashion East runway this evening certainly represented a motley crew: First up was Maarten van der Horst, an accomplished tailor and a bit of a ham; next down the runway was Marques'Almeida, a brand almost dirgelike in its grunginess; the final act was Fashion East veteran James Long, a menswear designer and knitwear specialist who has definitely earned a solo spot on the London fashion week calendar next season. Van der Horst brings a lot of wit to his clothes, and a great deal of technical know-how. For this collection, his second, he put a sexy spin on menswear shirting, turning crisp poplins and striped cottons into tailored bodysuits, and setting them off with cheesy satin florals. The bodysuits weren't altogether convincing, but the satin stuff worked, in particular the collection's quilted blazer-style jackets in white-on-white and red printed florals. Van der Horst definitely has a strong point of view, but he's still in the process of fleshing it out. Marques'Almeida doesn't lack for point of view, either: Marta Marques and Paulo Almeida distress denim with a single-minded gloominess. The look is striking; this season's skate-inspired black and yellow clothes, all oversized and ripped to hell, had a kind of desolate grandeur. The collection was a little one-dimensional, but these pieces will be pulled a lot by fashion editors, and some of the more circumspect looks, like the frayed skate shorts and decayed knits and leathers, will attract shoppers. (Pieces from the debut Marques'Almeida collection for Spring 2012 were picked up by Opening Ceremony a store that's no slouch at seeing a niche market.) James Long was taking his third, and final, turn on the Fashion East runway this evening, and the collection he showed was proof that he's used his tenancy to hone his womenswear to a fine point. This was a strong, well-made, distinctive collection, commencing with a series of hugely appealing intarsia knit dresses limbed with gold. Long showed that he can do more than just knits: His printed velvet pieces were knockouts, and the quilted leather jackets with hand-knit sleeves were both beautifully executed and a lot of fun. Onward and upward."
4691,"With all the ups and downs at Gianfranco Ferré over the past couple ofyears, many people stopped paying attention. Stefano Citron and FedericoPiaggi, now in their second season at the label, deserve a look. Not becausethey assisted the late designer prior to his death in 2007 (these days, ittakes more than brand affinity to make newly installed designerssuccessful), but because they have something fresh to say aboutdressmaking. In a Milan season in which many designers laid on thegewgaws piles and piles of them, in fact this duo focused oncut. And the cut of a series of gowns at the end of the show was quitestriking, especially a black satin on-the-bias number with an asymmetrical,one-shoulder bodice, and a more formal gray column in what looked to begazar. It had a high neck, one deep pocket on the hip, and pleats kickingout from a high slit. Three knee-length dresses in the same fabric hadequally strong, architectural silhouettes. Their daywear didn'thave the same restraint: Double-face cashmeres, while luxe, looked bulky,and a fur jacket felt similarly grandiloquent. Still, those efficientevening looks are enough to go on for now."
4692,"With photographer Mert Alas of Mert & Marcus fame for a creative director, Hakaan Yildirim's shows have been must-sees since he landed in Paris twoSeptembers ago. But despite his high profile, he's still new to this fashionweek thing. As he's been settling into the routine over the last fewseasons, he's tried on different styles with varying degrees of success:body-con to begin with, then more androgynous, followed by Spring'ssee-through moment. Today, his show's After Hours soundtrack was a clue:Yildirim went back to the 1980's stylings of Claude Montana and ThierryMugler. Bold shoulders and rounded sleeves gave his silhouette the inverted triangleshape associated with the decade. Other pieces came with built-out hippanniers, but significantly more pronounced than the ones the designer wasexperimenting with last season. Shiny lam's in blue, bronze, and black addedflash, while quilting gave visual interest to otherwise simple boxysweatshirt shapes. There were slits up to there on a handful of dresses, butoverall, this collection was less overtly sexual than it's been in the past,though still edgy. That could mean good things for the designer's bottom line."
4693,"The New Look is getting a new lease on life for Fall. At his show today, Roland Mouret modified the silhouette that Christian Dior made famous in1947. The jacket peplums weren't as generous, the skirts weren't half soample, but the general feel was there. That meant Mouret put a strongeremphasis on tailoring than usual. As the designer of the world-famous Galaxydress, he must feel pressure, both internally and externally, to stayfocused on the proverbial one-piecer. But he was interested in the idea ofmultiples this season. In fact, he mentioned the Great Freeze of 1947, oneof Europe's coldest winters on record, as the impetus for his focus onlayering. Jumpsuits, for instance, were designed to look like a gilet beltedover full-legged pants, but they were actually attached by a vertical zipperin the back. There was a lot of drama when it came to the rear view. Origamilike foldsaccented the shoulders of a smart checked jacket with a leather collar, andsleeveless coat-dresses turned and revealed themselves to be not coats butvests cropped above the waist. A lot of thoughtful consideration and finecraftsmanship went into these pieces. You couldn't help but think, though,that what will ultimately seduce his customers was the slip-it-on-and-go,modern sex appeal of the stretchy asymmetric dresses that closed the show."
4694,"At Bebe , the Gibson Girl is out, and Veronica Lake is in. Entering his second season at the womenswear retailer, Charles Benton fused forties Hollywood glam with the imagery of Helmut Newton to create a Fall collection that was ""dedicated to the diva, but modern and beautiful."" Added the designer: ""It's an homage to the power of women."" In order to bring his vision to life, Benton looked to the heroine in the film Blade Runner as a starting point, and let his high-end-design background (his résumé? includes gigs with Giambattista Valli and Julien Macdonald) do the rest. The result was an elevated set of looks that appeared more sophisticated and less youthful than the tight-fitting, low-cut clothing that the brand has garnered a reputation for. When the dresses hugged the body, they were paired with long overcoats, and blazers added a sleek touch to short shorts. Benton also introduced new fabric treatments this season, such as the plaid featured on a pair of cropped trousers and the textured tweed on a knee-skimming skirt. Yet the carefree nature of the Bebe girl was not completely lost. Models walked the runway in turquoise and red scalloped heels, and handbags were done in bright alligator and leopard prints that are sure to satisfy the retailer's dedicated customer base. As for the company's founder, Manny Mashouf, he seemed totally in tune with Benton's overall theme. ""I'm obsessed with women,"" he said after the show. ""And I am thrilled to make women feel beautiful."""
4695,"As a general matter, Rogan and Chanel aren't brands with much in common. This season, however, Karl Lagerfeld and Rogan Gregory have found themselves plowing the same furrow, creating collections that are crystal-inspired and knitwear-focused. Weird. Anyway, if Chanel's extravaganza in Paris was the maximalist,  ber-luxury expression of those themes, the new Rogan collection gave us the affordable, minimalist flip side. The crystal reference was primarily elaborated here via brushstroke prints, the best of which was done in black and white on crepe georgette; Gregory played with layering the print against itself, creating palimpsest effects. That made for several striking pieces. Elsewhere, the standouts were the collection's draped knits, in particular a long, asymmetric skirt, and a clever halter-neck sweater that flashed decorous amounts of skin. Gregory's tailoring was also quite strong this time out, with taut dresses featuring paneled construction and natty takes on outerwear staples such as the trench and frock coat. In terms of the men's collection, Gregory didn't do much to advance on his signatures. That said, his hemp cotton jerseys will find a lot of takers, and the plaited cotton shawl-neck sweater and low-waist short mac made for nice refinements of his relaxed take on urbanity."
4696,"Body-conscious is not a term we ever thought Reed Krakoff would utter in connection with his designs. But he said it backstage today before a Fall collection that proved to be a subtle yet smart evolution of his signature minimalist style. Now in his fifth season on the runway, Krakoff has discovered the waist. Notably: a cordovan brown polished leather coat nipped in at the midsection before falling in an A-line shape to the knee. It might be the sexiest thing Krakoff's ever done, followed closely by a black python bandeau that gave shape to a chiffon blouse and trousers. That's not to say he's gone completely hourglass on us. Krakoff still believes in pantsuits, and they worked best here when they stood on their own, without the unnecessary bulk of the cropped, hooded vests he showed with some of them. The two ivory styles toward the end of the show made a big impact. Knits are another important part of his burgeoning business. Fur patches on the sleeves of one and a leather front panel on another upped the special factor. Two categories were mostly absent on his runway. He showed only three bags in 30 looks all of them in alligator. And he opted out of cocktail attire and evening dresses entirely. No matter: His daywear held up to the added scrutiny."
4697,"It was literally and figuratively a magic carpet ride at Y-3 , with a runway layered in Persian rugs and a collection that imagined Westerners on a stylishly rugged global trek. ""We wanted to have this very visible element of Yohji Yamamoto in Y-3,"" said creative director Dirk Sch nberger backstage after the show. ""And as we know, Mr. Yamamoto is always about a journey."" True enough. The master himself has taken us from Outer Mongolia to Edwardian England, not to mention from Tokyo to Paris and back again. This, of course, was slightly different. The boys and girls here would seem to be an eclectically bundled-up band of travelers, working the sartorial exotica kaffiyeh scarves, Peruvian knits, Central Asian ikat trims into their sporty kit. (There was also a preponderance of leopard print in the mix. Perhaps the exotica of the First Arrondissement ) For womenswear, early on in the show you saw Yohji-isms like a leather jacket with a shaped hourglass waist, and for men, the folded Japanese fisherman's pants. But overall, the pieces skewed more functional than poetic. Not that the two elements didn't coexist here. In fact, this particular blend of Yohji and Adidas felt like being in Baby Bear's bed exactly right and not a moment too soon: Y-3's 10th anniversary is looming large next season. Many of these pieces had the most straightforward and immediate appeal we've seen yet at a Y-3 show. Lots of editors could be heard raving about the outerwear. In fact, worn in combination with the naturalistically constructed getups, the parkas were exactly what many of the fashion insiders, heading to their next show, would want to wear against the bitter winds tonight."
4698,"Emilio de la Morena fans were in for a shock today. The designer has earned a fervent following for his kicky frocks, with their sexy winks of skin, punchy color combinations, and fit-and-flare cuts; meanwhile, the first look at the designer's Fall 2012 show was a head-to-toe black ensemble comprised of narrow gasp trousers and a belted wool mantilla. Quite the 180, suffice it to say. But the change in direction was welcome, and not just because it saw de la Morena trying on a new, long and lean silhouette and experimenting with leather and daywear. The biggest change here had to do with the intent in the clothes, and the feeling behind them. De la Morena is by nature an intellectual designer, and in past seasons he's shown a tendency to abstract himself with references from art and architecture. This time out, he worked from the heart, seizing on his Spanish roots. And so, for all the superficial severity of this collection, there was a nice warmth of tone. Much of that came through in the collection's mix of textures wools, leathers and patent leathers, slinky silks, cabled hand-knits. There were also textural gestures ruched leather detailing, leather in a marbled print that added to the collection's tactility. Somewhat surprisingly, de la Morena showed a real knack with his tailoring. His kick-pleated coats and jackets were really sharp, and though the leather trousers could have used some finessing, the slim wool pants were well-done. And he had an interesting thought in applying daywear materials to his evening pieces, making gowns with high-waisted skirts of tailored wool. Not everything worked here, but there was a lot of promise on the runway; it would be nice to see de la Morena continue to refine his new ideas."
4699,"We're maximalists, said Roberto Rimondi, which had to be the most superfluous declaration of Milan's fashion week, given the collection he showed with Tommaso Aquilano. Taking inspiration from the richness and drape of fabrics in Renaissance paintings, from the ""sacred jewelry"" of the church, and Italian alta moda in the seventies, the duo offered designs of such complexity and depth that they were practically a master class in the capabilities of Italian artisans. Every designer should have access to such resources. But more to the point: What could have been an exercise in fashion academia was goosed by Aquilano.Rimondi so it read like a vision of fierce modernity. Scuba fabric worked with antique tapestry technique? Worlds collided. The designers emphasized two silhouettes: very feminine a bustier and an accent on the hips versus a masculine influence, with double-breasted jackets over skort and trousers. The cross-gender dialogue offered the duo an opportunity to explore extraordinary fabrics, like the micro-jacquard they used for their suits and the double-faced faille used in those scuba dresses with the tapestry overlay. ""Black is the new gold,"" Rimondi said. That meant rich tone-on-tone embroideries, but also black leather, as sleeves on a dress or a cape (if you're inclined toward one of the season's major trends, this is the cape you should be looking at). And often, it meant everything together: ottoman and scuba and velvet and leather in one glorious farrago, with a single long zip snaking down the spine to hold it all together. True, Aquilano.Rimondi's vision is unyielding in its single-mindedness, but this is one instance where generosity of spirit is weakness. Perfection is a hard taskmaster."
4700,"How do you know you've made it as a designer? Here's an interesting thoughtexperiment for up-and-comers: On an off day, are you still selling clothes Sir Paul Smith has incontrovertibly made it, and the proof is that, despitethe fact that his new collection represented something of an off day for thePaul Smith brand, there were still more than a handful of looks at today'sshow that were readily desirable. Paul Smith at status quo does just fine,and it's to Smith's credit, really, that he continues to experiment. First, the good. Smith sent out his usual complement of nattymenswear-inspired looks; alongside the predictably charming boy-cut trousersand jackets, there was a new winning silhouette in wide-leg pants cropped alittle bit short and worn with a matching long coat. Smith executed thelook in a gray checked wool that he set off with elegant black trim.Elsewhere, there were pretty painterly prints, punchy knits, a smattering ofpajama-inspired pieces, and a few evening looks overlaid in mesh, all nice.Smith was on shakier ground with his velvets: Some of the simpler looks weregood, if unremarkable, but the velvet-faced leggings with long back zipswere a bit off. And a few of his artsy pieces, like a gray suit that lookedas though it had been sprayed in neon paint, only generated a kind of ""hm ""response. All in all, this show made for something of a disappointment afterseveral solid seasons from Paul Smith, but there was still plenty to like."
4701,"All the models want the clothes, reported stylist Karl Templer, working with designer Chitose Abe for the first time, after today's show. It's little surprise. Abe makes clothes that somehow turn the conceptual into something that could actually hit a city street. And desire for her clothes isn't limited to the young, beautiful, and thin. To wit, she recently had to close the second floor of her newish Tokyo boutique because she just ran out of product to fill it. Abe explained that this season focused on menswear. It's a motif carried over from Spring, but in heavier cold-weather fabrics it took on a more Victor Victoria vibe. A dark chesterfield, worn over a prim white button-down, turned to reveal flaring pleats inset with royal blue knit; motorcycle jackets spilled collars of ruffled shearling, which snaked around the waist to form a peplum. Abe doesn't often use prints, so it was nice to see a rich sartorial paisley scarf print, particularly great in a narrowish skirt collaged with a red satin and lace slip and layered with red chiffon. The outerwear was strong, but dresses sang too. One standout merged the classic oxford blue shirt and camel skirt with a siren gown by picking out the silhouette of its sweetheart neckline and curvy waist in sequins. When it made the turn, you saw the rest of the lace and satin slip that peeked out from its hem via a high and wide slit meant to give the impression that the model forgot to zip her skirt. It sounds excruciatingly tricky on paper, but in reality, it works. That was part of the beauty of the collection. It's nice to see Abe on ever-bigger stages, like her substantial shop-in-shop at the new Dover Street Market in Ginza, not to mention a well-attended runway show with a high-ticket stylist. But she's a quiet powerhouse who took years to grow and learn before entering the spotlight. Young designers should take note of a business model that stands the test of time."
4702,"Oscar nominee B r nice Bejo wore a mint green couture confection by Elie Saab at the Academy Awards last month. With that feather in his cap, the designer put the accent on daywear today. Urban Elegance was the name he gave the collection. For the most part, it was as gray as the skies have been all week here in Paris, but it offered more variety than you usually find on a Saab runway. The oversize tailoring that has dominated other catwalks this season isn't this designer's thing. His skirtsuits and sheaths are cut to fit, with hourglass color-blocking made to further enhance a woman's shape. A dove gray one-sleeved blouse looked simple and chic tucked into high-waisted black pants. Saab is a little less sure-handed when it comes to prints: The bronze tree branches on both knee-length and to-the-floor numbers looked busy. For evening, Saab showed some sparkly emerald green column gowns followed by a few more in gold or silver sequins. A couple of the slits extended dangerously high up the leg that's the wrong kind of exposed lingerie. But presumably, details like that will be sorted out before the dresses make their inevitable way to Hollywood."
4703,"What would Hanne Gaby Odiele do if she were Macaulay Culkin in Home Alone ? Derek Lam envisioned his favorite model cavorting around her apartment as if it were a snow day for his latest 10 Crosby lookbook. FIttingly, the new Fall collection is full of cozy Shetland peplum sweaters, long T-shirt dresses in an amplified buffalo plaid print, and vintage-looking fox fur pieces ideal for quickly tossing over a dress before darting out the door to catch a cab. (There's also a faux fur patchworked sweater that looks so authentic even pelt purists will be jazzed about it.) Lam is a smart businessman, particularly when it comes to his more reasonably priced line, and he's paid attention to what his savvy customer is and isn't buying. For one, she's still crazy about silk pajama sets, which were updated this time around in a playful yet sophisticated kittens print. He also carried over the tomcat motif to fluid palazzo pants with polka dots that turned out to be balls of yarn when viewed up close. Cute. Another recurring crowd pleaser is the tuxedo-stripe trouser, shown here in Prince of Wales check with a seventies flare leg. Lam might've had Home Alone in mind, but his customers will want to show off these casual-cool clothes in public."
4704,"Moncler gives good show. Today, a couple inches of artificial snow dusted the runway; above it, designer Giambattista Valli had a working chairlift installed. Moon boot-ed male models stomped around the lift, toting skis, shopping bags, and suitcases. You got the sense that if Valli could've figured out how to fit a mountain inside the Couvent des Cordeliers venue, he would've had fun doing that, too. Instead, he printed piqué fabric with photos of snow-capped peaks and cut it into the cocoon coats he's been making for the Gamme Rouge label for several years now which, by the way, happen to be the shape of the season. The models wore their hair in massive sixties-style bouffants or donned equally oversize Mongolian lamb hoods that matched their fluffy boots. Other toppers came in a blue-and-red windowpane check on ivory bisected by swathes of shearling, or in black bouclé. The most interesting part of the collection was the white group. Valli chose glistening fabrics that expertly mimicked the way sun reflects off frosty snow. That became especially clear when the models plopped themselves down under the spotlights and propped open their tanning reflectors."
4705,"Jean-Charles de Castelbajac called his collection Fire on Ice, and invoked Iceland as the magical land of volcanoes that spawned Björk. It resulted in something enchanted and tribal, with a sometimes heavy-handed avian motif that the designer juiced up with primary comic-book colors. There was evidence of the upgraded sensibility de Castelbajac professed last season, particularly in fifties couture standards. He opened the show with an elegant boxy sheath top recast in yellow neoprene and graphically printed with arcs of eagle wings. A black silk kimono cocktail coat was printed on the back with an erupting volcano, and a little wool skirtsuit had an ombré effect that approximated falling ash. The merger of de Castelbajac's good behavior and his more antic side is still in its early stages, so it's understandable that it isn't always smooth. You're just not sure what to do with something like a perfectly fine charcoal tweed suit that has a cartoon eagle head on each shoulder. Other things made more sense: A rain slicker covered in massive patch pockets would be a staple for a JCDC acolyte, and you could envision a head-obscuring dress appliqu'd with volcanic flame in a Lady Gaga video. A high point of the middle ground: an elongated wing-print varsity jacket a cute spin on the new fashion staple. De Castelbajac is a showman, which made the live performance of an entire song by the orchestral folk act Woodkid before a single model exited OK. But 56 looks pushed the boundaries of patience. A zippier edit might have added some fairy dust to de Castelbajac's magic."
4706,"Brood 's Serkan Sarier made the leap onto the official fashion calendar this season, and set his clothes in motion for the first time with a presentation-turned-runway show. The designer's stock in trade is a techy fusion of sport and chic: He has trained in couture ateliers but draws just as much inspiration from rock climbing gear and athletic wear. Brood's silk faille jackets and cocktail frocks are crisscrossed with plastic zippers and cinched with drawstrings. This season, Sarier looked to the English artists Lynn Chadwick and Glenn Brown for inspiration. The designer explained that though they seem different Chadwick's massive metal sculptures versus Brown's limpid painterliness ""they're both expressing the same thought,"" which was distilled into fabric and print, with an almost geologic looking paint print borrowed from Brown, and a series of metallic gold dresses at the finale adapted from Chadwick. But the most constant thought throughout was Sarier's own, one he's been refining season after season. It's about how garments should be responsive and individual, a notion that borrows, like his aesthetic, from couture (where each piece is tailored to its client) and from sport (where gear can be pulled, snapped, buckled, and belted for safety and fit). Sarier specializes in a kind of ""gotcha"" trompe l'oeil piece jacket and waistcoat combinations that are zipped together into one piece, or dresses that fold down into their own expanding layers. Each is adjustable to its wearer's whims. They occasionally come off too tricky and complicated for their own good (all that choice may amount to a burden). That may explain the loveliness of a series of long, sheer gowns patterned with burnout velvet roses. The silhouette was simple, and, Sarier explained, so was the form: Each dress is essentially a giant square of fabric. His alchemy was to make it much more and, just as much, to secret away the pulleys and gears."
4707,"One of the inspirations for Marios Schwab 's latest collection was Marlene Dietrich. He said he was drawn to her loneliness, a suitably film noir quality for the femme fatale Schwab was once again celebrating in his designs. With her face shadowed by a cloche or wide-brim hat, in a sheath with elbow-length gloves, in a lacquered lace cocktail dress or leather trench, she was, according to Schwab, ""the woman you don't know who you fall in love with."" Preferably in a city like Budapest. To the designer's credit, the cinematic ""woman of mystery"" kitschiness of such a notion never got in the way of a collection that was a logical but spectacular extension of his Spring show's dark glamour. Fusing science and sensuality (a signature fusion, come to think of it), Schwab decorated his body-conscious shapes with mathematical patterns inspired by spirographs and harmonographs. The equation printed on his invitation was the golden ratio, the mathematical equation whose perfect balance is a symbol of perfect beauty, but what the designer insisted he was after was something ""biomorphic,"" almost alien, with dresses molded to skin. Again, it was Dietrich who inspired him, especially the ""naked"" dresses Jean Louis designed for her cabaret tours in the fifties and sixties. Schwab re-created the effect with evening dresses that featured sequined sheaths glimmering under chiffon veiling, like fish scales viewed through water. They were beautiful. But the same biomorphic effect was realized in more subtle ways elsewhere, with the attention to necklines, for instance. The lasting impression of a Schwab collection is as deliciously sinister as the narcotic green accents he used in this outing. And kudos must be paid to his musical collaborators, Wladimir Schall and Rafael Wallon-Brownstone, whose dramatic, string-drenched soundtrack incorporated snatches of Mahler, Bernard Herrmann, and the Beatles' ""Eleanor Rigby."" ""All the lonely people, where do they all belong "" In Schwab's Fall fantasy, they'll be walking the boulevard of broken dreams in supremely stylish solitude."
4708,"Sometimes it's up to the Americans to show the British where they stand with their own history while also being just that little more reverential toward it. Belstaff is one such case in point. Belstaff was established in 1924, and capitalizing on the vogue for motorsports in the twenties and thirties, it became the pre-eminent maker of high-performance waterproof sporting garments for both men and women. In his debut collection for the brand, the American chief creative director, Martin Cooper, has infused his offering with the romance of the machine age, when the motorbike and the motorcar were very much the pursuit of the wealthy. And very accomplished it is, too particularly as he was only appointed seven months ago. Having spent 16 years at Burberry prior to his appointment, rising to the position of design director of outerwear there, it's quite clear that Cooper knows well what it takes to fuse British heritage with contemporary desirability for both sexes. ""I did rediscover the brand through the archive, those iconic garments from the twenties onwards,"" he says. ""I wanted a holistic approach for both sexes, and 80 percent of the concepts are the same for the men's and womenswear."" Perhaps this is why there's a certain toughness in the womenswear that adds to its merit, eschewing the girlish folderol that can sometimes creep in when designers approach a fundamentally masculine, utilitarian history. Saying that, some of the standout garments were the dresses, particularly a silk ""oil slick"" print tea dress and its sheer-backed black georgette counterpart. Reworked to often feature skyscraper heels, the boots are among the most desirable elements of the collection, alongside the reworked outerwear staples. The iconic four-pocketed Trialmaster jacket appears in many fabrics for both men and women, with a particular emphasis on the exotics, crocodile and python. The intense sense of luxury does seep through absolutely everything, and yet Cooper and his team have been clever in not dissipating a sense of practicality and performance, particularly in the menswear. For us British, this brand, with its roots in Stoke-on-Trent hardly a town of sonorous high romance might conjure up images of oily bikers in roadside caf's. Yet the new Swiss and American owners, Labelux and Harry Slatkin, see the more romantic, luxurious side of its heritage. And they mean business, opening up two flagship stores on Madison Avenue, New York, and Bond Street, London, later this year. If Belstaff is anything like our luxury car industry, it is better off in outside hands and this seems like a decidedly safe pair."
4709,"Trussardi 's program notes, not to mention the market stall packed with fresh fruits and vegetables at the end of the runway, promised a trip to the Peruvian countryside straight up to the top of Machu Picchu. At another house, that might've meant all types of native dress, but under Umit Benan's new leadership, this Italian brand is becoming known for strong, sharp tailoring. Benan designed menswear first; his own evocative show is usually among the highlights of Milan's men's week. As with his debut here last season, the focus was on structured but not strict jackets, collared shirts, and well-cut trousers with an ease about them. (A few of the suits were three-piecers.) The only obvious nods to the Andes came in the form of wide-brim hats with rounded crowns, and oversize backpacks in exotics, and to a lesser extent perhaps the asymmetric hem of skirts worn over pants. Benan can't help himself, he designs clothes suited for women who negotiate the wilds of modern cities. A coat in shearling and snakeskin was made to attract attention, not repel the elements, while shirtdresses in leather or silk had a relaxed sense of chic. In all, this felt like a solid follow-up to Benan's strong debut at Trussardi, but you sense that, if he really buckled down to the task, he could push things further here."
4710,"Nothing overtly said, ""Ka-Pow!"" but today's showfound Phillip Lim kicking around the idea of superheroes, a theme he hadstarted to explore in his pre-fall collection. ""It's this idea of modern-daysuperheroes who are walking around us every day,"" the designer said after theshow. If that sounded slightly abstract, the collection was largely grounded inreality. Lim did open with a cape, but the resounding message of his mostlymonochromatic and minimal parade of sleek jackets, deconstructed sturdy ribbedknits, sharply creased trousers, and great tailored coats was simply this:strong clothes for strong women. (Having said that, which of us doesn'tbelieve in the power of clothing to produce something akin to a phone boothtransformation ) Lim also had ideas about duality. There was dark versus light in the punchygraphic interplay of pieces delineated in black and white, and hard versussoft in the weaponlike pointy toes of ladylike pumps. A smoke machine(apparently turned to 11) set a noir-ish stage, telling you all wasn'tas it seemed. Nothing evil was lurking, and, quite frankly, nothing toosurprising, just the slightly surreal twist of cardigans turned back tofront or upside down, along with collarless coats with indented flat collarsand trompe l'oeil metal collars. The strains of ""This Is a Man's World"" began to play mid-show,though it could have looped throughout. There was only one look that even approximatedsomething cocktail-appropriate. Don't even superheroines need a night offevery now and then?"
4711,"There's something insistently cheerful about Gaby Basora's line Tucker . Basora specializes in eye-popping prints, which she uses in easy-to-wear clothes, typically made from silk, that have a slightly vintage mien. She's leveraged that design strategy into a pretty booming business, and the psychology of the Tucker clothes has a lot to do with that: Basora makes pieces that, no matter how low a girl is feeling, are keen to paste a smile on her face. Bad breakup? Maybe it's this season's track pants in a pastel wallpaper floral that will do the trick. Job got you down? A tea dress in a bright doe print ought to cushion the blow of yet another endless spreadsheet. Rain again? Throw on a robelike coat in a painterly pink and purple print. Etc. Tucker collections are like a closet pep squad. Do they need to be more than that? Not really. And Basora doesn't complicate matters by attempting any particularly challenging silhouettes. This season, she emphasized longer lengths and ladylike cuts and detailing. In general, with the exception of a tailored pencil skirt or a sleek silk jumpsuit, she erred as usual on the side of clothes that are eminently toss-on-able. Also as usual, she's done a grab bag of eye-opening prints, ranging from the trendily twee (that pastel floral) to a Marni-esque graphic check. All in all, a typically boisterous outing."
4712,"Among the many, many brands showing at New York fashion week, Tahari is one of the handful that appeals directly to the mainstream consumer. Real women wear it, in their real daily lives. So it was only fitting that this evening's presentation staged informally at the brand's showroom used ""real women"" as models. One was cradling a baby. Several chatted away with each other, sipping Champagne. If you wanted a preview of how these clothes are actually going to be worn, Tahari provided it. As for the clothes themselves, the showroom setting offered proof that the collection on show was but a small representation of the Tahari offering as a whole; racks and racks of additional pieces lined the room. The big theme, onstage and off, was color: Designer Elie Tahari went tonal in a big way, creating color-block, tone-on-tone and painterly variations of tealish blue and green, red and fuchsia, and navy and purple. Throughout, office silhouettes predominated: Trousers were either extra-long and narrow or wide-legged and laced in the back, blouses came with gypsy touches, and jackets, like one in a combination of tweed and brocade, featured a lot of textural variation. Fur and reptile skin abounded. The casual mien of the presentation sometimes made it hard to read these looks for an overarching statement, aside from the big color story, but the women wearing the clothes looked happy to be in them."
4713,"You'd never guess that Sharon Wauchob 's micro print, which looked like city lights from a plane window, was inspired by early video games. ""It's not the era that I'm from,"" she said backstage. ""I was visiting it for the first time."" Otherwise, the Irish-born designer was in familiar territory, figuring out how to make luxury and exquisite femininity for a modern woman, as she does each season. Today that made for some of the most polished and beautiful clothes Wauchob has shown to date. She began with pleats, working with her usual French experts, experimenting with fabric weights, either by layering silks or piecing organza with wool and leather and re-pleating the whole shebang. It sounds complicated and in a few collaged numbers it was but the result had immediate appeal. A black wool dress, pieced with mink and leather and slashed to reveal a swingy panel of sheer pleats, was beautiful enough to garner audible approval as it glided by. Mink and leather on a dress? It may sound a bit much in theory, but it worked. Overall, there was a greater sense of luxury than is usual with Wauchob, most overt in sleek coats with lush, half-draped fox collars. Wauchob has used fur before, but these provided an unaccustomed sense of pure pleasure. As day turned to evening, there was a touch of pixilated sparkle in clusters of tiny crystals. They skewed sci-fi on tailored jackets and pants, but on a couple of dresses that mixed various types of lace, they twinkled like a perfect starry night. With so much looking backward by designers in recent seasons, it isn't easy trying to create modern clothes that don't leave you cold. But here was a finely balanced proposition."
4714,"The floor of the Salle Wagram still bears the marks of the track that was laid out for Alexander McQueen 's show in October 2003, the one that re-created the last-man-standing dance marathon from They Shoot Horses, Don't They? . That particular presentation found savage beauty in darkness and despair. Quintessential McQueen, in other words. But today, Sarah Burton well and truly laid those old ghosts to rest with a show that celebrated, in her words, ""a beautiful future, positivity, optimism."" Burton described shapes and patterns that would organically ""explode"" as the show reeled on. So the first short, shaped skirts were ""pods,"" initially in graphic jacquards, with decoration embedded in the fabric. Then they began to open out, first into cherry blossoms (maybe it was that Japanese connotation that triggered visions of a manga army with the models' uniform white wigs, sci-fi visors, and Rollerball booties), next into ""doilies"" of laser-cut ponyskin mounted on leather, and finally fur pompoms. Then the pods exploded, like puffballs, into extravagantly shaggy shapes in goat fur, ostrich feather, or Mongolian lamb, their shivering undulation evoking another organic association: anemones swaying in the tide. ""The future's usually shown as stark and cold,"" said Burton. ""I wanted lightness, the sense that the dresses were hovering."" One tiered dress, sprinkled with ""dandelions"" that looked like they were floating on air, had 80 godets, according to the woman who sewed it. The number of dandelions, she had totally lost count of. There were probably a dozen other such stats, underscoring how obsessive Burton's remarkable vision is (a quality she shares with her late mentor). Backstage before the show, nine people surrounded a huge froth of deep pink organza, hand-massaging its multilayers to bring them to life. The dress itself stood to silent attention, like an object of cultish worship the cult being, of course, beauty. The show's progression from pure white to the grandest possible finale of red and black felt like a journey from innocence to experience. Burton's own story, in other words. ""I pushed myself more,"" she acknowledged. ""It has to move forward."" Even those in the audience who queried theabsence of anything approaching clothes for the everyday surrendered to the forward movement of the stunning technique. As for pushing herself, Burton has tapped a vein of absolute magic. Its spell is irresistible."
4715,"With a blast of a whistle and the sound of wheels on a train track, we were off on the Orient-Express . For Fall Dennis Basso sent his girl packing on the famed transcontinental locomotive, though she could have been anywhere fabulous. The train shtick was just an excuse for Basso to show off some of his sumptuous luggage, like a carry-on case swathed in Russian broadtail. Of course, the true test of a carry-on these days is if it will fit in the overhead bin or under the seat in front of you. Basso is enamored of a bygone sense of glamour, and this collection was aimed at today's first-class flyers. Over the past few seasons, Basso has slowly expanded from fur into ready-to-wear, noting before the show, ""Almost every designer does fur now. And now I'm doing ready-to-wear!"" When you put it like that, why not? It's hard to raise an objection to a soft leather skirt in warm topaz, or a perfectly cut cashmere sheath in pearly gray. Basso loves to crossbreed his furs and exotics, pairing mink with lynx and python with raccoon, but he has always showed restraint with his sophisticated daywear, and this season was no exception. Still, it was hard to see under all those pelts. A chinchilla and lynx bomber jacket in a brilliant shade of orange (Basso called the color cayenne) popped so loudly against the clothes' cool hues that it commanded all the attention. The color looked great as an accent, inside a hooded parka or on the collar of a long, quartz-colored chinchilla vest with deep cashmere patch pockets. About that parka: Basso took a classic puffer, slimmed it down in broadtail, and lined it with double-face cashmere. Sound decadent? It is, but it had a day-to-day wearability that most statement furs don't. If you can tear your eyes from the house specialty, there are plenty of other pieces in this collection that are worth a look. But that's a big if."
4716,"Following his ""study of blue"" last season, Rad Hourani made his new collection a study in green. He must not have found much to interest him about the color; only two shades of green appeared on the runway, a soft khaki and a hunter green. Mostly, in fact, there was a lot of black, with the greens appearing as a contrast color, sometimes peeking out of an otherwise all-black look in origami folds and sometimes cropping up as geometric insets on garments. Aside from the debut of green in Hourani's palette, there wasn't much to say about this show that hasn't been said of Hourani before: The lines were strict and the silhouettes were skinny and vertical, with leggings and narrow tunics and skirts shown for both men and women. The outerwear was uniformly nice cool, thinly padded coats in wool and leather but as a whole, the collection was a bit of a comedown after Hourani's relatively adventurous collection for Spring. That prior outing saw him integrating shirting and denim into his look, but this time out, he didn't seem to add much to the vocabulary of his brand."
4717,"Thelma was the title on the invitation for Peter Jensen 's latest presentation, and given his predilection for idiosyncratic muses, the imagination ran riot. A straw poll came up with a draw between Thelma of Thelma & Louise fame and the fifties character actress Thelma Ritter. But Jensen was actually looking much closer to home, at Thelma Speirs, who for the last three decades has been half of the formidable millinery duo Bernstock Speirs, and also a DJ girl about town. ""I love being around her,"" Jensen said before the show. ""She'll wear jeans and a mink coat during the day, then dress for dinner at night."" She also posed naked for a magazine last year, so right away there was that subtext of subverted propriety that is Jensen's own specialty. His muse was parked front-row center, so it was easy to compare his version with the real thing. All the models sported gray hair, like Thelma's. The first outfit was a cropped jacket worn with cuffed jeans, just like she was wearing. A sweater in Jensen's signature rabbit graphic paired with plaid pants also featured Speirs' non-gender-specific style of daywear. As far as dressing for dinner went, Thelma was very taken with the final dress, a column in cream and black crepe, accessorized with a ""necklace"" of flocked headphones attached by a string of pearls to the bodice of the dress. (The pink flocked loafers were a quintessential Jensen touch.) Bernstock Speirs who else  provided the rabbit-ear hats. But where Thelma ended and Jensen began faded into unimportance as the show rolled on, simply because the aesthetic that the designer has so painstakingly evolved over his years just outside the spotlight was perfected here. Familiarity with it definitely helps. What might otherwise seem utilitarian (choose any smock-over-long-sleeve-shirt silhouette) and even schoolmarm-ish prim was continually undercut by an amused lightness of touch, surreal little flourishes (glittery belts; a gold fringe; a scatter of beading; a log cabin print; a beaded, flocked white shirt collar doing double duty as a necklace), and a twisted color palette that went deep on brown, chartreuse, and fuchsia. Jensen is a generous designer, or at least kind. There has always been the sense that he might be dressing the girls no one else pays much attention to. No longer. Alexa Chung was at the presentation. She immediately picked an outfit a black velvet dress with a beaded chiffon insert over a cream crepe blouse to wear to the Brit Awards tonight. And she swore she'd be back for everything else."
4718,"Danielle Scutt has a strong, sui generis design point of view. Actually, she has two of them: There's the Scutt who showed up on the Spring 2012 runway, all slouchy denim and rudegirl attitude, and then there's the Scutt of this season's forties-inflected collection. What unites the two is a lack of prissiness: Whether in her tomboy mode or tapping a vein of glam, Scutt is a designer with a commitment to conveying female strength through her clothes. That's almost enough of a through-line to stave off whiplash. Still, it's hard to look at the new collection a tightly edited group mainly comprising well-wrought, full-skirted dresses and not wish that it had been infused with Spring's streetwise sneer. Just so, last season you found yourself looking in vain for some of the effortless womanliness in plain view here today, and in Scutt's collection for Fall/Winter 2011. If and when Scutt manages to bring the womanliness and the toughness together, she'll be a force to be reckoned with."
4719,"Last season Vera Wang went through the looking glass, showing an Alice in Wonderland -inspired collection that, though lovely, didn't have a firm grasp on the real-life needs of women. The designer hasn't quite planted her feet on terra firma for Fall: The soaring arches of cathedrals provided the show's architectural photo print, and, more crucially, there were some of the same troubling issues with transparency. But there were other indications here that she'd absorbed the criticisms and was moving on. The show started on a promising note. Look 2 included an oversize nude wool parka with a detachable hood and great-looking tailored flare pants definitely a first chez Wang. And there was more cool, creative outerwear later on, in the form of sleeveless jackets with swooping raccoon collars just the things to wear over cashmere sweaters when the weather starts to turn cold. A sleeveless sheath in a steely gray jacquard, meanwhile, looked right up the alley of Oscar nominee Viola Davis, who sat in the front row. What worked less well were the sheer dresses, be they in nude net lace or vault-print silk chiffon. The peplums the designer put on top of them just didn't lower the risqu? factor far enough. Wang is a proven problem solver (see any number of the beautiful bridal gowns she's designed over the years). She should tap into that store of knowledge in her next ready-to-wear collection."
4720,"Browsing the racks before the show today, Silvia Venturini Fendi claimed that life as a Roman means living with layers of history, from distant yesterdays to pell-mell tomorrows. There those layers were on the Fendi catwalk hair that looked like a lift from classical statuary, skirts that were futuristically spliced, a dozen contrary ideas in between. Tying them all together was the signature notion of the hybrid: uniting leather jacket and wool coat in one piece; combining shine and matte, kilt and skirt, cape and shirt; bringing together plant and animal in a fur coat that vibrantly captured the colors of a wild orchid. Fur looked like candy-hued synthetic, wool looked like nubbly multicolored fur. A bag that appeared to be cut from animal hide was actually rubber; another handbag the most significant in the collection was an iPad carrier, reflecting Silvia's addiction to the information-gathering possibilities of the Internet. ""I'm always checking things at dinner,"" she said. Technology's influence on Fendi also comes courtesy of noted digitalist Karl Lagerfeld, who was saying that there's no need to refer back to the past when the online world is awash with late-breaking info. Nevertheless, there was a curious and charming retro edge in the Fendi collection, evident in details a puff sleeve, a fichu, a bustle that could almost pass as folkloric were it not for the fact that they were delivered in such an incongruous way. That bustle, for instance, bunched from navy blue croc or antelope hide. Incongruity may, in fact, be even more of a Fendi signature than the hybrid. It guarantees that this label's collections will always defeat expectations, in the best possible way."
4721,"After several seasons of static presentations and a lot of hard work in theoff-seasons refining the vocabulary of his brand, Bibhu Mohapatra had earnedthe right to show on a catwalk, which he did for the first time thisafternoon. The moment offered the opportunity to judge whether Mohapatra,long tipped as an up-and-comer, was finally ready to join the front rank ofemerging young designers. What Mohapatra has in spades is a real sense of luxury. His looks for bothnight and day are executed in rich materials and beautifully finished. It'sclear that the designer has thought every detail through; sometimes you feelhe's overthinking, actually. Today, as usual, there were a few garments thatbegged for a bit more simplicity, like a gown with a chainlike embroidery,ombré fade, peacock feathers, and plissé skirt. Still, you have to respect Mohapatra's ambition: His understanding of luxury is that it demands a sense of drama. His daywear benefits from that allergy to the mundane; some of the best pieces today were the show-opening ivory knit tops, with their sculpted construction and basket-weave detail. And Mohapatra also turned out a variety of fun colored furs. This section had an appealing looseness that,more broadly applied, could accelerate the breakthrough the designer'sworking toward. He seemed to have enjoyed making his cherry red and huntergreen popcorn fur coats, and women are going to enjoy wearing them."
4722,"Jeff Buckley hymned ""Hallelujah"" on the soundtrack, while flickering candles barely illuminated a wood-paneled room in which ten coffins had been arranged in a row. They held the bodies of ""ten beautifulgirls who died for fashion,"" according to the gray-suited female rector who introduced the scenario. No one could ever say Thom Browne is incapable of setting a scene. In the past, once he'd done that, he proved himself perfectly capable of sailing on into extremes scarcely logical. The boldness-bordering-on-lunacy of such an approach has exposed him to ridicule time and again. Admittedly, today's spectacle of a roomful of coffins was scarcely encouraging. But wonders never cease in the merry-go-round world of fashion. Browne's scenario called for his victims to be reanimated by their love of fashion. They clambered out of their coffins and stood sentinel-like while models meandered around them. So far, so macabre. But the notion of rebirth actually worked in a deeply metaphorical way, because what Browne showed was far and away his most convincing women's collection to date. In fact, it touched on emotions his often contrived work has neverplumbed. It may be as simple as this: These gilded, ethereal clothes were felt, not thought. For one thing, there were none of the gratuitous volumes that Browne is so attached to. Elegant elongation ruled, with the emphasis on a narrow waist. Exaggerated peplums and bustles heightened that emphasis. Although the designerinsists he is absolutely influence-proof, there were inescapable echoes of haute couture's golden age in such silhouettes. Same with a pleated cocoon, or sack-backed dresses. Then there were architectural constructs, with swoops of fabric that suggested the more outr? reaches of classic couture. A mink bolero, sparkly tweeds, and fur-trimmed camel were ingredients in a headily luxe stew. The one element that most obviously harked back to Browne's past indulgences was the body modification. The designer exaggerated any point where the body naturally protuded shoulder, elbow, knee, breast. It was that kind of flourish that made Rei Kawakubo a point of reference. But the soundtrack, drawn from Tim Burton movies, was maybe more relevant. The arena in which Thom Browne operates isn't fashion, it's the same rich, private world of fantasy that Burton explores on-screen. The world needn't be what it is, the designer says. And here's the proof."
4723,"Shane Gabier and Chris Peters picked up a runner-up prize from the CFDA/ Vogue Fashion Fund last November. The Chicago-based duo is no doubt getting advice from all sides now on how to turn their tiny label into a thriving bigger business. In a preview of their Fall collection they pointed to new pieces with more-accessible-than-usual price tags, like stripey mohair sweaters, silk slipdresses made in collaboration with Araks Yeramyan, and an A-line popover top in clashing prints (which, admittedly, was paired with a skirt made of expensive French brocade). But standing in the crowd today in the refectory of the Desmond Tutu Center in Chelsea (a stunning room), it was clear that they aren't compromising an inch on their unique, offbeat vision. The collection, they explained, was inspired by The Secret Commonwealth of Elves, Fauns, and Fairies , a seventeenth-century book by the Scottish Episcopalian minister Robert Kirk in which he collected his parishioners' tales of the supernatural. If there wasn't anything otherworldly, per se, about the clothes, there was certainly something dreamy about their construction. Cases in point: a white button-down blouse embroidered by Hand & Lock (Alexander McQueen's embroiderers, it turns out) with a quote from the fantasy classic The Last Unicorn . Or a trim blazer constructed from distressed leather and Lurex-shot striped wool with a heat transfer of multicolor Swarovski crystals on its back. Or a lace skirt dipped in silver. The overall feeling was folksy, but with a couture touch. Perhaps not a recipe for surefire retail success, but Gabier and Peters might have something better: a finale gown made from tiers of pale blue chiffon and taffeta with a silver lace yoke that, should it land on the right starlet come Oscar night, could earn them more renown than that Fashion Fund win."
4724,"About a third of the way through the Balmain show, Karlie Kloss strutted outin an outfit that made the women in Olivier Rousteing's crowd sit up andtake notice. ""That's how I'd like to look tonight,"" they were thinking aboutan off-white crewneck sweater tucked into a pair of low-slung velvet pantsembroidered Faberg? egg-style in thousands of pearls and crystals. Couture,but effortless. Rousteing is in his second runway season for Balmain, and he's on his way toestablishing a promising new direction for the house one that retains theelaborately hand-worked pieces the label is known for but is imbued with afresher, easier spirit. The first look out, a leather sweatshirt embellishedwith a needlepoint cameo that was worn over a snap-front top and simpleblack pants, captured the new vibe, as did a bottle green leather camp shirtworn with matching embossed velvet flares. The Balmain jacket has been redesigned by Rousteing. It's as boxy andoversize now as it was shrunken then; from the back, it's almost a perfectsquare. To cut their masculine look, he paired the jackets with fluid velvetpants, either dévoré? or stamped in the Faberg? patterns. That's not to say there isn't room for improvement here. The least thrillingpart of the collection was a series of stretchy dresses embroidered all overin pearls and crystals. They were predictable compared to those high-lowmixes."
4725,"At first blush, Duro Olowu 's high-impact designs seem to be made for a very specific woman someone high-powered who gravitates toward feminine shapes and bold, even eye-searing patterns. And indeed, for that woman, Olowu's clothes are catnip. But give his collections time to work on you and a more universal appeal reveals itself. Take the short flapper-y dress in his latest collection: Made of hand-pieced strips of printed silks, it's got a punchy eloquence that is unmistakably Olowu's. Let your eye adjust, however, and it's also a flat-out pretty party dress; some nervy starlet should try it out on the red carpet. Olowu is well known for his mixed prints. But there's a method to his madness: His cuts are sharp, his silhouettes digestible, and the prints themselves are always combined in a disciplined way. This season, he achieved painterly results by going for more tonal print mixes, a strategy inspired by his obsession with the Egon Schiele painting Self Portrait in Peacock Waistcoat . The collection defaulted to shades of green and teal, with the palette girded by tones of brass, cream, and black, and spiked with hits of red and pink. All that could still make for sensory overload, if not for Olowu's judiciousness as a designer, as well as his warmth. The warmth is an overlooked but unifying aspect of his work: He can do froideur perfectly well witness his tailored black coat with daggered lapel, or the bias-cut black gown straight out of a Bette Davis picture from the thirties but he'd rather be inviting. That coat, for instance, came in another, more memorable version, in color-blocked red and green striped tweed. It's a neat trick when a designer can simultaneously tamp down the formality of a garment and amp up its drama."
4726,"Maybe it has something to do with the way the seasons work down under, but Sydney-based designers Camilla Freeman-Topper and Marc Freeman came to Fall '12 with a spring in their step. The new Camilla and Marc collection was positively giddy with color never mind the somewhat obligatory blacks, of which there were plenty, because the standouts here were undoubtedly the dazzling floral print and hand-painted jacquard numbers. In large part, that had to do with the luxury of the fabrics: Freeman and Freeman-Topper have really exerted themselves, in terms of their materials, applying the floral print to silk cotton that had been pleated and fused and developing a wide-wale jacquard with an almost velvety texture. (They also developed a denim jacquard, which proved more compelling in person than it comes off in pictures.) The punchiness of the patterned items was nicely complemented by sculptural pastel dresses and the signature wide-leg Camilla and Marc trouser, this time turned out in hot pink, blush, and peach. The Freeman siblings didn't turn an entirely blind eye to the usual winter prerogatives, however; the shearlings this season were extra sharp-looking."
4727,"Given his track record to date, Christopher Kane could probably retire the award for Most Arcane Influence. His latest was a career best: Al Pacino's gay serial-killer thriller, Cruising , which inflamed the early eighties. Kane imagined the kind of girl who might infiltrate the lurid sex clubs depicted in the film, quietly playing voyeur. She'd have to be a very odd bird, indeed and a pretty tough cookie, maybe like the girl in a photo from Joseph Szabo's Teenage series, another personal favorite of Kane's. Anyway, all of that the lurid, the sinister, the scandalous came together in a collection that used extraordinary technique to induce visions of darkest sin. Kane reveled in it. He took to moir , for instance, because it reminded him of ""the inside of a coffin."" He compared the red he used to ""a vial of blood."" It was one component of a morbid, synthetic palette black, purple, hectic blue which, when it shaded florals or leopard print or that moir , brought to mind Baudelaire's The Flowers of Evil or Huysmans' Against Nature , masterpieces of nineteenth-century decadence. The big black blooms flocked in black velvet on purple tulle mesh said all that and more. The thick black leather cording that belted and hemmed sheathlike dresses implied more up-to-date transgressions. The collection couldn't have been more of a 180-degree from Spring's mesmerizing airiness, but the lacquered, oily artifice of these clothes exerted its own kind of attraction, at the same time as it daringly courted revulsion. Once again, Kane beaded and embroidered flowers, but where they were heavenly last season, here they were hellishly tangled and clotted, paired with cashmere knits densely threaded with wire. Maybe that was a mad mirror image of the pinstripes that opened the show. And were they a subtle evocation of Wall Street , another New York-in-the-eighties benchmark and another world where bad things happen?"
4728,"New designer, new directive? At Azzaro , the answer is both yes and no.Mathilde Castello Branco was named the brand's creative director last yearwhen the spot was vacated by Vanessa Seward, but the mandate remainsessentially the same: pretty party dresses and event gowns, with the crystalstrass embroideries that put the house founder's name in lights so manyyears ago. Castello Branco, who hails from Lanvin, used the crystals sparingly andwith some wit. The bow at the neck of a simple dove gray dress was pickedout in stones, as was its tulle-covered peekaboo back, and the tiers on alittle black number were embroidered with the crystals in a subtle, dégradé style. What felt newsy was a print of aces, diamonds, hearts, and spades we can'trecall ever seeing a print at Azzaro and a silver python used for asweetheart-neckline cocktail frock and a sleeveless coat-dress. Outerwear wasnever part of Loris Azzaro's vocabulary, and it was the weak link here, butoverall, this new incarnation of Azzaro holds promise. Next on CastelloBranco's agenda should be finding a space that can accommodate the curiosityseekers. The house atelier doesn't cut it."
4729,"It is entirely typical of Miuccia Prada that a collection which, for her at least, was a celebration of fashion at its purest, should read in photographs like an assault on the very notion she was attempting to exalt. With their hair and makeup, Guido Palau and Pat McGrath endeavored to project ""virtual princesses,"" avatars of fashion's digital age. On the catwalk, the models looked a little like a replicant army, even more so in photos. It was a powerful image, which dovetailed neatly with the statement about power that Miuccia made with her men's collection in January. But that wasn't actually the message she wanted to communicate. The canap's that were served before and after the show (and remember, these are significant markers of the essence of every Prada collection) included sweet-treat meringues and chocolates topped by crystallized violets. ""Pleasure,"" Miuccia explained. ""Everyone has a theory about their collections these days, but I'm sick of theory. This collection is about the pleasure of fashion."" In her eyes, the designer was making a statement about the enduring human aspiration to beauty, inspired, in part, by the natural world around us. Beauty, Prada style, is a sui generis proposition. The elements Miuccia chose read, in some respects, like a Prada's greatest hits: the mutated menswear, the bad-taste jacquards, the pajama dressing, the embellishment (and maybe even the Numanoid electronica from soundtrack architect Frederic Sanchez that underpinned the whole shebang). But such reduction can never do justice to the depth of fascinating thought and research that go into a Prada collection. The show-opening black coat-dresses, for instance, looked like hybrid morning coats, which harked back to the antique diplomat formality of the Prada men's show. But that also reflected Miuccia's conviction that the fashion of the future will take refuge in the past. (That's hardly a new notion just look at Blade Runner , a movie that may have been a reference here.) Then there were the embroideries. As precious as they appeared, they were actually multilayered constructs of Plexi and sequins, but what they conveyed, said Miuccia, was ""importance."" She felt that was a more significant message for women than mere power. In its own way, it was oddly seductive. The imposingly stern quality of these clothes will likely lay out an influential new path for womenswear."
4730,"It's tempting to think that Giorgio Armani was anticipating a certain amount of criticism when he named his latest Emporio collection Little Winter Follies. There was certainly one element of folly here: To wit, the collection's wholesale endorsement of knee britches (the show notes called them bermudas), sometimes paired with skirts or dresses. In velvet, with jackets to match, it was hard to escape associations with Thomas Gainsborough's classic eighteenth-century painting The Blue Boy . Not in itself such a bad notion, but a tricky sell, you imagine, for a contemporary woman. Although maybe it wasn't women exactly that Armani was targeting. The staging of the show had a girlish glee, the models looked like fresh-faced ingenues as they strolled the catwalk arm in arm, smiling conspiratorially. The flat shoes helped. There were moments when the britches had a period elegance: A black taffeta jacket and midnight velvet knickers were almost a dangerous liaison. Above the waist, Armani offered such a feast of jacket options that you could see window displays for days, especially in a luminous amethyst blue. In fact, the collection used color in a way that was so strikingly un-Armani that it was practically boulevers : Brightly hued plaids and psychedelically hand-painted Mongolian lamb jackets were folly at its most delightful."
4731,"Minutes before the start of her Fall presentation which had a campy magicshow theme Tara Subkoff was in full-on stage director mode. ""Pretend thatyou're in The Artist !"" she urged the models, who were encouraged to vamp it up in their role as magician's assistants. ""Can you try doing a dramaticreveal and twirl with the cape "" The Imitation of Christ designer, afterall, loves the theatrical side of fashion, and her clothes often have a costumey quality about them. This season featured a collaboration with bespoke tailoring label DoyleMueser, and the collection was full of fitted pantsuits (think Jerry Hall inthe seventies) and sexed-up spins on menswear. There were a couple of funideas: Subkoff scooped the arm and shoulder out of a crisp white button-down shirt and paired it with a slit-to-there pencil skirt. And playing onwhite-tie dressing, she reworked the men's formalwear vest into floor-lengthsatin, adding cool grosgrain belt details in back. The collection as awhole, however, was a bit more gimmick and Gatsby-era romp than realmagic."
4732,"Kate Phelan brought 18 years of experience at British Vogue to Topshop's in-house design team when she joined the retail behemoth as creative director last June. It showed in today's collection. The way that structure and slouch were combined to create something edgy but accessible had the fingerprints of an expert stylist all over it. ""Relax it, mix it up"" were Phelan's straightforward goals, and the design team took them to heart. The khaki officer's coat that opened the show set the pace for dramatically scaled outerwear with a strong utilitarian bent. But the scale carried over into big shirts slipping off shoulders, and full hip-slung skirts. Outfits mixed fabrics like the pants that were leather in front, wool in back, or the green felt dress with the leather bodice. The element of surprise was a distinct asset. The utility theme was elaborated on in military and workwear touches, like the serried ranks of crosses that were the collection's major visual motif, or the thick-soled, spike-heeled ""army"" boots, or the dungaree details. Phelan said another aim was ""From runway to reality,"" and the forceful, somber-colored looks shown here could certainly have marched straight off the catwalk and onto a big city street. But it was actually a blessed relief to be thrown a frivolous bone at show's end, when a handful of glittery party dresses eased on down the road. A backless sequined shift with a netting overlay had a poppy little kick of the sixties, to go with the Jane Birkin hair. That, too, spoke of the seasoned stylist's eye for detail."
4733,"It's never been just about the clothes at Surface to Air . Since its beginnings in 2000, the cult Parisian creative collaborative has offered its urban hipster clientele an appealing lifestyle brew that is equal parts fashion, music (S2A has partnered in recent seasons with artists like Kim Gordon, Kid Cudi, and Justice), interior design, and film. For brand founder Jeremie Rozan, the video he directed for the latest lineup is just as important as the merchandise itself. Shot on a walkable roller coaster in Duisburg, Germany, and set to the Rapture song ""Roller Coaster,"" the short film depicts a young couple chasing after each other along the ride's empty tracks. The girl is dressed like any insouciantly cool university student picture, for example, L a Seydoux in the 2008 French flick La Belle Personne . She wears rugged yet refined parka jackets, slick stovepipes, and platform sneakers from Fall. There are flashes of both grunge and glam in the form of beanie hats and Bowie-esque silver leggings. According to creative director Aldric Speer, the S2A customer never wants to appear as though her style is too studied or deliberate. She stays current by taking in new exhibitions and bands, instead of taking cues from the glossies. Still, the new collection nodded to a few of-the-moment trends, including coats and the still-happening varsity jacket."
4734,"After Sophie Albou completed her men's collection in January, she found herself trying on the jackets and coats, and rather liking what she saw. Et voil? , the seed of her women's collection was born. ""I thought it was cool,"" Albou said backstage. ""Why do we need to do something so complicated for women "" Why, indeed. Around the runway, every square inch of wall was covered in a photograph of woods in full autumnal glory. Albou cited the arboreal Edens around Paris, like the Bois de Boulogne, as a source for the rich auburn and ocher shades, but overall the look distinctly paid homage to the English countryside. Albou mixed mannish tweed coats and trousers and sweeping trenchcoats with sequins, jeweled satins, and ditzy floral prints. Sure, it's not revolutionary, but her spin had its own fizzy fun, as seen in the pop of a velvet jacket and baggy pants in hunter's orange, or in subtle but effective hits of leopard. But what made this a solidly good collection was the fact that all that tailoring jackets with strong shoulders and skinny sleeves and slouchy, hip-slung trousers simply looked great, both well-fitting and well-made. Compared to last season's motorcycle mama, there was a welcome sense of polish. And it felt more in line with the trends and what girls want, or will be wanting when September rolls around. Pajama silks? Check. Baggy trousers? Check. All that's left is for Albou to open the New York boutique she's been planning for ages."
4735,"Daryl Kerrigan's decision to close her East Village store at the end of March after withdrawing from New York fashion week in February may have led some to believe that things were changing for the designer and not for the better. But a preview of her latest Daryl K collection says otherwise. The Dublin-born industry vet's cool yet sophisticated aesthetic remains the same. ""The downtown attitude that's synonymous with fashion has always been my signature look,"" explained Kerrigan. ""Most of the things you see here have existed before."" Still, every woman's day-to-day wardrobe requires a bit of sprucing up, Kerrigan's customer included, and the inspiration this time around was a ""girl in a stable yard."" That vision translated into a tailored wool jacket with leather and velvet accents that was nipped in a bit at the waist, just the thing for pairing with Kerrigan's leather leggings, this time done in black with a contrasting red sideways stitch. Trousers are a thing for the designer, who has playfully dubbed her label ""Pants-R-Us."" New for Fall were a cropped leather boot-cut style and a wide-leg pair with a zipper detail. And for the girl who doesn't like pants? With this collection's silk ""9 to 9"" (as opposed to 9 to 5) dress, complete with an elastic waistband, Kerrigan's got her covered, too."
4736,"If it was a coincidence that Dita Von Teese was in the front row at thismorning's Jenny Packham  show, it was a mighty convenient one. This seasonfound Packham trying her bad girl on for size, showing bias-cut gowns andembellished pencil skirts that paid obvious homage to the forties femmefatale. The collection wasn't particularly racy, though. Packham's default settingis sweet, and despite all the lipstick red and noir-ish black on the runway,and the sexy dive of some of her deep V-necks, there was nothing herethat would raise any eyebrows at a charity gala. (Or at Buckingham Palace,for that matter.) There were some solid gowns, though, several of whichlooked likely to be whisked straight off the catwalk to Oscar fittings inL.A. Packham's gold and black beaded bias-cut gown and voluminous floralprinted silk were particularly memorable; a strong-shouldered black bias-cutgown with a plunging neckline, meanwhile, made for a fine approximation ofthe kind of thing that Barbara Stanwyck or Lauren Bacall might have worn atthe Copa, back in the day. The problem here was with the emphasis onembellishment Packham can be awfully heavy-handed, and a few dresses coveredin crystals and sequins looked terribly weighty. Still, there were enoughwinners here to keep Packham's star on the rise."
4737,"It was easy to miss the first look at Revillon 's intimate show. There was no music or pomp. But once you realized the show had started, it was hard to look away from the 23 exits of ultra luxury making the rounds in the fittingly exquisite Salon des Aigles in the Hôtel de Crillon. Today's show was the debut of the furrier's new creative director, Andrew Heather, who spent 13 years working at Givenchy, having been originally hired by Alexander McQueen. Heather's most recent focus was haute couture. That showed in his ability to innovate techniques, for instance, replacing typical satin linings (one of his main fur pet peeves) with tweed that's sewn painstakingly onto the fur to make it, in effect, a double-faced fabric. ""I tried bonding, but it turned into cardboard,"" he explained. ""This keeps the suppleness. Then you can do all sorts of things."" One of those things was tailoring, cutting fox and sable into little peplum jackets, and piecing sheared mink with hair calf into narrow coats. Heather's post was most memorably held by Rick Owens, who gave Revillon an edgy relevance. Heather's refreshed but still elegant vision takes a subtler route. That front-to-back contrast piecing with leather, hair calf, or even velvety sheared mink lightened things up both physically and in terms of flashy statement. Though it upped the sexiness factor on leather or shaved astrakhan pencil skirts backed in a body-hugging black ribbed punto di Milano. Lighter still were the lacquered tweeds Heather developed to play off the texture of all those pelts. He may be a fur newbie, but Heather is quickly becoming a master. See the symmetrically engineered lines on the skunk coat that closed the show. ""A skunk doesn't actually do that,"" he sighed."
4738,"Anna Sui could spin you a story about how she wove the web of inspiration for her latest collection: the Todd Oldham book about textile designer Alexander Girard, the valentine cards illustrators Walter and Naiad Einsel sent each other every year, the commercial art of Fellini favorite John Alcorn, the caftans Elizabeth Taylor wore in her campiest seventies glory days. The go-go girls on Shindig ! But all of that enlightenment would ultimately be surplus to needs, because the clothes Sui showed told their own story, as upbeat and literally transporting as anyone could hope for from fashion at a time when the world craves reminders of enchantment. Like Marc Jacobs' show the other night, Sui's presentation honed in on the fantasy of fashion. It's scarcely a new impulse with her, but what elevated the collection this time was an extraordinary precision and polish. The detail was off the map, as in a ""librarian"" dress with a print of books, trimmed in a lace in the same book pattern (made in New Jersey; Sui is, after all, New York fashion's locavore equivalent). Or a print that featured postcards with the addresses of all the Sui stores around the world. Or a smock whose bodice was dressed with laser-cut Plexi butterflies. A handcrafted owl appliqué was the kind of folkloric touch Sui excels at it was attached to a velvet varsity jacket over brown corduroy short shorts for a look that popped like Twiggy. But it was the spirit of Jean Shrimpton in her early sixties heyday that guided the glittery plaid shift topped by a matching coat and paired with kitten heels. And, of course, the mighty Liz, invoked in Lily Donaldson's gilded chiffon caftan with intense orange capris. What could seem like fashion historicism in lesser hands was translated by Sui's sheer passion and eye for detail into something seductively of the here and now. To step from New York streets crowded with men and women in anonymously dun-colored coats and puffas into Sui's world of extravagant color, print, and texture was to be welcomed into a universe of possibilities. If only the universe would say yes to the invitations."
4739,"Frida Giannini said she had nineteenth-century decadents on her mind when she was designing Fall. The mood, not unlike at her men's show last month, was dark with rich tapestry jacquards, plush velvets, a hothouse floral printed on a ground of black, and a palette that revolved around plum, bottle green, espresso, and jet. Romantic was the word she used backstage, ""but not cute-romantic; it has a confidence,"" she said. Nocturnal is another good word for the collection, which delivered more capital F fashion than we're used to here, while also feeling more personal than previous Giannini outings pour us a glass of absinthe. To begin with, the confidence came through in the emphasis on menswear, much of it oversized. Giannini opened with a military jacket paired with a slim, long velvet skirt, and there was a great-looking cropped leather peacoat with an away-from-the-body swagger. Capes figured prominently, too, complemented by full-leg pants with a real slouch that felt new for Gucci . They were stuffed into crocodile riding boots Arthur Rimbaud never had it so good. As for the romance, it had an edge that went beyond the Scarface soundtrack playing in the background. Blouses were provocatively sheer, with Pre-Raphaelite sleeves and artfully placed scrolls of silk or velvet on the bodice. Dresses, for the most part, cleaved the lines of the body, but when they didn't, as with the pair in vibrant leopard jacquard, they dipped to the midriff, with slits inching up the thigh. One dress, covered neckline-to-hem in oil-slick coq feathers, looked almost wicked. The show crescendoed with a series of dramatic peekaboo gowns in jewel-embellished tulle that seemed to reveal more than they actually did. Siren gowns all, they were the literal crystallization of Giannini's dark glamour theme."
4740,"Backstage before their show, Timo Weiland and Alan Eckstein talked about the adventure and exoticism of the post-punk era New York City, when ""artists were really able to be artists,"" as Weiland put it. ""We feel connected to that."" Rose-colored as that view may be, it gave the pair a rebellious platform to jump off of. A partnership with Saga allowed the label to experiment with fur for the first time. A long navy coat came with a removable fox-pelt waistband; another, in white, featured removable raccoon cuffs. These add-ons were definitely more luxe than punk, but they provided a nice textural volume to the layered knits and silk prints. The emphasis on layering, along with a smattering of plaids and a fewvelvet maxi skirts, called to mind yet another music era: grunge. Add a slipdress, a few cropped sweaters, and a fusty-kitsch floral print, and most of the women's looks landed solidly and wearably in the nineties. The menswear was less idiosyncratic. Subtle tweaks on solid classics like pants with a tuxedo stripe on the inside of the thigh, as opposed to out made the label's hooded sweatshirts, duffel coats, and fitted work shirts the ideal foundation pieces for a casual, well-tailored wardrobe. Were there incendiary fashion moves afoot here? No. But hip prints, quality fabrics, and a great fit are plenty to get fired up about."
4741,"For Fall, Jill Stuart channeled ""the dark, magical world of Nick Cave's women."" Speaking backstage before today's show, she reeled off a list of the singer's sometime collaborators and lovers, including PJ Harvey, Lydia Lunch, and his wife, Susie Bick. ""They all have this mysterious nonchalance about them,"" she said. The designer achieved this kind of noir charm with rich floral-embroidered lace (seen on the opening long-sleeve frock worn by current campaign model, Daphne Groeneveld), berry-hue chinoiserie silks, and vampy patent platform boots. While this lineup was a cool departure from Stuart's typically sunny fare, she never lost sight of her ultrafeminine customer base. Youthful yet prim-collar peplum tops and oversize schoolgirl peacoats kept the look identifiably lighthearted."
4742,"You can't help but be drawn in by 25-year-old Dean Quinn 's fashion fairy tale of a story. At 16, he left his small town in Ireland for London, where he called every single person and finally scored an internship with Zandra Rhodes. ""I learned so much. Then she said, 'You need to go to Central Saint Martins,'"" Quinn gleefully related at tonight's presentation. ""I had never heard of it. I thought it was a religious school."" The happy ending: He went and graduated with the Womenswear Designer of the Year award, which prompted Donatella Versace to come calling. After a year, he struck out on his own. Now on his second season, the designer is proving himself to be more than just good copy.The 14-look collection all dresses and gowns had a bright, sporty-sexy look that, while impactful, might not grab you with its originality at first glance. But Quinn's talent is sweating the small stuff. Take a closer look at the hand-cast gold zippers, the couturier's pintucked pleats, and construction that lets these body-con beauties move with the ease of Spandex even though they're cut in crepe, and you'll start to understand why Quinn's debut spring dresses at Barneys New York have all but sold out. He's also managed to keep his retail prices strategically under $1,000, evidence that he's got an eye on reality. ""In the past couple of years, there's been a culture of showpieces and demi couture,"" he explained. ""That is definitely not where I want to be. I want to be a business. I look around and ask, 'Who's going to be around in five years ' I want to take it really slow."""
4743,"Other designers in Milan may be feeling dark and moody, but not Dsquared? 'sDan and Dean Caten. To prove it, they staged a high school prom, dimming thelights and switching on a pair of disco balls midway through their 9:30 a.m.show. The sign on the wall said Class of 2013, but the vibe was more earlysixties from the top of the models' bouffant hairdos to the tips of theirdiamant? and leopard-spot pumps. In between, they wore snug brushed mohairsweaters over button-downs and lamé skirts; toggle coats and rolled-hemjeans; and a green croc jacket with cropped pink pants. Hands down the mostcharming piece was a rugby sweatshirt in striped mink. Often the Caten brothers prefer their girls more bad than good, but thatwasn't the case here. The only things that these pretend high schoolers'parents would disapprove of were their cigarettes. Even after the discoballs came on, things never took a turn for the provocative. Hewing moreclosely to the current trends than what preceded them, a trio of blackcolumn gowns were all about the hips. Pure sweetness from Dsquared ? Trustus, we were surprised, too, but pleasantly so."
4744,"The beyond-imminent birth of Phoebe Philo's third child influenced her presentation today no big deal, an intimate delivery for a handful of guests. But it had no influence so she insisted on the clothes she showed. ""Maybe, if I can't lose the weight, there'll be empire lines next season,"" Philo said. In the meantime, every seat had her usual grab bag of images, which may or may not, she claimed have been lurking in her subconscious while she was thinking about Fall. Images of brutalist architecture, for instance (paging Rick Owens). As a West London girl, Philo would be all too familiar with the long shadow of brutalist masterpiece Trellick Tower. That particular tower block was a stalwart of punk iconography, but so were zippers. Which happened to be a defining detail in this collection, opening up knees, running down calves, curving round torsos. They gave a literal edge to the clothes. There was even a hint of Trellick blockiness in the top that matched diagonal bands of black, white, and fluoro pink fur. The abstract track-pant stripes were, of course, quintessential Portobello Road, but, in London's Olympic year, they also had the sporty raciness of national pride. All of which pointed to a punky zest in Philo's Celine . When that same pink fur showed up as the last gasp of a collection of drop-shoulder jumbo-size overcoats, it was pause for thought. All the coats had big half-belts in leather. ""Martingales,"" said Philo. ""I love the sound of that word."" She called them a ""punctuation,"" but they gave the coats a big old party-time swag. That too felt like a memory of a moment when sharp girls threw vintage overcoats over cropped pants and tees the moment, in fact, when people were listening to Portishead's ""Glory Box,"" offered here in multiple versions as a soundtrack. The coats were the collection's headliner there was wickedness in the one that spun to reveal a furry tail of red but the women who look to Celine for a wardrobe update might find news in the ever-so-casually draped tops, which were actually artfully structured. There was silhouette action here. But no empire lines? yet ."
4745,"When Giulietta debuted a year ago, Sofia Sizzi made a big impression right out of the gate with her modern take on sixties-era Italian femininity, scoring accounts with big retail guns like Barneys and Net-a-Porter. ""She had a remarkable ability to define herself from the first collection,"" said Barneys fashion director Amanda Brooks at today's show. Brooks, joined by chief women's merchant Daniela Vitale and CEO Mark Lee, reported that Giulietta's sales so far exceeded expectations. Moments like this involve a delicate balance for a young label. You've got to move forward to show you're capable of developing a vision, and yet in the process you don't want to jettison what made you successful. For Fall, Sizzi mostly did a fine job of walking that tightrope, adding pops of color (a harbinger of things to come for resort, she hinted), a dash of baroque, and more volume to her typically austere lines. (Though it was partly undermined by a few growing-pains glitches like a broken zipper and belts that sat askew.) Sizzi says she was inspired by the Visconti film The Leopard , the 1860's through the lens of the 1960's, and the idea of palazzo life, from morning prayers to fancy-dress balls. ""It's more whimsical,"" Sizzi explained in a preview. ""I want it to feel traditional but happy and playful."" For day, the collection was prim and tailored. While some of the stiff white collars might not be for everyone, existing fans will find their way to the simplicity of a chocolate tunic and cropped pants, or an ivory sheath worn over an eggshell bow blouse. You understood the point of the square pilgrim buckle belts, but at times they added a less-than-welcome retro heft. Part of Sizzi's appeal is her authenticity, and she continued that in the tile-like Trevano motif from her native Florence in a luxe-looking brocade cut into little pants and culottes, and made into a custom jacquard knit. Full-on evening, however, was uneven. The two dresses that ended the show didn't entirely make their case, but a frilled white dress, inspired by the gown worn by Claudia Cardinale in The Leopard 's ball scene, had just the right dose of sugary sweetness for a convincing closing argument."
4746,"The show notes at BCBG Max Azria cited the geometric abstraction of the Bauhaus, but that only told you half the story that of the surface. The shapes that underpinned the collection relied heavily on the loose-limbed look of seventies American sportswear. There were belted trenches, languid wide-leg jersey trousers, and loads of midi-length color-blocked and paneled dresses, either flaring with pleats or cut straight like a long T-shirt and slit up the sides. In fact, as has been the case for several seasons, Max and Lubov Azria placed most of their chips on the frock sector. Practice makes perfect; there were many here that will appeal to their customer. The sporty color-blocking is a trend the Azrias have been riffing on for a few seasons, and here it was given depth by colorful contrasting pleats, though the new direction didn't feel as identifiably their own. Whether intentional or not, the dress-centric nature of this collection cast other categories into supporting roles. But the smattering of outerwear made up for its rarity by really laying on the luxury. And who needs a sweater (there were none here) when you've got coats with leather and fur sleeves? BCBG has vowed to weather a pair of recent credit downgrades, and here was evidence of heads held high."
4747,"If the first few looks at Sonia Rykiel struck you as uncharacteristically subdued, your fashion Spidey sense was right on. The gist of Fall was to create a wardrobe of classics, described in the show notes as nonchalant, ""familiar yet surprising"" with an ""offbeat twist."" Though in the charming world of Paris' redheaded fashion matriarch now translated by creative director April Crichton the essentials can mean a fine navy pea jacket with contrasting royal sleeves as much as an orange Creamsicle shearling cocoon coat. There was in fact quite a bit that any woman might love to have as staples in her closet, whether she subscribes to a wink-and-smile Rykielian philosophy or not: madly cozy knit skirtsuits; matching intarsia pullovers and pencil skirts; and the very chic, airy smocked dresses in a faint sweet ivory print or sexy sheer black. As always, there were offbeat twists, like a long ribbed mohair cardigan split in the front to look like two pieces, or the surreal erotic hardware in the shape of a breast on belts and polished, ladylike bags. But the cheeky fun factor was toned down. Perhaps it was because these clothes and bags mean business. The House That Sonia Built sold an 80 percent stake to Fung Capital just two weeks ago. Still, on their final walk the models smiled as big as ever, matched by Crichton and Nathalie Rykiel, who took a bow hand in hand."
4748,"Wayne Lee will not deny her inclination to study industry veterans Rick Owens and Ann Demeulemeester for inspiration. But after today's show, it's clear that the new mom knows how to make her collection look and feel like her own. Lee stuck with the ""Wayne DNA"" (she's trying to build a lifestyle brand) yet her signature separates in black, gray, white, and the occasional brown were infused with surprising pops of neon on the shoulders of tanks and the tails of coats, and for the first time, the designer used snakeskin. Lee worked the glossy reptile leather into shirts and dresses, and used an abstract cobra print to create free-flowing silk wide-leg pants that were paired with a chunky cable-knit sweater. Also new for Fall was a sporty theme. Baseball tees with leather sleeves, hooded jackets, pinstriped leggings, and monochrome low-top Converse sneakers ruled the runway. But from the way Amanda Brooks and Mark Lee of Barneys (which the designer says has always been her biggest supporter) snapped pictures from the front row, it seemed that the last look, a long black coat with a raccoon collar, was what earned the designer a home run."
4749,"It started with a dot, Naeem Khan said backstage after his opulent show(which boasted the week's best celeb, Matt Damon, in the front row). By ""adot"" Khan meant a bindi the decorative mark or jewel worn by Indian womento ward off evil or signify marriage which he co-opted as the jumping-offpoint for an exploration of Indian body art. Using evening coats and gownsin a palette of taupe, sand, and black as stand-ins for actual skin, Khanbeaded, threaded, and appliqu'd the collection's pieces with geometricprints and classic Indian paisleys. The embellishments followed thegarments' seams or played elegantly off the body's lines and curves. Theycreated allover prints that looked beautifully organic. Where there wasn'tpattern, there was texture. A black pouf of ostrich feathers made for abuoyant skirt on a cocktail dress with a top made of black, ivory, andsilver beads. Another a breezy, dropped-waist dress in silk faille wasdecorated with both abstract felt appliqu's and small mirrored discs. Sounds busy, but it was far from fussy. Despite all their adornment, the dresseswere enticingly sinuous: A slightly relaxed silhouette, courtesy of plungingnecklines and low backs, kept the surface treatments from feeling heavy. Asthe Academy Awards approach and stylists start their bidding wars, Khan'scollection should be at the top of their wish lists. A long-sleeve,open-back gown covered in dense gold paillettes actually looked like awalking Oscar statuette, and it was one of many that would dazzle on the redcarpet."
4750,"The idea of 2012 as the end of the world seemed to run out of steam last year, but let's face it, creative minds will always love the drama of an apocalypse. Unsurprisingly, PPQ 's Amy Molyneaux and Percy Parker imagined all known existence ending in a single, smashing night out. That accounted for all the eveningwear here, which ran the gamut from head-scratchingly straightforward draped chiffon dresses to the head-scratchingly head-scratching. Those diaper-bottomed bodysuits, for instance. Our pick for the last night on earth would be the swingy Little Black Riding Hood coat, which framed the face in a spooky-mystical arrangement of chunky gold beading. With the Veronica Lake hairdos and all kinds of peplum waists, slim midi-length hems, and dramatic collars, there was a clear retro thread. Molyneaux politely dismissed the notion, calling focus instead to the intricate draping tailored into sleeves and shoulders. While we're on the topic of construction, it's worth mentioning that no one comes to PPQ for fine craftsmanship, but seeing models hobble painfully down the runway in ill-fitting dresses spoiled some of today's fun. Ultimately, PPQ is one of those Pied Piper London labels that manufactures energy and brings the kids along. It's tailor-made for collaborations, like their newest one with Rule Style Bikes, as well as easy-to-sell accessories like the oversize glossy cases that many of the models carried today. If you saw the bananas scene of paparazzi shooting the front row, you'd know that energy is one product the duo isn't skimping on."
4751," Neil Barrett should be better known than he is, said a fellow editor after the designer's presentation today. We'd agree with that. Barrett is a top-notch tailor, capable of synthesizing the trends without being obvious about it. For Fall, he's gone oversize as other designers have, cutting crombies, duffels, and even furs in the generous, rounded proportions of mid-century haute couture. ""It's like taking XXXL men's sizes and cutting them back onto girls,"" he said of the process that lent the coats such dramatic shapes. They gave good profile as the models marched past in the Rue du Mail showroom. Sweatshirts and sweaters were scaled up too, and an engineered wool chalk-stripe dress had extra volume in back. His suits, in contrast, remained streamlined. One pair of pants was made from a wool loomed together from a check and a tiny houndstooth. Somewhere around the knees the two patterns melted together. ""It's my answer to embellishment,"" he said, ""and it makes it harder to copy."" The copy artists shouldn't even bother with a military coat designed so you can wear it over your shoulders without it slipping off. Its clever inner vest construction is High Street-proof."
4752,"Just as they did at their first-ever runway show two years ago, Ashley and Mary-Kate Olsen accessorized their latest collection with flat ribbon sandals. Their clothes have both remained the same and evolved in beautiful ways. The sisters still believe in monochrome dressing; this season they used black, navy, ivory, and a range of browns. They still love the look of a clean, unfussy silhouette. It doesn't get any less complicated, or more elegant, than a strapless cotton-silk cady away-from-the-body dress with a slash pocket high on the torso. And luxury remains an essential part of the brand DNA. On several of the looks they treated fur as a textile, using mink as a bib trim on a bishop-sleeve chiffon blouse, or ""knitting"" a ribbed sweater from the stuff (actually, the fur was sheared in panels to create the ribbed effect). A double-face hammered cashmere coat with alligator trim and pocket details was equally plush not flashy in the least, but nonetheless quite special. Asked beforehand for some words on the new collection, Mary-Kate said, ""It's about a feeling, really."" Two years ago we called that feeling ""utterly simple and anonymously chic."" Now, we'd add serene, even timeless. Chaste is too strong a word, especially with the sheer black chiffon, so we'll stick with refined. Bonus points, then, for the setting: the historic Bemelmans Bar at the Carlyle Hotel, complete with live piano accompaniment and breakfast goodies on every table."
4753,"Spring/Summer 2012 was a breakthrough season for Peter Pilotto , and you could hardly blame designers Christopher De Vos and Peter Pilotto for wanting to repeat its success. There were times, though, early on in today's show, when you wondered whether Pilotto and De Vos were repeating themselves a bit too much: The first looks that appeared on the catwalk this morning came off like stretched-out, streamlined versions of last season's clothes. Even the prints appeared identical. But as the show progressed, and new ideas integrated themselves into the collection, you began to appreciate the wisdom of the Pilotto boys' decision to begin with the overtly familiar, and build. This collection articulated a thought process and affirmed the designers' steady, incremental approach. The new ideas, this time out, mainly manifested themselves in print the Peter Pilotto stock-in-trade. Inspired by recent trips to Asia, they created a pattern based on Japanese ""light trucks,"" vehicles studded with thousands of lights, and another one abstracted from Chinese opera masks. The latter had a floral sensuousness, and made for some uncomplicatedly gorgeous garments; the light-truck print was trickier, but it looked good set off by swathes of deep blue velvet. Along with attenuating their silhouette, Pilotto and De Vos also developed last season's wrapped and haltered bodices by playing with more intricate crisscross and cutout effects. And there was another update in the beading of the garments a three-dimensionalizing of the print, as Pilotto put it that followed on last season's more dappled embroidery. The most interesting new ideas in the collection, however, came in the form of its furs and puffer coats. The laminated wool puffers were done in the signature Pilotto prints and made in collaboration with the Austrian outerwear brand Schneiders; the fox furs came vibrantly striped, and they were really striking. All in all, this collection didn't set forth any dramatic new proposition, but it was a confident elaboration of the Pilotto look."
4754,"Early this morning, Mulberry announced its new bag, the Del Rey, inspired by much debated singer-slash-muse Lana Del Rey. That elicited groans from a few editors. But hey, isn't fashion all about manufactured image? A perfectly lovely structured leather flap bag with a top handle doesn't need indie cred. At today's show, Del Rey was only one spot in the celebrity power strip of Elizabeth Olsen, Michelle Williams, Downton Abbey 's Michelle Dockery, Bill Nighy, and Lagerfeld-approved rapper Azealia Banks. It's arguably one of the best front rows in the city (Burberry gives it a run for its money), and the soup-to-nuts staging of the season's inspiration is like buying a ticket to luxury Disney World. For Fall, it was Where the Wild Things Are , which gave you shaggy black sheepskin-covered benches and two inflated Wild Things standing like sentries on either side of the runway. And on it, the look was deliciously autumnal and appropriately furry. There were beastly Mongolian coats and skirts, rabbit-trimmed hooded coats, and knitted fur pieces gilets and a full dress that looked light as air. Even the Maisie messenger bag was recast in black shearling. Those textures mixed it up in belted layers with bright tweeds, big chunky hand-knits, tiger prints, lace, and slick lacquered wool. As for bags, the surprisingly simple Del Rey came in sparkly blue embossed croc and a gold snake print, and joining it were new versions of classics like the Lily and the Alexa, some made to coordinate with the clothes. You sometimes sit at Mulberry calculating how much the accessories behemoth might have spent on the full runway production, the adorable food and drinks, the wrangling of A-listers. Then the Muppets song ""Mahna Mahna"" closes the show and it all falls away. Ultimately, you have to hand it to a brand that delivers its infectious message in such a watertight and frankly fun way."
4755,"It felt like Hussein Chalayan was getting impatient with the bombardment of questions coming at him after his show. ""Did you enjoy it "" he asked one journalist. ""That's the main thing."" But when a man admits to creating a print inspired by ""bacteria and ship parts"" he's going to get grilled. And when he offers a presentation that is not particularly clear in its conceptuality, enquiring minds will quite obviously hound him to the grave. A backdrop of abstract photographic images and cryptic texts created a series of scenarios into which Chalayan dropped his new collection. Take the first one: ""No Dark No Light,"" read the text, against which he paraded strong, linear clothes with a color intensity sufficient to light the darkness. There was also an illuminating holographic accent. And right there, the pattern of the show was established. In Chalayan's mind, the subsequent seemingly random texts and visuals underscored the fact that his collection had no theme. For the audience, untroubled by such considerations, it quickly became simply about the clothes. And one of the most fascinating things about Chalayan is that, for all his cerebral convolution, he is actually a designer who makes clothes that provocatively acknowledge the physical and the sensual. Here, there was one fawn shift, cut out to reveal a sinuous inner skin of holographic stretch, that was utterly simple but equally striking. Chalayan used palladium, an ore that is both strong and light, to create a neckpiece on a long-sleeve cocktail dress. Again, the creative impulse was cerebral, but the result was a graphically appealing, modern take on jewelry. ""I've been doing this for so long; a lot of it is instinctive,"" Chalayan said. On the runway, that translated as ease, confidence, and subtle strength. This from the man who made furniture walk!"
4756,"Scene of the fashion crime: the Sound Factory, legendary New York nightspot. Exhibit one: Orlando Pita's hair, a swirl intended to duplicate the tonsure of a boy sweat-soaked from dancing, warped with the long, straight tresses of the girl he was with. Exhibit two: Val Garland's makeup icy swooshes, conveying a don't-care urgency. That's how you create a fashion mood, kids. Or at least, that's how you make the casual New York mood that Giambattista Valli wanted. Just as he (and Orlando and Val) used to go dancing at the Sound Factory 20-something years ago, the Valli girls went way downtown with this show. Now that he has a couture collection in which to indulge his most exquisite impulses, Giamba felt free to sharpen his edge. The first look an oversize marled-wool sweater over cropped black pants immediately established a more aggressive mood than we're used to from this designer. A black-and-white graphic dominated the collection, interrupted only by hits of red and croc-stamped gold. Valli is so tuned in to the desires of his clients that one has to assume he was responding to their suggestions when he offered that big, chunky sweater. But it could only be his idea to later pair it with a chevron-patterned fur skirt. Did it work? Valli is a client-driven designer, and his ever-faithful girls were perfectly happy that he'd given them something cool. The sequin sheaths that lurked underneath the chiffon veils of the evening finale? Well, that was one way to suggest the sparkly soul of the wearer. Still, the feeling nagged that Valli had shed his uptown skin without fully completing his downtown transition."
4757,"J.Crew 's Jenna Lyons has become a street-style star. The photographers chase after her the same way they track supermodels and billionaire socialites. Her influential preppy-eclectic style was reflected at the brand's Fall presentation: loads of colors, loads of prints, loads of textures. Tom Mora, the new head women's designer, said the focus was on head-to-toe dressing. The snake-print top paired with the snake-print long skirt was one of the presentation's most directional looks, along with a pink schoolboy blazer worn as a suit with matching pants. But offbeat, mix-and-match layering still rules here. Among the most winning combinations were a red, navy, and camel abstracted Fair Isle sweater tucked into a slim python pencil skirt, and an ivory Aran sweater embroidered with silver bugle beads that was teamed with a bordeaux leather dirndl. (We prefer our layers on the light side, so we were less inclined to be won over by an outfit that combined an Eisenhower jacket with a hacking jacket with a striped sweater with a button-down, and that was just above the waist.) Lyons has turned statement pants into a growth market for J.Crew, and we clocked plenty more on the model platform at today's packed presentation. Sequin bows appliqu'd on Italian flannel might be a step too far, but not so the paisleys and the foulard prints. May we make a suggestion to team Mickey Drexler and Jenna Lyons, though? Find a new show space. The venue and the format are no match for the crowds anxious to see what you do next."
4758,"Joseph 's grunge-inspired Resort collection came out of pretty much nowhereto become a blockbuster for the brand: Those checks and diaphanous floralshave been in stores for a while now, and the demand for them shows no signsof abating. The Joseph collection for Fall seems to have been designed usingthe same formula that made Resort such a winner: In place of the grungetoughness, there were biker leathers and a military inflection; rather thanthe feminizing florals, there were ruffles and lace. And as always withJoseph, the collection was studded with top-notch knits and the kind ofcoats and jackets you wear to the point of disintegration. One of the fresh ideas that designer Louise Trotter introduced this seasonwas sweater dressing: The collection was full of ribbed tops, dresses, andskirts that were made to be layered. Another new element was ponyskin, whichlooked particularly good in a muted leopard print used in coats, pencilskirts, and bags. Elsewhere, Trotter traded in the punchy, Joseph-signatureintarsia handknits for Peruvian-inspired ponchos and fringed sweaters with amore muted charm. All in all, this was a collection well stocked withknockout pieces curly coats and camo fur, zigzagged angora-blendturtlenecks, ruffled dresses, and track pants in a soft gray lace-printedsilk that were delivered with the typical Joseph understatement. But thistime, when the collection starts flying out of stores, no one is going to besurprised."
4759,"Barbara and Lucia Croce have replaced Rodolfo Paglialunga at Vionnet . Theirstyle is more minimal than that of their predecessor you won't be seeing theflowers, stars, and butterflies Rudy did for Spring while the twin sistersare at the label. Another thing that was new for the house was the focus ondaywear, especially pants. Trousers aren't necessarily a part of theMadeleine Vionnet oeuvre, but they're pretty essential to modern women'slives, so the young duo was savvy to include them in their presentation. Tokeep them on brand, they showed them with tunics cut on the square in theclassic Vionnet style. Paglialunga's path to success had been to concentrate on evening, especiallylooks for the red carpet, where he had started to gain some traction withthe celebrity set. The Croce sisters have aimed their sights at professionalwomen who have just as much need for a hammered satin jacket and georgettepalazzo pants, or a cool fur coat made from fox and beaver, as they do foran evening gown. That seems like a good business plan: There are more of usthan them."
4760,"A ""proper English gentleman's hunting wardrobe"" was the inspiration behind Jenni Kayne 's latest collection for cool, classy girls. If that makes you think of Downton Abbey 's Cousin Matthew, you're on the right track, but Kayne's embrace of a theme is always gentle. Classic British fabrics like tweed and herringbone made appearances, but Fall was as influenced by Kayne's favorite decade, the nineties, as it was by manor living, so a digitized Prince of Wales check in burnt orange and blue was a cheeky modern update of an old trope. If that print, on a sheer blouse and slim matching pants, looked a little like Tetris (in a good way), a purple and pale chartreuse floral print was all girly garden party. The blooms came on a long, navy, bias-cut skirt and sheer, sexily slouchy top that, worn together, passed for a dress. The idea of matching sets carried over to cocktails, a reflection of Kayne's personal preference. ""I'm totally into separates for evening,"" she said. ""I like the idea of offering something chic that's not a dress."" A to-the-floor black skirt, sheer but for a mini, curve-hugging underlay, came paired with an artfully revealing black tuxedo top, sleeves rolled to the elbow. That was alluring, but the conversation pieces were two skirts one black, one white made from a pouf of feathers. The model in the white one wore hers with a white mohair sweater; she looked entirely at home in the tony library of the Chatwal Hotel, lounging by the couch. ""I call that my Clueless sweater,"" Kayne said, confirming it was mohair. ""In a good way."""
4761,"The contemporary British artist Jason Martin has replaced Gerhard Richter as Gabriele Colangelo 's new muse. Martin, not unlike Richter, creates textural, three-dimensional canvases with acrylic paint. Colangelo modeled a swirling print on his work, as well as a jacquard with an uneven surface that juxtaposed matte and shiny. As always, innovative fabrics were a big story here. A coat that shaded from charcoal through olive, white, and red to black is in a category of its own this season, cool and unique. The other part of Colangelo's plotline was silhouette. Christian Dior's New Look by way of Phoebe Philo was the inspiration for tailored jackets with rounded shoulders, full sleeves, strongly nipped waists, and exaggerated hips. Tunics worn over tapering pants or pencil skirts followed the same hourglass lines. With other designers putting an emphasis on peplums and bustles for Fall, Colangelo has placed himself firmly within the fashion conversation. It's a relatively new position for him, but he belongs there."
4762,"Françoise Hardy was the cited inspiration for the collection Yigal Azrouël showed this afternoon, and if that's not exactly a novel choice of muse, Azrouël made up for it by seizing on a compelling aspect of Hardy's personality. ""I was really interested in her sense of privacy,"" the designer explained after the show. ""There was an attitude with her, even when she was out in public, that there was a part of herself she kept hidden."" To capture that sense of private-publicness, Azrouël produced a collection more covered up than usual for him. Dress and skirt silhouettes were modest and narrow; key looks included a floor-length, python-print silk gown with long sleeves, and an aubergine wool pencil dress, likewise long-sleeve, with some suggestive (and forgiving) volume about the hips. The look was very clean. Elsewhere, Azrouël did nice work with his signature leathers an evergreen-toned leather suit, in particular, looked simultaneously easygoing and slick and with fur. The long fur parka had a winning casual air. But the most interesting pieces at today's show were the ones Azrouël made from a cool, compressed wool, such as that aubergine dress. The material lent itself to sculpting, and the designer took advantage of that to give familiar silhouettes an unexpected kick. To wit, his white hooded sweatshirt and slouchy trouser combination came off, in the wool, like the world's most elegant tracksuit. It's hard to imagine Françoise Hardy wearing that look, but she surely would have appreciated its insouciant glamour."
4763,"Bell-bottoms. A-line minis. Vests. Suede, velvet, and patchwork leather. At first blush, you'd have figured that the era Nicole Miller was channeling at today's show was the Sgt. Pepper-era sixties. But not so fast: The snake of fashion reference is set to tuck into a meal of its own tail. Upon inspection, this show revealed itself to be a throwback to the nineties specifically, that decade's thrift-shop retread of the late sixties and early seventies. Another random thought, jotted down at this evening's show: ""Gack! Handkerchief hems! Gypsy sleeves! Not yet!"" Still, the collection had charm, despite the bruising memories of those boho hems and sleeves. Miller updated her sixties-by-way-of-the-nineties looks with a jolting application of digital print, most appealingly in a bright tweed pixelated pattern liberally applied to velvet. Elsewhere, she did well with her minidress and shorts in patchwork leather, and with the collection's alpaca-trimmed outerwear. All in all, a pastiche, but a successful one."
4764,"There were a couple of dresses toward the end of Alberta Ferretti 's show that reminded us of the designer's usual stance: romantic, floaty, slightly vintage-y. They were a useful reference point in a collection that made an earnest effort to reposition Ferretti. ""I'm projecting my woman into the future,"" she said. ""The world is very hard at the moment, and a woman needs to be strong, because she has an important role to play in society."" That instinct translated into a collection built on dichotomy. It was most obvious in the way that a masculine exterior cocooned a feminine interior or, to be a little less obtuse, the way a tailored pinstriped coat opened to reveal a delicately feathered skirt. The notion of a woman enveloped doesn't seem particularly empowering at first, but Ferretti felt there was strength in the sensual severity of her designs. To make her point clearer, she kept the palette monochromatic. She stripped away the print of her pre-fall, and even in her eveningwear there was a tension between strictness and flou, the structured bodice and the chiffon skirt. The detailed handwork that has distinguished Ferretti's last few collections was represented here by a skirt using an intrecciatolike braiding. It was paired with a sheer blouse wrapped in embroidery, like the wings of a bird of prey closing around the model's torso. The devil may be at the door, but he brought Ferretti a shot of creative revitalization as a hostess gift."
4765,"Less than a year after his out-of-left-field dismissal as creative director at Cacharel, Cédric Charlier made his eponymous debut today on the Paris calendar. The force behind him is, not coincidentally, Cacharel's licensee Aeffe, whose head, Massimo Ferretti, made his unhappiness with the decision public then and is now putting money where his proverbial mouth is. Despite the slow-start day, Charlier pulled a small but solid retail and editorial crowd. And he stood at the entrance politely greeting show-goers, thanking them for their attendance. Things were less polite on the runway, which defiantly lacked any residual sweetness from the designer's last gig. Instead, Charlier merged the classic Parisienne's tailored wardrobe with futuristic edge in zips, buttons, and flat-mirrored sunglasses a collaboration with Cutler and Gross in a bright copper that recalled industrial wiring. High turtlenecks in metallic shades rose from white collars, while sexy-smart shifts came in a shiny fabric that looked electrified. Call it bourgeois-meets-bot. Charlier showed that he's capable of creating a beautiful coat and some very perfect-looking pants. But he wants his new vocabulary to focus on the body, he explained backstage, comparing his cutting to that of a scalpel. It's perhaps not so far off. What looked like a dress here was sometimes three pieces that were made to play together very nicely. There was ample experimentation to let you know that Charlier has more tricks up his sleeve. The minor shock of two paint-print dresses amid the navy-and-burgundy stream, for instance, felt sophisticated. Many looks came with bags; there were five styles in the show, along with five styles of shoes. ""For me it's really important thinking about the silhouette in a complete way,"" said Charlier. It also means that this solo mission albeit with a strong production partner is ready for merchandising liftoff in T minus four months."
4766,"I'm not pregnant anymore; these are the dresses I want to wear now, said Victoria Beckham after her excellent show today. The former pop star is sopetite and in such great form you'd never guess she's had four babies. Themodels on the runway showed off equally trim mid-sections, but Beckham optedout of using the corsets that were an early hallmark of her label in favorof dense rib jerseys, canvases, and quilting techniques that suck it all inwith the same power as old-fashioned boning and lacing. The silhouette was familiar: long and as lean as you can get. But thecollection's look was sportier, with contrast polo collars at the necklineof some dresses and bold stripes encircling the torso of V-neck styles. Youcan chalk up the new sensibility to her son Romeo's baseball outfits,Beckham explained. Toward the end of the show's 22 looks, a few shorterfrocks with flippy cheerleader skirts marched out on flat ankle boots. It'dbe a surprise to see the designer stomping around in that footwear, forsure, but the dresses' appealing, everyday ease felt of a piece withBeckham's elegant, sophisticated signature. A great-looking coat in olivegreen with black python collars and lapels was an argument for moreouterwear next time around. With the Oscars coming up later this month, choosing not to include any longevening dresses seemed like a missed opportunity. One possible explanation Maybe she's working on something exclusive for Hollywood's big night."
4767,"Anthony Vaccarello 's Spring collection catapulted him to fashion fame.Karlie Kloss rocking a peekaboo gown that's more bathing suit than dresswill do that to a guy. For a follow-up, the Belgian newcomer decided to put his focus on tailoring.""I wanted something more masculine, more strong,"" he said of his navy satinsuiting pieces with their military vibe. For the record, Kloss chose hiscollection as her runway re-entry after sitting out New York, London, andMilan and the buttoned-up shirt, blouson jacket, and high-waisted pantsshe wore prove that he's not a one-trick kind of designer. Suits have gonemostly missing on the Fall runways, which gives Vaccarello an edge, but evenif we'd seen lots of them this season, the sleek two-piecers that followedKK down the catwalk would be worthy of shout-outs. The task he set up for himself for evening marrying that tailoring with1950's lingerie shapes was more difficult. To start with, his daringjumpsuits and dresses absolutely demand supermodel-caliber physiques. Buteven if you've been blessed in the bod department, their elaborateconstruction and cutouts make it tough to get the fit right. A too-tighthem meant a miniskirt rose scandalously high on its model's thighs, and onsome pieces, fabric bunched and puckered where it should've been smooth. Still, his clothes are sexy as all get-out and modern-looking, too. Theright magazines will want to shoot them, and the best celebrities will askto borrow them. Couple those facts with the more commercial but stillconnected tailoring and we'd say Vaccarello is on his way to buildinghimself a brand."
4768,"Unexpected volumes were the big story on today's Milly runway. Michelle Smith showed a fresh Fall collection full of couture-inspired shapes that felt imaginative and different for the brand that built itself on ladylike designs with an edge. Cases in point: the shocking-pink, structured jumper dress with origamilike loop details; and a techno taffeta miniskirt with padded hips. But fear not, ladies. While padded hips may sound like an unflattering fashion trap for those who aren't sample size, Smith assured us backstage after the show that she had all the girls on her team (with a variety of body types) try out the look, and now they're reportedly total believers. The key is balancing out the dramatic lower half with a slim top like the on-trend turtlenecks worn here. Less experimental Milly fans will also find plenty of classic, flirty merch with endless layering possibilities, like leather circle skirts and quilted nylon vests."
4769,"Since getting hired at Mugler over a year ago, creative director Nicola Formichetti and his head of women's design, Sébastien Peign , have pointed their compasses forward, relying as much on the power of Formichetti's celebrity, and that of his pal Lady Gaga, as the name of the brand. They've had mixed-to-middling results doing so, which must be why tonight's show was their most ambitious yet. It was also their most intimate. For the last two seasons, Mugler's large, elevated catwalks kept the models and the clothes at a remove from their audience. Here, the setup was reversed the models walked just inches front the front row and it made a difference. So, too, did the scope of the collection. Formichetti and Peign? divided the show into sections, bookending it with a series of white looks in sculptural cashmere and neoprene with fluted peplums and fox-fur sleeves to start, and mostly sheer black ""ninja"" outfits to end. The strongest pieces came in between, mostly because they were the result of careful study of the Mugler oeuvre, a not insignificant body of work. Few designers created as potent and recognizable a vocabulary as he did. The superheroine shoulders, the body-loving cut, the optimism inherent to his eighties heyday they came together best in a yellowy-orange stretch jersey dress. A pair of sheer dresses with their appliqu's of python and crocodile will find their way into Gaga's traveling trunks before long, but there was also a trio of white coats that you could imagine seeing in a department store. All in all, a positive step ahead for team Mugler."
4770,"It shouldn't be read as pretentious that Emilia Wickstead came out before her show to greet guests and explain the collection ? la old-school couture. After all, until last season Wickstead's business was entirely made-to-measure and run out of the sleek Belgravia atelier that the intimate but influential crowd jostled into today. An English country inspiration is making the rounds, but Wickstead gave it a modern spin. The clopping of hooves on the soundtrack was the most overt manifestation. She went thematic in a landscape print of Windsor Castle with tiny horses galloping across full skirts and neat waists, but it was nearly abstract. Otherwise, her take on classic femininity is too squeaky clean to really go there. Wickstead is not edgy. As such she seems more suited to New York or Milan, where she's worked respectively for Narciso Rodriguez, Proenza Schouler, and Giorgio Armani. But, oh, does this girl know her way around pieces that women want to wear. You could almost sense the making of mental shopping lists and by women with highly varied sensibilities for a red tea dress, for all the pleated pieces, and for the pink jumpsuit with bell sleeves and natty mannish trousers. Kate Middleton should surely take note, but you could see Kate Moss grabbing something, too. There is, of course, a little frisson of something here. She'll be selling some of those pleated skirts as sheer as they were shown. And the combination of powder pink and poppy red provided a little jolt, especially when a model in a pale shift made a turn to reveal an unexpected shock of bright pleats in back. If she balances that seesaw just right, Wickstead's got a big future."
4771,"It was a nippy 41 degrees in Paris tonight, and it felt colder inside the cavernous Lycée Carnot waiting for the Givenchy  show to start. Not even the celebrity heat of Alicia Keys, Kanye West, and Sean Combs could stop you from shivering. But the second galloping horses began pounding on the loudspeakers and the neon lights started pulsating to the beat, Riccardo Tisci had the crowd going. Seven years into his tenure at Givenchy, he's as confident as they come. For Fall, he gave his super-influential tailoring an equestrian spin. Jackets were boyish from the front, but all girl from the back with peplums, bustles, and tails. There were more pants here than he's trotted out lately, and they had an easy jodhpur shape full through the upper thighs, then stuffed into knee-high boots with heel-covering sheaths. There was also a lot of leather: on a second-skin turtleneck dress that flared below the hips, as well as on a black coat reversed in red with kimono sleeves. Furs were patchworks of red, brown, and black. The feminine side of the collection was influenced, Tisci's show notesexplained, by the seventies photography of Guy Bourdin. Suspended from theshoulders by delicate straps, cocktail dresses were mere wisps of silk embellished with lace and rows of rhinestones. A red and black number recalled an early show Tisci did for the house, but the version that paired sky blue and orange silk with a purple belt was the keeper here. Today's outing wasn't the silhouette changer that last season was. (You'll have noticed by now that peplums, Tisci's news for Spring, have been absolutely everywhere this month.) While he's been consolidating, others have been catching up. But it's simply a mark of the influence his Givenchy has attained the last few seasons that we look to him to stay out in front of the fashion pack. In any case, we'll be seeing plenty of this collection in the front rows and beyond next season."
4772,"Band of Outsiders designer Scott Sternberg was tempting fate with the Sergio Leone backdrop at his show today: Before a single model had come down the runway, the headline ""The Good, the Bad, and the Ugly"" was surely writing itself in more than a few audience members' heads. But Sternberg foiled those plans. ""The Good, the Good, and the Good"" may not do much as the title of a spaghetti western, but it serves just fine as a description of this season's Band of Outsiders, Girl, and Boy collections. As suggested by the set design, Sternberg's mind was on ol' Mexico and the rugged American Southwest, and the theme carried through all three of his collections. First up, the men. In the Band of Outsiders collection, Sternberg made his reference overt, but not literal: This was Band sportswear, for sure, executed in sueded, desert-color materials and conductor stripe, plus some winning puffer jackets and scarves. Sternberg's cheekiest play with his Mexican reference was to apply Oaxacan-inspired embroidery to a chino suit, a riff on WASP whale pants. His most direct move was to make alpaca sweaters intarsia knit with Oaxacan-inspired iconography; the hoodie versions were a slam dunk. Next up, the womenswear. In general, Sternberg gave his seasonal themes a looser interpretation in Boy and Girl, though Boy did quote some of the menswear ideas. These were breakthrough collections for Sternberg: For the first time, his womenswear was the clear strength of his show. Girl came down the catwalk first, and boasted a panoply of great microfloral frocks; to-die-for hairy, ink-dyed furs; cozy hand-knits; and bonus items like a microfloral puffer vest and navy alpaca coat with a floral print. Boy, per usual, had a more masculine mien, but even here the feminine rose to the top. Indeed, Sternberg closed the show with a couple of clean, flowing gowns basic black ones, with suspender-banded halter bodices. The gowns were dead sexy and undeniably glam, both unusual notes for Band of Outsiders to strike, and they hinted at the brand's new horizons."
4773,"It's all about a chevron, Stephen Burrows said backstage before his show. Sometimes a chevron is just a chevron, but the designer imbued the motif with more significance. ""We have ups and downs in our life,"" he said. ""We have peaks."" Burrows is definitely having a peak: The Museum of the City of New York announced today that they're hosting a retrospective of his work early next year. The chevrons showed up on knit dresses. Oversize and red, they called to mind Charlie Brown's signature sweater, but they delivered a graphic punch that was much more grown-up. Skintight jeans in a python print part of a collaboration with Raven Denim were super-foxy; if the barely-there tops were a bit too sexy, Burrows had other offerings in his signature knit jersey with the same exuberance, but less exposure. High-spirited, sweetly campy, and very fun, these are the sorts of clothes for turning a down day into an up."
4774,"Just when you thought that London fashion week couldn't possibly fit another must-see young designer onto its show calendar, along comes Simone Rocha . Though she graduated Central Saint Martins less than two years ago, Rocha has already made her presence felt on the local fashion scene: She presented as part of Fashion East for two seasons, designed a six-piece capsule collection for Topshop last year, and found herself with a cult phenomenon shoe on her hands, in the shape of a brogue with a Perspex sole. And this afternoon Rocha affirmed her position as London's hottest up-and-comer with her fantastic first runway show. The first thing that jumps out at you about Rocha is that she's an innovator with textiles: Her new collection featured a plethora of unusual fabrications, such as mirror-bright silver leather, Linton tweed veiled in tulle, wools tufted onto clear PVC, and wild mohair. But Rocha isn't myopic about her materials; she uses them, cannily, to serve her street-inflected yet strangely dreamy point of view. The creamy veiled tweed pieces were a case in point: Rocha used the material in sharply cut minidresses, short skirts, and peplum blouses; the tulle overlay, meanwhile, gave the looks an otherworldly quality. Detachable crochet collars added an unexpectedly feral element, as well one echoed in the dense hand-knit pieces that showed up later. There was something monstrous about Rocha's PVC dresses with mountains of thick wool sculpted in the front, but the look grew on you. Elsewhere, the boyish coats and jackets had a more readily palatable urchin glamour; the jacket in mirrored leather is going to be on a lot of editors' pre-order lists, without a doubt. Ditto Rocha's shoes, purposefully clunky flats kitted out with her now signature Perspex sole. Long story short, get on board with Rocha now, because she's about to take off."
4775,"Piazza Sempione 's 20th anniversary celebrations over, and a short-lived partnership with Tommaso Aquilano and Roberto Rimondi similarly done and dusted, the label's Fall lineup was presented at its showroom today. The low-key affair matched the efficient, understated nature of the clothes. Piazza Sempione makes no claims to trendsetting, and that's just fine with its clients. Still, the new collection made glancing references to hot topics like peplums (theirs are on the subtle side, naturally) and head-to-toe prints. In fact, Piazza Sempione's print isn't a print at all, but a tweed made from wool and a paperlike silk. Their short-sleeve parkas came with built-in knit undersleeves, stretchy enough to squeeze a suit jacket under not a bad idea."
4776,"Nostalgic in a modern way, is how Andrea Lieberman described her latest collection for A.L.C. Often multiple nostalgias mixed. The slim checked wool trousers in look 24, for example, conjured up the late-sixties ska era for the designer. The outfit's accompanying leather bomber with a street-ready coyote-fur hood recalled ""the late eighties like when the New York downtown crowd and hip-hop scene came together at clubs like Area and Madame Rosa's,"" as Lieberman put it. Not that you'd necessarily need to be conversant in the club-going ways of decades past to get in on the action. The DB navy peacoat, shown here with a curly lamb lapel, hit on the oversize, borrowed-from-boyfriend outerwear trend that will be everywhere in the fall. A string of covetable (admittedly non-PETA-friendly) cropped jackets featured various combinations of kangaroo fur, shearling, and baby calf hair. And still-selling silk pajama sets came in both macro and micro paisley prints. Nostalgic or not, Lieberman has a strong sense of the now. Whatever memories these clothes spring from, girls today will be able to make their own in them."
4777,"There were four dresses at the Marchesa show that literally swept the toes of the front row, one of which even threatened to carry away Ingrid Sischy's phone, which she accidentally dropped on the runway. (She picked it up in the nick of time.) That said, Georgina Chapman and Keren Craig's second time showing their dresses in motion continued to take them in a more realistic direction. Reality is, of course, relative when you're making dresses for galas and Oscar ceremonies, but there was lots in the shorter and lighter category. Two lovely caped dresses probably had thousands of dollars worth of lace embroidery, but they had an almost girlish sweetness. There was even a cap-sleeved wool dress that could work for (gasp) day. Chapman and Craig's touchstone was late-nineteenth-century French painter William-Adolphe Bouguereau's A Soul Brought to Heaven , which depicts two angels spiriting a young woman through the clouds. You saw the inspiration in the winged embroideries and all manner of feathers, but also in the intimations of mortality. This darker side could be seen in the dresses worn over skeleton-embroidered tulle bodysuits, the laser-cut black leather dress (with nary a sparkle or puff), and the engineered embroideries that traced the anatomy. Those elements lent the collection some invaluable bite."
4778,"Inspired by the American sculptor Leonardo Drew's moody and textured work, Joaquín Tr as was feeling apocalyptic for Fall. However, Tr as, a former tennis player turned self-taught designer, has the bouncy enthusiasm of a golden retriever. It's hard to imagine him having a dark day, let alone enough fodder for an end-of-days collection. Perhaps that accounted for the somewhat mixed result. A big part of the story was a play of textures, as in the double-face Japanese tweed backed with crinkle cotton, which had a nice homey chic. A black foil-printed chiffon with a zebra print, on the other hand, might have seemed like a good idea, but in practice felt a bit girls-night-out cheap. Tr as played it off straightforward chiffon in dresses with petal sleeves and waist-exposing cutouts. There was yet more slicing and dicing; Tr as, after all, has a hazily architectural ethos. The problem is that it's not always convincing, for instance in the little black dress that came wrapped with a sort of asymmetrical lamé half-shrug. The buttery black leathers Tr as tapping into his Spanish heritage were easily the high point, particularly in a pencil skirt with whipstitch detail snaking up the side. But there was nothing you couldn't live without, and nothing you couldn't find elsewhere. Often, TRIAS collections seem to end up between being ""just clothes,"" with little defining purpose or customer, and arty pieces that seem to satisfy their creator's ego more than relate to what women want to wear. Last season, Tr as decided to start showing in Paris instead of New York, but without a sharp point of view that decision seems like pure indulgence."
4779,"Architecture buff Lela Rose says that her latest collection was inspired by a recent trip to Dallas, where she became besotted with Santiago Calatrava's Margaret Hunt Hill Bridge. As the designer explained over the phone a few days before her show, her aim was to translate Calatrava's undulating, linear sensibility into a collection that married both romanticism and functionality. There were elements of both, in a pretty, wearable collection that benefitted from Rose's flattering tailoring. The palette called to mind the patina that construction metals acquire over time deep rust, darker magenta, and saturated blacks and grays. From afar, the surface of a pomegranate-pink tiered fil coup? dress looked like flowers; at closer range, it resembled patches of peeling rust. Befitting a collection inspired by urban buildings, the silhouette was attenuated and lean. Pronounced seaming gave shape to the clothes, but in a nod to Calatrava's swooping, soaring structures, woven fabrics created the effect of undulating lines. Coats were collarless and dresses' subtle pleats allowed for plenty of movement. For cocktail hour or a lucky girl's prom a classic silk cloque dress in ivory had chic linebacker's shoulders: They were sparklingly embellished with cool metal embroidery and pearls. In the past, some of Rose's pieces have suffered from too heavy a hand. Fall's restraint made for a solid foundation."
4780,"Toward the end of the Salvatore Ferragamo show, a song came over the loudspeakers that summed up designer Massimiliano Giornetti's new direction for Fall. Kate Bush's ""Army Dreamers"" said everything there was to know about a fine collection that married the rigor of military clothing with the romance of chiffon and lace. Having worked on Ferragamo's men's collection before assuming the reins on the women's side as well, Giornetti is a practiced, subtle tailor. There was real finesse in an officer's jacket that combined black leather and sheared astrakhan. The same goes for a black leather blazer belted snug at the waist and its matching pencil skirt, as well as a fatigues-green flannel suit worn with its pants tucked into knee-high boots. Snug sweaters embroidered in bullion kept the military motif going. The femme side of the Ferragamo story featured off-the-shoulder dresses in crocheted silk interwoven with ribbon; peasant tops tucked into high-waisted pencil skirts; and chiffon gypsy dresses edged in gold. ""Lots to wear,"" said a fellow editor on her way out of the show. Agreed."
4781,"We're in Camden, Donatella Versace said backstage after the Versus show. For the non-native speakers, Camden is London's original punky, funky hipsterville and home to a legendary and grungy market. Christopher Kane, Donatella's right-hand man at the Versace diffusion line, quickly added: ""She's a rebellious, tough, angry, modern girl."" In other words, the sweet, sporty attitude of Versus' Spring collection has been replaced by something darker dirtier, even. T-shirts were slashed to ribbons, dresses were held together with black leather lacing, medallion-print boots reached up to the mid-thigh hemlines of medallion-print minis, and jeans that almost slouched off models' hips were tie-dyed. More than any of Kane's collections for Versus so far, it captured the make-do looks of the council estate girls who were an adolescent fascination and continue to be an adult inspiration for him. Aspirational? Not quite. In fact, the collection rather celebrated the downbeat way things really are. But there was an offhand sexiness in that, which means that girls will continue to seek it out."
4782,"Gary Graham is the kind of guy who would probably make a killing on Jeopardy. A history buff and autodidact, his mood board each season is chock-full of obscure references. For Fall, he was inspired by the Manchester International Theater Festival he attended in July, ancient Iranian wrestling tunics, and WWI naval ""dazzle"" camouflage. That's quite the combination, but it fit Graham's magpie aesthetic, which emphasizes convertibility and ample layering. At a preview in Graham's downtown Manhattan store, he piled up a vintage quilt-print dress with fine-gauge sweaters and a deconstructed army vest, then completed the look with a Dickensian wool topper. Styled in a more realistic, pared-down manner, the pieces here would still stand out particularly the outerwear. The burnished cardinal fingertip-length coat evoked, as the designer put it, a sense of ""leftover royalty,"" while a safety orange padded vest with a split-zip hood added a refreshing touch of sportiness. Graham's clothes aren't for everyone, but aspiring female dandies ought to fancy his unique brand of awkward elegance."
4783,"The Fall Rochas show was a swirling kaleidoscope of graphic, geometric prints inspired by the pottery of the Swedish ceramicist Wilhelm Kage. Designer Marco Zanini collects his pieces; still, he was surprised when he found himself using them in his own work. He usually starts with an image of a woman or a movie. Well, the change did him good. Despite what Zanini called the collection's ""certain disregard for quiet good taste,"" there were many good, wearable pieces for both day and evening. Unlike his show for Spring, which had a formal fifties couture look, this one had a cooler seventies vibe. Jacquard pants were deeply flared and nearly grazed the floor despite the models' stacked heel sandals. And the collection's ""ugly"" prints (including those on the clashing tights) reminded some in the crowd of nineties Prada, when Miuccia herself was taking a closer look at the seventies. Zanini was extra proud that they were painted by hand, without the use of a computer. An interlocking diamond pattern that looked like stained glass on a button-down shirt and on matching flares was particularly compelling. However, it wasn't all prints, all the time. A mustard ribbed sweater (one of the collection's many excellent knits) was paired with silk pants in a slightly different shade of yellow, giving the eyes a chance to rest. Zanini's finale ball gowns came in warm fall colors like that, but not before he sent out a trio of floor-length dresses fearlessly enlivened with pattern. Who needs good taste?"
4784,"Thoughtful, quiet, a little more sober, is how Derek Lam described his newcollection. On each seat, his PR team placed a paper bookmark that read ""The Library,"" and the opening series of Persian floral prints was influenced by the frontispiece of an old book he came across. But you'd hardly call his Fall girl bookish, not with her paisley brocade bodysuit, leather pencil skirt, and gold-dipped oxfords. Lam's show had a sixties vibe that went beyond the bouffant hairdos and smokycat eyes. Ruby Aldridge's white peacoat, poplin shirt, V-neck, and fullblack skirt conjured visions of some quirky coed, only in real life herjacket probably wasn't shearling, the sweater wouldn't have been cashmere,and the skirt most definitely wasn't black patent. As always, there wasgreat outerwear here, but Lam de-emphasized fur in favor of down, cutting ajacket and vest in neat, trim shapes. When it came time for the final passage of eveningwear, we were firmly inthe present. Only a high-tech mill could pull off those Aran sweaters madefrom twisted nylon tulle, and only a modern-thinking designer would pairthem with long chiffon skirts trailing trains."
4785,"The major takeaway from Marcel Marongiu's slick, noir-ish collection for Guy Laroche was its experimentation with textures. In the first look out, the smooth, high shine of a patent skirt was played off a black ribbed and molded turtleneck. Marongiu then segued to more tactile fare. He seemed to be taken with disturbed surfaces, as in a nubby wool that looked as if it been nibbled on by a creature of the night. That idea was at its best in pieces with sequins that were bristled up here and there. They worked rather nicely when paired with basket-weave knits a more casual breather from the collection's somewhat rootless seventies-inflected severity. The hard-edged sensibility softened slightly as Marongiu juiced things up with a grouping in rich pumpkin orange, followed by one in gold. A third jewel tone grouping would have been a stronger finish than the heavy gold tribal embroideries looks that closed the show."
4786,"Modern Renaissance were the words Damir Doma used backstage to describe his new collection. That's a tricky proposition. We know the era best from costume dramas and art museums where are the connections between the Renaissance and real life as it's lived today? Some of Doma's propositions erred on the historical side: A quilted leather tabard, worn like a coat of armor on top of a fur jacket, cut a striking figure, but it also looked like an extra step that postmillennial women probably don't have the time or inclination to take. Fortunately, Doma didn't rely too heavily on such pieces. The crux of the collection was up-to-date tailoring in shades of black, brown, dark red, and orangey pink. The only thing that said sixteenth-century about his suede blazer, button-front blouse, and crossover-waistband pants was the oversize cross pendant they were accessorized with. A black lace cardigan and T-shirt worn with dévoré? shorts looked equally contemporary. Doma also gets points for his commitment to flat slippers and boots that's a step a modern girl can really get behind."
4787,"Rossella Jardini has opted out of Milan's somber trend. That should hardlysurprise anyone; this is Moschino we're talking about. ""We're throwing aparade,"" she announced backstage. ""We want a good time."" With marching drumson the soundtrack, she sent out a lively, leggy, and young-lookingcollection. Skirts were cheerleader-short over platform ankle boots, anddresses came drop-waisted like those of a little girl. There were even giantbows in the models' hair, holding their French twists in place. And colorswere straight out of a Crayola box: red, sunshine yellow, and cobalt blue,in addition to plenty of black and white. A parade takes all types, so Jardini threw in sport elements in the form ofcolor-blocked ski pants and complementary ski sweaters and added edginessvia quilted black leather pieces. Naturally, given the show's startingpoint, there were some bandleader jackets as well. It sounds pell-mell, butit held together. She even managed to get a laugh or two out of the crowdwith a helmet made from black ostrich feathers. At a 9 a.m. show, yes, a fewgiggles counts as a good time."
4788,"The Balenciaga show took place 27 floors up a Paris skyscraper in a spacethat the house's longtime artist, Dominique Gonzalez-Foerster, spent monthstweaking to designer Nicolas Ghesqui're's specifications. It would'veprovided panoramic views of Paris had it not been so cloudy. Alas,Ghesqui're can't control the weather, but he marshaled no small number ofprofessionals to produce this fashion event, and the setting was nothingshort of transporting. This season, Ghesqui're was the chairman of the board and the models his employees both literally and metaphorically. There were VPs and a legaldepartment and interns and IT girls (as in information technology, not""It""). He even put corporate spies on his fluorescent-lit runway. BalenciagaInc. is unlike any office you've ever seen; it'll have fashion typesdebating fiercely at the water cooler for months. Why? Because this was thedesigner in experimental mode, advancing our collective eye forward, even ashe seemed to glance back at the same era he revisited for pre-fall, the onewhen ""France decided to be modern"" in the late seventies and early eighties. The designer moved the fashion conversation along today in a few differentways: by proposing new silhouettes with exaggerated, even challengingproportions (bonded leather coats with shoulders out to there, sculpturalpadded sweaters over stiff A-line skirts with doubled front panels); by deliberately trafficking in items of questionable taste (those black satin sweatshirtswith spacey slogans like ""JOIN A WEIRD TRIP"" and ""OUT OF THE BLUE"" areinstant collector's items); and by continuing to emphasize fabric research. The IT girls wore jumpsuits made from a hi-tech parachute material, and hisanimal prints came two ways as a jacquard snake on the wool bodices of theoffice rebels' strapless dresses and as leopard spots that looked likeliquid mercury on the executives' jackets (they were actually paddedappliqu's of lamé jersey). Employees at every rung on the corporate ladderwill be happy to note that the new Balenciaga heel is lower the easier to getaround in than previous incarnations. Not all of it was as pleasing. As in any office, there are people you loveand others who leave you cold. All in all, though, a remarkable company."
4789,"It's official. In a mere two seasons, Humberto Leon and Carol Lim have turned Kenzo into one of the hottest shows on the Paris calendar. Diddy was there today. So was Francesco Vezzoli, Jean-Paul Goude, and just about every international cool kid and editor in chief sardined onto three acid-hued levels in the space-age atrium of the Universit? Pierre et Marie Curie. ""We wanted a venue that had never been used before,"" said Lim after the show. ""We saw this space and we were like, let's definitely push it to the limit."" Push it they did. With models taking escalators to walk a full round on three levels, the staging could have tried a weary showgoer's patience. But these 50 yes, 50 looks kept the energy pumping. The theme, loosely, was interiors, thus the prints of marble tile floors and bunches of grapes. (Add resin-covered walnut jewelry, a collaboration with Delfina Delettrez Fendi, for a healthy sartorial snack.) The cool, slouchy, open-knit sleeves on tweed coats were meant to echo an afghan laid over a couch. One skirt and blouse looked embroidered with curtain tassels. Leon also stressed tailoring, which showed up in fresh little skirtsuits of blouson jackets with full, flippy skirts, as well as in a narrow, high-waist, ankle-length skirt that was slit up the back. Overall there was a more polished, less street-wear vibe than Spring, and if it didn't have quite the same focus as their last outing, that was in keeping with Leon's notion of ""a girl dressing up in her closet, playing with different types of clothing."" More looks means more to sell for these merchandisers extraordinaire. It wouldn't be a surprise to see their logo tiger sweater, a revived house code, everywhere in a few months. In general, the days of the fun fashion happening would seem to be bygone. But between the Magnolia cupcakes left on each seat made by bakers flown in expressly for the show and the Kenzo model army taking its final formation to major applause, this felt like a new incarnation of that spirit."
4790,"A folk-y Slavic thing seems to be a micro-trend. Alice Temperley steered her particular bohemian leanings in an opulent direction for a look she called ""polished folk."" The first look out nicely illuminated that description. It had a bright floral embroidery in neat panels on ivory dotted tulle, and its long and lean shape with sheer long sleeves that somehow still evoke the royal wedding gave way to a bit of fluid swish at the hem. With fur hats on nearly every look, it made you think of a parade of young czarinas. (There was also a touch of Cossack warrior in a lean double-breasted officer's coat and another high-shouldered one in navy satin with proud gold buttons.) Lose the hat, however, and a lace-paneled blouse and bronze jacquard skirt cinched with a jeweled ribbon belt were pure modern-day oligarch-ette. But even that girl's viewpoint has changed considerably in the past decade, which made some of Temperley's intended decadence (crystal beading, lace, velvet, loads of costume jewelry) feel weighty. There was a drag to looks like a long shearling jacket and matching pencil skirt, or a navy satin gown with chunky jeweled straps crisscrossing its open back. Perhaps the problem wasn't the excess itself, but the fact that it was a vision less than exquisitely drawn. After a couple of strong and very polished seasons chez Temperley, we've come to expect more."
4791,"The unemployment rate may be falling, but to judge from Steven Alan 's presentation this morning, we're heading into a depression. Alan's Fall collections for both men and women riffed on thirties-era aesthetics, with an emphasis on worn tailoring and a gray and sepia-toned palette straight out of Dorothea Lange. The cited inspiration was Diego Rivera another icon of the up-with-labor, bread line era. Alan channeled the Rivera influence into newly emphasized handknits made in South America, as well as striped jackets and waistcoats redolent of Mexican blankets. For women, the blanket theme was extrapolated as well, into items like a mid-calf, contrast-striped jersey dress. The menswear collection saw Alan continuing to develop his dressier pieces there were soft tailored suits in a variety of interesting fabrications, such as moleskin and washed wool, and narrow trousers with a subtle slouch. Elsewhere, he turned out some nice adaptations of closet staples, such as a navy anorak in leather. The women's collection, meanwhile, riffed on the men's. Many of the menswear materials repeated themselves, notably the herringbone tweed, while girlier items such as a pleated skort (skort!) and appealing full skirts were executed in mannish checks and foulard prints. Metallic brocade provided a nice counterpoint to the general low-key atmosphere. All in all, there were no real surprises here from Alan, but the collections had a strong, cohesive point of view and boasted lots of salable, easy-to-wear clothes."
4792,"Aside from the phenomenon of Karlie Kloss' walk, there was no grand finale at Paco Rabanne . An omission by design. After a high-drama debut last season, creative director Manish Arora wanted the big surprise to be the lack of a big surprise. He set wearability as his goal and looked for cues in heyday-era fans like Françoise Hardy and Brigitte Bardot. In fact, some of the freshest dresses were re-creations of Bardot's iconic stripey metal shift, a testament to the power of Rabanne's codes. Arora's versions are lightened up with discs in silicon and even royal blue ponyskin, a testament to his skill in updating them. But his role as the new creative blood in a storied French house is probably one of the hardest of its kind. That's partly because of the specificity of what Rabanne did. You can easily shoot too far out of the Rhodoid park or stay stiflingly close to it. Arora seems to have a sense of balance, and a bottomless bag of new ideas. Some work, like the discs woven into highly wearable cardigans and pullover knits, and some don't, like the paneling of fluttery silk over metal disc dresses. But it seemed like what sometimes weighed down this collection was Arora's attempt at a streamlined space-age sensibility, particularly in tailoring. It came across as less youthful than the Rabanne spirit should be. And a move into seventies disco decadence eventually turned a bit retro and convoluted. Though for a good night out, Arora's Le 69 bags, now in gold and iridescent clutches, seem like just the thing. Sure enough, last season the bag business far outpaced the ready-to-wear at an enviable slate of stores. Arora will surely change some of those ratios with this collection, but the shift remains a work in progress."
4793,"Michael Kors had a very good day on Wall Street yesterday, with his company's shares rising 27.5 percent. The collection that put him in the spotlight again this morning won't be slowing that upward trajectory. After 30-plus years in the business, Kors has his formula down cold. Today he conjured images of a rustic-luxe cabin in the woods in wintertime one exceedingly well stocked with buffalo check and fox fur. His trick, as always, was to filter it all through his glamorous yet practical lens. There's a story Kors loves to tell, about a client who buys the designer's clothes in multiples, one for every house. These, too, will play as well in Manhattan as they will in Aspen. Especially the furs shearling, Mongolian lamb, raccoon. Their envy-inducing potential would go to waste in the wilderness. For women who prefer their outerwear on the tamer side, he showed tartan chesterfields and striped blanket ponchos with deep fringe. Daywear was all about the unexpected mix: an almost conservative midi-length skirt paired with a knit lace tank bustier, or black leather adding edge to a gray plaid dress. Cocktail hour continued to match country with city see the ivory fisherman sweater and the gold lace skirt. But high evening was highly polished. The crystal-beaded stretch jersey gowns in red and black with keyhole backs were stunners. We wouldn't mind seeing an Oscar nominee wear either one of them. His menswear played a call-and-response with the women's offerings. He might have done better by skipping the man-furs and a tartan crombie and matching trousers topped by a leather harness, and showing some elegant formalwear instead."
4794,"She knows where she's going this season, Tracy Reese said backstage of her customers after her Fall show. From the opening beats of Azealia Banks' high-octane hit ""212"" (we've got a hunch that this designer has known about fashion's new It-girl rapper longer than Karl Lagerfeld), it was clear that Reese and her girls are feeling confident lately. Shrunken peplum jackets, draped silk ""cocoon"" blouses, and sparkly lamé party frocks came in traffic-stopping bright colors ranging from tomato red to juniper green to ultraviolet. You'd certainly turn heads in the printed jacquard pants with side tuxedo stripes and graphic hourglass coat. Styling is always key at a Tracy Reese show, and each look here was accessorized with a felted-wool trucker hat and futuristic sunglasses, which underscored the bold energy of this collection."
4795,"With the bandage dress as a baseline, the question each season at Herve Leger is in which direction will Max and Lubov Azria spin their tale. To their credit, the Azrias manage to take something that could feel a bit like boiling an egg a little softer one season, a little harder another and nudge it forward onto new ground. This season's theme delved into the darker side of equestrienne motifs. These girls were more horse than rider, with leather harnesses fastened around shoulders and waists and even long, straight, blunt-cut ponytails swinging from side to side. In fact, there was a strain of mythical woman-as-beast in the body-hugging outerwear a developing non-frock category of python-stamped black leather trimmed with swaths of wild black fur. What felt newest in the dresses were the patterns and prints an op-arty ombre beat out an odd chain-link jacquard as well as the pleating, which gave the usual shrink-wrapped silhouette a chic modicum of freedom. You could see the long-sleeve diamond-pattern dress with a flippy skirt in look four, for instance, attracting a whole new customer. That's the kind of uncharted territory any designer can get behind."
4796,"We were two for two in end-of-world inspirations for tonight's shows. (See PPQ .) For Christopher Brooke and Bruno Basso, last days requiregoing for broke with their already, shall we say, optically demandingprints. How then to maximize maximalism? Basso, the print side of thisoperation, took a page from Matisse. Well, actually several pages and apair of scissors. The overall look of them was a frenzied collage ofrelatively simple geometric motifs cut and pasted into one flat surface.The effect was quite cool, a sharper way to continue the fusions they didfor Spring. It was at its best in sharper shapes, like the stiff rubber-back jerseyT-shirts or a nipped-waist dress or a simple pencil skirt. (Though at timesthose shapes trespassed into the Eclectic Ladyland of Marni, particularlywith the styling tic of socks scrunched in sculptural wooden wedges.)Brooke, however, attempted to transfer the concept of contrast tosilhouettes, like the nearly David Byrne-oversize jackets, meant to offset narrow trousers.It's unclear what the matronly evening gowns with the long sleeves andheavy skirts were designed to counter, but they contributed to the jumbledside of the equation. Surprisingly, Basso and Brooke have never made a big knitwear statement, but an emphasis on another contrast that of textures led them to it now. It'shard to see why they waited so long. In cool slouchy shapes, they lookedgreat. Ditto their new collaboration with the Cambridge Satchel Company ofprinted clutches ripe and ready for their Tommy Ton close-up."
4797,"Desperately seeking stability. Thomas Tait sought to battle the unease he felt as a young person starting a company through his Fall collection. Thus the solid earth of a grass runway and the appearance of rough suede and raw denim, less rarefied materials than Tait usually uses. That was half the story. The designer proclaimed this his most technically complex collection to date. The work was to merge his painstaking construction with what he called ""something more obvious"": those long-distance runners of the wardrobe like the varsity jacket, the white button-down shirt, the peacoat, the turtleneck. As with past collections, what stood out here were the coats with rounded shoulders and angled curved hems, all either elegantly collarless or with collars that flipped high and framed the face. He does a beautiful navy, but a moss green popped nicely, particularly paired with marigold leather trousers. It won't be surprising to see a few of his varsity jackets show up in the front row next season. In place of knit ribbing at the cuffs, hem, and neckline, he used finely pleated leather, a technique continued from last season. You could call it ""obvious,"" but that's not entirely fair; season after season Tait maintains his vision while increasing his relevance in terms of what women want to and can wear. And he knows how to add that one certain thing to throw off his quest for perfection just so. Here it was the men's workwear gloves. ""I wanted them to be big, just like Mickey Mouse hands,"" he explained. Speaking of vision, up until two days ago Tait's runway show was meant to be a presentation. He went rogue on the fashion calendar, dropping himself into a slot between two shows. ""Thomas designs for a runway show,"" his publicist said by way of explanation. It apparently ruffled a few BFC feathers. What spoke volumes: Everyone still came."
4798,"Iceberg 's Paolo Gerani wasn't the only designer to give a shout-out to Marianne Faithfull this season. Rachel Zoe beat him to it in New York City. In fact, they sent out nearly matching outfits: white pantsuits with black shirts, and black long-hair goat jackets tossed over the shoulders. Somewhere there must be a picture 45 years on, the rock chick turned singer-songwriter's image still holds a mystique, despite countless comeback tours and a long-playing revival at the hands of Balmain's Christophe Decarnin. Parts of Iceberg's Fall show felt like Balmain-lite the disheveled sexy look, minus the couture-quality workmanship, could be seen in the sequin numbers, the sharp, lapel-less jackets, and the second-skin leather pants riding low on the hips. Where Gerani put the Iceberg stamp on things was with the knitwear. There were sweaters here that will give shoppers a reason to go into the label's stores, starting with look number 1, a long-sleeved clingy dress in black and ivory shot through with gold. Crewnecks in bright intarsias looked fresh, too, as did the little furs that echoed them with their multicolor patterns."
4799,"With her eye-popping graphic style, more-is-more approach to color andembellishment, and overall campy attitude, Holly Fulton practically daresyou to hate her clothes. Somehow, that proves impossible. The collectionFulton showed this morning was a case in point: Rainbow-hued and covered inecstatic hothouse-inspired patterns, the clothes had a certain irrepressiblechic. They were about as hard to dislike as a milkshake.  In some ways, this was Fulton at her most circumspect. Embellishment waskept to a relative minimum; silhouettes were simple and sophisticated.Working with a canvas of A-line minidresses, turtlenecks, boxy jackets,tailored sheaths, and pencil skirts, Fulton applied her prints in apainterly way, working with the garments' shapes. That made for someknockout evening looks, such as a hot pink, butterfly-print sheath with acrisscrossed, body-baring bodice, and a high-necked, frond-printedturquoise minidress with a tasteful drip of crystal on the sleeve. Therewere also a few looks with a hot rod placement print and shots of patentleather that, however redolent of Spring '12 Prada, fit easily into theFulton idiom and just plain worked. Elsewhere, Fulton sent out some very convincing daywear, inparticular her artful intarsia-knit cardigans and sweaters. For all theirpunch, the knits were really very accessible. Decorous, almost. Only themost militant minimalist could hate them."
