review_id,review
6200,"Isabel Marant 's capsule collection for H&M sold out in less than a day back in Novemberãdone and dusted. Lately, though, her runway shows have felt a little tentative; they haven't quite delivered the Marant magic the way they used to. Today, Devo's ""Girl U Want"" was ringing out from the speakers, and Marant got her groove back. The new collection was streetwise and sexy in the ways we expect from her. She didn't exactly chart a new course, but she tried unexpected things. First up: a belted, high-waisted, loose-fitting, laced-at-the-side pant that was just about as night and day with her familiar low-slung skinnies as you could get. Those pants set the tone. ""I never have feelings for fancy, frilly things in the winter,"" Marant said backstage. ""I like very comfortable, warm clothesãthings you can go around being secure in."" So out went Spring's pretty pink ruffles and in came army-green everything: belted jackets, oversize sweaters, sparkly sequined minis, and more cool-looking slouchy pants in soft quilted leather. Somehow, Marant has managed to avoid grunge until now, but late to the party or not, the plaid shirts and pants she had here jibed with her repertoire. The exuberantly folded and peaked shoulders of a couple of tweed jackets weren't as easy a fit. Still, it was good to see Marant stretch a bit."
6201,"Pre-Fall was Blue Farrier's first collection for Issa , and it's obvious that it was simply a warm-up for what she did today for Fall 2014, namely hitting it out of the park. It's also obvious that Chloé-trained Farrier knows there's only so long a brand can trade off of a silk jersey wrap dressãDVF owns that anyway, and there's not much room in fashion for another patent holder. From the first look out, it was clear Farrier was pulling back from all that. Her reference was memories of an eccentric old relative's houseãa herringbone parquet floor, linoleum, broken mosaics, and a general feeling of old world-ness. Herringbone zigzags came out via wild stripes on a blanket shawl, a silk Issey Miyake-like pleated skirt, and an extraordinary top and trouser suit. The broken mosaic theme shone beautifully via a nubby wool coat, a jumpsuit with scalloped edgesãand a silk jersey dress. Instead of doing endless takes on that piece, Farrier underplayed it: There was one in a pebble print, and a gown version but with black and white flowers that were plasticized onto the sleeves. Somehow it seemed more modern and sophisticated than previous versions, and, beautiful though it was, it didn't take top billing. The standout piece was a simple black silk dress with scalloped edgingãan upgrade on the LBD. Farrier gave equal billing to both fabric and silhouette. There was flocking, hand-knitting, plasticizing, and delicate hand-beading, and all the shapes were well thought-out: statement shoulders, kimono sleeves, and precise masculine cuffs on blouses, plus flirty little touches like oversize bows and crystal badges on coats. It had been apparent that change was on the horizon for Issa, but it hadn't been clear it would be this good and this fast."
6202,"At the end of the Issey Miyake show today, there was a rare fashion moment as the audience stomped and cheered for designer Yoshiyuki Miyamae to take one more bow. It's been a while since Issey featured as a must-see on the crowded fashion calendar, but anyone who goes to these shows regularly knows they'll witness a special fusion of creativity, craftsmanship, intelligence, and plain old jaw drop. Well, maybe the special effects aren't always jaw-dropping, but they usually elicit a heartily spontaneous reaction, as happened today when a handful of models walked onto the catwalk with flat semicircular portfolios that they rapidly unfolded and converted into springy, concertina-pleated items of clothing. The helpful explanatory notes on each guest's seat described a process of ""hand-pleating on the curve."" Today's theme, ""rhythmatic forest,"" was Miyamae's excuse for a collection that focused on organic shapes and patterns to mesmerizing effect. Graphically abstracted leaf prints created an almost Art Deco sense of movement, which was in tune with developments elsewhere in fashion this season. In fact, the graphics and silhouettes were generally moreÄwhat's the best word for this Ä familiar than they sometimes are: Tailored jackets and coats, slim pants tucked into boots, and oversize blanket wraps provided a context for the marriage of artisan and machine that creates purest Miyake. The technique du jour was steam-stretching, in which computers program steam heat to shrink jacquard fabrics into three-dimensional grooves. That mechanical process yielded gorgeously organic fabrics, patterned like tree rings, which Miyamae cut into poetic shapes that shivered sensuously as the models walked. The coup de grŠce was a deep, rich color palette. Or maybe the coup de grŠce was the live soundtrack from guitarist Ei Wada and vocalist Chiyako, whose musical accompaniment was as empathetic as the impression made by the clothes themselves. A line from the show notes, presumably endorsed by Issey himself, best defined the overall uplift of the show: ""Cloth harbours the power of life: wrap yourself in it and feel an instantaneous metamorphosis into pure joy at the wonder of living."" Translation: For God's sake, if it feels good, do it."
6203,"Before the Russian Revolution, Gilles Mendel's great-grandfather made furs for the House of Romanov. So this season's inspirationãthe ornate costumes of the Ballets Russesãwas certainly informed by the furrier's roots. ""It's a celebration of artistry,"" Mendel said backstage before his show. ""The clothes are bold, but there's an ease to them as well."" The defining look was the first. The diagonal plaid broadtail coat, worn with a hooded bolero in red sable, instilled the ""sense of luxury"" Mendel sought. And while the starting point was the turn of the twentieth century, the styling was sharply modern. There were looks more in a lean silhouette: chevron wool coats in beige, red, and black, with luxurious red furs wrapped around the neck. A high-collar white mink coat with horizontal leather insets was graphic and distinctive, as was the cape coat following it. (With a strip of white shearling down the front, it looked more like an anorak; the close-to-the-body cape was a unique touch.) In eveningwear, which J. Mendel has become just as well known for as fur, graphic elements again stole the show. The pleated chiffon gowns were pretty enough, but those embellished with crystal-embroidered tulle insertsãeither at the collar or around the waistãwere the ones that really caught the eye. Still, the true standouts were the mink dickeys. Done in sapphire and black and worn over long fur coats, they were wildly luxurious and felt very new."
6204,"Weimar? Why not? The German cabaret scene may not seem a conventional starting point for a J.Crew womenswear collection. All that debauchery! All that desperation! Not quite a match for the peppy note ye olde Crew usually likes to strike. But as every good painter knows, darker colors add dimension. And Tom Mora used his Weimar references in precisely that way, as a deepener. You could pick up the influence in the collection's dropped-waist silhouettes, and in the black-backed florals, and in the touch of flapper fringe applied to a miniskirt or a sweater. There was also something unusually sensual about the use of texture hereãfor instance, a pair of velvet sweats or the profusion of blue, black, and cream brushed mohair sewn onto an otherwise docile gray sweater. But whatever moodiness was at work here was just an accent on the usualãand let's face it, essentially perfectedãupbeat J.Crew look, which evolved this season to include puffer jackets and jaunty cropped pants. This collection also marked the second edition of the J.Crew/Sophia Webster shoe collaboration, which resulted in many cheerful pairs of spindly heels. Even Marlene Dietrich would have giggled with pleasure over those."
6205,"Jonathan Anderson likes to make shapes. He's said so many times, and previous J.W. Anderson collections have borne out his avowed obsession with creating new silhouettes and proportions. At times, Anderson's talk about shapes has come off a bit disingenuousãa way of ducking chat about the complex semiotics of his clothes. This season, though, making shapes really did seem to be the point. And the collection was less powerful for it. That's not to say there weren't some very forceful looks here. The group of corduroy skirts and turtlenecks, with sculpted sleeves and built-in bustiers, got this show off to a strong start. The triumvirate of funnel-neck tops and long skirts that followed kept up the momentum. But there were also more than a few looks that felt atypically aimlessãas though Anderson had stopped at a rather arbitrary point in his experiments with contortion and said, ""Well, good enough."" To wit, the long dresses with a bit of twisted shearling about the top, or the drop-waist dresses with folded collars. You just weren't sure what woman Anderson was seeing, or what story he was telling, with these clothes. Which raises a larger question about Anderson's MO. In future seasons, it would be nice to see him working with the female form a little more than he has of late, rather than resisting it so much. There does come a point when tortured silhouettes make you wonder how a designer feels about the women he's meant to be dressing. In some ways, this was one of Anderson's warmest collections; there was an earthiness to the textures that was welcome. But in other respects, this collection seemed so detached and so all about shape-making, it felt a little cold."
6206,"If you say "" sport soir "" out loud, it sounds like ""sportswear,"" non ? This visual and phonetic elision was the stated message for Fall at JC de Castelbajac , but designer Jean-Charles insisted backstage that the collection also demonstrated a more personal story line: discipline. ""I wanted to bring my imagination into a real focus,"" he said. He mentioned his mother and the blanket coats they made together decades ago, back when she had a clothing business. And those blanket coats appeared todayãone in a micro-quilted jacquard covered in a ""camoface"" pattern, another in rainbow dégradé mohair, both belted to maintain waist emphasis. Several other coats featured overlapping folds of wool and cashmere, their edges saw-toothed. Armadillo? Try roof shingles. De Castelbajac placed a constellation of oversize, irregular stars across an intarsia dress, a jacquard duffel, and a muffler. Later on, his illustrations were given added dimension as allover fur intarsia, and then with beaver trim to outline faces. Academic stripes coursed down the inseams of oversize trousers, and he revisited the smocked knits introduced for Pre-Fall. At some point, you wondered what type of loophole de Castelbajac devised in his pursuit of focus that allowed for so much visual variety. But as you began noticing how the elasticized band of a bubble jacket was really a tight panel of accordion-pleated leather, or that the puffed ""safety"" collar of his parkas gave an almost regal impression, you understood how sport soir was a summation of focused details applied to wardrobe basics and not just a catchy theme. Anyway, de Castelbajac has the type of imagination that will take Meret Oppenheim's famous furry teacup and flip it over into a hat. True disciplineãself-imposed or otherwiseãwould make him wilt."
6207,"Upon arrival at this evening's Jacquemus show, guests were handed white hospital smocks, each of them with hand-appliquéd blobs of color on them, and asked to put them on. Why? The models were going to paintball the crowd, one attendee mooted. ""Water "" suggested another, more circumspectly. As it turns out, the smocks didn't serve a practical purpose: After his show, Simon Porte Jacquemus explained that it was a conceptual gesture, a way of obliterating fashion hierarchy and immersing showgoers in the Jacquemus world. ""It's like a child who's into circles, and he goes around making everyone else get into circles,"" the designer explained. The fact that paintballing models were seriously wondered about in the front row is a good measure of the sense of possibility surrounding Jacquemus; the fashion pack attends to him as a young designer capable of surprising them. Meanwhile, Jacquemus' explanation for the smocks had a lot of charm. But it hinted at the limitations of his approach. For this was, indeed, very much a collection based on the idea of making everyone get into circles. The very first look, for instance, was in essence a construction of circles, which was intriguing but not very convincing as a garment a young woman would want to wear. And that issue plagued this very cheerful outing. You could pluck out the viable looksãJacquemus' very cool slouchy trousers, for instance, or a net crop top and pencil skirt with white oval appliqués, or a sexy yellow jumpsuit in neoprene. But a few of the silhouettes here did seem rather silly, like a comedy oversize suit. And perhaps more problematic, many of these looks were just plain ungainly. There's more to fashion than flattery, of course, but this collection could have benefitted from a bit more consideration of the end customer and how she wants to look and feel in the clothes. Most of us have had that experience of wearing something a little embarrassing for the sake of a kidãin fact, the experience was enacted, smock by smock, by the guests at the Jacquemus show tonight. But it's not an experience most women are shopping for."
6208,"For nearly a decade, Jasmin Shokrian has been quietly creating thoughtful clothes that reflect her interest in the arts. This season, she reported that sales of her Spring ê14 collection are up by 300 percentãall thanks to a white T-shirt that read ""Je pars habiter a Los Angeles."" The success of that relatively simple, Instagram-able top (in English, it says, ""I want to live in Los Angeles"") got the designer thinking about the split-second attention span that social media fosters by bombarding us with thousands of images a day. At a Fall preview, Shokrian wondered, ""How do we differentiate our own memories from things we've visually absorbed now "" She addressed that idea with a cerebral video starring Malu Byrne that strings together fragmented quotes such as ""People's memories are maybe the fuel they burn to stay alive"" from Haruki Murakami's novel After Dark . For Fall, Shokrian revisited the wordplay of her popular T-shirt on pullovers and tote bags splashed with ""Arte Povera,"" a tribute to the mid-century modern art movement that partially inspired her this season. She went on to cite Persian architecture and the particular black-blue shade of caviar from the Caspian Sea as additional influences. All of this played out in a range of sculptural navy pieces (many of which were cut from a terrific silk faille that resembled technical nylon), which articulated Shokrian's fascination with shapes. Highlights included a slightly retro swing coat, wool wrap skirts, and dressy culottes that would look nice at a cocktail event. Compared with recent outings, there was a sportier vibe here exemplified by organza sweatshirts, sweatpants trousers, and a windbreaker jacket. Many of the looks were finished off with a statement-making bucket hat (watch out, Pharrell) that doubled as a daytime clutch. Only time will tell whether it will become as popular as Shokrian's Los Angeles tops."
6209,"Jason Wu has not one, but two shows this week. His debut collection as creative director of Hugo Boss will hit the runway next Wednesday. Before his own show today, he explained that the experience of working for the German company had him thinking about his namesake label's DNA. ""It's going to be quite personal,"" he said of his new Fall collection. It was clear that working with Boss, a company known primarily for its menswear, had him reconsidering his own style. Wu rose to fame on two traits: a flair for the sportif and, most famously, a sophisticated dressiness that belied his youth (see both of Michelle Obama's inauguration gowns). Today's outing was no volte-face, but you did notice differences in his approach. Whereas a year ago he was all about a corset, power shoulders, and aggressive femininity, here his coats came with the rounded shoulders, full upper arms, and straight waists of forties and fifties tailoring. A peacoat slashed at the hips below four metal buttons looked great, and there was serious drama in an eggplant leather overcoat that hugged the thighs above a long embroidered chiffon skirt. Overall, the silhouette was long and lean, but not curvy the way his clothes used to be. A lilac wool crepe pantsuit conjured visions of Marlene Dietrich in full drag.  The changes were even more distinct in his eveningwear. The feather confections you saw on his runway last February had already given way to beaded bias-cut slipdresses last September. Today, he dialed down the embellishments still further, letting gorgeous panne velvets in lilac and grape do the talking under oversize men's coats, draping silk chiffon and velvet dévorés asymmetrically around the torso, and slipping little black camisole dresses underneath erstwhile utilitarian parkas that were bisected with industrial zips and patchworked with bits of fur. He'll score with those parkas. It wasn't all hits. But in general we liked the direction Wu took here."
6210,"A chance meeting with Malcolm McLaren approximately eight years ago, around the same time Jonathan Riss launched his label, materialized into fringed miniskirts and shaggy coats at Jay Ahr today. To those obvious late-seventies Britishisms he added in academic-uniform and nightlife dress codesãstrange bedfellows, surely. And yet the collection came together with polished sex appeal. As always, Riss devoted his energies to sourcing unique materials as much as to establishing his mood. From Italy came a soft, bouncy blend of viscose, silk, cashmere, and cellophane that might as well be dubbed neo-neoprene; it was perfectly suited to a hooded caban. A technical fabric with rubbery ridging had a weirdly pleasing hand feel, as did striped lacquered suede. Riss also took advantage of advancements in faux leather and fur, micro pleating the former as panels on skirts and sleeves, and using the latter to emphasize shoulders (any similarity to Einstein's hair was purely coincidental). The designer returned to the zipper play that was so predominant for Pre-Fall, this time applying it as a framing device for the fringes and as a contouring device, only now with more linearity, less groove. If you looked closely, you might have noticed zipper teeth as trim on a denim skirtãyes, the material-focused designer finally wrangled up some Japanese raw denim and worked it into a great jean jacket with an oversize sailor collar. It wasn't the sexiest piece in the collection, but it lingered most in the mind."
6211,"Like Todd Lynn, fellow Canuck-in-London Jean-Pierre Braganza 's approach to fashion has always hinged on rock 'n' roll (in his case, to be specific, industrial metal). When Braganza is not designing, he's jamming with his bandãor outfitting rock stars like Trent Reznor of Nine Inch Nails. That rock 'n' roll element hasn't wavered much for him, but at today's outing he decided to keep us all on our toes by throwing in some Italian Baroque and biblical references. When the first looks of printed visages appeared, it seemed that Braganza was a little late to the face-print party that Dolce & Gabbana and Prada owned in seasons past. But the designer's references to Artemisia Gentileschi, an Italian post-Caravaggio painter, were a bit more beefy. Artemisia painted powerful womenãthe work that made her famous was her depiction of Judith, a biblical character that liked to lop off the heads of baddies. ""What can I say,"" Braganza said backstage, explaining why he chose Artemisia's painting of Judith for his prints, ""I like women in powerful positions.""  Shapes were also a talking point. Braganza's silhouettes were all about the oversizedãa lot of cocoon coats, NFL-esque shoulders, and a good dose of judo-like silhouettes in trousers and sweatshirts. It was fierce and slightly intimidating; good thing there was some levity in the form of a bicep pack (a humorous take on the fanny pack), positioned on the arm of a leather jacket. But then it all went a little off piste: Asymmetrical skirts and fluid tuxedo looks pointed to a lack of cohesion in the thought process. Braganza's sharpest pieces embodied his rock 'n' roll DNA. A superb leather top with zipped sleeves and leather skinny trousers showed his skills to their best advantage. For this designer, honing his message a bit more and sticking to what he knows best may just be the ticket to the next gig."
6212,"This season I was inspired by English manor-country dressing and 1930s femininity, said Jenni Kayne , on the phone from her house in Los Angeles. ""For Fall, I always think of the countryside and hunting and cozying up by the fire."" Amanda Brooks' Instagram was another point of reference. (The fashion insider, who up and moved her family to Oxfordshire a couple of years back, chronicles her glorious life in the country on the social platform.) But Kayne is a modern designer whose aesthetic is rooted in nineties minimalism, so her interpretation of the idea was anything but fusty. For instance, a hunter green moto vest was styled over a button-up that was printed with tiny leaves, as well as a navy and green pullover. Those were paired with cropped black trousers and a lug-sole slingback in waxed leather. (The shoes, with their practical nylon laces, added just the right woodsy feeling.) The collection's standout printãa blown-up orange blossomãwas a nod to Kayne's 1930s notions, whether used on a sharp collarless coat or a sleeveless floor-length gown. A dusty rose, which Kayne is calling ""rosewood,"" also played a big role. A hidden-placket blouse with rolled sleeves was paired with single-pleat tapered trousers in the same shade for a new take on suiting. While Kayne sees fashion through the lens of a tomboy, the bias-cut gowns with handkerchief hems were ultrafeminine in that nineties-minimalist way. Kayne and her team are eager to point out that her pricing is extremely competitive: There's always a gown for less than $1,000. And even her long, layer-able rabbit-fur vest hovers below that number. She's smart to be so price-conscious without going too down-market. Her pieces, particularly this collection, look like they're more than worth the cost of admission."
6213,"Jenny Packham 's Fall collection was loosely based on Bianca Jagger. ""Not what she wore, but how she wore it,"" the designer said backstage. ""Eclectic, with intelligence and wit."" And indeed, other than the eggshell tux jackets thrown over the shoulders of a few modelsãwhich conjured images of the seventies style icon in that white suitãthe reference was abstract. Instead, Packham focused on injecting a Jagger-tinged eccentricity into her pretty gowns and glittery separates. Ball skirts were done in taffetaãto add ""punch,"" the designer saidãand paired with relaxed V-neck sweaters covered in sequins or sweatshirt-shape tops accented with chunky crystals. Gowns, too, were relaxed: One shell-neck burgundy number hung stick-straight, with lines of bugle beads elongating the body. Packham's ""daywear"" this time around was more like cocktail attire, although a certain kind of woman could take the wide-leg satin trousers in a dusky mauve from late lunch to late-night dinner. Packham isn't too obsessed with everything hanging together perfectly; she uses her color palette to pull it all in rather than sticking with just a few silhouettes. Generally, that strategy works for her, although this time it felt like the show could have ended before it did. (There were a lot of different looks to take in.) But she achieved what she set out to communicate."
6214,"The culture of the locker room and all things sport was the starting point for Jeremy Scott this season. That much was self-evident from the fuzzy football-jersey maxi dresses that opened the show, not to mention the basketball leathers, tube-sock knits, mesh tops, and scoreboard prints. That's a collection Scott can design in his sleep, pretty much, but what elevated this one was the designer's way of presenting all this machismo as part of a kind of theater of cruelty. No, no, Scott was not trying to make a big philosophical point hereãthat's not his wayãbut there was something mean and violent under the surface of this presentation. It manifested in the confrontational Madballs knits, and it was there in the remarkable corset skirts and bustiers that appeared to have been fashioned from football pads. The Marquis de Sade would have been a fan of those pieces; he probably would have wielded a whipping towel in the locker room with some major panache. Not everything had to do with the subversive element of torture, however. As Scott pointed out afterward, those fuzzy knits marked a real evolution for him, since he doesn't usually do so much texture and he wasn't sure what the girls walking the show would make of them. ""Carlyne said, 'Don't worry,'"" he recalled, quoting his legendary stylist, Carlyne Cerf de Dudzeele. ""She said, 'Theyêll love them; they're just soƒ cozy. '"""
6215,"Welcome back, ""design team."" You have to feel a twinge of sympathy for the anonymous toilers at fashion's coal face, bearing the Jil Sander standard into an uncertain future. At least when there's an actual human being to take a bow at show's end, they can feel that their efforts aren't being entirely sublimated by the need to preserve continuity without promoting personality. What a strange state of affairs, especially when the name on the label has been such a distinctive, influential, un -anonymous force in fashion through the years of her tenure at her brand. And it continued to be so when Raf Simons was in charge. So whereãor to whom, or to whatãdoes the ""design team"" owe allegiance now? The press notes (which at least acknowledged their existence) asserted their commitment to ""restating the fundamental codes"" of the label. That may have been why there was such an alt -Jil vibe about the show. Felted fabrics shaded with the merest suggestion of green or pink were scissored into the neutral, androgynous suits that her original fans craved. In jersey, it could almost have been a new kind of track suit, with shoesãa flat platform, spiced up with colored pythonãto juice the impression. The cocooning comfort of the coats was on trend. And yet the dominant piece in the show might have been the sleeveless shift, bias-cut, gathered, and wrapped at the waist. It stood out because every time it came around, it was in an actual color instead of a bland hint at same. And that meant it underscored the repetitive element. Cultural shaman Brian Eno once declaimed that repetition of a thing changes it. The Jil Sander show refuted that claim. But let's not blame the ""design team."" They were just doing their jobs."
6216,"Many an editor would probably be happy to slip on a pair of the black suede flatform zip-up ankle boots sitting on a podium at today's Jil Sander Navy presentation. Clodhoppers, yes, but they looked polished, modern, and comfortably chic, as did much of the collection on display. In the past, Navy has commonly combined sportswear and traditional tailoring in single pieces. This season, the design team generally broke up those concepts, sending out mix-and-match separates that mostly highlighted one feature or the other. (A tuxedo-style Bermuda short hiding beneath a royal purple coat was an anomaly.) At the more tailored end were jacquard dresses and skirts with diagonal pleats that gave them modernity and movement. There was more pattern than one expects from Navy, by way of blown-up houndstooth jacquard dresses and painterly checked pants in silk and velvety fine-wale corduroy. Those pieces got some graphic pop shown with little hooded zip-up jackets in felt-bonded neoprene. A rich orange version, its bracelet sleeves curved a little like a wetsuit's, recalled Nicolas Ghesquière's surfy-scuba days at Balenciaga. Those performance fabric piecesãthere was a smooth-surfaced techno fleece sweatshirt in the same colorãare likely winners, especially with Alexander Wang setting the tone for seriously sporty outerwear. But for such a tight collection, there was a little something for everyone. A classic coat in brushed black mohair had a beautifully furry texture and would look great with those suede booties."
6217,"In recent seasons, Jill Stuart has allowed herself to drift toward a more freewheeling, edgy look. Backstage before her Fall runway show, the designer described her muse this season as ""a girl with attitude who likes to pick her clothes instinctively. She's massively unpredictable and boyishly poeticãan irregular beauty."" Stuart worked with a variety of lush fabrics, including crystal-studded velvet, suede, and creamy satin, and didn't skimp on opulent furs; a standout coat combined beaver, rabbit, and mink. Stuart achieved a balance of sweet and sexy with a soft knit bodysuit worn underneath a leather wrap skirt, and exuded elegance with a silk turtleneck blouse (with trailing ties in back) paired with slim, tailored trousers. The second half of the lineup consisted of the designer's signature party dresses, which seemed to get increasingly intricate with each model's exit. Thigh-grazing A-line styles came in specialty fabrications such as laser-cut wool felt accented with gunmetal sequins. Another strapless style featured allover embroidery and sparkly embellishment. Meanwhile, long, cozy coats and hooded capes cut from brushed mohair that had a lived-in, pilled effect were a high point. The look modeled by Drake Burnetteãa strappy black and raspberry-colored coatãnicely encapsulated Stuart's message. While her sexy LBDs read bottle-service club, the quality outerwear displayed a downtown sophistication."
6218,"Stephen Jones has been hatmeister for the John Galliano collection since the Second Ice Age, so he's fluent in the house's vocabulary. And his mention of Nancy Cunard as a reference point for the feathered, crystaled constructions in today's show jibed tidily with Galliano's time-sanctioned appetite for extravagant, eccentric women. But that wasn't exactly what designer Bill Gaytten had in mind. He'd been brooding on the furniture designs of Marc Newson: molded plastic and metal, acute emphasis on construction."
6219,"Scan John Rocha 's collections for the past few years and a few preoccupations assert themselves. His is a romantic spirit that tends to the darkly poetic, and he expresses it in extravagant volumes and fabrications. Then, as much as it seems familiar when he trots it out one more time, the penny suddenly drops: This is bloody beautiful! With his flowing gray locks and Zen mien, Rocha would be ideally cast as some kind of philosopher king of fashion. That impression was certainly helped when he talked about this collection's genesis in his frequent trips to Iceland to fish for salmon (purely for sportãhe returns the fish to the sea) and his love of the work of French artist Pierre Soulages, ""the painter of black."" Organic and darkãthat said it all, really. The immediate impression was dictated by the huge, gorgeous hats, ruffles, and corsages Rocha sculpted from organza. They reflected his interest in the pure forms of nature. Then nature insinuated itself in other ways: forest greens, floral appliqués, the fairy-tale shimmer of the glaze on a tiered lace skirt. Nature is messy, not ordered, so there was a charming déshabillé quality in Rocha's tattered tweeds and lacquered raffia lace. The first and last looks featured panels of fabric patchworked together with a crust of crochet as dark and glossy as ant's eggs. That sense of sophisticated handwork matched to something intangibly primal might be the essence of Rocha's work. And it seems to have rubbed off on his kids Simone, who'll show on the last day of London's fashion calendar, and Max, who clearly loves a hard-rockin' geetar sound, if his music for today's show was any indication."
6220,"For Fall, Joie creative director and CEO Serge Azria dialed down the flirt factor and gave us a twenty-first-century gamine. ""Usually, my inspirations come from traveling or a place, but this time it was more of a script,"" Azria said during the brand's presentation. Spurred by the vision of a moody girl wandering Paris' most picturesque streets (no doubt a lost Godard great there), he sent out a handsome and neatly edited new offering. ""She's not from the couture world; she's just beautiful, effortless. She wears whatever she likes,"" Azria said. It's a familiar enough refrain from designers evoking their muse; in the case of this one, she likes things a bit š la garonne , and quietly luxe. Perhaps it was a stroke of marketing genius to show the collection a stone's throw from the Hudson, with strong winds coming in off the water as one departed to hammer home the looks' smartly cozy appeal. There were plenty of camel and cream, substantial knits and unfussy cashmere (the latter in one particularly standout, slightly oversize, charcoal biker jacket). Lots of deft proportion play, too, like long flannel menswear coats, and even a modestly cropped sweater or two. Sportier elements included a classic anorak and a parka, which paired nicely with chunky brogues. Azria put it thus: ""For Joie, it is a little more American casual."" Make no mistake, the molds here are still more or less intact, but Joie's latest is full of elegant, eminently wearable offerings. All told, Azria's mercurial Parisian seems to be good for the brand."
6221,"The sound and vision of Jonathan Saunders ' show had a grim, dystopian flavor: towers of old TV sets tuned to static, stacks of grimy speakers pumping the same staticky sound. ""Everything is made of something found and disposable,"" Saunders explained. ""It's a bit like the collection."" He meant that an initial inspiration had been offcuts of textiles left over from his menswear, which he bonded together with glitter to create something else altogether. ""It's almost like lace,"" he said, his enthusiasm so palpable through the pre-show exhaustion that it was obvious he felt this was the most creative he'd been in a long time.  The same bonded patchwork effect was a recurring motif throughout the show. It suited the random feel of a collection where the designer talked about ""the application of the unexpected thing"": a strip of glitter, say, around the asymmetric hem of a smock, or the silk satin seams on the outside of a boiled felt coat, or the fuzzy shag of an MA-1 jacket's shearling collar wrapping the neck of a gray flannel coat. About that coatÄand all the other outerwear in the show: Saunders was having it large, long, and leg-of-mutton-sleeved. His fanboy feeling for the fierceness of Leigh Bowery and his coterie of cash-strapped creators is more evident by the season. The exaggerated silhouettes here echoed Bowery a bit. So did the checkerboard patterning. Maybe there was a flash of Leigh's Body Map buddies in the tops elongated over long flaring skirts.  But, more than anything, it was the notion of provocative incongruity that most linked Saunders with those who came before. He matches the unmatchable. In an ongoing parade of clashing patterns, colors, and textures, the most persuasive outfit was the last: a solid sweater and muffler in what looked like industrial carpeting (actually the finest cashmere) paired with a skirt in glamorously liquid silver. There's a fearlessness in such an approach. Saunders is certainly not afraid to court ugliness. Even if there was some very pretty, fluttery slipdresses in his show today, it was the bright yellow ""smiley-face"" heeled booties that truly jived his buns. And that enthusiasm for the outré and the marginal is what will continue to make his collections so fascinating."
6222,"As the seasons progress, Jonathan Simkhai becomes more fearless. Fall 2014 was aggressively sexy, but in a sporty context. For instance, a pair of superwide-leg trousersãskate pants, okay ãwere worn with a turtleneck cut out at the shoulders and under the rib cage, showing off a whole different sort of cleavage. ""Under-boob action,"" he teased. A cigar box covered in crocodile was an unlikely inspiration, but it got the young designer thinking about menswear. Along with the pinstripe looks that nodded to traditional suiting, he incorporated plenty of croc-embossed pieces, including a sleeveless turtleneck and matching mini, as well as a racerback dress with a zip front, which was done in a woven jacquard that almost shimmered. Simkhai is inching toward a runway show. This season at Milk Studios he used his presentation space to create a stage where models individually walked to the front and center to show off their wares. It was another indication that he's gaining confidenceãand just might be ready for the big leagues."
6223,"This year marks the twenty-fifth anniversary of the opening of the Joseph store in South Kensington, London. In celebration of that fact, the stalwart London brand decided to throw itself a fashion show this season, and while under the spotlight the collection came off more retail-friendly than runway-ready, it did serve as a useful reminder of Joseph's place in the London fashion scheme of things. The collection included some very good new takes on the Joseph staplesãknits and outerwear particularly. Creative director Louise Trotter made a convincing case for cozy sweater dressing, and there were a handful of top-notch jackets, such as the shearling-lined motorcycle jacket in a wine-colored check. Elsewhere, tie-neck blouses, naval-inspired trousers, and long skirts in dot chiffon all made a positive impression. Results were more mixed in terms of the leathers: Some all-leather looks came off heavy, though a leather jacket trimmed with long fringe will certainly find a lot of fans when it hits the shop floor."
6224,"For a designer who built her name on pretty negligees and underpinnings, Josie Natori can cut a mean coat. Her new Fall collection, which was inspired by ""the richness of Russia's cultural heritage,"" offered covetable outerwear for every day of the week. Natori opened with a series of dark gray looks whipped up from a double bonded jersey that yielded strong, sleek shapes. Admittedly, that colorway wasn't much of a pick-me-up following a morning spent slushing through the city's sidewalks. But the show quickly transitioned to a monochromatic winter white moment, including a beautiful felted wool cape, then kept the ball rolling with a handful of tie-dye-effect toppers that seemed like bait for fashion editorials. In general, the variety of lush materials and textures incorporated hereãembossed pony velvet, knitted rabbit fur, panne velvet, jet beadingãwas admirable in its own right. Natori featured intricate cutwork details on crimson coats, as well as on a decorative kerchief and its matching belt, which you could only imagine someone like Ulyana Sergeenko wearing. While the lineup could've stood to lose a few looks (not to mention those distracting neck accessories), it suggested that Natori means business when it comes to developing her ready-to-wear vision."
6225,"After spending years honing his message, Juan Carlos Obando finally found a formula that works, and he's standing by it. The designer's take on modern eveningwear typically involves sexy dresses cut from yards of rippling satin that feature high slits, plunging necklines, and all sorts of trailing streamers and sashes. Obando offered plenty of these signature styles in saturated jewel tones (a deep teal halter gown was particularly stunning), as well as a range of pretty blush hues.  Pulling off one of these numbers requires titanium-strength confidence and a killer physique to match. In order to ""own the night""ãObando's trademark phraseãyou've got to be able to own the dress. That's easy enough for a diva like Kelly Rowland, who sat front-row at the show in a JCO Spring look. (She also wore the designer to an amfAR event the previous eveningãthat outfit has earned her more than 50,000 likes on Instagram already.) A slew of A-listers including Amy Adams and Julia Roberts have also donned JCO recently.  Real women without red-carpet events to attend, however, are more likely to gravitate toward some of the relaxed, pajama-like separates here. Although several looks could've fared better without excessive styling flourishes such as chiffon veils draped over the shoulders and shaggy fringe boots, Obando ultimately succeeded in communicating his unique vision."
6226,"Times (not to mention parent companies) may change, but the essence of Juicy Couture 's customer remains the same. She is youthful, bohemian, has a rock-and-roll streak, and embodies the laid-back Los Angeles lifestyle. While the brand stayed true to its aesthetic this season, the look felt more grown-up. Take, for example, Juicy's quintessential velour tracksuits, which starred in the label's recent Spring campaign lensed by Inez & Vinoodh and styled by Carlyne Cerf de Dudzeeleãboth parties have signed on again for Fall. This time around, the design team whipped up a plush leopard onesie that should appeal to JC loyalists (plus CCD, who has a known affinity for both tracksuits and animal spots), but they also updated the signature sweats in a variety of fresh fabrications, such as washed indigo and silk crepe. Another category that felt much improved here was outerwear. In addition to transitional staples like leather biker jackets and sporty bombers, there was a terrific range of novelty tweed blazers and classic styles including peacoats and cocoonish, menswear-inspired toppers. Elsewhere, ripped, distressed jeans and plaid kilts introduced a tough edge to the mix, as did a bedazzled, lip-licking T-shirt that channeled a Miley Cyrus vibe. On the more feminine side of the equation were romantic guipure lace pieces and wispy floral dresses that would fare well with the festival set at Coachella."
6227,"A pair of artist Aaron Young's sculptures set the scene for Julien David 's new collection. Mangled barricades dipped in 24-karat gold, they were a visual metaphor for his elevated streetwear. David paid special attention to fabrics this season, and they gave a lift to recognizable shapesãsweatshirts, tees, track pants. Metal-wire fringe was the flashiest of his experiments: A long T-shirt dress was looped with six kilometers of the stuff, and it took the machine that did it twenty-four hours, yet it retained the ease inherent to the silhouette. Same goes for the texturized black leather flight jacket and A-line skirt. It took a heck of a lot of work to get the leather to pucker the way it did, but you wouldn't know it from the cool street vibes it gave off. (Credit also goes to the collection's fuzzy-sided flatform shoes and headgear, a surprisingly cute hybrid of bucket hat and baseball cap.)  Those vibes are the key to David's ascent from 2012 ANDAM winner to Tokyo store owner in 2014. He also just signed on with Net-a-Porter. This collection should keep the love flowing in both directions. But we bet the e-tailer asks him for a little more of the sparkly metal fringe pieces and slightly less black. Because he was so involved with fabric development here, David more or less avoided color, and you couldn't help but miss it."
6228,"Julien Macdonald 's up-for-it crowd was not your usual fashion audience. Determined to make the most of their Saturday night out, they'd dressed up, they'd drunk up, and they were ready for a show. And Macdonald was blissfully happy to oblige. The vaulted hall of the Royal Courts of Justice, as august a venue as London fashion week could offer, had surely never seen the likes of the beaded, sequined showgirls who snaked down the catwalk in dresses that coiled around the body or were revealingly dissected in ways that could only have been done full justice by a Bond girl (in the Connery era, at least). Mind you, there were attendees in the front row who were giving it a go, like the beauteous Abbey Clancy, a co-competitor with Macdonald in the BBC's celebrity ballroom competition Strictly Come Dancing . She won it; he crashed out in the early rounds. Two left feet, he was unashamed to admit.  That's the thing about Macdonald. His favorite word may well be ""glamour,"" but he's cheerfully gauche with it. Case in point: His latest inspirations were the Notre-Dame Cathedral of Reims and the 19th-century house of the widow Clicquot, the grande dame of champagne ( veuve is French for widow). Or, to bring it down a bit, stained glass and tiny bubbles. ""Like Reims turned into Studio 54,"" Macdonald burbled in a burst of quotable gold. The emphasis was on lightãthe way it sparkles in champagne or shines through cathedral windows. ""The embellishment is much more ornate than the inspiration,"" Macdonald said, but nothing felt weighed down by its intricate decoration. Maybe that's because there wasn't so much to weigh down: Fabric was kept to a minimum, mostly as a sheer foundation for the impressive embroidery and beading. ""The dresses fade in and out of being dresses,"" Macdonald acknowledged, ""like angels in church."" That delightful non sequitur applied even to the knitted pieces (there were ten of them, as a reminder of where Macdonald began 15 years ago). The models looked like they'd been stitched into gilded second skins; it was almost as if Julien Macdonald was the Dr. Frankenstein of glamour."
6229,"Black was once the power color of fashion; fashion people always wore black. And in large part it was the Japanese designers who established this precedent in the eighties. At some point this changed. Now fashion people don't really wear that much black, at least not to fashion shows. Despite black being scientifically proven to be slimmingãand who doesn't want to look thinner ãthe details are missed by the cameras: You see, black is notoriously difficult to photograph. So as the street-style types stand outside of fashion shows and pose and pose and pose, their bright colors clashing, their accessories conflicting, our IQs diminishing as we watch them, the designers inside, the designers who make all of this possible, well, they are showing BLACK. And it's also what Junya Watanabe did today. Black is not for public spectacle, it's for private consumption. And there is an idea of something more private being expressed in collections this season, something for a more personal pleasure. Junya Watanabe's show today looked at a personal craft, that of patchwork. Here he once again took one element of fashion and obsessively, compulsively, literally pieced it together to form his Fall offering. At the same time, this collection was patched together with elements of his past, a personal patchwork of inspirations and ideas from his career as a designer. The music seemed to reinforce this point, itself a patchwork of classical piano pieces, rewound at times and distorted while the models walked at different speeds. Junya Watanabe said of his offering: ""Patchwork madness."" It started off with circles, appliquéd and pieced together, radiating ever wider. Mainly in black, but it was the textures and materials that mattered: from brocades to bouclé, velvets to satins, silk to sequins, leather (or leatherette) to lace. The circles built the silhouettes, the enveloping, cocooning, tunic shapes and the cloaking coats, occasionally bursting into ruffles or layered with tulle for skirts. Midway through, the familiar quilted down jackets, made so desirable and cut like couture that had appeared in his Fall 2009 collection, made an appearance again. Then on to strips of fabrics, running like sedimentary rock formations, a strata of fashion, a clue to its history. Once again Junya Watanabe has proved what a great designer he is with this collection. Prodding the past but always producing a notion of the present, he continually moves forward. While over the past year he has become known for his patchwork jeans, worn by fashion people far and wide as well as those not averse to the cameras, today he short-circuited this signature at the same time as strengthening the notion of patchwork. That's the power of black: It could well be the answer to image fatigue."
6230,"Roberto Cavalli's native Florence provided a starting point for his new Just Cavalli collection. He tends to go off on a trip for this little sister lineãBhutan one season, London by way of Southern California the next. But why not stick closer to home? If ever there was a town ripe for the plucking, it's his own. Medici statuary and the marble stripes of the arches in Santa Maria Novella became photo prints here. Overdyed in nearly neon colors or bisected with broad brushstroke motifs, some of the familiar landmarks were abstractedãnot quite unrecognizable, but not obvious, either. Perhaps the thinking went that unaltered they would've been too earnest for JC's rock-and-roll type of girl.More is more, and molto is better has long been Cavalli's philosophy. Today, though, that approach tended to weigh things down. A minidress printed with a lone statue was far more effective than lean cigarette pants in those busy allover collage prints. Elsewhere, there was an excess of oversize grommets, exuberant applications of fringe, and, loudest of all, gold leather that brought the rodeo to mind, not the Renaissance. The rich tapestry brocade Cavalli used for jackets and coats with motorcycle detailing was more successful for its relative understatement."
6231,"KTZ continued its nomadic streak today. Last season, Marjan Pejoski conjured Berber North Africa; this collection, meanwhile, had a Moroccan slant, with mirrored embroideries redolent of Handira wedding blankets. This was a dense collection, and there were plenty of pieces, like the faceted leggings, that affirmed this brand's reputation as a go-to for club kids. But there were also a ton of looks with a more mainstream appeal: You don't have to live for a four-on-the-floor beat to appreciate the pleated KTZ skirts or the organza tees with geometric patterns of laser-cut leather. The standout items here, though, had to be the ones featuring that Handira blanket embroidery: The work was quite heavy, which made looks like a fully embroidered pencil dress a tough sell, but on the other hand, a hooded bomber embroidered in the same fashion was totally convincing."
6232,"For Fall, Kaelen Haworth got a bit girlier. Largely skipping her eponymous line's usually laid-back, slouchy shapes, she sent out a pretty traditional vision of femininity. There were fitted sheaths, tulle, and more than a few flounces. (Lest fans think that Kaelen 's gotten a bit too girly, fret not: Those ruffles on skirts and tops zip off.) Even at their most eccentric, pieces felt generally safe and flirty. High points included a tomato mohair jacket and top with matching skirt. ""[The material] was not something I would normally gravitate toward,"" said Haworth postshow, ""but for some reason I loved it, so that was sort of a jumping-off point."" Red Hook natural dyer Audrey Louise Reynolds lent a hand, coloring other fabrics using both squid ink and berries, but all told it was hard not to feel that the collection could have done with a few more palpably idiosyncratic touches."
6233,"Did you know, asked Karen Walker after her show, ""that New Zealand was the first country to give women the vote "" Up with New Zealand! And up with agitation! Walker's latest collection, a tribute to the suffragettes of yore, was one of her best, full of upbeat, easygoing looks with an undercurrent of real toughness. There was lots here to like, much of it in the classic Karen Walker veinãthe cropped balloon pants, for instance, or a peacoat in a needlepoint rose print. But the most interesting looks found Walker entering terra incognita: If this wasn't the first collection in which she's used black, it was one of the few, and her graphic (and rather confrontational) hand, hammer, and broken-heart print was a recurring highlight of this show. Walker also used the pattern in a maxi dress of deep red burnout velvetsãanother atypical look that proved a standout. The designer did well, too, with her blouses and full skirts, which hinted at Victoriana without driving the point home, or for that matter, feeling particularly ""vintage"" at all. Perhaps the cleverest homage paid to the suffragettes, though, was found in the accessories. As Walker explained backstage, she was interested in the ways the women had turned whatever they had at hand into a prop for their causeãrestamping pence coins, making their bags into placards, and so on. Taking her cue from that, she turned out bags emblazoned with phrases such as ""Liberal, Miserable & Cynical."" A rallying call for our time."
6234,"There are big corporate changes happening at Kate Spade New York . Once part of a stable of brands most recently operated under the moniker Fifth & Pacific, it was announced last month that F&P; would sell off what remained of the other properties and change its name to Kate Spade. That means creative director Deborah Lloyd, who has grown KSNY from a niche label of well-made box bags into a retro-minded lifestyle brand that includes a ready-to-wear line, tech gear, housewares, and a flourishing fragrance program, is in the hot seat. But if there's added pressure, Lloyd wasn't showing it. Instead, she presented a collection that stayed true to the brand she's created, nudging it ahead ever so slightly. ""I travel so much, but even when it's for work, I really try to enjoy the places I'm visiting,"" Lloyd said as an introduction to Fall. This past year has included many trips to Asia, particularly Shanghai and Tokyo, and she was thinking about the bullet trains that connect Japan's cities. ""I like the juxtaposition of the old-world quality of riding in a train car with the fact that it can get you somewhere in an hour or so,"" she said. The Tokyo vignette was the purest representation of what Kate Spade New York has become: all color and mod, graphic elements. A bright floral strapless cocktail dress in an A-line seamed shape got a party-girl upgrade with a jazzy black bow at the bust. Other models were covered up in vibrantly hued topper coats. A cobalt blue, rounded-shoulder version was worn with a pair of Kelly green trousers and high, pointy white pumps. In Shanghai, the look was more subduedãa camel ""teddy bear"" skirt with a flat bow at the waist read unexpectedly elegant, as did a pair of cropped pink slacks. Lloyd incorporated Chinese red into a few looks, the most notable being a collared cape coat, blouse, leather gloves, and trousers, paired with leopard loafers. The last group was inspired by elegant travel attire, so it made sense to see that a pair of black silk pajamas was topped with a feather chubby. In all, the silhouette was more relaxed than is typical with KSNY. The backlash to all things twee is underway, and Lloyd seems to understand that, without feeling obliged to abandon the vintage-inspired codes she has worked hard to create. ""The goal is to move our girl forward,"" she said. Just not too far."
6235,"Katie Ermilio was recently named a member of the CFDA's third Fashion Incubator class. The news has not only added to Ermilio's momentum, but also given her the opportunity to re-examine her brand from a business standpoint. Known for occasion-wear that's ultrafeminine yet minimal, the designer's new Fall collection indicated that she's no one-trick pony. A prime example of her growth this season was an orange-red parka cut from a waxed cotton sourced from a company that originally produced military tents during World War I. The sporty standout suggested that Ermilio is developing her range, as did additional separates like slim trousers, fancy T-shirts, and color-blocked topcoats that had mod sixties appeal. ""I've been thinking more about a woman's wardrobe in the round,"" she said at a studio preview. Elsewhere, Ermilio continued to refine her signature cocktail attire with clean sheaths and strapless dresses that came in either candy-stripe satin or floral guipure lace. Another highlight was a beautiful ivory column gown with a low, scooped back and flouncy train. It was simultaneously pared down and dramatic, and would look terrific with the aforementioned parka."
6236,"Katie Gallagher staged her first seated runway show today, in a former convent where soaring stained-glass windows and a flickering candle-filled fireplace complemented the goth undertones of the young designer's work. The runway format highlighted surprising design elements, such as an apparently simpleãalbeit perfectly drapeyãraglan sweatshirt that turned out to be entirely backed in sheer chiffon. Gallagher abandoned her usual heavy use of leather this season in favor of slippery tech nylon and silvery gray faux fur, which she combined in oversize bombers with contrasting pockets and collars that were among the show's strongest pieces. Along with those bombers, ponte crop tops and leggings gave the moody collection some sportiness, while open-necked French terry sweatshirts paired with arch-hemmed skirts lent it all some louche sophistication. (Paired with wet-shine hair, those looks couldn't help but recall the sexy noir vibe at Prada last February.) While it was nice to see Gallagher branching out, menswear-inspired pieces like tab-front trousers and crisp shirtdresses seemed to push her into a more conservative corner. Gallagher's many textures of black were accented with pieces and panels in red flocked netting, as well as droopy hair bows and oxblood lips. But what really shinedãliterally and figurativelyãwere those tech nylon pieces, where her experimentation paid off."
6237,"There's often a divided nature about Kaufmanfranco collections. At their best, Ken Kaufman and Isaac Franco walk a fine line between sexy and restrained, flashy and minimal. Backstage before their Fall show, the designers summarized this season's artful contrasts: ""If it was going to be indulgent, it was going to be very restrainedãmore badass, but a little good girl, in keeping with the DNA of who we are."" The first look out was a sleek white wrap dress cut from a flattering, compact material that hugged all the right curves. Granted, DVF had a lock on the wrap dress category this week, but Kaufmanfranco's sharp take on the iconic style kicked things off on a high note. The duo continued to update classic staples such as tuxedo jackets, pencil skirts, and slim sheaths (in either double-face wool or napa leather) with discreet cutouts, high slits, and clean metallic accents. A ""glacial blue"" series felt particularly fresh, ""like the icy top of a martini,"" Franco said. Moving into eveningwear, the designers channeled a slight nineties vibe with long bias-cut slips they said were a tribute to Kate Moss. One in herringbone-printed silk had graphic appeal topped with a matching wool duster coat. Meanwhile, a similar periwinkle-colored number felt modern paired with a gauzy cashmere pullover that shrugged off the model's shoulder. Casual yet sophisticated, these standout slips added a needed softness to the lineup, and encouraged ample layering. ""We wanted that intimate lingerie feel but also a protective shell. It's about mixing that vulnerable thing with the 'nobody's getting through this,'"" said Kaufman. Hence, a handful of high-tech parkas lined with plush mink. You could imagine a pretty young starlet wearing one in the car on her way to an event. She waits until the last moment, then whips it off just as she hits the red carpet, revealing a dazzling dress underneathãthere were plenty that fit the bill here. The finale group of high-wattage embellished gowns had definite bling factor. Several featured allover crystals that appeared to have been slashed, and the thousands of tiny bugle beads covering a long-sleeved column had a liquid silver effect that lit up the runway."
6238,"What is real? That was the question posed in the highly amusing video that introduced today's Kenneth Cole Collection show. In the video, Alan Cumming and Rachel Dratch trade texts, Instagrams, and tweets, making out the unbelievableãand, indeed, totally fakeãawesomeness of their lives. And so, what is real? Well, pinstripes are real, on the evidence of both the men's and women's Kenneth Cole collections. Also, hats for the ladies, and leather backpacks for the men. The colors black, white, gray, burgundy, and red? Real. Of course, it's a bit silly asking the question ""what is real "" regarding fashionãthe whole industry runs on artifice. And not in a bad way, but in the kind of way that gets Kenneth Cole to produce highly studied effects of nonchalance with his clothesãpurposefully ersatz layers and long, wafting dresses worn over pants, and so on. Cole's vision of urban nomads wasn't authentic, but for the Kenneth Cole customer it ought to prove convincing, and at the end of the day, that is the point. The tweeds here looked particularly good, as did the natty neoprene outerwear for men and the printed calf-hair looks for women. There were lots of individually appealing pieces, in fact, and the accessories looked very sharp this season. Real enough, you might say."
6239,"This was the third in what Kenzo 's Carol Lim and Humberto Leon consider their David Lynch trilogy, following Pre-Fall and men's collections inspired by the filmmaker's oeuvre. Both of those shows had a Twin Peaks flavor. Having convinced Lynch himself to sign on as a collaborator this season, the connection was more explicit here, at least as far as presentation was concerned. The director mixed the soundtrack for today's show and was responsible for the large sculpture of a head in front of the camera pit. Its mouth was open in an agonized howl, but if the collection's mood was slightly darker than what we've come to expect from Kenzo, it wasn't as sinister as all that."
6240,"The look at L.A.M.B. this season was decidedly more grown-up and sophisticated than before. As anyone who's recently picked up a celebrity tabloid knows, Gwen Stefani is expecting her third child. No doubt she'll be back in pre-pregnancy shape soon, and will want to flaunt her figure in flattering, body-conscious clothes, which were on the L.A.M.B. agenda for Fall ê14. At a preview of the new collection, the first look out was a somber black crepe sheath, which featured a high neckline and matte iron zipper accents. It had a refined edge, as did a dégradé plaid topper with leather biker sleeves and its matching miniskirt. Keeping the look slim throughout (particularly in the shoulders), Stefani and co. focused on tailoring in the form of novelty suits in shiny satin or a vibrant camouflage jacquard. Military remains a perennial influence at L.A.M.B., and it was evident in an olive green boiler jumpsuit and the bungee details found on ribbed pullovers. Other surplus-y highlights included a standout series of workwear-inspired raw denim jackets that had gathered peplums in back for an effect that was simultaneously tough and feminine. Meanwhile, a slinky, ruched jersey dress splashed with a digital snake print will presumably be Stefani's go-to option for a date night with Gavin. All in all, the collection struck a relatively mature tone while still maintaining its rock-and-roll appeal."
6241,"Ren_ Lacoste is a legend in tennis history, but it was the game of golf that really seems to have run in the family. His wife and daughter were both golf champions. So was Felipe Oliveira Baptista's great uncle, back home in Portugal. And Baptista himself played when he was a kid. That was the rhyme and reason of his new collection for Lacoste , which, the designer agreed, was a pretty radical reconceptualization of golf wear, nothing at all like the campy apogee of sartorial hell that Miuccia Prada had so much fun with in her Spring 2012 collection for men.  There was, for instance, the merest suggestion of argyle, in a sweater with a single diamond, and not a fluoro shade in sight. Instead of a riot of clashing color and pattern, there was head-to-toe monochromeãmatching jacket, pants, shirt, trainers, and often, backpackãin classic Lacoste burgundy, or the greens of fairway and forest. Baptista's starting point was Chantaco, a golf course Lacoste's father-in-law designed in the 1920s in the Basque region of France. The colors of nature, obviously, but inspiration drawn as well from Chantaco's Art Deco clubhouse, in the style of which Baptista created striking angular graphics for the dressier pieces in the collection. The leanness and elongation of the womenswear also had a twenties flavor. But equally, the designer took a distinctive utilitarian approach with parkas, anoraks, multipocketed jackets, and pouched tops. These were practical all-weather clothes for outdoor games.   And yet there was something more, an elusive quality that hinted at the subtle pleasures of casual clothing beautifully realized. In that, you could almost see Baptista moving into the same row that Véronique Nichanian, say, has hoed so effectively at Hermès."
6242,"Before his latest Lanvin presentation, Alber Elbaz seemed a little nervous, like maybe he felt he'd gone too far. Guess that's what happens when you've already rated your collection Triple XãXtravagant, Xtreme, and Xperiment. Any of those Xs has marked the spot for Elbaz in the past, but when they were combined in one collection they reached a critical mass of twisted splendor. The set felt like a soundstage, with kliegs and spots and standing lamps, and that automatically cued the chiaroscuro mood. The show was a cinematic shadow play. The faces of the models were often cast into darkness by their headgear, while the textures of their clothing also played on dark and light, especially in the fringed, ruffled, raw-edged pieces that opened the show. There was something dark, fierce, and frustrated, literally bursting at the seams, about these particular outfits. They were extravagant and extreme, and they set a very particular pace, picked up by dresses in pleated black leather or bias-cut knit or midnight duchesse satin, literally framed in glass baguettes and bugle beads. Hardware is always significant in a Lanvin show. Here, there were huge domes. They snapped a swath of fur to a layered gray suit. It's a strange effect when you drape animal skins over flannel or tweed, when the primal suffocates the urbane. And it seemed to fit right in with Elbaz's efforts to discombobulate the Lanvin he has created. By way of contrast with Spring's shiny candy wrappers, he paraded Edwardians in floor-sweeping dresses, faces shaded by wide-brimmed marabou-trimmed hats. This ghostly effect was then compounded by Edie Campbell in a dress that matched a rococo spirit with a hot shot of nu flamenco. Xperiment! As the show ran its course, it became apparent that Elbaz's subject was time itself. In fashion, that can mean a slavish subjection to seasons or a blind faith in the classic. His ongoing obsession is to liberate women from everything remotely hidebound by orthodoxy. Understandably, that task frustrates Elbaz at times. Today, his elongated Edwardians dissolved into a torrent of flapper fringes, a furious flurry of activity that was punctuated by one perfect slipdress in charmeuse silk. Mercifully, there is quiet in the storm."
6243,"Molecular gastronomy seemed an unlikely starting point for Lela Rose 's perennially pretty dresses and ladylike separates, but this season's journey began at Ferran Adriš's El BulliãRose visited the restaurant before it closed back in 2011. Fast-forward three years, and the designer reinterpreted Adriš's quivering spheres of who-knows-what into a beautiful, bubbly stacked-pearl trim that made skirts and peplums swing. Many of the models walked apprehensively (and oneãin a glowing magenta gown with a sweetheart neckline and very full skirtãtook a spill), but when Marihenny Pasible hit the runway in an ivory silk blouse with a thick lace hem and pencil skirt to match, she strode with confidence. Maybe it was the blouse's boxy cut that gave this look some swagger; Rose's dressier separates this seasonãmany T-shirt-style silhouettes trimmed in pearls, lace, and feathersãwere especially strong. An early group of navy mohair and gray wool pieces may have been a nod to the season, but they left us a little cold. It's true that the citrine grid-embroidered organza shell and matching full skirt that followed weren't exactly autumn-appropriate, but like many of the show's best pieces, they can be adapted. (Or better yet, worn where it's warm.) A black, body-skimming skirt of silvery lace will look chic with a sweater, and even the gowns this season were somewhat convertible, thanks to pieces like a cropped tulle T-shirt that can be layered on top. Backstage after the show, Rose gushed about her recent dinner party, at which Adriš was the guest of honor. ""Truly my dream come true,"" said the designer. So what does one wear for such an affair? ""I actually wore Look 24."""
6244,"Yiqing Yin, the newly appointed creative director at Leonard , was dressed in top-to-toe black as she explained her debut collection backstage. This isn't typically a noteworthy detailãexcept that venerable French fashion house Leonard has always been associated with prints, while Yin, a talented young couturier, has not. So it must have come as a relief to the designer and her new bosses that this setup proved successful today."
6245,"Graeme Black has replaced Alessandro Dell'Acqua as the creative director of Les Copains . The appointment was announced ten days ago. Presumably Black was at work on the Fall collection he presented today in Milan before that. However much time he had, it was long enough for him to absorb the 60-year-old Italian houseês fine knitwear heritage. There were all manner of sweaters on the runway, from fuzzy striped mohairs and butterfly intarsia dresses to an openwork chenille cardigan tied with a silk ribbon and a shaggy coat in a pattern that looked like a Moroccan rug. A reindeer even popped up on a pullover. As a statement about the companyês range, it sort of worked, even if it was conventional stuff. Beyond the knits, Black was unfocused. He showed a few sculptural skirts and, at the other end of the spectrum, some unstructured track-pant-jodhpur hybrids. A passage of separates in flower-printed laminated knits was also in the mix. In order for Les Copains to expand as its owners want, Black will need to refine his point of view for the brand."
6246,"Libertine 's latest collection had it allãsparkles, skatewear, embellished capes, color galore, classic British literature, and beyond. (Yeats' poem ""The Sorrow of Love"" was used as a clever graphic print on overcoats and a sweatsuit.) Fall's eclectic nature was thanks to designer Johnson Hartig's rainbow of inspirations, which included but were not limited to, Gerhard Richter, Christopher Wool, text, snow, and frost.  The best pieces were those influenced by Wool. Hartig screen-printed a beautifully cut black pantsuit to look as though it were covered with streaks of acid-orange and yellow paint. A classic white and vermilion skirtsuit in the same series was another highlight, as was its men's counterpartãcut-off shorts and a blazer rendered in black and white. Hartig is a wizard when it comes to mixing clashing patterns, and he took this skill to new heights, pairing almost every look with electric, gridlike tights (a Richter reference, presumably), kaleidoscopic socks, and patchworked T-strap pumps trimmed in a zebra motif. The combo made for a visual explosion and agreed with everything from herringbones and plaids to the designer's signature crystal-covered wares. Somehow, those stockings even elevated Hartig's screaming-loud, multihued mink coat (though, to be clear, the topper would have been thrilling on its own, too).  As much as there was, the collection would have been better with less. Hartig's abundance of plotlines was difficult to take in. Distracting extras, like a disjointed floral story, a matronly black maxi dress, and a witchy crocheted fringe-trimmed frock, made it hard for his many successes to shine. A bigger focus on those great separates, and fewer outerwear options, would have been nice as wellãthe seventeen coats on today's catwalk went overboard. Hartig's over-the-top aesthetic is what gives Libertine its charm. But when it comes to the collection as a whole, less clutter and more cohesion would have made it all the stronger."
6247,"Back in 2006, Lindsey Thornburg launched her namesake collection with witchy cloaks whipped up from deadstock Pendleton blankets. Over the years, the free-spirited designer has expanded to offer a full ready-to-wear range, but she remains best known for her capes, so it makes sense that she decided to keep the focus on them this season. Thornburg has built a strong relationship with Pendleton, and since Fall ê12 she's been officially partnering with the historic Portland, Oregon-based mill on a co-branded line. Their latest collaboration stars in the Fall ê14 lookbook and its corresponding video, which features models stalking around a dry forest like high priestesses in some coven in Thornburg's signature, sweeping toggled cloaks. What the collection lacked in scope was reconciled by its breadth of vibrant, graphic prints that were either custom-developed or Pendleton originals. To be sure, these bold patterns were the most psychedelic Thornburg has done to date, with highlights including a warped, Technicolor plaid, as well as an American-flag-inspired ""stars and stripes"" motif and a landscape print that evoked what the designer called a ""cactus mirage in the middle of a peyote trip."" The result was Thornburg at her bohemian best, but we'd still like to see her make a more concerted push into other categories."
6248,"Lisa Perry typically starts the design process by looking to one of her favorite pieces of artwork or an architect she admires. For Fall, her muse came from an unexpected place: Instagram. ""His name is @donalddrawbertson, and he makes art out of gaffer tape,"" said Perry, sitting on a bench in the middle of her Madison Avenue boutique, which had been taped up by the artist, whose actual name is Donald Robertson. (He also happens to be one of the founders of MAC Cosmetics.) Robertson transformed Perry's boutique into a white lacquered space covered with lines of black tape that formed scattered geometric shapes. The boots and heels worn by the models, designed in collaboration with Manolo Blahnik, had a similar look. So it was wise that Perry stayed away from prints this season, save for a maze pattern that actually clashed quite nicely with the background. Instead, she focused on silhouette, creating exaggerated versions of her favorite 1960s styles. A Kelly green felt trapeze dress had a back so broad that it was more like a cape, and a purple felt tunic dress was given more shape with rounded shoulders and a deep V-neck. Fabric was also a big consideration. Along with that aforementioned feltãwhich took color very well, and was also used to make several pairs of nice-fitting wide-leg trousersãPerry used a spongy gray jersey and a black perforated fabric with zero stretch. A fabric foil in the vein of Warhol's silver clouds was used cleverly on an oversize sweatshirt. (It would have been too obvious on one of her classic shifts.) The final lookãa bubble dress in the perforated black fabricãappeared more like a skirt being worn as a shirt than an actual party frock. But for that misstep Perry can be forgiven. All in all, it was a strong collection, one that didn't ring too costumey or overwrought."
6249,"There was a tender typewritten note from Nicolas Ghesquière on every seat at his first show for Louis Vuitton this morning. ""Today is a new day. A big dayÄWords cannot express exactly how I am feeling at this momentÄAbove all, immense joy."" Emotions were high in the crowd, too. Few designers are as beloved, respected, or copied as Ghesquière is, and he's been off the scene and badly missed since his departure from Balenciaga a year and a half ago. Only Raf Simons' debut at Dior was as breathlessly anticipated as Ghesquière's at Vuitton. They're the jewels in Bernard Arnault's LVMH crown, and Arnault was in the front row today, seated alongside Princess Charlene of Monaco and other lights from the worlds of film (Catherine Deneuve), art (Cindy Sherman), and fashion. Jean Paul Gaultier, for whom Ghesquière worked early on, turned up, as curious as the rest of us to see what the new LV, after fourteen years of Marc Jacobs at the helm, would look like. As the metal blinds of the Cour Carree show space opened to bright sun, Freja Beha Erichsen emerged in a black leather snap-front coat with a wide caramel-colored collar, carrying the new Petite Malle bag, a miniature LV trunk at her fingertips. The coat's flared A-line cut and abbreviated thigh-high hem was the show's predominant silhouette, but if that shape cued a 1960s vibe, the workmanship was 21st-century state of the art. ""The knowledge of the team is extraordinary, the best of the world,"" Ghesquière said afterward, clearly delighted to be back at the red-hot center of things. You won't find a more luxurious coat than the black crocodile shown here, despite its industrial zip front, or a jacket as well made as the one he patchworked in different colored leathers. Naturally, there were a lot of skins, a lot of suede, a lot of leather, and naturally Ghesquière used them in innovative ways. A pair of cool evening looks had molded leather bodices and knit skirts aswirl with hand-cut feathers. Elsewhere, the designer's famous flair for experimentation was somewhat scaled back. (That mostly holds true for the bags as well, save for a double-handled style that in fact came with just one handle.) ""I will not say it was effortless, but it was a much more natural and easy process,"" he went on. ""I listened to the girls in the studio a lot, the women around me, what they want, what they need."" That came across in an outfit like the checked three-button blazer accompanied by glossy leather jeans and a red cardigan with a frilly white collar underneath, and in another that consisted of a white turtleneck, a trim black jacket, and a skirt in wool and crinkly leather, the new LV suit. And in a third that was as straightforward as a ski sweater and a belted A-line mini can be. Skirts and dresses were squarely the focus, yet fans of Ghesquière's life-changing trousers could take heart at the sight of a high-waisted style into which he tucked a khaki jacket. In any case, there will be plenty of seasons for pants. This was a great beginning, understated but not without power, for Ghesquière and the new Louis Vuitton."
6250,"Milan's Bagatti Valsecchi Museum houses Renaissance art, furniture, and tapestries that belonged to the nineteenth-century collectors Fausto and Giuseppe Bagatti Valsecchi. It was the setting for Luisa Beccaria 's presentation, which combined a runway show and tableaux vivants. The model who posed on a settee in a mauve duchesse satin portrait-collar gown had her picture snapped by every smartphone-wielding person in the place. It's not quite the same thing as a Renaissance portrait, is it? But the way the folds of the dress caught the light was lovely. Beccaria has a way with a romantic frock, as was made clear by another occasion dress with a navy bodice, and a black skirt bisected with a crystal-encrusted waistband. Also pretty, if not quite as gala: an off-the-shoulder, long-sleeve lace column in silvery lilac, and a cocktail dress in clingy champagne-colored chenille. Both had a restraint that the plissé evening numbers lacked. Depending on the season, Beccaria dabbles more or less with daywear. In the process of a recent move, she discovered a stash of dresses from her earliest days as a designer. They prompted a couple of experiments with Alcantara suede and other technical fabrics. It was a worthwhile pursuit, but that artificial suede refuses to drape the way duchesse satin does."
6251,"Why do some designers get all the love? Lyn Devon , who presents beautiful, desirable clothes season upon season, isn't a fashion darling, yet her work rarely disappoints. Fall was about voluminous yet wearable silhouettes. ""Oversize in a realistic way,"" said Devon at an appointment in her Upper East Side showroom. Double-face wool with pintuck seamingãsuch a nice little detailãgave an eggplant cropped jacket done up with graphic plastic buttons a bit of shape. The designer said she wanted to provide her clients with options to ""wear color in an approachable way,"" so she paired it with pleated trousers in fuchsia. A lofty cashmere turtleneck sweater in tomato red, also cropped at the waist, was worn with a pencil skirt in the same shade. ""I always love monochrome,"" Devon said. And while there were fantastic options for those who feel the sameãin particular, a modish turtleneck dress in camel hair or gray cashmere jerseyãDevon also offered a couple of jazzy prints. One, a humorous cat in black and white, was clever in that it looked like a graphic flower from far away. But the red-poppies pattern that covered a collarless coat was buzzing. In fact, several clients placed pre-pre-orders last week after noticing it while picking up their Spring buys. An off-the-shoulder dress in darkest-green cashmere jersey provided a great cocktail-hour alternative, and the jumpsuit version in charcoal flannel was a new approach to eveningwear. Devon may continue to fly under the radar, but her clothes shouldn't be ignored."
6252,"Grunge glamour was on the menu for Fall at M Missoni . While that theme has already been well-addressed by fashion in recent years, it was executed persuasively here with the characteristic boldness that sets this diffusion line apart. The new collection mashed up rich textures and energetic prints to eclectic effect. Marbleized jacquard pullovers were paired with mismatched sweatpants, for example, and the house's signature space-dye knits were intarsia-ed with a playful rock star pattern. Now that's psychedelic. Elsewhere, Angela Missoni and co. experimented with new silhouettes, including ""inverted tulip"" skirts. Their asymmetric drape was created by inserting extra pieces of triangle and square-shaped material at the sidesãthankfully, that sounds more complicated than it looked. Outerwear was another highlight. A handful of terrific cocoon coats came in tactile fabrications such as a dense, matted wool that had a shearling effect. On the other hand, a group of tartan plaid toppers and kilts did feel like a rehash of 2013's short-lived punk trend, but they still successfully drove home the lineup's grungy, youthful spirit, as did the slouchy beanies and fingerless gloves shown with many of the looks."
6253,"Few do quality basics with a preppy twist better than Marcia Patmos. Her M.Patmos line is a go-to source for knitwear staples like the perfect striped cardigan or a soft heathered hoodie, but it's the designer's continued explorations of masculine tailoring, cut and sew techniques, and creative styling ideas that drive the conversation each season. For Fall, Patmos envisioned a ""futuristic memory of New York City in the thirties."" She evoked the Chrysler Building glittering in the nighttime skyline by embellishing simple crewnecks with a magpie assortment of studs, jewels, and decorative threadwork. Elsewhere, Patmos emphasized ""structured volume"" with cocoon-ish varsity jackets and a handful of wide-leg trousers cut from either soft burgundy leather or heavy Italian twill (the latter was shown with a matching coat that converts into a cape). Patmos' cold-weather lineups always boast several luxe furs, and she delivered here with outerwear standouts including a reversible shearling vest and a wool herringbone coat featuring panels of feathered silver fox. Customers who can't afford to splurge on those high-ticket items will be happy to learn that Patmos recently introduced new collections of T-shirts and crisp button-ups that all retail for less than $300."
6254,"The Margiela people really want the MM6 diffusion line to be seen as a New York brand. What that means, more than anything, is presenting clothes that people in this city would want to wear: urbane, utilitarian, and just forward enough.  Canadian singer Sean Nicholas Savage, accompanied by a keyboard, provided the stirring live soundtrack for MM6's Fall presentation on Tuesday night. The idea was to give outdoorsy, maritime-themed pieces a minimalist line. Black wellies were worn with spats and paired with a shift dress in cotton that was made to look (and feel) like paper. Black shorts, molded to sit away from the body, were also styled with the boots. A strapless romperãworn over a mannish button-upãresembled waders. While the flame-red fisherman's sweater may have been the most literal idea, it was also one of the best. Worn with a pair of white ""paper"" shorts, it had a welcome ease about it.  There were experimental elements, too. A T-shirt made out of bubble wrap was worn over a black bandeau and a pair of metallic orange shorts in denim laminated to look like leather. But adding the tactile bubble wrap under the sleeves of a black molded shirtdress was less expected, and definitely more thoughtful.  Thanks to celebrities such as Kanye West and Lady Gaga, the Margiela moniker is better known in the U.S. And MM6 has always been the practical point of entry. But these were pieces that one would want to buy without ever peeping the label. And that should be the goal, right? To have the clothes stand on their own."
6255,"Massimo Giorgetti is a connoisseur of clash. His boat rose with the tide of street style, and like the girls who get snapped outside the shows, he lived by the rule ""the zanier, the better."" When the first sweatshirt dress hit the catwalk to Bj_rk's caterwauling, it looked like the new Fall collection would be more of the same. As full-on as always, its front was printed with a black-and-white image of a model's face, while the back was cut from an orange Gerhard Richter-inspired silk cloque. Something shifted as the show progressed, though. Restraint is not exactly the word, but Giorgetti did pull back a notch or two. Take the Prince of Wales Crombie coat with the camel-and-red color-blocking on the hem. In MSGM world it qualified as positively staid. You can't say the same thing about a purple-and-green-floral brocade trench, top, and pants combo. But ""a total look,"" as they call it in the business, does qualify as news from a designer who is so closely identified with mix-and-match. Another surprise: a gray wool coat, blue cotton button-down, and camel patent-leather skirtãit was 100 percent print-free. It was good to see Giorgetti stretching himself here."
6256,"Maison Kitsuné is a funny expression of our globalized times. The look of the brand, which is multifaceted and comprises both a record label and a fashion house, leans heavily on American sportswear style. Its ethos, meanwhile, is rather Japanese in terms of the fetishistic eye for detail that founders Gildas Loaïc and Masaya Kuroki apply to the make of these erstwhile casual clothes. But their effect, ultimately, is very, very Frenchãthe individual pieces have an unmistakable rigor, but the way they're worn is with that ur-Parisian insouciance. This season, Maison Kitsuné's collections for men and women had a particularly American patois, in that the reference was, generally, mid-century rock 'n' roll. There was a bit of mod olde England in the mix, as well, especially so in the menswear's lean, double-breasted velvet suits. But the general vibe was more heartland than that, what with looks like a suede bomber with a contrasting black goat-hair collar and a dense flannel-check jacket with sharp, angled pockets. The kids at the sock hop never looked so refined. But they were present in spirit. The women's collection erredãas French brands often doãtoward the gamine: to wit, the pale blue coat with velvet trim, which looked up-sized from Bonpoint. But there was nothing underage about this season's extra-skinny denim, and pieces like a zigzag alpaca sweater gave things a pop of early eighties, Mudd Club electricity. As a general matter, Maison Kitsuné's clothes for women are less accomplished than the ones for menãthere's less specificity, in either the details or the look as a whole. But in both collections there are desirable items, perfected in that finicky Japanese way, and expressing that untouchable French cool."
6257,"Last season, Maison Martin Margiela celebrated the showgirl, layering razzle-dazzle tops under the label's exceptionally well-cut tailoring. Today, the team took up British tweeds, filtering the codes of the male wardrobe through more feminine fare. A dress in striped suit lining became an underpinning for a lace-trimmed silk slip with a tweed back. Between the shoulder blades, the house's familiar white cotton stitches were replaced with the iconic Harris Tweed logo. Along similar lines, a strapless checked flannel dress was designed to look like it had been constructed from trousers; the bustline was a waistband complete with a button closure, zip fly, and belt loops. On other looks, the tooled leather uppers of cordovan shoes morphed into dickeys, replacements for button-down shirts underneath knit sweaters and wool jackets. Those dickeys had a nice perversity, but they were a visual pun dreamed up to produce an ""aha, I get it"" moment on the runway, rather than to actually be worn. Still, you won't hear any arguments from us about the Harris Tweed tailoring. The MMM folks make some of the best in the business: classically and efficiently cut, but not without distinguishing details like the pagoda shoulders that Margiela himself used to favor. The pagoda shoulders carried over into the collection's sweaters, the standout of which was a snug navy and cream riff on the Fair Isle. Meanwhile, you couldn't go wrong with their wide-lapel herringbone coat. As a rule, English gentlemen are a little less entertaining than Vegas showgirls, but there was nonetheless plenty to enjoy in this show."
6258,"Barbs is a M_tro stop servicing a culturally diverse, predominantly North African neighborhood in the northeast corner of Paris; Batroun, one of the oldest cities in the world, is now a popular vacation destination in Lebanon. Rabih Kayrouz hyphenated the two to arrive at a collection that mined the space between enrobing and disrobing. And if the Lebanese designer played down the broader tensions that both invite, he played up the draped, inherently fluid shapes that link them together. Kayrouz used a smoke machine to help establish the hammam setting, but you could have figured it out from the long robe done in bouclé and the checkered sheet dress. Further on, he reworked the cloaking effect of a burnoose in wool cashmere, finessed a few short-sleeve canvas tunics by fronting them with tone-on-tone velvet pockets, and showed a floor-grazing satin ""toga"" with a seamed ridge running down the center. Altogether, those pieces covered a wide swath of potential clientele, as did the felted cashmere coats. More specific were the long skirts with mirroring slits up the front and back, which swished like pants. In limiting himself to inky blue, ivory, and deep burgundy, Kayrouz ended up with a modified tricolore palette, which might or might not have been intentional. Add in the gold-quilted floral brocade and the effect was resolutely luxe. Arguably the key takeaway from this collectionãaside from Walter Steiger's gold crackle bootãmight be that we often revert to narrow ideas about street fashion and beach attire. Not that Kayrouz was trying to be instructive. Quite the contrary; he just wanted you to relax and soak up his soigné style."
6259,"Maiyet 's Kristy Caylor has been contemplating Frida Kahlo portraits. Not so much the surface of the canvases, she reported backstage, but the act of Kahlo painting themãof taking ""a look inside."" That idea formed the basis of a successful collection that explored and exposed the creation process. Silk dresses, for example, were printed with dots or embroidered with small round studs in punch-card patterns, the kind used to guide weavers using handlooms. One coat was constructed with a black shawl overlay; underneath it, the lining was an exquisite jacquardãno mere lining at all. Later, that jacquard's diamond pattern was redone as beading on a delicate dress, the sheer tulle of which provided a look inside at the model's patent bra and seamed leggings. That's a lot of backstory. The good thing is, you didn't need to know a lick of it to find things to admire here. Patent leather chosen for its mirrorlike qualities (you need to see yourself to make a self-portrait) didn't quite jibe with the craftiness of the rest of the show, and the sheer pieces were a bit weak, but those looks were in the minority. Re-created as a print on silk, knitted into a handmade sweater, or quilted on coats, that diamond motif gave the clothes a rich, graphic sensibility. Maiyet is barely three years old. As the ethical fashion brand continues to put down roots, that sensibility will be its selling point."
6260,"Of all the names to turn up on the short list for the brand-new LVMH Prize, Maki Oh is perhaps the most surprising. Designer Maki Osakwe's presence on the list is richly deserved, but as a designer based in Lagos, she remains outside the range of fashion industry groupthink. That makes her something other than a usual suspect for a Paris-based fashion competition, but it also helps account for the utter distinctiveness of her work. Osakwe always premises her collections on a story, and this one, she explained, came from her imagining a woman at her mirror, reciting the song lyrics, ""Tell me I'm the only one, even if you choke."" As Osakwe went on to say, that vignette presents the question: Is this woman mad or not? And thus the collection toyed with themes of madness and un-madness, love and anti-love, and other states that fluctuate and are a matter of perception. All this was transmitted through Osakwe's most elevated and accomplished collection yet. This time out, she emphasized relatively easy silhouettesãa pair of track pants, a soft silk blouse, a lean tailored dress with some slouch to it. The clothes felt like clothes rather than looks. Further, Osakwe really upped her textile game this season, developing a traditional Nigerian aso-oke material with Lurex thread; pulling luxe gobs of fringe out of selvedge; and translating prints, such as her Yoruba translation of those song lyrics, into hand-appliquéd lettering. There's a certain na´vet_ to Osakwe's work and you sense the hand of the artisan, but the intelligence and aesthetic sophistication guiding her process is so keen, the pieces never come off as artsy-craftsy. Well done."
6261,"To call Manish Arora 's Fall collection a sugar rush would be the understatement of the week (yes, this early on). In his most ambitious and eccentric collection yet, the maximalist imagined a clan of ""sweet-toothed nomads and gummy-bear gypsies"" adorned in enough saccharine kitsch to give you a bellyache. As research, the designer said he purchased bags and bags of candy. Then he combined ethnic and edible ingredientsãgenerous Peruvian circle skirts and Popsicles, baggy Chinese workers' trousers and cupcakesãapplied beading as if it were frosting, and finally cherry-topped the looks with furry, fruity caps and earmuffs. For the embroidered pieces, Arora channeled the whimsy of Wonka while drawing on the craftsmanship of his Indian artisans. All those micro plastic jelly beans and doughnuts had to be specially fitted with tiny holes so they could be placed in precise graphic motifs. Tiny coiled tubes were impressively stitched into cupcake shapes. But Arora made sure to satisfy commercial cravings; those nylon backpacks with floppy legs that approximated a baby sling will sell fast. Candy-striper knits in red and white were equal parts cute and clever. Covered in large-scale photo-realist prints, the sporty separates would be the perfect fit for a K-pop video (see Katy Perry's ""California Gurls"" for inspiration). You might start to wonder, however, whether there was a more substantial geo-sociopolitical message to the collection: Imagine if the residents of Candy Land were forced to flee their sugar shacks in the wake of new threats from the Insulin Resistance. But no, Arora's raison d'être was sweetness and optimism to the core. By the end, when the models took a turn with the house lights dimmed so their blinking LED kicks would provide one last jolt of cloying, you weren't sure whether to hand Arora a gargantuan lollipop for originality or put him on an indefinite sugar ban."
6262,"It's the most black I've ever sent down the runway, said Mara Hoffman backstage before her Fall show. That statement was somewhat alarming coming from a designer beloved for her vibrant, original prints, but Hoffman reassuringly followed up with: ""The sky needs a black backdrop for the stars to shine."" This season, she drew inspiration from Northern Africaãspecifically, Moroccan rugs, Egyptian camels, and Bedouin jewelry. And while she filtered several patterns (including graphic checkerboard and engineered star motifs) through a monochromatic lens, they still packed plenty of punch and reflected the collection's more grown-up tone. In addition to offering bohemian signatures such as floaty maxi dresses and caftans, Hoffman also stepped up her tailoring with sharp topcoats, tapered trousers, and a standout, braided silk suit etched in fringe. Texture played an important role here too, with several noteworthy looks featuring allover sequins or intricate beadwork. The finale gown and its dramatic matching veil were covered with thousands of tiny, carefully placed seed beads. Overall, Hoffman's new collection took a sophisticated step forward, but still maintained a characteristic, carefree spirit."
6263,"From a bombed-out beach to somewhere over the rainbow in less than six months. Since his last turn on a New York runway in September, Marc Jacobs has left his post as creative director of Louis Vuitton, a job he held for a decade and a half. He's a full-time Manhattanite again, with a possible future IPO in his sights. Tonight, as everyone in the venue or watching the live stream knew, was a big moment for Jacobs. The Stefan Beckman-designed set more than lived up to the high bar the house has established over the years. Suspended from the Armory ceiling were hundreds of pillowy Magritte clouds you could almost reach out and touch. Slice of heaven, silver linings, cloud nineãthe Instagram captions practically wrote themselves. On the surface, at least, the vibe was a hell of a lot more serene than last season. The clothes echoed that mood. ""It's all a pose,"" Jacobs said when we told him so backstage. ""What do you do after you've trimmed everything with every bead, sequin, bow, and black bit of tassel? You come up with something that comes from a very powerful place, but in a fresh and soft way rather than an aggressive way."" This wasn't minimalism, though. It began with reduced shapes in restrained fabrics: a scoop-neck tank dress in double-face wool paired with matching pants, a clingy mélange knit V-neck accompanied by ribbed leggings that pooled over the tops of comfy sneakers. Like loungewear for some next-level spa or health clinicãa feeling that was heightened by the models' fabric headbands and matching razor-cut bobs. As the show progressed, Jacobs slowly added demonstrative pieces in more lavish materials, crescendoing with hand-painted organza ruffles on a strapless dress and dense crystal beading on a swirl-print tunic and flares with a lean, 1960s look. His shearlings, dyed in sunset hues, will go down as best-in-show in a week that offered plenty of choices. The chain-strap bags looked luxuriously efficient. From beginning to end, it was all neutrals and soft pastels. Partly for that reason, it didn't bowl you over in that hyperkinetic way some MJ collections do. Instead, it worked a subtler kind of magic, almost a narcotic pull. The soundtrack certainly tunneled its way into your consciousness. It was Jessica Lange performing a spoken-word version of ""Happy Days Are Here Again,"" the Depression-era song that Barbra Streisand and Judy Garland famously reprised in the sixties. You couldn't quite tell if Lange was trying to convince herself or the audience. Either way, by the end Jacobs had made us believers."
6264,"Girl power! The concept was debased by Geri Halliwell's endless, witless proselytizing, but Luella Bartley was happy to revive it after the sensational Marc by Marc Jacobs show today, her first as co-designer with Katie Hillier. (BTW, it will be henceforth known as MBMJ, just like the knee socks said.) There was something so fiercely ninja-pop-militant about the presentation that girl power was the irresistible takeaway. In the recent past, MBMJ's shows have been a neutral parade of girls and boys in vintage-inflected schmatta. Bartley and Hillier ditched the boys. Wise move. We all know girls rule the world, and, minus the draggy testosterone, the collection finally took fierce flight. Back, said Bartley, to its kicky roots. So all the BMX lingo on the clothesã Revolution! Bunny Hop! Twisted! Uprising! ãfunctioned as a goofy manifesto. The show felt like a consummation of the spirit that underpins the entire Marc Jacobs enterprise. New York born and bred he may be, but Marc himself is infatuated with the nuances of the fashion tribes that have shaped style since the youthquaking sixties. And no one gets nuance like a Brit club kid. So how savvy is it of Jacobs to surround himself with Londoners like Bartley, Hillier, Katie Grand, and Venetia Scott? The first look todayãa soldier in Marc's fashion armyãwas accessorized with pigtails and a single tear streaking the model's cheek. Instantly defiant/romantic, it set the tone for the rest of the show. If some outfits looked Bolshevik apparatchik, others had the knife-pleated, crinolined flair of a Dickens chick, wrapped in a bow. Urchin girls! The poignancy of such creatures gave MBMJ an edgy new life. So did the solid-soled trainers. Attitude starts from the ground up. And this collection had attitude in fabulous spades."
6265,"Backstage before their show, Georgina Chapman and Keren Craig depicted this season's Marchesa muse as ""our Scottish woman who's a little bit more disheveled in winter, with this static hair like she's running through the fields in the Highlands."" While this notion conjured up theatrical visions of tartans and kilts, there was nothing Braveheart about the glam eveningwear Chapman and Craig sent out for Fall. The design duo loosely reinterpreted those quintessential Scottish motifs in characteristically opulent fashion. They riffed on the idea of heritage plaids with a group of ""tartan"" lace cocktail dresses (falling on the more casual end of the spectrum), which were exquisitely dip-dyed, foiled, and reembroidered. If you squinted hard enough, you could vaguely make out a faint crosshatch pattern created with the delicate patchwork of materials. Several of these styles featured corsetry touches in back, echoing the lace-up details found on towering, heelless wedges and pointy flatsãthe models who wore the latter clearly won the lottery on that one. Elsewhere, Chapman and Craig experimented with intricate draping techniques to create the impression of ""deconstructed kilts,"" which looked beautiful in burnt orange chiffon and black Chantilly. Meanwhile, a lavish take on classic argyle knits incorporated cables of fox fur and more lace. Paired with an appliquéd tulle cocktail skirt, the luxe pullover look provided a modern alternative to standard gowns. Speaking of, the Academy Awards are just around the corner, and given Marchesa's proven celebrity following, we're bound to see a few of these numbers walk right off the runway and onto the red carpet. The question is: which ones? ""We'll find out later this week,"" said Chapman. While nobody is going to place their bets on the voluminous marabou skirt here, the dramatic, off-the shoulder finale ball gown cut from hand-pleated silk faille in the perfect shade of Oscars-statuette gold might just be a winning ticket."
6266,"Even the most glamorous girls have downtime between all those premieres, cocktails, and red-carpet events, so Marchesa's Georgina Chapman and Keren Craig are addressing their customers' everyday wardrobe needs with the lower-priced Voyage line, which officially launched over the summer. Each collection reflects a different journey, and this season's destination was the high seas. The maritime theme was reflected in a smart wool frock-coat reminiscent of naval uniforms, as well as vibrant underwater patterns found on slim jacquard suits and silk maxi skirts that gave off a bohemian vibe. In general, outerwear was a highlight here (coats are often lost amid all the over-the-top gowns on Marchesa's ready-to-wear runways), with standouts including a turquoise-colored alpaca topper and a navy cape embroidered with tropical parrots.  Any oceanic odyssey worth taking should end with the discovery of buried treasure, and Chapman and Craig delivered on that with quilted bombers and long, flowing dresses featuring a bling-y scarf print. Meanwhile, even the most casual of basics benefited from a wave of Marchesa's magic wand. A crewneck sweatshirt and white stovepipe jeans, for example, got a fanciful update with intricate gold embellishmentãfurther proof that the Marchesa woman never ceases to dazzle."
6267,"More color. More Swarovski crystals. Marco de Vincenzo is in a happy place this season, and you didn't have to search hard for a reason why. The designer's name was in the headlines today; according to reports, LVMH is on the verge of announcing its minority investment in his fledgling label. De Vincenzo has been obsessed with texture and pattern since he got his start on the Milan runway five years ago. That hasn't changed. Here, though, his layering had a bold new confidence, a quality he attributed to more extensive fabric research than usual. ""Nothing is in its natural state,"" he said backstage, pointing out embroideries, cutouts, and those tiny crystals. A laser-cut jacket lined with a holographic Lurex material over a shimmery plaid dress over a rainbow-effect pleated miniskirt is but one example of the zest with which he approached the collection. But it didn't have anything on a snap-front coat and shirtdress in matching striped Lurex.  Occasionally, de Vincenzo's tendency to add on got the best of him. Embroidered diagonal lines and circles were too much of a good thing on a brushed plaid coat. A clingy color-blocked ribbed knit dress, by comparison, was subtly fabulous. It wouldn't hurt for him to add more pieces like that one next seasonãthey'd give the collection a different dimension. But we don't begrudge him his enthusiasm for his project. ""It took a long time to figure out who I am as a designer,"" he said beforehand. Now, with the LVMH investment, the world is watching."
6268,"Unlike most designers, Maria Grachvogel never starts off with a referenceãno 18th-century painters or 1960s starlets for her. Instead, she begins with a paintbrush, and for Fall this painting ritual happened in her Captiva Island home in Florida, as she watched the early morning sun hit the water. The resulting shimmery, translucent picture, which she called ""Cyber Goddess,"" was then digitized and became the print story for her collection, appearing in two color ways. Grachvogel also played with geometric shapes: A gown (as worn last week by Emma Thompson on the BAFTA red carpet) had a grid of diamond-shaped inserts in the back; a geometric folded panel appeared on the neckline of a satin-backed crepe dress; a triangular ""optical illusion"" cutout on the waist of a gown was subtle and effective. Grachvogel's techniques could be called demi-couture. Case in point, a dress was cut from one piece of fabric, then wrapped around the body like a spiral. The spirit behind it was precise fit: Whether a size 2 or 12, it wouldn't matter; this was a flatter-all piece. Grachvogel's dresses were body-skimming but not body-con, sensual but holding back a bit of mystery. Some of the work involved in the collection was painstaking: For the ""Cyber Goddess"" dress, the print had to be regraded to fit each size. Asked how long it took, Grachvogel said, ""I stopped counting the hours put into each dress years ago."" Grachvogel is as obsessed with fit and function as she is with painterly prints. She doesn't want her clients fussing or having to adjust clothes, and in her world your outfit has to take you from day to night, ""looking gorgeous and glam throughout."" That came through in a gently draped jumpsuit with a comfortable elasticized waist. Then there was an ivory bonded stretch dress (with plenty of cotton for breathability), with a yellow triangular hem detail. Grachvogel's black cape blouse and high-waist trouser look (a variation of her best-selling ""magic pants"") were equally suited for work or dinner at Claridge's. The designer is a red-carpet veteran, and there were a couple of gowns, too, including one with an intricate lace overlay on the bodice that melted into a print from the hip down. Grachvogel turns out high-quality collections year after year with little fanfare. Despite this, she has been rewarded with a loyal international following and some celebrity love (Victoria Beckham, Angelina Jolie, and Yasmin Le Bon, among others) that she tends not to trumpet. This year marks the designer's twentieth anniversary: With this kind of craftsmanship, she should have twenty more years to come."
6269,"Has Marios Schwab been reading Rachel Kushner's The Flamethrowers ? If so, he wasn't copping to it after his show today. But his new collection did seem to have Reno, the built-for-speed young heroine of Kushner's novel, as its muse. There was a bit of a moto themeãsharp-looking bombers and short leather miniskirts that seemed to have been pinned together at irregular anglesãwhile a clutch of bracingly pretty bustier dresses trailed lengths of chiffon reminiscent of exhaust or airplane contrails. What Schwab did cop to backstage was an interest in ""interrupting"" the romance of his clothes with some realism, and vice versa, and the most intriguing of his looks here made that confrontation most explicit. Filmy long chiffon dresses in white and navy, for instance, were topped with taut black frocks. Rather matter-of-fact short dresses seemed to fall into a daydream at the shoulder, with soft asymmetrical knit attachments. This was a rather odd collection, but it grew on youãin particular, the pieces with naive crystal embellishments. In a conscientious, nonarbitrary way, Schwab seemed to have caught his clothes in the process of transforming. Much like The Flamethrowers , this was a coming-of-age story."
6270,"Marissa Webb said she took cues from her own on-the-run lifestyle for her new Fall collection. ""Everything's hectic, chaotic, fast-paced. The collection is about feeling polished, feeling like you have a little edge, but at the same time not being constricted or confined, and not having to think a lot about it,"" she explained backstage. Sounds good, right? Who doesn't want to streamline their morning routine? But then she sent out the first few looks with leather arm warmers. Nothing simple about strapping on those babies as you rush out the door. Look beyond them, however, and Webb did have some clever propositions. First and foremost were the jackets cut from gray marl, a savvy riff on the designer sweatshirt trend. Another smart look combined a white silk ruffle-front dress with a tailored knee-length gray vest: business on top, party underneath. Webb is most at home working in black and white and shades of grayãshe's a Manhattanite, after allãbut she did toss in some print and color at the end. The floral organza was a bit muddy. The pink was of the moment; we're expecting to see a lot more of it this week. That leaves the red, which was easily the best. In a vivid shade of poppy, a cropped V-neck and a matching floor-length skirt encapsulated Webb's message about looking cool without sacrificing comfort."
6271,"Backstage after Mark Fast 's show, a girl packing up a few of the looks seemed to know a lot about the new spongy knit and how it combined chenille and merino. She also mentioned that it was fun to work with, but joked that her arm nearly fell off in the process. It's easy to forget that Fast's signature cobwebby dresses require high-level intarsia, plaiting, and felting techniques and, increasingly, yarn innovation. The cling is the thing. Today, though, the most salient takeaway was how noticeably Fast challenged himself with new silhouettes, all the way down to the metallic creepers the models wore. The opening look consisted of a vibrant blue flouncy sweater in the aforementioned spongy material. While its shape came courtesy of an interior drawstring, Fast cleverly emphasized the dimensionality with black lines within the knit. He also tested the slouchy waters with robe layers, roll-neck jumpers, andãgasp!ãa pair of paper-bag-waist sweatpants. That being said, a taut bottom remains a prerequisite for his maxi tube skirts.  A recent trip to Mumbai with its omnipresent neon lights and saturated sunsets gave Fast his ombré color scheme. (For those who are committed to his signature body-con dresses, you might as well add one in shaded tangerine.) The soft-spoken designer mentioned that he has considered introducing new volume for some time. Now that he hasãwitness the final look, a remarkably un-Fastian belted coat with kimono sleevesãthere's no going back."
6272,"German-born Markus Lupfer is a textbook Anglophile, but he's not just interested in the posh highborns; he celebrates all classesãhence, his take for Fall is ""the full English,"" a holiday weekend in seaside places like Blackpool or Brighton. Lupfer's models were lounging around in the ""Lupfer Café,"" tucking into a lunch of chips, hot dogs, and milkshakes, while doing crossword puzzles and playing bingo. The models wore slogan jumpers that said, ""One Sandwich Short of a Picnic"" and ""Bingo."" Sweaters had cute motifs of crossword puzzles and the pigeons that plague picnic tables everywhere. All fun and games? Yes and no. Underneath it all were some serious craftsmanship and a massive nod toward commerciality. A Scottish tartan suit didn't say lady of leisure, but office worker. Ditto the giant polka-dot-print skirts, bomber jackets, and Lupfer's now-favorite shape, the skater dressãall guaranteed to be wardrobe staples. Gray flannel suits looked like no-nonsense work uniforms, but with a little humor courtesy of some teddy bear fake fur on the collar. A dress with a panel cutout in the center said funãbut put a white shirt underneath it and, voilš, perfect for the office! A keen businessman, Lupfer is more than aware that his client has to finance those weekends away.  The collection also saw a return to the slogan sweaters Lupfer swore off last season because of copycats, and his specialty, the merino wool sweater. This season's version came color-blocked in the softest cable knit, in three different sizes and shapes. For the cabbage-rose print, Lupfer used a mohair fabric, but it was ingeniously coated for another cool effect. With him, it's all about the details. But could the designer be stuck in a loop? Most of the silhouettes from season to season are very similar: He keeps churning out the old favorites, mostly because they sell. But given his technical prowess and head for business, perhaps it's time to push it a bit. A gown, a statement dress, a frill, a thrillãsomething out of his comfort zone would be nice to see."
6273,"Our world, but more than usual, said Consuelo Castiglioni after her Marni show. She's ever a woman of few words, but those words really counted for something today. Her catwalk offered a graphically distilled edit of everything that makes Marni Marni: oddball sportiness, intense artisanship, incongruous incursions of fur, ambiguous fabrics, couture-worthy attention to cut. But the standouts in the collection were the outfits that embodied the curious dialogue between the mundane and the marvelous that Castiglioni is able to maintain season after season. They came at the end of the show, combining skirts in prosaic military felt and bodices in natural canvas with pagan eruptions of feathers and paillettes and baguettes and what looked like grass (in actual fact, Dutch duck!). A creative tension between the sophisticated and the primitive will always color the personality of a house whose business is based on furãFendi's the sameãbut it's not always as motivational for Marni as it was today. Castiglioni indulged herself with big pelts artfully striped and intarsia'd into lush cocoons, and played them against neoprene'd outfits that were, in some cases, as athletic as a tracksuit (left-field, high-fashion revisions of this particular ensemble seem to be an under-the-radar theme in Milan this season). Outfits that were bifurcated by substantial zips were swathed in shaggy fur hoods, fusing industrial present and tribal past. There were also exaggerated silhouettes to compound the impression of a Marni woman who was almost aggressively confidentãless quirk, more guts. More everything, in fact, than usual."
6274,"Anyone could have predicted that Marta Marques and Paulo Almeida would open their show with denim; their blood might as well be indigo. But there was something suspenseful about opening with a denim dressing gown, as though it functioned as the warm-up look before the big reveal. Indeed, the designers had some new tricks up their sleeves for their Marques'Almeida line this season. Mainly, they applied a surfeit of jean signifiersãfrayed edges, flap pockets, low-slung waists, and bell-bottom legsãto non-denim fabrics. Crushed velvet appeared acid washed, and wisps of ostrich feathers floated off sweaters like extra-long threads. In a way, these echoesãand upgradesãof the populist textile reinforce their reverence for it even more; they want to remind us of denim, whether they're using it or not. But what to make of all those fur adornments dyed in fun-fair hues? Enter Patti Smith and Robert Mapplethorpeãand don't forget Janis Joplin. Marques and Almeida were imagining what life must have been like back in the heyday of the Chelsea Hotel, and (granted, it's a leap) all that goat hair draping was the result. Ditto the shearling sneakers, which they hope to produce. The shagginess was far more successful when paired with a silken slipdress or pajamas than when padded atop a jean shirt. But there's no question the two are moving in the right direction as they determine how to broaden out beyond denim. (They have made it to the shortlist for the generous LVMH Prize.) And the transition need not be seamless as long as it's authentic."
6275,"Gilles Bensimon shot the images that reveal Martin Grant 's latest collection. Apparently their friendship goes back many years; beyond that, the designer was intent to have a very particular purity of light that he knew the photographer could capture. For Grant, the whiteness felt imperative not just because it established an immediate contrast to the black, navy, gray, and fuchsia; to him, those sailor coats, cocktail dresses, and gala gowns represent a grouping of essentials that pare back his brand to what matters most. If you sense an eighties feel to them, your era-radar is working well. Grant successfully resisted retrograde motion by emphasizing updated fabricationsãor at least reissued ones, as was the case with a gold-flecked diamond brocade that was once produced by the esteemed Abraham Ltd. (the now-defunct Swiss fabric maker for Yves Saint Laurent, Valentino, and Bill Blass). Grant applied plucked beaver fur as trim on an LBD, sourced smooth alpaca for coats, and used wool-angora for knits. In selecting a micro-quilted silk satin for an evening gown, the designer let you know he remains game for a surprise or two. One of the best pieces was a flawless bustier pantsuit, its legs echoing the wider sailor shape Grant offered in his daywear. Alas, the bodysuits that formed the foundation of his Spring collection were nowhere to be found. Grant said he considered a part two but concluded that a perfect pant and sweater would be this season's base. His approach made sense commercially, although it lacked sizzle. Thank goodness for that fuchsia body-con dress."
6276,"A Mary Katrantzou show without one single piece of eye-popping digital print? Has the world gone mad ? No, not at all. If anything, Katrantzou's show tonight was an utterly rational assertion of her need to change and grow. She claimed she wanted more time to flex her creativity, to work with laces, jacquards, and brocades, rather than constantly being subject to the time-consuming tyranny of the prints that made her a star. A calculated risk, perhaps, except that Katrantzou latched onto a visual language that was just as powerful as the serial symmetry of her prints: the power of signs and symbols. Her interpretation of symbols embraced the idea of the ""professional"" signifierãschool and sports uniforms, scouts and their badges, businessmen's pinstripesÄ and the purest flight of fancy, a butcher's metal apron turned into a mesmerizing bias-cut serpent's skin, trapping a torrent of pleats. But it was when she applied herself to the most primal power of symbols that Katrantzou's collection showed its truest colors. She collaged the high (heraldic emblems) and low (men's-room signs) into dense, eye-teasing swaths of fabric, and she allowed them to breathe by cutting them into the most straightforward, sporty silhouettes: a tank dress, a gym slip, a sweatshirt. If the chaos of her raw material was still ordered by the discipline of symmetry, Katrantzou managed to create embroidery-encrusted mirror images that had the barbaric opulence of totems from some recently discovered fashion cargo cult. And there was actually something distinctly high priestess-y about her floor-sweeping pieces. But perhaps that was due to the presence fore and aft in the show of Kirsten Owen. Owen is the only possible rival to Kate Moss in terms of relevant longevity in her profession, and any designer who employs her clearly has something other than the moment of this particular season in mind. Katrantzou's collections have often taken the long view, functioning as distillations of memories, souvenirs of life to be savored and treasured. That notion was stronger than ever today. It was a beautiful new chapter for a designer who is fearless in her fusion of fashion and philosophy."
6277,"Matthew Williamson must be cursing the schedulers at BFC, because at precisely the time of his show, a few hundred meters away, Angelina Jolie, Brad Pitt, Leonardo DiCaprio, Lupita Nyong'o, Prince William, et al were making their red-carpet entrance at the BAFTA Awards. Talk about a potential thunder stealer. That his front row was still full of stars was testament to the love that surrounds Williamson. This collection was a watershed moment for the brand. Why? Because last season he decided to semi-retire his boho look, moving more toward the working woman. Today was going to be the second chapter. Adding to the excitement was the fact that this was the first outing for Danielle Scutt as Williamson's artistic head. So did boho rear its pretty head again? The answer is yesÄish. Williamson had a black-and-white starburst carpet laid downãa nod to his love of seventies interior design (""I am a total product of the seventies,"" he told us backstage), but the first look that came out was a solid baby blue coat that, yes, said ""working woman."" An exquisitely tailored black suit was made special by a stunning neckpiece designed by Azza Fahmy. And a truly beautiful brocade tapestry coat toed the line between boho and business. Then, slowly, surely, the crystals and the bling appeared. Out came the glitzy star prints; the sumptuous sweaters with crystal appliqués; and the shirred, off-the-shoulder jersey jumpsuits that channeled Marisa Berenson at Studio 54. The look-at-me chubby fur coat in rich red and blue screamed ""party girl."" No one is going to the office in these looks. The last couple of ostrich-feather dresses had the crowd swooning. Backstage, Williamson explained that they required a burning process and were the ""most expensive dresses I ever produced."" Now that is bling. But we know that back in the studio there is perfectly good dailywear that will make it onto the shop floor. He just only hinted at it in this show. Williamson going full business would be like Donatella Versace becoming an accountantãit's just all wrong. But that doesn't mean he can't do two things at the same time."
6278,"Scotland isn't a bad place to start when you're working on a Fall collection. The tweeds, those plaids, Prince of Wales checks. If anything, it's a bit obvious, so it's a credit to the design team that the Max Mara collection didn't feel that way this season. On the contrary, there was an inventive liveliness to the lineup, and it began with the outerwear. Hybrids were the show's big message: A peacoat coming was a puffer going. A cozy knit cardigan had quilted down below the knees. And a traditional man's coat was cut from four different kinds of woolãtweed and herringbone followed by two plaids shoulder to hem. It all could've been too clever for its own good from a classic brand like this, but the discreetly luxurious materials worked in its favor. We're less sure about the gold crocodile print and black PVC. Still, they did put the menswear fabrics that were the real story in sharp relief. Team Max Mara also believes in a vibrant shade of lichen green this season. That's not an easy color, although they made a striking case for it with an outfit that combined a trompe l'oeil blazer (the waistcoat was built in) with an elongated pullover and below-the-knee tube skirt. Coats are necessarily the focus at this show, but next Fall Max Mara will be a go-to resource for a great-looking oversize sweater and pencil skirt, too."
6279,"You could say the stars aligned for Maxime Simoïns todayãcertainly to the extent that he showed a cosmos-centric collection, inspired in part by Gravity , hours before cinema's starriest night of the year. In the more meaningful sense, the young French designer's ideas for Fall did not always match up. But when they did, it showed how he satisfies his outsize ambition with strong execution. The space theme allowed Simoïns to push the surface detail this season. He coaxed a craterlike texture from rabbit fur by laser-cutting it, and alternated tube-beading in flat and vertical clusters to achieve his bar-code signature as a shimmery relief. He amplified volume by applying mink to sleeves and skirt bottoms, but then minimized itãat least, as a trompe l'oeilãby contouring white ""lunar"" matte beading along his black dresses. While it was easy to recognize the additional embroidery work as a meteor-shower effect, the less literal striated silvery jacquard made the stronger graphic impact. Backstage, Simoïns expressed his desire to reinforce his codes with this collection; presumably he was referring to his fitted, long and lean, Parisian take on power-dressing. But his brand is still new enough that it's restrictive for him to think that way. Rather than throwing back to Courrges and 2001: A Space Odyssey (Simoïns name-checked both), he might consider a leap into the unknownãor at least a plot twist. He has what it takes."
6280,"Maybe it's because the line is expanding so quickly in Asia, maybe not, but this season Sarah Burton took her design cues for the McQ label from Tokyo. The first order of business was enlisting the popular manga artist Yoshiyasu Tamura to create a comic book strip print. It appeared across the collection, on T-shirts and sweatshirt dresses, as patches on denim and leather, and all over a giant puffer coat, preserved like a piece of art underneath a transparent nylon overlay. The city's familiar neon signs inspired another print; it was more colorful but less unique. A pullover sweater that spelled ""London"" in Japanese letters will do better in the shops. Over the last season or two, the McQ collection has been heading in a younger, more playful direction. The pieces here kept up that momentum, but grown-up customers looking for the wicked cut of Lee McQueen's Savile Row-trained tailoring won't go away disappointed. A sharp camel crombie stood out among the boyfriend jeans and satin bombers. It's pieces like that one that distinguish this diffusion line from so many others."
6281,"The Meadham Kirchhoff runway is frequently a good place to seek meaning. Sometimes, though, you just want to enjoy the clothes. This was one of Ed Meadham and Ben Kirchhoff's ""pretty"" seasons, comprised of looks decadent in their hand-detailed beauty. Today's show kicked off with one of the duo's Chanel riffs, with candy-colored variations on the classic double-C bouclé jacket and tweed suit. No subversive commentary implied: This Chanel homage read much like an audition to take over the brand once the immortal Karl retires. We suspect these cheeky Londoners are the longest of long shots for that gig, but if you pictured these clothes on supermodels walking down a vast Paris runway, you'd have to agree that Meadham and Kirchhoff made a pretty convincing case. To wit, the suit in an off-red grid check, which was fully embroideredãa mind-boggling luxury, that. Ditto the black dévoré dresses with hand-beaded silver embellishment, the velvet slipdress with yellow crystal, and the frothy tiered dresses of chiffon and French lace, worn with pantaloons. The looks that really broke new ground for the brand, though, were the patchworked dresses in velvet and leather. Meadham and Kirchhoff don't typically go so graphic, but these pieces added a nice charge to the collection; they cut the froth. And, like much of what was on the catwalk today, the dresses read as not just pretty, but pretty darn commercial. Next stop: Chanel?"
6282,"The camera guys were making a fuss over Blake Lively and Michael Douglasãthey both looked great in the front row. But Hollywood star power or no, all anyone could talk about before the Michael Kors show was the news last week that thanks to his soaring stock price, the designer is now a billionaire. That kind of fortune could de-incentivize even the most ambitious type. Not Kors. The last couple of collections, he's just gotten better and better.  In some ways, Fall looked like an evolution of his Spring show. Easy printed dresses cinched with a leather belt, simple cotton shirts tucked into unpretentious A-line skirts, a chunky cardigan over a little slip of a dressãthey all had encore performances here. That's no criticism; too much of a good thing is wonderful. But Kors has been around long enough to know that he can't repeat himself and get away with it. And so he mixed in a little Big Sur with the Big City. If Meryl Streep circa the late seventies was last season's muse, here it looked like he could've been channeling Stevie Nicks. Sleeves were billowier, the fil coupe fabrics were more shimmery, and the furs had just a touch more shag. And there were miles and miles of suede fringe, which he used quite convincingly for daytime. A skirt draped from chocolate brown fringe looked fantastic with an ombré Aran pullover, and the fawn-colored version he paired with a hand-knit sweater and wool melton men's coat was a contender for the look of the show.  Following on from his men's presentation last month, which was long on ten-ply beanies and long johns, Kors tossed in some deluxe cashmere sweats. That's the billionaire talking. We're sold."
6283,"Michael van der Ham has a signature look, but he clearly recognizes the risk in staying staticãhe really pushed himself today. His trademark appliquéd collage was still there, but instead of appliquéing on top of the garment, the technique came through as a cloud-like woven print. An achingly beautiful, dense black Italian cotton lace dress had an extraordinary jeweled hemline that was slashed and left hanging for an irresistible detail. The lace was inspired by an illustration from Van der Ham's reference this season, the late, great 1960s magazine Intro .  That split-hem technique was used on a series of skirts and blouses to stirring effect, as was frayed chiffon appliqué. Cashmere intarsia and honeycomb pieces were also crowd-pleasers. Details abounded, but they were used fluidly: There were net overlays, bow details, and layered chiffon. The colors were vivid. Bright citrus and pinks will certainly stand out during gray fall, and the designer said he was thinking of his large clientele in hot-weather countries who demand color.  Van der Ham worked with velvet, but rather than do a top-to-toe look, he mostly used it on bodices and sleeve details. It also formed part of his most jaw-dropping look: a dove-gray lace dress with a beautiful double-layered velvet shoulder and a silk chiffon hem detailãthe one that seems likely to generate a wait list."
6284,"I think some of the new ballerinas are the new style stars, like Maria Kochetkova from the San Francisco Ballet, designer Michelle Smith said backstage before Milly 's Fall runway show. A bold statement? Perhaps, considering the relatively niche-y spotlight even principals enjoy. But Smith's latest offering was an appropriately elegant, movement-filled tribute to dance. Models floating down the catwalk amid clouds of cream-colored Mongolian lamb fur were more effective than the winking nods, such as a blush tulle maxi skirt. The fabrics were all suitably opulent, from a knitted rabbit fur to an almost liquid chevron fringe and a shockingly metallic (and undeniably pretty) foil leather. There were also dense paillettes. Even a paper-bag trouser had a certain life to it, thanks to the subtle addition of Lurex to a staid navy twill. Laminated ebony tweed was particularly lovely, seen in a stunning fur-trimmed cape jacket and an oversize coat that no doubt had an air of off-duty dancer to it. Less successful were propositions like mille-feuille circle skirts or a strapless fringe-covered jumpsuit. All in all, though, there were certainly a few ovation-worthy looks that should have fans hungry for next season."
6285,"Missoni 's Spring collection floated away on an updraft of abstraction, but Fall saw a welcome return to earth. In her substantial, man-styled outerwear and Elmer Fudd hat, this woman was going hunting in the urban jungle. And Missoni guaranteed that she was doing it in knitwear. A good 80 percent of the collection was knitted, even when it looked like fabric. ""We did a lot of research specifically into texture, to give the knits structure,"" said Angela Missoni. So wool was felted, boiled, double-faced, furred, and undoubtedly creatively abused in other ways to help it stand up to the city dweller's demand for utility and convenience. It is usually color that elevates banality at Missoni, but texture was equally significant here, in the way, for instance, that a superficially simple tank dress was intarsia'd from a dozen different ribs of knit. Missoni has been looking for a way into the future. This collection suggested one route. The clothes were definitely a nod to the urban rather than the artisan. If the overcoats, parkas, oversize vests, jogging and cargo pants harked back to the men's collection in January, the skinny-rib tops and casually wrapped skirts had a purely feminine ease. (Ali MacGraw at her most iconically fashionable? Not so, insisted Margherita Missoni, but nevertheless an appealing reference point.) And the color palette guaranteed the ease had oomph. Orange and yellow were the accents. Even when they weren't visible, they were lurking as linings."
6286,"Miuccia Prada started her personal revolutionary role in the fashion industry with one simple item: a black nylon rucksack. She took the banal, the ordinary, the everyday and made it desirable, luxurious, and special. She started to design and define what luxury could be by the appropriation of the normal. What she presented at Miu Miu today was a continuation of that task. A task and a collection that was so enjoyably witty, subversive, and skewed that it reached new heights of the ""avant-bland."" Prada frequently returns to normality; she often revels in it. This is not to say that she just presents something desultorily and day-to-day, then shoves it on a catwalkãthat's not fashion, after all. Instead she designs, re-contextualizes, and skews. Prada makes you think as well as laugh, and above all she infects you with a desire for quilted nylon from the bottom of your heart. And that's because, well, she has a desire for quilted nylon from the bottom of her heart. ""Everybody thought I was crazy with this, with the amount of times we tried getting this right,"" the designer said of the key fabric of the collection. ""I worked for one month on the right windbreaker that was not puffy-puffy. The perfect windbreakerãI had to get it right."" ""I am fixated on the notion of no useless design,"" Prada continued. ""Ideas are a different thing. But when things are overdone from nothing, I can't stand it; it had to be more real, more wearable, less pretentious. What is normal, what is real, is what is important. In Paris you go slightly more grand, but this time I went, 'Who cares '"" Who cares, indeed. Prada covered the entire Palais d'Iéna in clear plastic, from floor to columns, echoing that Prada code of the clear plastic mac that made a familiar appearance in the collection and was added to by skirts, tops, and boots. The rest of the venue was covered in rough scaffolding; again utilitarianãyou sat on it. A mini version of the supportive metal scaffolding poles was formed as heels for shoes. Above all, the designer presented a new kind of Miu Miu girl, one more stripped down and utilitarian than ever before. This was a girl that would not be out of place in the north of England, wearing a ski jacket and a school uniform, eating crisps at a bus stop in 1986, like a Rita or a Sue from an Alan Clarke film. Re-contextualized in this highest of fashion settings, she was aggressively normal, avant-bland, normcore. Yet as the show progressed, she became more and more extravagant. As Tori Amos' version of ""Enjoy the Silence"" was replaced by a dance mix of Depeche Mode's original, the girl exploded into quilted brocades that looked to have Lurex running through them, her home knits revealing delicate underwear underneath. Intricate metal appliqués appeared on plasticsãthe silhouettes were similar, but the fashion came to the fore. Yet you were still left with the lingering impression of the start: the quilted nylons, the windbreakers, and the everyday. ""Normality is weird,"" said Mrs. Prada. And in fashion, that is undoubtedly true."
6287,"All the theatrics that have amped up the entertainment value at previous Moncler Gamme Rouge shows were MIA todayãno huskies, simulated weather, or nearly nude gymnasts. If you wanted, you could watch the light boards running the perimeter of the space that projected Koyaanisqatsi -style footage of urban and environmental scenes. But, with no disrespect to last year's canine models, the clothes needed to resume their role as star players. And sure enough, Giambattista Valli's three-part collection offered up the type of graphic and material dynamism (plus Pharrell-size fur hats) that will make any future polar vortex easier to endure. On average, coats hovered around the knees, which were almost always clad in sport leggings, their cuffs sheer and ankle-baring. The mixing made all the difference; a champagne-hued Persian lamb coat ringed with a triple stripe of pylon-orange mink opened the show. Midway through, in the droll-meets-drab UPS uniform grouping, a crocodile front gave way to a Persian lamb back. A fuller A-line coat bifurcated a camo print up top with a raw-edged Persian lamb skirt. Speaking of which, the prints came from graffiti artist Maurizio Cannavacciuolo, whose drippy effects and text-image interplay counterbalanced the haute fabrications and will likely find an eager audience among men (who will finally be able to purchase the Gamme Rouge runway looks this fall). Both men and women, though, will appreciate the all-purpose accessories, namely a croc card case dangling from a coat strap, baseball-beanie hybrid caps, and thick-soled slip-on sneakers. All three details might have gone unnoticed had you been distracted by a mise-en-scne."
6288,"Hmm. Where to start? This evening's Moncler Grenoble event was easily one of the oddest fashion presentations this reviewer has had the fine fortune to witness. It would have been somewhat odd had it merely featured the Pendulum Choir, an all-male a cappella group from Switzerland, singing strange arrangements of traditional Alpine song. It would have been fairly odd if the choir had performed in front of a backdrop of singers, each one in a lit box, clad in new looks from Moncler. But what really made this coup de th_Štre one for the ages was the fact that the members of the Pendulum Choir were clad in down-filled Moncler morning suitsãski-ready, one presumesãand mounted on mechanized pedestals that moved them about as they sang. That was the cherry on top, the thing that made you wonder, Is there an opera based on a short story by Kafka I don't know about? (Probably.) You also wondered, more fleetingly, what all those ski suits worn by the choristers actually looked like. Who knows? Their clothes were all black and white; the lookbook pictures that run with this review show women's polarwear in a variety of colors, featuring stretch quilting and tie-dye fur, and men's looks heavy on nylon printed to resemble tweed. All very natty, as these things go, and no doubt we'll be seeing plenty of these Moncler looks riding up the lifts at Chamonix and Gstaad. The Pendulum Choir seemed to be singing in German; maybe that's what they were singing about."
6289,"Monique Lhuillier does ""pretty"" very well, but for Fall she wanted to give her collection a darker edge. ""A bold, dramatic twist,"" was how she described it. To achieve that, she looked to a foreboding reference: the skull. Although in general, Lhuillier's skulls were so subtle one would have to be told they were there to catch them. Look closely enough, and they could be found in the embroidery of a gold lace bolero, which was paired with a matching strapless cocktail dress, as well as a lace-and-tulle mini that went from white to Barbie pink at the collar. The skull was more obvious on a digitally printed neoprene dress. In that case, the rendering wasn't lovable, but the silhouetteãa high neck and a bell sleeve with a midi trumpet skirtãwas. Worn with a pair of current-looking mules, it would have fared better in plain black. Indeed, Lhuillier's LBDãa fitted, mid-calf style with a slight sweetheart necklineãblew away her grander gowns. The ball-skirt stylesãblack, embroidered with fuchsia baroque flowersãwill please her loyal eveningwear customers, but the real red-carpet standout was a blush-colored beaded number with long, sheer sleeves and a high-low hem. It was pretty, yes, but worn with little blush lace booties of Lhuillier's own design, it was also irresistible. And the designer knew it. ""I had to throw one angel in there,"" she said."
6290,"It kind of panned out just the way you imagined it would. Jeremy Scott is fashion's most evolved connoisseur of junk culture, and, in his heyday, Franco Moschino loved nothing more than poking the bear of fashion orthodoxy with flagrant infusions of trash. So when Scott paraded his mutant hybrid of Ronald McDonald and Coco Chanel, and his Budweiser and Frito-Lay couture, all in the name of the late, great Franco, there was a friskily superficial compatibility. Butãchalk it up to the gulf of time separating the two careersãthere was in fact a difference in tone between Scott's revision of the Moschino legacy and Franco's original template. Today's Moschino presentation was a crowd-pleaser. Katy Perry and her friends in the front row were eating it up. Franco, on the other hand, was more satirical by nature and made a habit of biting the fashion hand that fed him. But that was then, this is now. Scott's embrace of consumer culture in the name of Moschino was bright, brash, and ingenious. McDonald's golden arches were reconfigured as the label's iconic heart design. Franco's wordplay was resurrected in ""Fur Real"" on the back of a pretend-mink coat (read it as a play on surreal for maxi-Moschino impact). Any single piece of Chanel iconography you could imagine was twisted every which way but barely legal. Way back when, Franco was sued by Chanel for his irreverence. How times have changed!  If the show ran too long (the SpongeBob stuff erred toward the way too obvious), that was a natural result of Scott's kid-in-a-candy-store overdrive. He just couldn't help his sugar rush with his ""couture"" finale. Lindsey Wixson, twirling in a gossamer cloud of food additives, provided giddy closure to Scott's supermarket sweep. What next?"
6291,"In its first few years of existence, the Mother of Pearl identity was essentially subsumed into that of the artists the brand collaborated with each season. At this point, the situation has reversed: Founder Maia Norman and designer Amy Powney have settled into a well-defined Mother of Pearl ""look,"" and they've gotten savvier about finding artists whose work can elaborate the brand signatures rather than overwhelm them. This collection was a case in point. Richard Saja is a New York City-based artist best known for his needlepoint ""interferences"" with French toile de Jouy, and this season, Norman and Powney adapted his technique to relate to prints that riffed on the Arts and Crafts movement and William Morris. But Saja wasn't the focus of this collection; Morris was. The prints and embroideries here paid homage to the Morris aesthetic, and more generally, Powney and Norman seem to have been infected by Morris' affection for prettiness. There was a gentility to the silhouettes that felt new, and the sporty mien was tempered somewhat by romantic touches, like the gathering of a neckline or a bit of ruffle on a sleeve. The result was a collection with a lot of appeal."
6292,"Beyoncé's stylist, Ty Hunter, sat in the front row today at Naeem Khan 's presentation and probably saw plenty of options for his most famous client. The collection was inspired by showgirls of another era, said Khan backstage before the show, citing Liza Minnelli in Cabaret, with a bit of Louise Brooks thrown in. ""I took the sex from Cabaret, "" said Khan, ""but made it elegant."" It seems the recent advent of Khan's bridal lineãwhich he said has been picked up by eighty stores over a few short monthsãhas freed the designer to venture into sultrier territory with his ready-to-wear. Khan worked with Halston back when Halston made costumes for Minnelli, and one could easily imagine the star in her dressing room wearing the gold-piped satin evening coat that opened the show. Soon enough, the looks moved from the boudoir to the red carpet, by way of 24-karat filigree embroidery on heavy crepe sheaths and a pleated gold lamé halter gown that looked very Halston indeed. Beading was prominent and appeared in delicate, Deco lines of gold, black, and even lilac, as well as silver-and-gold chevron stripes of flapper-style fringe. One of the most beautiful gownsãa red-carpet-ready three-quarter-sleeve column covered in honeycombed-gold bugle beadsãemployed chunkier crystal trim that sparkled at the neck, waistline, and cuffs. Khan loves couture techniques, and on a few special pieces he applied lipstick-red hand-shirred chiffon and engineered embroidery to great effect. Also impressive in the hand-detailing department: leopard spots created entirely of stacked sequins. Those covered the bodices of a few dresses with skirts in variegated tones of gold, chocolate, cream, and black ostrich feathersãall hand-dyed to match the animal spots, of course. It was hard to picture Liza or Louise taking the stage in one of those sequined, feathered, leopard-spotted numbers. But Beyoncé? No problem."
6293,"It's an interweaving of different embellishments and embroideries from all over. I just sort of picked my favorites and brought them back to New York City to be handcrafted here, said Nanette Lepore backstage before her Fall runway show. The #HandCraftedInNY theme (guests were encouraged to share that hashtag on social media) tied in nicely with the designer's longstanding commitment to preserving the city's Garment District. She recently met with Mayor Bill de Blasio to discuss the cause, and outfitted his wife and daughter for his inauguration back in January. Lepore opened with a group of looks in purpleãthe color of more like half the lineupãthat ranged from deep shades of bordeaux and cassis to shocking magenta and violet. Perhaps the colorway was a tribute to her daughter Violet on her sixteenth birthday. Addressing her youthful customer's everyday needs, Lepore offered office-appropriate suiting separates such as a sharp, pleated jacket styled with a waist-defining belt. On the more playful, weekend-ready side of the equation were boldly feminine dresses including a bohemian, ""handloom"" patterned style that looked cool topped with a fuzzy mohair cardigan. Meanwhile, a Lurex-flecked turtleneck paired with a densely embroidered midi skirt highlighted the collection's artisanal feel, as did the gray flannel finale number, which was intricately embellished with a magpie assortment of sequins and beads. ""I like the idea that you can start the season with long ditzy skirts and dresses, and then start piling on alpaca sweaters and very utilitarian coats,"" said Lepore. Noteworthy outerwear items included a tailored, menswear-ish topper with an iridescent sheen, as well as a variety of shearling-trimmed coats; the fur occasionally seemed a bit too hairy, like it needed a trim. Ultimately, it was the cozy knits and longer lengths here that felt like Lepore's freshest proposals."
6294,"Backstage at Narciso Rodriguez , there was a board with all of the show's looks on it. Not just the front view, but the side and back too. Season by season, Rodriguez's fixations shift. They're subtle changes, for sure, but he delights in them. And when he's good, as he was here, his customers delight in them, too. After the leggy rigor of Rodriguez's Spring show, he's loosened the silhouette up a bit. It wasn't quite slouchy, but there was a nice sense of movement in pieces like a red wool cocoon coat roomy enough for a substantial sweater underneath, and in a breezy silk dress in oxidized bronze and the faintest mint green that will feel good against bare skin when these clothes arrive in stores midsummer. On Rodriguez's structured jackets, the front was quite rigorous with arcing lines crisscrossing the torso, while the back had a forgiving, slightly rounded shape (hence the 360-degree views on the board). The ivory one in particular looked like a good match for Scandal 's Olivia Pope. Other jackets were cut almost like cardigans, a point Rodriguez emphasized by lining the interior with different colors. One lapel on a gray wool jacket flapped open to reveal color-blocked blush and saffron; the other was charcoal and navy. It's the inside of clothes we're talking about. Does anybody else work as hard on such details?  The great thing about Rodriguez's work here is that the results didn't feel effortful. Someone spent a very, very long time attaching tiny bugle beads to a sleeveless shift dress. And the way the titanium, platinum, and bronze-colored beads were embroidered made them glow like poured metal. From where we were sitting, it looked a future heirloom, and yet it slipped on and fit like a favorite oversize T-shirt."
6295,"Neil Barrett 's collections for women have tended to transpose his men's collections across the gender barrier with very little variation. The difference this time was that he had a female muse in mind. Binx Walton is a model of the moment, and when Barrett met her at the Christmas party he cohosted in London with Love magazine last December, he flipped his wig. Her hard-edged boy/girl thing was the very quintessence of the effect he wanted to achieve with his womenswear. And that's how Binx became the foundation of the collection Barrett presented in Paris today. He softened Binx's hard edges a bit. The facing was extended on coats and jackets. A pleated ruff ran along the bottom of a biker jacket. Another leather jacket had a ruffled front. There were also pleats underneath a classic double-breasted jacket. Barrett wanted to add fluidity to classic masculine garments. Still, it isn't really ""soft"" where his heart lies. The motif that dominated the collection was the lightning bolt, carried over from the men's collection. Barrett offered it as one big zap on a quilted blouson or as a techno Fair Isle pattern on knit. Continuing with the techno theme, there were op art spots and a photo-realist bear-fur print on sweatshirts. You could almost imagine a world where such an item might replace the real thing. That world already has a nameã Gattaca . And Barrett's inside-out reconceptualizations of the classic MA-1 would make a perfect uniform."
6296,"For Fall, brother-sister design team Nicholas and Christopher Kunz started with French photographer Jean Gaumy's book Men at Sea , a moody, captivating look at the life of commercial fishermen. ""It's kind of like Deadliest Catch ,"" Christopher half-joked. It's a fitting reference, given that so much of the designers' work has a braving-the-elements quality to it. That was even truer than usual this season. Each ensemble was styled with a pair of Honeywell boots, as ideal for padding around a boat as clomping around New York in current conditions. (This particular fashion week's forecast is snow, a little rain, and more snow.) The footwear naturally complemented the artfully bunched sweatpants, chunky cardigans, and bracelets fashioned out of nautical rope, all done in a natural palette of slate gray, black, brown, burgundy, and navy, with a few hits of cream. Save for the one-shoulder knit crop tops, a few billowing tunic dresses, and a silk jumpsuit in an abstract print called Laguna, the men's and women's pieces were fairly interchangeable and played to that urban-warrior style the label has nearly perfected. It can be repetitive season upon season, but that doesn't mean it's not good. The newness was in the denim, of which there was quite a bit. ""We wanted to do it in our own way,"" Nicholas said. To her point, the pieces were lightweight and fashioned into silhouettes not typically made out of denim, including drawstring trousers and a men's blazer with sleeves loosely rolled to the elbow. Nicholas K 's look may be constant, but it's never rigid."
6297,"Speak with Nicolas Andreas Taralis for long enough and you realize the darkness that has defined his aesthetic for the past decade comes from an enlightened place. By turns, he will mention his German-Greek heritage and Bauhaus, the monolithic beauty of totems, and the underrated appeal of latex. And all of this permeated his Fall collection in a manner that was both low-profile and dramatic. To establish the vaguely fifties tone, he began his lineup with three columnar looks that exposed the shoulders while cloaking everything else. Taralis said this was the first time he'd worked with boning, and the technique allowed him to test a new proportion via bustiers and loose trousers that simultaneously expressed tailleur and flou (the structure/flowy dichotomy that forms the foundation of couture). He further finessed the jacket propositions that went over well last season, subjecting a smoking and a redingote to his signature pick stitching and using the shape of a kimono for a capelet boleroãall the while working with Italian cashmere, Japanese wool, and British flannel. The fabrications came into clearer focus when Taralis shifted to ivory, as did the elegance inherent to his era-referencing. It was chaste and chic, and this seemed to surprise the designer most of all, which might explain how he arrived at a skirt hemmed in latex and a mousseline gown that revealed latex thigh-highs. They sound more risqué than they appeared. But the opera gloves paneled in curly lamb with the index fingers and thumbs exposedãnow those were fetishist. Finally, the ""Mies"" and ""Wassily"" shirts shown as part of his men's collection had crossover appeal. There are women who would be as excited to wear a fan tee as they would a wool and satin bustier."
6298,"Scandal's ""The Warrior"" was the only song that could rightfully close Nicole Miller ês Fall show, given that she looked to a collection of female heroes, including Japanese animeês Princess Mononoke, to inform Fall. –Independent women who donêt need a business suit to feel strong"" were the target, and with a series of all-black looks, she was right on it. A double-faced black coat, paired with etched leather pants, and a black leather biker jacket, worn over a neoprene miniskirt marked with feathers fastened to crystals, offered a tough girl her rightful armor. Miller is skilled at executing on whatever her vision is for the seasonãnot one piece felt out of place in the lineup. But there was a certain aggression to the clothes that could prove a challenge. A peacock-feather design felt too literal, a faux-leather jacket with heavily beaded sleeves too weighty. The designer would have benefited from paring back, even just a bit."
6299,"Start following Peter Copping on Instagram (@PeterRicci) and you'll soon discover that the Nina Ricci designer has a serious thing for interiors. A group of photos of his favorite interiors was his starting point today, and it just goes to show that designers are at their best when they do what they know. This was one of Copping's strongest collections in a whileãalive with intense colors, like the gorgeous iris of a long-sleeve, high-neck silk dress, but quite soft in spirit and mood. Much of it was inspired by loungewear, after all. The organization of the show loosely followed a woman going about her day: skirtsuits and wrap coats for work, pajama separates in knits backed with leather or silk to relax in when she returns home, and finally cocktail attire and gala dresses for when she leaves again at night. But even when she's out of the house, the Nina Ricci woman will bring the comforts of home with her next fall. Copping's double-face coats draped around the body like blankets, and his evening dresses took their cue from the boudoir, be it the unstructured nightshirt shape of a blush-pink frock appliquéd with lace flowers or the bra-strap closure of an LBD patchworked from silk and lace. With a neckline-to-hem inset of sheer black lace, Kati Nescher's long dress was the most provocative one we've ever seen on a Ricci runway. (Side note: Does anyone slink down the catwalk quite like she does these days ) It came as a surprise, but sexy suits this label."
6300,"Eccentric tomboys and twisted bourgeois matronsãthey've been the mean motivators of Alessandro Dell'Acqua's career. Take the first outfit today for No. 21 : a dress in camel mohair, a coat in floral sequins, a fifties flat shoeãa bit bourgeois, a lot florid. It was enough to make you wonder where the Dell'Acqua woman hangs. Hopefully in some schizophrenic zone where all styles are served with maximum happiness.  Dell'Acqua has always straddled the shadow zone between prude and prurient. A sense of pent-up passion infuses everything he does. Here there were instances of wayward slouch, see-through brassiness, and the single-shouldered hussy. But Dell'Acqua has always balanced his bad girls with a strong, masculine element: today, a loden coat, a khaki sweater, gray flannel pants, dour cardigans. A sequined top and feathered skirt were weighted with a man-tailored flannel coat. Think, for a moment, about the implications of such an outfit. That signal was amplified by the peculiar harnesses that were thrown over a lot of the outfits.  The story that Dell'Acqua was telling here might have been the time-honored fashion tale of dominance and submission. It's one he's long been fascinated by, a fact he reminded us of when he closed the show with his signature track, Pat Benatar's ""Love Is a Battlefield."""
6301,"Every cool girl who lived in New York during the nineties remembers X-Girl. The fashion line cofounded by Kim Gordon quickly earned a cult following for its shrunken tees, miniskirts, skater pants, and celebrity supporters such as Sofia Coppola and Chloï Sevigny. As a streetwise Manhattan native, X-Girl left a lasting impression on Nomia 's Yara Flinn, and she cited the brand as a reference point for her new Fall collection. At a showroom preview, the designer also reminisced over days spent leafing through Delia's catalogs and thrifting at Canal Jeans. Flinn channeled her nostalgia in a modern way. She paired Lurex-flecked mock turtleneck dresses with clean parka coats that looked pretty in pastel-colored taffeta, for example, and teamed cropped sweaters with crepe maxi skirts boasting killer high slits. This season, Flinn was a bit more playful in terms of introducing color and experimenting with specialty fabrications. She latched on to still-happening fringe, which accented several pieces including a boxy T-shirt dress and split-seam tunics. Other highlights included a bomber jacket that came in plush, Astrakhan-effect velvet, and patch-pocket jumpsuits that gave off a utilitarian vibe. Compared with recent outings, there was less emphasis on streetwear and more emphasis on sophistication, which felt like a definite step forward for Nomia."
6302,"There was a real buzz in the air at Misha Nonoo's Fall runway show, and it was well deserved. This season, Nonoo played further with opacity and transparency, using the Louis Kahn-designed Kimbell Art Museum and its cycloid vaults washed in natural light as a starting point. Nonoo's sheer panels, which are becoming her signature, were used best on a pair of drop-waist trousers in navy waxed cotton, as well as a periwinkle coatãalso with a drop waist and tapered bodice, a new silhouette for the designerãthat was finished with an organza back pleat. Ideas of dark and light emerged again in a series of pieces featuring interwoven hemlines, including a navy mesh dress coat and a pencil skirt in a dark ruby melton wool. Nonoo paid special attention to the inner construction of these hems, using a splicing technique to ensure there were no stitches showing on the exterior. ""I think about the inside of a garment as much as I do the outside,"" she said backstage. It sort of explains her obsession with sheer organza, which leaves no room for stitching error. On the other end of the transparency spectrum were detachable fox collars. A white version popped against a charcoal plaid suit that shimmered slightly with gold thread. Nonoo's digital prints undoubtedly sell well, so she included threeãeach made to feel current with a shock of acid color. But it's her fearlessness with texture and shape that gives her work electricity."
6303,"I mean, this is stuff that you could sleep in or just throw on to walk the dog. That's what this line is meant to be. It's not meant to be a runway show collection, Norma Kamali said during a preview of her Fall collection. The veteran designer has always promoted a healthy lifestyle over a particular look. She had a true ""lifestyle brand"" long before that phrase became omnipresent, and her clothes are meant to be lived in and well-worn, not admired from afar. They're stretchy, washable, and comfortable above all, but still interesting enough to make a statement without trying too hard. Last season, Kamali reintroduced the fashion-forward sweats she first did in the early eighties. It doesn't get more meta than a sweatshirt that reads ""sweats,"" but she also found new ways to update standard terry cloth, whipping it up into maxi skirts, slouchy tailored trousers, and a quilted hoodie that could be styled several waysã""it's like you're being hugged by that jacket,"" she said of the lattermost item. However, avant-garde sweats weren't the only thing on offer here. Kamali used a bonded faux sherpa fabric on a series of fleecy coats that boasted up to six functional pockets apiece. Elsewhere, she experimented with stretch leather, faux fur, varnished vinyl, and camouflage, which was featured on several of her signature sleeping-bag coats. ""I did camo again because we've received so many requests since Rihanna got ahold of one of our vintage camo pieces. When you've been around as long as I have, you've kind of covered everything already,"" she said."
6304,"Since launching her ready-to-wear line, Novis (a tribute to her grandmother's maiden name), two years ago, Jordana Warmflash has become recognized for her clever, original prints and retro-inspired silhouettes. The emerging designer, who cut her teeth at Zac Posen and Alice + Olivia, was recently announced as one of this year's Ecco Domani winners, which produced a palpable buzz surrounding her Fall presentation. This season, Warmflash was inspired by Bauhaus artist Paul Klee, and she reinterpreted his expressionist paintings in a variety of ways. Subtly nodding to Klee's cubism, Warmflash showed graphic, blocked plaid pieces including knee-grazing culottes, swingy topcoats, and a sporty bomber jacket with rubberized tweed sleeves. She continued to explore Klee's works with a pretty watercolor landscape print featured on fit-and-flare frocks and miniskirts, and also incorporated the motif into a vibrant, intarsia jacquard sweater. Elsewhere, Warmflash embroidered geometric-shaped appliqués onto evening looks including a nude organza gown and a matching navy ball skirt, which looked modern paired with a cableknit crewneck. All in all, Warmflash's latest lineup suggested she is on the right path, and will continue to develop her vision in the future."
6305,"If in the past we've wished for Alexa Adams and Flora Gill to push Ohne Titel beyond its optical knits and fit-and-flare silhouettes, today's show indicated they are ready to do just that, without sacrificing any of their label's signature urbane modernity. The graphic jacquards and fit-and-flare silhouettes were still there, but the backbone of this collection was surface texture, whether in the tufted sleeves of a popcorn-knit sweater or the gleaming silver shaft of a stovepipe boot.   Adams and Gill are often inspired by contemporary art, and today it was Kasper Sonne's carpet-woven color fields that set the backdropãliterally and figurativelyãfor Fall 2014. In the wrong hands, this concept could have produced a shaggy seventies patchwork, but not here. Instead, the designers combined neoprene, deerskin, variegated knits, and glossy black shearling in zip-up moto jackets, vests, and coats likely to become have-to-haves for women in colder climates. And what to wear underneath? Try a neoprene-backed shell, fronted entirely with what appeared to be glazed feathers. ""We started out calling that fabric waxy pony, but then it began to look more like feathers,"" said Adams backstage after the show, adding that she and Gill worked with a Japanese mill to develop the material, which is entirely synthetic. Although the designers seemed rightfully thrilled with the results, they were restrained in their use of the fabric, which appeared in smallish doses in both oxblood and black, and was echoed in a tonal feather effect in the models' hair. Another textile innovation was black fuzzy wool roving that had been needle-punched into fabrics. The roving gave a matted, felted look to the top of a crisp, white pleated skirt, to great effect.   Many short dresses and skirts (and even skinny trousers) were paired with thigh-high leather boots. Extending to the very tops of models' legs, their silhouette seemed less like the second-skin thigh-highs that have appeared in recent seasons and more similar to stovepipe pants or, in the case of a metallic silver pair, space-age waders. There were chunky black heels with silver backs, too, which Adams extolled backstage as ""super-wearable."" Judging by the way the models marched, they probably were. The metallic element was repeated in foiled rib knits, and although the surface of those pieces may have appeared futuristic and tough to the observer, they sat close to the body and were soft to the touchãthe ultimate in urban armor."
6306,"Ingrid Caven, the German actress and singer who was briefly married to Rainer Werner Fassbinder, leaned over in her seat tonight and said, ""I think Olympia is the new Vivienne Westwood."" That's a hell of a compliment, but Caven was right on one count. This season both Dame Viv and Olympia Le-Tan did jackets with heart-shaped lapels. Le-Tan also appliquéd a heart onto the bum of a pencil skirt. Beyond that, the analogy's a stretch, but Le-Tan does give you the sense that she's doing her own thing outside the conventions of the fashion system. Tonight's was a fun show, built around the idea of magic and making the most of her father Pierre Le-Tan's whimsical artwork. The models emerged from a giant top hat that he drew for the occasion, and his illustrations of playing cards and bunny rabbits featured on her clothes. The cards were especially charming on a fitted long-sleeved sheath. Le-Tan hasn't moved completely away from the Lolita-isms she tends to favor (see the angora cardigan and mini-crini), and the way she embraced the Playboy Bunny won't appeal to every woman. But elsewhere the workmanship looked finer here than it has in the past. There was a new sophistication to a puff-sleeved, ""abracadabra""-embroidered blouse worn with a ruched-waist, below-the-knee skirt. If you want to stack the deck in your favor for a fun night on the town, we suggest her velvet tuxedo and embroidered Queen of Hearts bustier."
6307,"Legend has it that the name ""Antwerp"" is derived from the Dutch term hand werpen, meaning ""hand-thrown."" There's a whole story about a giant guarding the river, who would cut off people's hands. Anyway, this evening's Opening Ceremony show was an appealingly motley mix of things Belgian and, more specifically, Antwerp-ian, and among these, the mooted etymology of the city's name played a starring role. The collection's key print, for instance, was a fingerprint swirl deployed in the most sculpturally ambitious of the men's and women's looks.  What really got your attention, though, was the graphic quality of the clothes. Obviously, Humberto Leon and Carol Lim couldn't vibe on Antwerp without imbibing the city's fashion history. Raf was a presence here, to be sure, but Lim and Leon mostly seemed interested in translating the linearity and sobriety of the Antwerp look into clothes with that jaunty Opening Ceremony mien. Essentially, they did this by making the clothes very, very graphic. That was elaborated in the women's clothes by employing a lot of asymmetry; the men's looks featured trompe l'oeil layering and zips that worked to adjust proportion and volume. Overall, this men's collection articulated a stronger point of view than the womenswearãthere was a clear silhouette proposition and a good number of very strong pieces, such as quilted anoraks. The women's range didn't cohere as well, not least because the emphasis on asymmetry produced too many looks that just came off looking messy. Taken together, though, these collections did affirm that Lim and Leon's ambitions as designers continue to advance."
6308,"John Patrick has long been an earth-obsessed designer. But this season, he turned his attention toward space. His latest Organic collection found him mashing up looks from the era of the moon shotãhere, a long-sleeve jumpsuit in a material that looked like Tyvek; there, pleated and pencil skirts with the modest hemlines favored by Right Stuff -era housewives. The fabric mix was intriguingãPatrick leaned hard on technicals, in particular sheer materials with a plastic sheen, but he also integrated a lot of cozy textures, such as quilted cotton, felted wool, and fur. The latter looked particularly appealing on this slushy day; meanwhile, the crispy high-neck blouses had a more trans-seasonal appeal. That approach was astute. You could even say, it was typically down-to-earth."
6309,"Like her compeer Margaret Howell, and to a certain extent Nicole Farhi, Irish designer Orla Kiely has stuck to a script that has paid off with steady commercial success over her fifteen-year career. Her business has happily ticked along, avoiding the huge peaks and troughs that many other lines experience. Kiely's look is very specificãtwee, precious, charming, quirky; all the adjectives that fall within the ""eccentric"" category. To be fair, she owned that style well before Mulberry ever released a fox sweater or an owl-print scarf. For Fall, Kiely didn't change her theme, but instead added to the story. And that story was a very calming, homespun one. Sleepy puppies and sleepier babies greeted us on arrivalãso cozy that the only things missing were hot cocoa and a fireplace. The presentation, worthy of a West End London theater set, was staged as a dark, wet London street corner with a bench and lamppost, and a projector mimicking rain. The soundtrack was the rumble of the Tube, the pounding of the rain, kittens mewing, and dogs barking (so, yes, it was raining cats and dogs). It was the fashion equivalent of comfort food. Models walked around this scenario in clothes that have earned Kiely a legion of fans over the years: trenchcoats with cats and dogs illustrated on them; a black-on-black dévoré skirt and blouse with varying sizes of Kiely's trademark stem-and-snowdrop motif; a teddy-bear collar to keep it all on trend. A bright pink wool bobbled sweater with a funnel neck teamed with a green knife-pleated skirt was popular with the crowd. Kiely's fawn version of the teddy-bear coat seemed more practical than others, neither too heavy nor too light. Kiely told us backstage that her inspiration was Catherine Deneuve in Les Parapluies de Cherbourg , but it looked more like Audrey Hepburn in My Fair Lady . Not that it mattered; either would do nicely. The show was styled by Keira Knightley and Michelle Williams' stylist, Leith Clark, whose own quirky personality was plain to see throughout the presentation. Clark's look has always fallen into line with the famously shy Kiely's: no attention-seeking. These girls love quality, but fly under the radarãsequins or statements are not required to shine. The kicker was the shoes and accessories. Kitten- and puppy-motif purses and umbrellas will likely spawn copycats. Kiely also worked with Clarks, makers of sturdy, no-nonsense footwear. The chunky-heel T-strap shoes with flower-and-stem details and the chic mid-heel Mary Janes nearly stole the show."
6310,"Oscar de la Renta lists nine design assistants by name on his program notes. Can you think of another big name in fashion who does that? We can't; they don't exist. The designer and his team had a good night. To start off with, de la Renta showed crisp, charcoal flannel pinstripes. Very polished, they had a slightly masculine air about them that felt new. But there's never only one story chez Oscar. He also liked black leather this seasonãanother surpriseãand used it for wide-leg trousers, a sexy pencil skirt with a fluted hem, and, most dramatically, a shawl-collar coat with a graceful A-line swing. For the woman who prefers her ODLR with a little less biteãa houndstooth skirtsuit. Which sounds straightforward enough, except for the fact that it was overlaid with cardinal red guipure lace.  Plenty of choices, as usual, but the audience seemed to make theirs when a sleeveless, knee-length dress patchworked from wide stripes of bouclé jacquard, each color embroidered in a different motif, glided onto the runway. It was utterly simple and yet completely divine. You could sense the ""I want that one"" energy in the room.  We'll likely be hearing quite a lot about Charles James and his ball gowns with the exhibition opening at the Costume Institute this spring, but there's no debate who the current master is. De la Renta had some real beauties in this collection. Our favorites came in lilac pink silk duchesse with a burgundy velvet bustier and in strapless geranium red silk faille accented with gold sequins and cord embroidery. Slightly shorter in the front than in the back, they flashed a few inches of ankle. An Oscar for an Oscar nominee, anyone?"
6311,"Osman Yousefzada is the latest designer to home in on hand graphics for Fall. They made numerous cameos at men's shows last month only to be revived by Holly Fulton earlier this week. Placed off-center on jacquard sweaters, knee-length skirts, and opera coats, the Osman depictions were equal parts Saul Bass and Schiaparelli; those slender blue fingers clutching dainty purses or pochettes could have been the basis for a 1960s movie poster. It would have been during this era that Yousefzada's muse du jour, the late Talitha Getty, was embarking on adventures in Morocco and beyond, which explains the ornamented tile pattern brocade that Yousefzada repeated throughout the collection. After the show, he made sure people noticed the bright red ""grouting""ãbesides being clever, it gave the flora a pleasant framework. Yousefzada showed classic, well-cut anchor pieces as well as an elaborately beaded latticework evening dress. But it was the ""jet-set bohemian"" theme that brought out his offbeat spirit. How else to explain the azure blue rabbit-fur scarves, the asymmetrical skirts meant to mimic the ease of a sarong, and what looked to be a glamorous judo uniform? Blink a second too long and you might have missed the trompe l'oeil faux sleeves tied around the waist of a jacket or the gold sweetheart camisole sewn into an evening top. Not so the oversize ""Cleopatra"" eyes shaded gold (they also stared out from a coat covered in a Los Angeles landscape by artist Alex Beattie). Like the hands, you wear these pieces knowing you'll be seen."
6312,"Ostwald Helgason made its runway debut this afternoon. In other words, today marked the day that Susanne Ostwald and Ingvar Helgason officially ""got serious."" No more jacquards based on man-eating plants or totes adorbs varsity jackets and baseball caps. No, this collection, this first-ever runway collection, would take as its subject art . Anselm Kiefer. Joseph Beuys. Roy Lichtenstein. Andy Warhol. These were names referenced in the show notes. Or, to put it another way: Art! Serious!  The thing is, Ostwald and Helgason are two designers who can't help but show off their sense of humor. The most memorable looks at this showãand surely the ones that will generate the most editorialãwere the Warholian apples and bananas 3-D-printed to appear to be peeling off. The sheer sweatshirt versions of that were a close riff on Spring '14 Wang, but that's cool, the joke was still funny. And in the meantime, there were plenty of looks here that had a more sophisticated panache. The trim knit shirtdresses in Kiefer-esque drip patterns, for instance, or the pleated skirts in metallic abstract prints. The denim-esque looks in iridescent sculptural fabrics were very cool, as were the little wool jackets with slashed shoulders, and the outerwear in either super-reflective leather or just-fuzzy-enough faux fur. There was definitely a sense here of a brand elevating its game. The weak elements, though, which were an emphasis unfortunately, were the skirts and dresses with trailing, asymmetric hems; those just looked ungainly, for the most part. But overall, the impression was a positive one: You left this show confident that Ostwald Helgason was a brand to be taken, yes, seriously."
6313,"Paco Rabanne 's new designer, Julien Dossena, has been short-listed for the inaugural LVMH Prize for his own collection, Atto, and there was a nice little halo effect happening at Rabanne this afternoon. The €cole des Beaux-Arts venue was pretty buzzy. Of course, it didn't hurt that Dossena made a smart debut for the heritage brand back in September. Today's collection lived up to the promise of that show. What was most striking is how well Dossena handled the obvious Rabanne clichés and made them modern and wearable. Chain mail, Rabanne's strongest signature, has a tendency to be heavy and ill fitting. Dossena reimagined it as a net of safety pins. Worn over silk underpinnings, the metal tops and dresses had a cool, clingy drape. The house's iconic tile dresses, meanwhile, can look rather retro, but Dossena ensured that didn't happen when he re-created them as laser-cut leather harnesses and layered them over crisp cotton button-downs and shirtdresses. Of course, a brand can't thrive on statement pieces alone. The designer also had sharp, well-made tailoring: classic menswear trousers that hung low from the hips and skinny pants with white plastic zippers and contrast topstitching. Another key item was the super-fitted quilted leather ski jacket. Dossena said he knew he had to put it in the show when the young women in his atelier went wild over it. And wouldn't you know, a key e-tailer perked right up and snapped its picture when it came strutting down the runway."
6314,"Apparently, the world was waiting for Pam & Gela . As Pamela Skaist-Levy and Gela Nash-Taylor explained at an appointment today, the relaunch of their brand last season proved so successful that they actually had to turn down business. That's a problem most designers would kill to have, but then, most designers aren't making leopard-print French terry sweatsuits, top-and-skirt sets in tie-dyed velour, backless hoodies, and kicky little ruffled dresses in Liberty prints. It bears repeatingãfor the umpteenth timeãthat Skaist-Levy and Nash-Taylor, the founders of Juicy Couture, know what they're about. That's why they're publishing a book about how to launch a business, out this spring. And their canny move here was to ever so slightly shift emphasis away from the kind of things they want to wear and onto the kind of things Nash-Taylor's daughter is looking for. That included vegan leather and faux fur, as well as affordable cashmere-blend knits. This ought to be another season of turning business away."
6315,"We have some shine, because of the Chrysler Building; not too much, very tastefully done, Pamella Roland said backstage before her Fall runway show. With all due respect to the designer, the sequins that came down the catwalk tonight could have filled that selfsame landmark, such was their sheer volume. Roland was having a thirties moment, inspired by Deco architecture. A metallic floral bomber and skirt set early on felt youthful and cool; even sequin pants had a certain breeziness to them when paired with a handsome navy jacquard jacket in a geometric print. But even before eveningwear rolled around, the unrelenting glitz had begun to feel fussy and insistent; Lurex, ombré sequins, beaded fringe, lamé, satin, mesh, tiled sequins, and more sequins. Scarcely a look in the bunch went unembellished. It's no secret that Roland's designs aren't what you'd reach for when popping out to the grocery store, but there was a cloying opulence to this collection that made her Spring offering look positively spartan by comparison. It didn't help that at nearly 50 looks, many felt redundant. While it may have been the thirties Roland cited as her inspiration, it's safe to say that Fall had more in common with the excesses of the twenties."
6316,"Preshow, the Paul & Joe space was dimmed to the point that ushers came equipped with handheld LED lanterns, and the air hung with a woodsy scent. Sophie Albou-Mechaly had been thinking about the legendary seventeenth-century fairy-tale author Charles Perrault and his lesser-known fable, Peau d'Îne (The Magic Donkey). Jewel-emitting donkey skin was not an option; but then Albou-Mechaly has always applied heavy creative license to her references. Here, winterized wool shorts, slouchy roll-neck sweaters, and smart cabans were the antithesis of princess attire. And in fact, the borrowed boy piecesãgenerously proportioned trousers and dressy bombersãfar outnumbered the obviously girly ones, such as a gathered floral-camo dress. But there's no need to reduce the narrative along these lines when the designer's use of windowpane-checked mohair was simultaneously both and neither. Albou-Mechaly unified the collection with a modernist motif š la Serge Poliakoff (like Guy Laroche's Marcel Marongiu, she was inspired by the recent retrospective at the Musée d'Art Moderne) and isolated the painter's crisp coral and calming blue hues for her shearling coats and knit underlayers. The artisanal coolness that she may have been seeking was best captured by the reversible shearling Perfecto paired with guipure lace knee-length shorts. Interestingly, the look revealed no reference in particular. It was a quasi-existential moment for Paul & Joeãone that deserves to be explored further."
6317,"Paul Smith channeled Jim Morrison for his men's show in Paris last month, so it was a natural leap to assume he had summoned up Stevie Nicks when a cover of ""Go Your Own Way"" opened his women's collection. He chuckled in his usual affable way, replying that he wasn't directly riffing on the rock queen so much as her prime period in the late 1970sãa time that predated high street fast fashion, one in which women were forced to be more resourceful about their personal style. In this way, he cut and pasted (figuratively, anyway) prints into new patterns and gave his models the moxie to pull off silk pajama jumpsuits during daytime hoursÄ in the winter. Those jewel-toned fancy patternsãincluding stripes, paisleys, and damask jacquardsãoriginated from Persian carpets and wallpapers and gave the collection a seasonless fluidity that was balanced with color-blocked shearling-paneled outerwear, lived-in sweaters, and extra-long evening coats. If the collection skewed more masculine than in recent seasons, it was also somehow more sensual. You could chalk this up to the stylingãjackets worn over nothing, and shirts left open down to thereãor quite simply the sexy slouch of a low-slung dressy sweatpant. Smith made a point of declaring this collection a personal favorite. It was quite the superlative for a lineup that could prove tough to remember a few seasons from now. But by then Smith will have likely moved on to his next nostalgic muse."
6318,"Paule Ka 's founder, Serge Cajfinger, hosted a select group of editors at his apartment today, and not because he hoped they would ogle his Seine-facing windows with a view to the Louvre. He wanted them to understand how his collection of contemporary art helped him paint this seasonês muse: a globe-trotting art advisor. Cajfinger purchased his Manuel M_rida rotating sand disc before Hermès spotlighted the Venezuelan artist's work in its Faubourg Saint-Honor_ windows in late 2012. While this factoid isn't germane to Paule Ka's hammered-effect satin coats, it does give you some indication that Cajfinger's interest in art predates its trendiness in fashion. He also smartly determined that art advisors project a more rarefied persona than entry-level gallerinas."
6319,"Pedro Lourenço didn't need to visit any of the Case Study Houses to know they would offer ample inspiration for his latest collection. He created a grid of reflective pieces atop silver lamé to convey light, and set a woodgrain-printed wool gabardine within the black crepe frame of a pencil skirt. Side-slit zippered leather skirts and a transformable leather coat (unzip it at the hips and it becomes a short jacket) came about from studying mid-century modern chairs. The risk with hewing so closely to architectural references is that the clothes can neglect human scale and end up in conceptual limbo. Looking at a zipper-trimmed strapless dress with tiered panels, there was a sense that Lourenço hadn't fully reconciled architectural proportions with feminine ones. He was, however, able to convey his vision without compromise on several fully reversible coats. And he did something beautiful with layers of barely-there tulle onto which he tacked rectangles of lamé. The allover sequin technique from last season reappeared atop a printed tortoiseshell neoprene base. As a total lookãcape, top, and slim pantsãthe slick simplicity showcased Lourenço's finessed workmanship.  Finally, the 23-year-old marked today's date along with two random times (23:43 and 14:08) in modernist black typography on a gold foil top. Using it as a time marker, were he to evaluate himself in five yearsãeons in fashion termsãhe would have every reason to remain proud of this collection, conceding only that he could have dialed down the lamé."
6320,"The lookbook for Peter Jensen 's latest collection was shot against a photo backdrop of the pool at the Beverly Hills Hotel. It was the same backdrop that featured in Terry O'Neill's image of his wife Faye Dunaway the morning after she won her Oscar for Network. That picture is the iconic summation of Dunaway's career, so naturally it had to be the launch pad for Jensen's collection dedicated to the actress. That's the kind of guy the designer isãdetail-oriented. Maniacally so."
6321,"The past few Peter Pilotto seasons have been forceful exercises in silhouette proposition, with one or two key shapes predominating. This time out, the Pilotto runway was all about varietyãboth in terms of the collection as a whole, and in terms of individual looks that were so visually and/or texturally dense they invited sensory overload. Case in point: The show-opening skirt and sweatshirt in a squishy mesh fabric, which featured two kinds of graphic embroidery and contrasting fur trim. The mesh and the fur were two ideas quickly dispensed with, but the embroidery was a recurring theme, as was the thick black border that designers Christopher De Vos and Peter Pilotto used to punctuate a good number of looks."
6322,"A good Peter Som collection tends to find the designer waging a battle, through clothes, between his instinct for buttoned-up-ness and his palpable desire to let a freak flag fly. That tension was very plain on the Som runway todayãindeed, you could even say it was the collection's overarching theme. As Som explained after the show, his silhouettes charted a progression from the structured look of the early sixties to the free-floating bohemian style of the seventies. There were strong pieces at both ends of that spectrum: a leather A-line miniskirt in two soft tones of orange, a broad-collared leopard-print pony-skin coat, the series of diaphanous floral print dresses and gowns that closed the show. The heart of the collection, though, was in Som's blurred printsã""roses, with some mystery,"" as he described them. A blocked dress of black and gray and construction cone orange that featured the print was a knockoutãit really captured the collection's spirit, of a person testing the experience of dropping the reins and hitting the gas pedal."
6323,"This isn't your ordinary fucking fashion show, I'm telling you right now, Rita Ora declared today at Philipp Plein before launching into her hit ""Facemelt."" The lyrics of that tune, ""I'm the kind of heat that will make the place meltÄ This the kind of beat that will make ya face melt,"" would take on greater meaning before the end of the night. But Ora's pronouncement rang true from the moment the invitation arrived, a huge brass buckle with a cow's skull in the center surrounded by the words ""Philipp Plein: Noir Cowboy."" Inside the Teatro Alcione, the designer installed a neon-lit gas station and parked an El Camino Classic underneath it. And that's not all: Plein hired none other than Naomi Campbell to open and close his show. Production levels and expenses of these kinds aren't actually new for Plein, who has booked Grace Jones and Iggy Azalea in seasons past. What was different this time around was the action on the runway. Working behind the scenes, stylist Carlyne Cerf de Dudzeele gave the proceedings a new sense of gloss. (Maybe her participation had something to do with the big-name models who stalked the catwalk as well.) In keeping with Plein's cowboy theme, there were studded black leather jeans, swaggering dusters with giant fox-fur lapels, and ankle-scraping ruffled skirts. Plein also had red-and-black tartan (prairie plaid ), which was a little less obvious but still fun. Borrowed-from-his-men's collection distressed and faded denim was the best of all when it came stomping out in flat studded boots. Plein had us until the back of the El Camino, mere feet from the front row, erupted in flames. Facemelt!"
6324,"The Philosophy girl got sexy this season. Long, lean, wearing a pair of killer over-the-knee boots and a second-skin knit, she did not seem in the mood to be coy. Still, even as Natalie Ratabesi hardened the Philosophy look up, she stayed true to its essentially romantic nature. The squared-off jackets and stovepipe pants were worn with bias-cut chiffon tunics that wafted behind the models as they walked. (There's been a whole lot of wafting going on in New York this season, but Philosophy is the brand with wafting chiffon in its DNA.) Elsewhere, the mood was sweetened by a passage of looks in pale blush, such as a nearly sheer merino knit worn with a skirt lightly dusted with silver sequins. The ghost of nineties-era Philosophy walked in that look. And Ratabesi conjured the spirit, too, in the speckled dévoré velvets and the fringed chiffon wrap-gowns that closed the show. The simplest of the latter were the bestãsome of the embellishment here came off a little nonspecific, frankly. But the finale look, a sheer black number with a touch of fringe, really offered a lesson in how that whole wafting thing should be done."
6325,"Phoebe English continues to impress. The neophyte London-based designer is evolving her brand only incrementally, and this season, like the last, felt more exploratory than finished and whole. But the ideas English is playing with are genuinely interesting, and with this collection, you can see her larger ambitions beginning to emerge. The thing about Englishãthe thing that makes her work surprising but that also limits her, for nowãis that she builds her collections from the materials up. This season, for instance, her standout pieces featured tickingãstriped upholstery fabricãdensely ruched and sewn together in bands. Elsewhere, English deftly draped latex and made arresting use of her signature tulle. But her textile sense puts her in danger of a kind of myopia. Even given an aesthetic preference for easy pieces and layered silhouettes, English's collections veer a little too close to shapelessness. More definition, some sharpness, is required to make this brand grow."
6326,"Ralph Lauren had a surprise for his guests this morning. Not hot cocoaãalthough that would have been a nice treat after slogging through Winter Storm Pax to his remote venue. The designer is launching a new Polo collection for women, and he introduced it on his runway today. The first twenty-five looks of the show were Polo label, and it was a diverse offering. After more than four decades in business, Lauren bridges worlds. There were serape blanket coats and distressed leather bombers, a pinstripe suit, athletic outerwear in acid hues, and even what looked like a nod to grunge in the tweedy tailoring he mixed with floral silk dresses and plaid scarves. All recognizably Lauren but with a casual, easy spirit that was unusual for the designer's fashion week runway. Leggings paired with patent Mary Janes and rag wool socks worn with platform sandals reinforced the idea that the new collection is aimed at a young crowd. The lights dimmed in between the show's first and second acts, but there was no mistaking Polo for the Ralph Lauren portion of this outing, which was as elegant as they come, and the designer's finest work in some time. Even his jogging pants looked refined. This wasn't a collection about loungewear, per seãmore than forty years of experience means Lauren can leave the trend-chasing to other designers. However, he did put an emphasis on the tactile pleasures that clothing as fine as his can produce, opting for a soothing monochrome palette of pastels and grays (not unlike at his Pre-Fall collection) and rich materials like cashmere, brushed suede, satin pongee, and Mongolian lamb. Who would say no to a cashmere wrap coat in winter white, with one side slung over the opposite shoulder just so? That easeful mood carried over from day to evening, where a snug turtleneck paired with a long jersey skirt slit all the way up one leg looked new for Lauren. Silk jersey also found its way onto gowns, although the best look was a little more formal. We'd love to see his pale pink lamé strapless evening dress at the Oscars next month."
6327,"Porsche has been designing products other than automobiles since the fifties, so while the clothing line bears the legendary sports car's name, it's not the sort of thing you find at a gear shop. In fact, Porsche Design is a luxury brand established in 1972 that sells watches, sunglasses, luggage, and more. For Fall, creative director Thomas Steinbrueckãwho was president of merchandising and design at Kenneth Cole New York before joining Porsche Design in 2011ãwas actually thinking a lot about the seventies. ""The collection was inspired by late-'70s alpine wear, but it was more about the mood,"" Steinbrueck said backstage after the show. ""We wanted it be retro-futuristic, not retro."" Steinbrueck was able to accomplish that aesthetic goal, building a 44-look collection for men and women that had a contemporary vibe nodding only slightly to the past. The women's looks in particular were nicely executed. The opening numberãa cropped navy felt jacket, paired with a navy turtleneck and a slightly A-line wool skirtãwas a winner, as was a low-cut dress in mustard felt that snapped together at the front. For men, a chunky-knit olive sweater worn with leather trousers stood out as being distinctive but not too flashy. (A quilted crew-neck sweatshirt in rust, on the other hand, might've gone one shade too far.) Steinbrueck's experience at Kenneth Cole suggests he'd be good with accessories, tooãthe chunky buckle boots for women had a definite appeal."
6328,"Before the Ports 1961 show got started tonight, Charlotte Rampling's distinctive voice came over the sound system. She was monologuing about shooting her first black-and-white nudes with the photographer Helmut Newton in the seventies. Talk about tantalizing material! It was a lot to live up to for this Italian sportswear label, but designer Fiona Cibani delivered one of her stronger collections. Rampling, no surprise, was her muse, and if you were looking for it, you could detect the ever so slightest nod to The Night Porter in the two sets of overalls, both worn with their bibs draped from the waist. Then again, maybe notãoveralls are trendy at the moment. Generally speaking, this was a story about military-influenced tailoring: black wool flared sailor pants and crisp white cotton shirts, a peacoat with a prodigious lamb's fur collar, a seductively cut leather trench, plate-buckle belts cinching almost every look. Providing a fluid counterpoint to all that rigor were pleated kilts slung from the hips. A long silk version in olive drab looked smart paired with a clingy, deep-V-neck tee featuring patch pockets on the chest. Cibani's real coup, however, was coming up with the sexiest dress of Milan fashion week so far. Cut from a silver and black crocodile jacquard, it wrapped closed with a double row of buttons like a peacoat, but with its hourglass curves there was nothing masculine about it."
6329,"So long, Marilyn Monroe. Goodbye, 1950s. Prabal Gurung is on a new trip, one that produced a more contemplative collection than the wiggle-fest that was last season (the streaker that photo-bombed Look 9 notwithstanding). His models glided past enormous brass gongs as they made their way through the venue. They wore scarves and pashmina wraps high around their necks, and the ankle straps on their heels jingled softly with tiny bells. Beforehand, Gurung said that his last trip home to Nepal got him thinking about the remote kingdom of Mustang, a Himalayan territory wedged between his own country and Tibet that was off-limits to outsiders until 1991. ""It's one of the last remaining Shangri-las."" The big surprise was the emphasis on sportswear. This is a guy who's famous for embellished red-carpet dresses, but chunky waffle-knit and cable sweaters were the tactile treasures of the show. For a signature touch, he paired them with wispy chiffon skirts that flashed a fair bit of thigh. Inspired by photographs of the red-clad villagers in the region, draping was the collection's leitmotif. Nothing earth-shattering about draping from this designer, but there was novelty in the fabrics he chose, like the tapestry-printed cotton satin that he wound into a shirtdress and the tweed and embroidered organza that became an asymmetrical evening top. Deconstructed and draped pantsuits that glanced backward at a memorable Nicolas Ghesquière-era Balenciaga collection were ambitious yet well executed. None but the last one, which exposed bare cutouts of skin, felt overwrought. Cocktail dresses pushed the idea of collaging further. Crimson, bordeaux, and black silks were spliced with a jacquard inspired by a Cecily Brown canvas with results that were louder and busier than Gurung intended. He ended with a trio of evening gowns layered over embroidered chiffon turtlenecks. Even in Mustang red, they struck a glamorously serene tone. Like the rest of the collection, they showcased Gurung's growing versatility."
6330,"A handout at the Prada presentation tonight equated a fashion show with a theatrical performance: characters, space, costumes, music, and lights creating an enveloping experience. The small, square invitation sealed the deal, summoning us to ""Act 2,"" the first act being the men's show in January, for which Miuccia Prada claimed inspiration from Germany's cultural avant-garde, in particular choreographer Pina Bausch, artist Joseph Beuys, and director Rainer Werner Fassbinder. Then, the set was a stark alternative-performance space š la Bausch, encased in felt š la Beuys, and the collection's impact was low-key and obtuse. Now, just over a month later, the set remained exactly the same, but Miuccia had honed the inspiration, focusing on Fassbinder, watching all his movies to the point where she was prepared to announce that she had drawn directly from the costumes in his 1972 film The Bitter Tears of Petra von Kant. ""Your culture is done by your past,"" she said. ""History is there for a reason.""  Miuccia and Fassbinder, who died in 1982, were more or less of the same generation and were shaped by the same social and political forces, so it was easy to see the appeal of the director for the designer. ""His humanity, his love of culture, his love of telling a story,"" she enthused. ""I had so much fun watching all those movies. They gave me a relationship with something less fancy, more dark."" That clarified her new collection's obsession with shearling. ""The opposite of rich,"" Miuccia called it, even though, given the volumes and extravagant shades she used, it was anything but poor. She laid it over sheer dresses, the tough and the delicate together, a longtime Prada obsession.  But there was another facet of Fassbinder's creativity that infiltrated this Prada collection to great effect. Petra von Kant connected Miuccia with an old Cecil B. DeMille version of Cleopatra, starring Claudette Colbert, which she became convinced had been a huge influence on Fassbinder. And that got her thinking about the continuities of creativity that run through culture (DeMille begetting Fassbinder begetting Almod""var, for instance). Staying in tune with the German avant-garde subtext for a minute, the strong 1920s/1930s strand in Miuccia's new designsãthe slink of sheer shifts, the Art Deco prints, the Deco-influenced silver tracery, the chevron necklines, the Metropolis wedge heelsãevoked the Weimar era, where avant-gardism exploded over ground. Dietrich's Lola in The Blue Angel was an icon of Weimar. Fassbinder updated her in his own 1982 movie, Lola. Tonight Barbara Sukowa, the star of that film, was performing live with strings, wind instruments, and the soundscapes of Frederic Sanchez. What was she singing? The songs of Kurt Weill, the genius composer of Weimar.  The perfect circularity of the whole presentation was an exact embodiment of Miuccia's own fascination with the way that ideas roll forward through the ages, finding new life and new modes of expression. Clothes as ambassadors for ideas? That is more than enough to be going on with as you flick through the racks in a Prada store next fall."
6331,"A Seattle-grunge mood with an Ali MacGraw attitude, was Justin Thornton and Thea Bregazzi's summary of their direction for Fall at Preen Line . ""Grunge is so dark and cult, so we wanted something romantic to contrast it with,"" Thornton said about the duo's secondary collection. ""Ali MacGrawãher effortless attitude and the way she combined a boyish style with delicate femininityãwas the perfect muse.""                           Given that the seventies tangentially inspired many grunge classics, it's not completely shocking that Thornton and Bregazzi were able to massage these two ideas together. The red buffalo-check tops and dresses, many made out of a dull satin, were digitally printed with tiny black flowers, offsetting the masculinity of the plaid. A satin shirtdress in green buffalo check was embroidered on the back with the words ""Music Is My Life: Rock & Roll Saved the World,"" surrounded by a rainbow of crewel flowers. But it was the dominant colorsãtrue red, blue, and green in particularãthat really defined the collection. Thornton said he and Bregazzi were inspired by Kurt Cobain's shirts. To be sure, one could easily drop the grunge god's red-and-black striped top and mossy green mohair cardigan into the lineup of patchwork rabbit-fur bombers and tiny floral-patchwork frocks, which served as a modern nod to Gunne Sax. But Cobain's styleãand grunge in generalãhad a murkiness about it. The idea of MacGraw's clean look made Preen Line's Fall effort so much clearer."
6332,"Certain things in life are polarizing. Mayonnaise, for instanceãsome people live for the stuff; others are convinced it's Satan's condiment, conceived and eaten in hell. Seeing a Star Wars character printed on erstwhile high-fashion clothes is a bit like that. Either you are dead keen on the idea of wearing a blouse with Darth Vader's face on it, as was seen here at Preen ( Star Wars characters turned up at Rodarte, too), or, like this reviewer, you think the whole thing is gimmicky and smacks of corporate bullying. As for the rest of the Preen collection? Well, there was quite a bit to like here: the frothy tesseract-print dresses, the parkas with gargantuan fur hoods, the looks in a cheering clementine hue, the lamé shirtdresses at the close of the show. Justin Thornton and Thea Bregazzi cut some very nice trousers this season, and their incorporation of trim, ribbed-knit skirts into looks made for an appealing silhouette proposition. On the other hand, that Darth Vader head kept showing up on the clothes, and if that wasn't your jam, then this collection would have a hard time winning you over, no matter its charms."
6333,"How does a brand on the verge of its 200th anniversary tell the world that it's two steps ahead? By experimenting with 3-D printing, of course. After seasons of holding presentations, Pringle of Scotland staged a series of intimate shows (at Savile House, the legendary gents' club) that marked a defining moment within the brand and beyond. Massimo Nicosia used his sophomore turn as head designer to push research and development in fabric innovation. Mainly this involved recruiting architect and ""material scientist"" Richard Beckett, who applied engineering principles to twinsets and melton coats. Together he and Nicosia produced next-level knitwear. But to compare the hand-feel of cashmere and micro-cut powdered nylon is like comparing a sheep to a Bearbrick: plush versus pliant. To see them integrated seamlessly into a roll-neck sweaterãthe former in Pringle's classic cable, the latter as slender horizontal slats or Lilliputian diamonds (wink, wink: Pringle heritage)ãwas to witness textile engineering at its best. Looks that were not the product of hybridized workmanship deserve kudos as well; in particular, the implicit luxury of a collarless evening coat in knitted mink with a placket of matte sequins. Then there was the deceptively simple raglan sweater that transitioned from delicate netting around the d_colletage to denser ribbing everywhere elseãan ombré effect in knit. But back to the 3-D printing, because this was, after all, the newsiest (and the newest) part of the show: A pullover adorned with synthetic scales, and a tank dress with an under-hem of tiny structures resembling a whale's baleen plate elevated Pringle basics to anthropomorphic territory. Still, these developments didn't play out as a mutant invasion of the host brand; Nicosia clearly respects the DNA too much. And by keeping his shapes easy and elegant, he reduced the risk of over-conceptualizing what must remain, through the next season and the next decade, wearable clothes."
6334,"Work it, Missy Elliott rapped on Michel Gaubert's soundtrack. It was a fitting song on at least a couple of levels. For one, Jack McCollough and Lazaro Hernandez appeared to have taken direct inspiration from building insulation for their substantial jacquards and rich, multilayered prints. Their invitations wedged insulation foam between two cardboard rectangles. For another, the Proenza Schouler boys were just plain working it tonight. Those spongy jacquards naturally led to sculptural shapes, and their jackets were cut with generous couture volumes: rounded shoulders, full sleeves, hourglass waist, and flaring hips. Ambitious, grown-up stuff. And perhaps a bit risky, as well. Last season, some of their materials felt a bit stiff. Crucially, here they paired their jackets with simple below-the-knee skirts or tapering trousers and flat lug-sole shoes to keep the look young and modern, and on-brand. ""It's about energy, humor, and speed,"" Hernandez said amid the backstage crush. ""We didn't overthink it; we said, 'Let's have fun.'"" Building materials didn't come up, but they did mention that an installation of ceramist Ron Nagle's work at the Venice Biennale was an inspiration point. ""It got us on this whole trip,"" they added. ""Trippy"" isn't a bad word for a look that combined a crackle-print jacket in orange and black, a speckle-print tunic in acid yellow, and a peachy psychedelic wood-grain miniskirt. Dresses were put together like puzzles from geometric slices of leather and solid and printed wool crepe. Much of New York has gone subdued; monochrome has ruled this week. But not at Proenza Schouler. Molded leather motocross jackets were the rare pieces that didn't have patterns of one kind or another on them. True, some of the other fabrics will require modification before they hit the sales floor; only a Proenza fan will go for those insulation jacquards. But there was an enlivening sense of experimentation and play here, not to mention a singular point of view. Nearing the end of a long week of shows, it was exactly the jolt we all were waiting for."
6335,"Somebody up there likes Dao-Yi Chow and Maxwell Osborne. The latest oil in their unstoppable engine is a $300,000 contribution from the CFDA/ Vogue Fashion Fund. It's kind of ironic that the two who value their anonymity to the point where they gave their label the resolutely faceless name Public School should now be spotlight kids, but the statement they're making is confident and distinctive enough in its New York context that it was probably inevitable they would become such hometown heroes. Public School is the locus of a scene, and if the reaction to today's show was any indication, it's a scene that a lot of people want to be part of.  Which means it was a very clever move on Dao and Max's part to widen their repertoire with womenswear. It was easy, they said. They didn't want to create a girlfriend for the Public School boy. What they had in mind was a tomboy counterpart. So the same big ideas were tweaked for men and women: a herringbone topcoat, say, or a quilted jacket with a shearling hood. The multilayered tailoring that is a PS signature was applied to both genders. So were the capes and broad-brimmed hatsãnot Pilgrim Fathers and Mothers, Dao insisted, but New Pioneers.  It was a romantic notion, despite the designers' insistence that the relationship between their boys and girls was purely platonic. And it wasn't the only touch of poetry in the collection. New York City is their muse, and a motocross jacket cut from tweed, a pair of track pants in ombré-ed houndstooth, and a parka in a mossy, glossy twill were all strikingly sartorial revisions of urban classics. But PS's secret weapon in this collection might have been the Japanese influence: the kimono closing on a suit jacket, for instance, or the cape layered over a tunic over a white cotton shirt dress like a Tokyo Super-Schoolgirl. The harnesses, the holstersÄthe styling and attitude smacked of Japanese cult favorites like Visvim and White Mountaineering. In the grand scheme of things, that's excellent company for Public School to be keeping."
6336,"There's a personal narrative behind each of Rachel Antonoff 's idiosyncratic collections and their creative, correlating videos. This season, the spunky designer referenced one of her favorite novels, Marijane Meaker's 1972 queer coming-of-age classic, Shockproof Sydney Skate . Antonoff paid tribute to the book's female protagonist, whose pockets and handbags are always full of matchbooks, with a scratchy matchbook plaid found on casual cotton separates, and a pair of brushed-wool overalls featuring ""No Smoking"" embroidery. Other playful touches included a dashed-off tic-tac-toe motif that turned up on feminine silk wrap dresses and the lining of vibrant wrap coats, as well as an illustrated print depicting a cast of eccentric ladies, which ties into the Fall film. In the short flick, Antonoff portrays a group of oddball women getting readyãeach in her own peculiar wayãfor a night out. It's a celebration of their various primping routines and such ""mundane secrets"" as draping stray hairs over house plants to interpretive dancing. All of the preparation leads up to the characters playing in an orchestra led by renowned contemporary artist Laurie Simmons. In general, there's an offbeat humor about everything Antonoff does. Her novelty items may have the most immediate appeal, but the rest of the retro-preppy range shouldn't be overlooked. Other highlights from the new lineup included color-blocked miniskirts, trompe l'oeil knits, and schoolgirl jackets. Antonoff also whipped up several nice trouser styles; one pair was pleated with ultrawide legs, while another fit like sweatpants with an elastic waistband. With the latter, Antonoff wanted to address ""how to feel your absolute most comfortable and still be presentable enough to leave your house."" Surely, her customers will appreciate that emphasis on ease."
6337,"A few seasons back, when we were seeing a lot of pajamas on the runway and slippers in the front row, my favorite wisecrack was that for fashion people, it seemed, nothing was more aspirational than sleep. ""We're exhausted!"" I'd say. ""We just want to go to bed!"" Well, another fashion week is upon us, and you know what? We're still exhausted. Rachel Comey gets that: Once again this season, Comey decided against a traditional runway show, in favor of kicking off fashion week with a convivial dinner-cum-presentation, the kind of thing where you can sit back a while, down too much wine, and talk to your tablemates about stuff other than fashion. And Comey's collection, too, evinced the theme of rest and reposeãlots of quilting and cozy textures, dropped shoulders, blanket coats, and matching shirt/pant ensembles that had the feel, if not the look, of sleepwear. The most elegant of these was an outfit made of a black and pink matelass_, just the thing for a cocktail party or staying home to watch True Detective . Other key looks were more formalãa tent dress in a fantastic collage print or a slipdress in an illustrated print, lightly embellished with jet beads. But even these pieces had a sense of ease. You heard it here first, kids: Relaxation is the new black."
6338,"Since we last checked in with Rachel Roy , the designer has relocated her family to Los Angeles. ""What, really, do we have to do other than what's right for ourselves "" she posed at a preview in her New York studio. In a way, the West Coast move has given Roy a fresh outlook on her business, which just turned ten years old. Her message for Fall was ""to make looking feminine-but-cool as simple as possible,"" she said. With this in mind, Roy offered several dresses that gave the impression of layered separates. For example, the fifth look appeared to be a lace slip worn underneath a floral V-neck top and slim navy pencil skirt; in fact, it was just one piece, just one decision for her customer to make instead of several. Throughout the lineup, Roy collaged together materials such as printed silk and delicate Chantilly on high-slit skirts, or Lurex-flecked tweed with iridescent jacquard on novelty suits. At times, the result felt a bit overwrought (the addition of metallic leather details didn't help). Still, the handful of head-to-toe Venetian red looks here was nothing short of striking, and a gray wool topper was a nice fusion of the classic peacoat and a tough bomber jacket."
6339,"Rachel Zoe canceled her New York fashion week show in February to spend time with her newborn son and promote her new book, Living in Style . Taking a step back worked out for the celebrity stylist-cum-designer, whose new lineup felt more focused than those of seasons past. Zoe has a long-standing affinity for the glamour of the seventies, but this time around she went for a swinging sixties vibe, which tapped into one of Fall's major trends. ""I've said it before: I don't think that my love for French ingenues of that era is ever going to change. It's how you express that and make it new and modern,"" Zoe said during a phone interview. She made references to the youthquake era with boxy jumpers and pleated miniskirts that looked fresh teamed with pointy oxford flats. Clean shift dresses were updated in a variety of novelty fabrications, including a slightly frayed tweed accented with delicate metallic chains, while classic bateau stripes were tweaked with graphic matte sequins. While there was nary a flared pantsuit in sight, Zoe managed to incorporate plenty of her signature tailoring throughout the collection. Among the highlights were a pair of pleated, wide-legged leather pants, as well as a houndstooth blazer shown with matching suspender trousers, and a menswear-inspired peacoat that popped in an electric ""peacock"" shade of blue. Still, Zoe couldn't resist addressing the bohemian side of the sixties, so she also included lace baby dolls, groovy fringe tops, and brown suede bell-bottoms. They diluted the collection's message a bit but should still appeal to her customer. All in all, this was a big improvement for Zoe."
6340,"Paint-spattered denim. Cargo pants. Lumberjack check, name-embroidered mechanics' jackets, and pinstripe tailoring. And Cosby sweaters? At first, it was difficult to discern the through line in the new Rag & Bone collection. Indeed, speaking backstage before today's show, Marcus Wainwright and David Neville themselves acknowledged that this season's outing was ""a mix of a lot of things,"" and that was 100 percent true. And then, as the show settled in your mind, it hit you: This was a paean to the working man! Not just the working-class man, although his presence was keenly felt in those name-embroidered jackets, like the ones sported by Jourdan Dunn and Georgia May Jagger. But also the soldier, and the man of the land. Even the grandees in their pinstripe, heading to their shiny office towers, even they got a look-see, and so too the late-eighties, tracksuit-wearing, dole-collecting Madchester lad, who would have gone to work in the factory, if the factory hadn't shut down. Paycheck men, all of them. Moreover, Wainwright and Neville's egalitarian vision was large enough to include a wisecracking obstetrician with a large, happy family who worked out of his Brooklyn brownstone. The squiggly ""Cosby"" knits were a standout hereãa collaboration with Coogi, the Australian brand that made the original versions back in the eighties. The feral hand-knit jackets were another highlight, albeit one rather difficult to connect back to the theme. But then, who cares? Consistency is a virtue much overpraised, and that ""working man"" hypothesis is probably rubbish. This was a collection that was more about great pieces than any ambitious conceptual or aesthetic proposition. Mohair check hoodie? Want. Baggy cream-colored jeans paint-spattered by hand? Need. Baggy knee-high boots in red? Have to have. And that whole Joan Smalls look, head to toe. Start saving your pennies, working girls. There was a mix of a lot of things here you're going to want to buy."
6341,"Ralph Lauren had a surprise for his guests this morning. Not hot cocoaãalthough that would have been a nice treat after slogging through Winter Storm Pax to his remote venue. The designer is launching a new Polo collection for women, and he introduced it on his runway today. The first twenty-five looks of the show were Polo label, and it was a diverse offering. After more than four decades in business, Lauren bridges worlds. There were serape blanket coats and distressed leather bombers, a pinstripe suit, athletic outerwear in acid hues, and even what looked like a nod to grunge in the tweedy tailoring he mixed with floral silk dresses and plaid scarves. All recognizably Lauren but with a casual, easy spirit that was unusual for the designer's fashion week runway. Leggings paired with patent Mary Janes and rag wool socks worn with platform sandals reinforced the idea that the new collection is aimed at a young crowd. The lights dimmed in between the show's first and second acts, but there was no mistaking Polo for the Ralph Lauren portion of this outing, which was as elegant as they come, and the designer's finest work in some time. Even his jogging pants looked refined. This wasn't a collection about loungewear, per seãmore than forty years of experience means Lauren can leave the trend-chasing to other designers. However, he did put an emphasis on the tactile pleasures that clothing as fine as his can produce, opting for a soothing monochrome palette of pastels and grays (not unlike at his Pre-Fall collection) and rich materials like cashmere, brushed suede, satin pongee, and Mongolian lamb. Who would say no to a cashmere wrap coat in winter white, with one side slung over the opposite shoulder just so? That easeful mood carried over from day to evening, where a snug turtleneck paired with a long jersey skirt slit all the way up one leg looked new for Lauren. Silk jersey also found its way onto gowns, although the best look was a little more formal. We'd love to see his pale pink lamé strapless evening dress at the Oscars next month."
6342,"Ralph Rucci has listened to the voices: You show too many outfits, you're confusing people, you must edit. So he did, offering up a Fall collection that was pared down and streamlined in a way that would have been unthinkable for Rucci even a year ago. His talent and technique are so protean that it may have seemed tantamount to insisting that Beethoven write not a symphony but an advertising jingle, except that here, the discipline worked wonders for Rucci. Not that he isn't already the most disciplined of designers, but that doesn't always translate in a world that wants the top story in point form. Which has meant that there have been times when Rucci hasãfor his ardent boosters, at leastãseemed heartbreakingly out of sync. (He surely sympathizes with how Cristobal Balenciaga felt as the modern world grimly turned.)  No more. The trim angularity of Rucci's new collection was an effective engagement with a fashion culture that sees the likes of Raf Simons and Karl Lagerfeld working on ways to turn the purity of couture into a more quotidian affair. Maybe that meant you had to picture footwear slightly more athletic than Manolo Blahnik's fetish boots paired with Rucci's outfits, but once you took that leap, the sporty energy of his outfits asserted itself. His articulated seaming was the clearest expression of that. He used to call it Frankenstein stitching because it looked like the fabric was scarred. Still does, except today Rucci was talking about the patterns created by crop circles. Definitely something for the next dinner party.  There's always a major caveat with any discussion of Rucci's integration into the here and now: We're not talking jersey here. His collection was, as ever, an exercise in spectacular fabrication. But he was canny enough to defuse deluxe with unexpected interventions. It seemed safe to assume the intricately quilted coatdress that opened the show was exquisite napa. Wrong. It was vinyl. And color played a big part in tipping the collection toward something odder, more modern. Black was the foundation, but the accent shades were extraordinary: a sick green (""artichoke,"" Rucci called it), a flaring red, burgundy, lavender, persimmon.  Nothing made the editor's eye more obvious than the show's dial-down on evening, once upon a time an opportunity for Rucci to go hell-bent for gazar. Yes, gazar made a guest appearance, a huge hand-painted swathe of it, attached to a simple black velvet tank. But that gown's predecessor on the catwalk crystallized the designer's ability to infuse convention with peculiarity. It was an extraordinary column of chiffon and paillettes, colored a scorched rust. Now that was a real aftermath of a dress."
6343,"If I don't feel like sleeping in it, it normally doesn't make it into the collection. So spake Raquel Allegra about the ethos that's earned her a staunch following of women who like their luxury with a side of slouchy bohemia. Fall saw Allegra playing more to the gypset elements of her design DNA, taking a few generous steps back from the deconstruction and distressing she's known for, and upping the ante where pattern and material are concerned. The shapes on offer were still simple ones (collarless shirts, straight-legged baggy trousers, and flowing jersey T-shirt dresses) but with plenty of flair. A basic fitted maxi dress in jersey found new life thanks to a pulsating tie-dye print that carved out a sort of bombshell-does-Berkeley hourglass figure, an anomaly in Allegra's universe of the boxy and the billowy. This sense of play seemed to mark the bulk of the collection. While the use of destroyed fabrics was scaled back, they still got an homage in the form of a new print, created using a photograph of the designer's signature cobwebby slashes and laddering. Cashmere pullovers felt almost literally electric, blasted as they were with a kinetic allover tie-dye. But perhaps the real star was Allegra's ""pajama dressing"" take on suiting, an area on which she seems to be training her sights more with each new collectionãto praiseworthy results. These latest forays, particularly faded striped drawstring pants that made for a mean combo alongside a buttery leather popover, felt sophisticated, easy, and even a bit debauched. The sort of clothes that could be easily shoved into a weekender bag for a last-minute jauntãjust plain cool . And, of course, eminently sleep-able."
6344,"Instead of working around a complicated concept like she has in recent seasons (Spring channeled strong Latin American women, and her previous outing transported us to outer space), Rebecca Minkoff kept things relatively simple this time around, riffing on a quintessential girl-meets-boy theme. Nixing the elaborate narrative was a smart decision, considering the designer's contemporary customers aren't generally coming to her for fiesta wares or astronaut suits. What Minkoff's fans really want are cool, fashion-forward clothes and accessories to wear on an everyday basis, which is exactly what she delivered for Fall. ""It's about taking menswear-inspired silhouettes and translating them into feminine colors and silhouettes,"" Minkoff said backstage. Classic wool Crombie coats and faux fur toppers were shown with feminine, printed silk dresses underneath. Elsewhere, Minkoff added a bit of flash to the mix with gold lamé button-ups and relaxed trousers, which nicely offset the mannish, Oxford stripe pieces they were paired with. This modern contrast was also evident in the carefully considered color palette. Petal pink was teamed with oxblood, and bright teal complemented navy. Minkoff doubled up on accessories, styling several noteworthy looks with not one but two chain-link purses. She also made an argument for belt bags: ""If a backpack can make a comeback, fanny packs can too."""
6345,"Rebecca Taylor found her Fall '14 inspiration during a trip to Paris last autumn. ""I love this French graffiti artist, Philippe Baudelocque, and when I was in town I had the good fortune of coming across one of his pieces,"" said the designer backstage. Baudelocque's worksãgiant black-and-white drawings of animals that fuse a myriad of textures and printsãare done entirely in chalk, and it was their impermanence that really got Taylor thinking. ""When it rains, they just wash away, which is quite a lot like fashion,"" she mused. ""We do these shows, but you can't get too caught up in it all, because you've got to move on to the next one."" Still, Taylor needn't forget about her airy Fall outing too quickly, as it was filled with strong, feminine staples that will remain in wardrobes for seasons to come. ""Slouchy, modern, cool,"" was what Taylor promised, and she delivered. Trousers were baggy (though, in some instances, she should have made them a bit more relaxed). Sweaters were fuzzy and boxy (an icy blue turtleneck worn over a double-layer white chiffon top stood out), and a hooded wool popover, shown with an unremarkable chiffon shift, boasted a sporty luxury that felt right on trend. Outerwear, however, was what really shined here. Vests with buckled shearling turtlenecks, leather trim, and zip details were super-slick, but the wool cocoon coats were Taylor's pride and joy. A short version in storm grayãpaired with a baby blue chain-embellished sweater and crackled leather skinniesãwas cut with a lovely bubble-shaped back. Meanwhile, a violet mid-length iteration was shown atop an extra-long, asymmetrical black sweater and barely visible mesh skirt. The trio of lengths was styling perfection. Less alluring were Taylor's flouncy dresses: They didn't quite stand up against her knockout coats and separates. Nineties goth-style mesh was used to varying degrees of effectiveness (peeks of it were fun, but whole tops or bodices made of the stuff looked overzealous), and a black-and-pink kaleidoscope print seemed a touch drab. Even so, this collection was packed with wearable, enduring options for the tough-edged but still ladylike Rebecca Taylor woman."
6346,"Each Red Valentino collection addresses a different fairy tale, and it's clear that Fall was inspired by Snow White. Marine Deleeuw played the lead role in the latest lookbook, shot against a Lichtenstein-esque Pop Art backdrop, modeling whimsical clutches that read ""Once Upon a Time"" or ""The Fairest of Them All."" There were also sweet frocks splashed with the Disney character's visage and intarsia knits featuring allover hearts or the fable's poisoned apple. While the finished result was indeed cutesy (and occasionally a tad costume-ish), designers Maria Grazia Chiuri and Pierpaolo Piccioli viewed the narrative mostly as a jumping-off point. ""We didn't want the story to stay in a childish territory, but to take the dreamy idea in a direction that's younger, more street, and a bit rock 'n' roll,"" they explained during a phone interview, so there were plenty of modern incarnations of Snow White here. For example, she looked cool in a clear PVC trench, and had a bit of a grunge edge in a leather biker jacket, long jacquard skirt, and flat oxfords. Meanwhile, there were also plenty of functional pieces such as bright puffer coats, denim rompers, and plaid mohair bombers that were sidewalk-ready. And despite the cartoony delivery (you can't really blame the designers for going all-out on a fun theme like this), the lineup ultimately had plenty of real-world appeal, too."
6347,"Today was Reed Krakoff 's first show since buying his business from Coach, where he worked for more than a decade, turning it into a billion-dollar brand. It was a new beginning of sorts, and not surprisingly he made some changes, hiring another stylist and reconsidering his approach to his show. ""It's a different kind of collection,"" he said beforehand. ""I started with the idea of seasonlessnessãnobody dresses that way anymore anyway. It's not a super-linear, one-shoe, one-hemline message."" Looking back, last season felt a bit listless with its noncolor colors and ethereal fabrics. This show had more going for it. Color, for startersãthe ultraviolet of a long wool cashmere vest and the solar yellow of a strapless dress were fairly electricãbut also pattern and texture. Krakoff has made something of a signature of python (the real kind and the print), and he revisited it effectively here, draping a couple of longish wrap skirts in the stuff, and paneling the front of a V-neck sweater with it. Knits are definitely a strong suit. A chunky ribbed cardigan with shearling patches on the sleeves will be a popular item. The news was in a dress collaged from graphic lacquered lace and a polka-dot print that he said was inspired by an Alexander Liberman painting. Whimsy doesn't necessarily come naturally to Krakoff, but the dress looked believable underneath a sleeveless cashmere coat with an astrakhan collar. You wished that he'd expended a little more energy on honest-to-goodness, stand-up-to-the-polar-vortex outerwear. But if that was a missed opportunity, a shrunken shearling bomber did look good. High marks, too, for a pantsuit in charcoal brushed-wool jersey. The cut was great, and the fact that it was jersey means the comfort factor will be sky-high."
6348,"Reem Acra 's Fall 2014 collection was a tough one to pin down, but maybe cohesiveness is overrated for a designer whose strongest pieces are made to stand alone on the red carpet. In that department, there were plenty of gowns from which to choose, including a stunning champagne-colored panne velvet version that closely resembled Acra's body-skimming halter dress that Robin Wright recently wore to the Golden Globes. (That gown was a far better use for the velvet than a floppy short-sleeve jacket that swallowed up its wearer.) Beading was prevalent, often in the form of thick cherry-blossom branches extending over one shoulder of a dress or cardigan. Those beaded cardigans were always shown buttoned up, which gave them a very fifties feel when paired with A-line skirts that covered the knee. In some cases, the matching cardigan-and-skirt setsãwhich were shown in black, violet, and shell pinkãhad more contemporary embellishments. An hourglass of black sequins that extended over the sweater and skirt of a pink set had a trompe l'oeil effect, like a black strapless dress worn on top of a modest nude outfit, but it was difficult to discern if that was intentionally tongue in cheek. Elsewhere, a few pieces were entirely covered in black iridescent feathers, to almost costumelike effect, while a metallic wool cape and cloaklike wool coat were beautifully understated. Two fire engine-red gowns of thick rococo embroidery over sheer base layers left little room for interpretation, however. They looked Pantone-matched to the red carpet."
6349,"Rie Yamagata emphasizes wearability above all with her relatively straightforward collections, but introduces elements of her own quirky personality with thoughtful details that make the clothes feel special. At a Fall preview, the Rhié designer explained that this season was partially inspired by fragmented memories from her formative middle school years spent in California. A flashback to the shiny bathroom from her childhood home, for example, steered Yamagata toward a python-embossed lamé that she featured on a pleated midi skirt as well as a crafty pullover that mixed together a variety of materials. But those two silver items were about as flashy as this lineup got. Elsewhere, Yamagata focused on honing her tailoring skills, which was evident in relaxed, double-breasted suits and jumpsuits, as well as a variety of menswear-inspired topcoats (that will retail for less than $1,000), including a standout style in bright grass green. As usual, there were subtle references to school uniforms, with preppy plaid pieces and crisp shirting dresses. All in all, this well-considered range should appeal to girls both buttoned-down and eccentric."
6350,"Texture. It was impossible to miss the big story at this morning's Richard Chai Love show, which amounted to a fairly natty study of the tactile effects of clothes. What made Chai's take on texture compelling was that he put some focus on its visual impactãfor example, the way fuzzy mohair or Miyake-esque pleats could blur a print. More generally, in both his men's and women's looks, Chai used materials with a bit of crinkle or nubbiness to them to introduce a note of pliancy to otherwise fastidious clothes. This was an especially key strategy in the menswear, which saw the designer continuing to emphasize sharp, orderly shapes. There was more of a sense of ease than in the past couple of seasons, thoughãparticularly in the case of the trousers. Meanwhile, there were secondary themes here. One was stripes, and Chai made a convincing case for wearing bold, vertical stripes top to bottom. In his hands, the effect was remarkably subdued. The other notable theme was leather, witnessed widely in this collection courtesy of a collaboration with Andrew Marc. Chai's instinct for discipline serves him well in the cutting of shearling outerwear: All these coats and jackets looked neat, neat, neat. And all the more desirable for that. Whereas this collection was at its weakest when it seemed to abandon that neatness instinct altogether. Too many of the women's looks were wrapped and patchworked in ways that felt nonspecific and, well, messy. A plaid mohair coat was a better expression of Chai's effort to loosen things upãthe effect was relaxed, robelike even, but you understood that the effect was created thanks to many, many, highly conscious subtle gestures. And isn't that always the way?"
6351,"After his show today, Richard Nicoll said he'd been looking at the photographs of Edward Steichen, from the twenties and thirties. Those images captured for all time the languid, drop-waisted elegance of Steichen's muse Marion Moorhouse. Fertile soil in which to plant the seeds of a new collection, and Nicoll went there with fluttery tea dresses and long, straight shifts. But he seemed equally entranced by someone much younger: The short, box-pleated skirts, shirttails, capes, culottes, and loafers suggested the uniform of a girl who was still in school (albeit one whose parka hood was lined in blue mink). Nicoll has always been fascinated by duality: woman/girl, feminine/masculine, uptight/wild. They were all on show today. So was a little dialogue between sober and extravagant. The way, for instance, a skirt would be all mink or tinselly Lurex in the front and perfectly plain in back, or a windowpane-check skirt would be paired with a lamé blouse. Nicoll doesn't work with print, so he said he'd upped the visual element with jacquards. A handful of pieces in beaten gold closed the show. Perhaps the designer felt it was too easy to revisit the spectacular organza ruffles that made up the finale of his men's show in January. They were sublimated in the tight little rosettes that Nicoll used as decoration. Too bad. It would have been fun to see those ruffles again. Their levity was missed. Still, the collection reinforced Nicoll's mastery of color (he looks good in blue) and his knack for tailoring a mean man-styled jacket and coat."
6352,"Starting with his last men's show, Rick Owens resolved to move away from the theatrical presentations that had come to dominate Rickworld. A change of heart brought a change of venue. Psychodrama surrendered to intimacy. The setting sun gilded the Eiffel Tower through the huge windows of the Théâtre National de Chaillot today while the extended Owens ""family"" walked in a collection of clothes as simple andãLord, save usãsweet as the designer has ever shown. It was too banal to define the collection as commercial. Way beyond that, it was about connection. Rick's ""relatives"" were the women who have played a part in his life over the yearsãas friends, as employees, as models. Many of them now have their own families. Owens underlined a sense of continuity by having them walk more than once in the show wearing the same outfit. Confusing for the audience, until they grasped that this was a real circle of real lives. The night before the show, Owens sent a reassuring message to his models, something along the lines of, ""Try and enjoy the serene benevolence of presenting a story of love."" As he said today, ""I'm getting all New Agey in my own, abstract, do-it-yourself way."" Maybe that's why the soundtrack was a muted variant on the abrasive thud that usually propels an Owens show forward. But the shift in sensibility also shaped the clothes as a benevolent embraceãcocooning capes; quilting; soft, plush fabrics; poncho tops; and those comfy onesies that cropped up in the men's collection. It's an extraordinary turn of events to think of a Rick Owens show promoting family values, but here they were: love, protection, communication. And, overall: the tribe, the shared sense of unity that has been integral to the Owens ethos over the years. It was that tribal idea that added spine to the show. Every tribe has warriors. Here, they wore croc-printed shifts, motocross leather pants, and armlets like superpower bracelets. Kirsten Owen's headgear might have been an air-conditioning ductÄor a high priestess' ceremonial topper. It was a peculiar vision of matriarchy, but it illuminated the future world that the great-grandchildren of the Owens family will populate."
6353,"The unlikely muse for the Roberto Cavalli show today was Lee Miller, the beautiful American photographer who seduced le tout Paris at the end of the 1920s. It was more the style of the period than the style of the person that the collection drew on. There were evening gowns that were beaded Art Deco columns. A tweed coat with a huge fox collar had a touch of Zelda about it. And drop-waist dresses that dissolved into fringe recalled a flapper, which Miller most definitely wasn't. So maybe Cavalli recognized something in her character that turned him on. There was preshow talk about a woman who embraces her masculine side by dayãin tweed and leather, in military or equestrian or bike-inflected clothesãand who, at night, becomes a seducer, a conqueror of men. But isn't that always the way with the Cavalli woman? Maybe that's become a problem. It's too much to expect the shock of the new from such a label, but some of the greatest Cavalli moments of the past few years have come about when the designer gave the formula a shakeãand that was usually when he gave his femme fatale the night off. Here, she was in full, blazing effect, parading round a ring of fire that blossomed threateningly as the show wore on. Cavalli wove the flames into jacquards, tipped fur with them, sent them licking up a skirt in black duchesse. It was a feat of workmanship, no doubt about it, but it was furiously overwrought, like some crazy operatic Sturm und Drang. And it tipped the clothes toward costume. Perhaps it was that Wagnerian ring of fire that made the whole show feel like a Vegas revue. Once that train of thought left the station, all the dazzling workmanship in the world couldn't bring it back."
6354,"Marco Zanini made a big enough success of Rochas that he landed the Schiaparelli gig; he's designing couture for that revival brand now. Alessandro Dell'Acqua, the designer of the Milan label No. 21, was hired to fill Zanini's shoes at Rochas. He made his runway debut today with mixed success. Backstage, Dell'Acqua talked about the brand's DNA. ""Rochas is very French,"" he said. But as a house known primarily for its fragrances, it doesn't have well-known codes the way, say, Dior does. The codes Dell'Acqua was elaborating on looked very much like his predecessor's. There were strong connections between Zanini's recent collections and Dell'Acqua's first, both in terms of silhouette (full, voluminous) and materials (velvets and brocades). Zanini, however, had a much lighter hand. Dell'Acqua layered two winter coats on top of each other over wool dresses, accessorized many of the looks with heavy peplums, and misjudged the charm of patent leather. It was so rigid that one skirt made from the stuff looked like it could sashay its own way down the catwalk. Dense encrustations of crystals didn't do anything to lighten the overall impression. Dell'Acqua's instincts were better when it came to fabrics. There were a couple of truly lovely velvets. He also had a bit of on-trend fun with bat jacquards that he explained were inspired by vintage Rochas sunglasses. That said, he'll have to do some reassessingãand learn how to restrain his tendencies toward excessãbefore he begins work on the next collection."
6355,"What makes a good Rodarte collection? The best of them tend to work like Cornell boxes, inviting you to enter into a private, handmade dreamworld, the beauty of which you can access, even if the dream itself remains obscure. The accessibility is key, though: Laura and Kate Mulleavy have proven themselves to be designers who require some tethering. Happily, the latest Rodarte collection had all the makings of excellence, finding the Mulleavys once again scavenging through their shared landscape of memory and translating that raw material into appealing, realistic clothes, albeit ones with an otherworldly aspect.  Take, for example, the smocked dresses that appeared early at today's show. The smocking unavoidably connoted childhoodãis there a woman who doesn't recall having a smocked special-occasion dress as a girl ãbut the Mulleavys deployed the technique in a variety of grown-up silhouettes. The crochet on various tops was used to similar ends, and though the look ran to the quirky, it was brought down to earth when paired with matter-of-fact pieces like this collection's turtlenecks, peplum tanks, and paper-bag-waist pants. The standout looks here, meanwhile, managed to strike both a practical and a fanciful tone at once: These, of course, were the glitter-covered parkas, sturdy-looking things with shearling collars and so much sparkle . A certain kind of girl is going to save all her pennies for one of those coats, and wear it until all the glitter has worn off, years hence. And she may pine, as well, for the gold-spattered gowns made from wrapped swathes of black chiffon and velvet, the best-looking eveningwear the Mulleavys have produced in some time.  There were some looks here that didn't convince. Some of the patchwork gowns, for instance, seemed pretty de trop. And with all due respect to fans of Star Wars (for they are legion), the use of giant Luke Skywalker and R2-D2 prints in the final passage of gowns just seemed silly. On the other hand, those gowns made for great Instagram bait, which may have been the point. Laura and Kate Mulleavy may occupy a universe unto themselves, but they're not na´fs, and certainly no dummies."
6356,"Sex ! Admit it, that got your attention. How could it not? Sexãthe word, the concept, the possibility of having some, soonãtriggers our animal reflexes and activates our most complex individual longings. We all have the same sex, pretty much, and we all have it differently. Everyone's desire is unique. That idea of sexual subjectivity was the one animating Carin Rodebjer's new collection, a wearable riff on Rita Mae Brown's writing on sex and sensuality. In Rodebjer 's hands, ""sexy"" didn't mean a skintight bandage dress; it meant, say, a slouchy suit draped off the body, or a slinky silk robe with cherry-patterned embroidery, or crisp, quality shirting sized to suggest a woman trying on her boyfriend's button-down. A wink of sheerness here, a touch of feral hand-knit there. A variety of erotic flavors. Of course, one didn't have to know that sexã sex !ãwas a key reference to get the appeal of many of the strongest looks here: To wit, the blue patchwork culottes, made from recycled fabric, or the faux fur gilet, or the reversible striped blanket coats. Elsewhere, however, the sexy came through loud and clear. When Lindsey Wixson closed the show in one of the Rodebjer slouchy suits, there wasn't any need to read between the lines."
6357,"Another collection from Roksanda Ilincic , another modern-art primer. This time, the designer name-checked Jessica Stockholder and Mel Bochner, both known for their emphatic use of color (she clarified her interest in early-period Bochner, not his text-heavy Blah Blah Blah works). But in the same breath, she also noted how the hodgepodge beauty of Brazilian favelas helped build the ideal tension of high and low, arty and craft. Basically, Ilincic was defining assemblage on her own terms; it was there in the clear PVC textile punctuated with three-dimensional embroidery and in the no-holds-barred patchwork coat of shearling, fox, mink, and curly lamb's wool."
6358,"Roland Mouret is a designer very attuned to the macro aspects of being a designerãthe way his business runs, the evolution in how women shop for his clothes, overarching industry trends, etc. Today, he exemplified that trait again, noting after his show that, what with producing eight collections a year, the whole concept of trends had become, in his word, ""irrelevant."" Mouret's tack this season was to forget about the zeitgeist and focus instead on the technical and artisanal elements of his clothesãthe micro stuff, if you will. Given that strategy, it was no surprise that certain looks here felt familiarãnotably, the collaged pieces, comprised of scraps of rectangular fabrics patchworked together to create varying Constructivist effects. That's an approach to patternmaking Mouret seems to be insisting upon as a brand signature. Fresher-looking items found the designer weaving grids of slits into fitted knit dresses and blowing up traditional check prints (and weaves) to the point that they began to take on a fierce, tribal property. The most intriguing looks here, though, featured an application of feathersãan idea Mouret said he stole from his time as a stylist, back in the day, when he'd glue stuff onto looks, knowing they'd come off at the end of the shoot. ""I wanted to capture that ephemeral quality,"" Mouret explained of his feathered garments, ""but make the effect last."" Not a bad way to think about a fashion show."
6359,"Rosie Assoulin 's buzzed-about NYFW debut placed her at the top of industry watch lists, and her striking Fall collection confirmed that the hype is real. This season, the up-and-coming designer continued to articulate her unique, modern take on occasion-wear, characterized by sculptural volumes and sophisticated separates that segue from day to evening. ""The overall look is similar to Spring,"" said Assoulin at her presentation, ""but we're pushing it forward and making the shapes a bit more graphic."" Indeed, the latest lineup suggested that she is building a repertoire of signature silhouettes. A red velvet crop top with cutout shoulders and billowing sleeves, for example, resembled an ethereal white style from Spring, which was recently worn by Lily Aldridge at an amfAR eventãthat night, the supermodel was unquestionably the best dressed on the red carpet.  While Assoulin's creations exude pure drama, they also convey a certain ease. The designer aims to make dressing up in a ball gown feel like wearing sweats, and vice versa. She underscored this notion of elegant insouciance by pairing many of the looks here with casual Superga sneakers (courtesy of supportive pal Leandra Medine, who collaborates with the Italian footwear brand). Meanwhile, a luxe cashmere knit set was elevated with the addition of a sweeping maroon sash. Assoulin also introduced a menswear influence into the mix with classic Prince of Wales checks, which appeared on a slim column skirt as well as a floor-scraping, tailored topcoat. Other standouts illustrated the designer's calculated craftsmanship. The vibrant rainbow of streamers draped over a strapless black number, for instance, were created with forty hand-stitched godets. And the statement-making finale gown was pieced together from more than two hundred strips of multicolored velvet and heavy silk to achieve its playful, candy-stripe effect. ""Technically speaking, it's super-exciting to do stuff like this. It's like she's wearing a canvas,"" said Assoulin, who proved her potential with this strong outing."
6360,"Brian Wolk and Claude Morais are at their best when they're taking cues from their Williamsburg circle. Nothing like a bunch of girlfriends to tell you like it is. This season they made the mistake of looking not at their pals, but at the work of Petrus Christus, a portrait painter who was active in Bruges in the 1400s. That's going way back. The flirty printed minidresses of Ruffian 's last collection were replaced here by long black dresses as somber as monks' robes, accessorized by stiff white ruffs that heightened their costumey aspects. Fortunately, it wasn't all quite that dour. Luminous color combinationsãcardinal red with Wedgwood blue, chartreuse and blush pinkãlifted things up, as did a unicorn tapestry print. You could see one of their Brooklyn girls in their drawstring-waist digital-print pants (the same print as the unicorns, only zoomed in 400 times). But overall their fabrics tended to have a stiffness that didn't do the formality of their silhouettes any favors. After their youthful Spring outing, this felt like a comedown."
6361,"This season, Sachin and Babi Ahluwalia took a step back from showing during New York fashion week to refocus their brand. After analyzing their business, the husband-and-wife designers decided to split Sachin + Babi into two different lines. SB47 is their new contemporary collection. ""From an aesthetic point of view, nothing has really changedãincluding the price pointãexcept we actually added more categories to make it a true contemporary range,"" explained Sachin. And so, the duo ramped up their knitwear and outerwear programs for Fall, and generally tried to include more basics, reserving their signature embellishments for a separate eveningwear capsule. Still, there were plenty of specialty fabrications incorporated throughout the lineup. A knit sweatshirt featured ""reversible"" sequins, for example, while abstract animal patterns (leopard spots and zebra stripes) were reinterpreted as leather appliqués on breezy T-shirts and easy shifts. Elsewhere, they experimented with rainbow-flecked tweed, herringbone sport mesh, and floral prints. These items were rounded out with a whole lot of black leatherãboth real and syntheticãused on slim leggings, relaxed trousers, and tough biker jackets. All in all, there was a lot going on, but relaunching with a wide variety will eventually help the Ahluwalias discover what really sells. For now, consider SB47 a work in progress with potential."
6362,"The show of the season? There are still a few days and several important names left on the Paris calendar, but Chitose Abe's new Sacai collection set the bar very high today. Anyone familiar with her clothes will recognize the inventive one-thing-in-front, another-thing-in-back construction of the pieces on her runway. That said, there was an irresistible new swagger to these clothes. The furs were furrier, collars stood up higher, and the trompe l'oeil twists were even more head-spinning than usual."
6363,"Having just launched a new contemporary line, SB47, Sachin and Babi Ahluwalia are now taking their signature embroideries and embellishments to the next level with a separate eveningwear collection. After-hours attire is nothing new for the husband-and-wife designers, who have been creating custom, red-carpet-ready looks for several years now. But this rejuvenated Sachin & Babi collection gave the Ahluwalias an outlet for embracing their more-is-more side and going all-out with rich textures and specialty textiles. ""It feels more personal,"" they said. The duo championed a sexy silhouette with thigh-grazing sheaths, shrunken jackets, and curve-hugging pencil skirts that featured a collage of intricate threadwork, sequins, and appliqués. According to the Ahluwalias, several of these detailed pieces took artisans more than 350 hours to complete. Elsewhere, they experimented with a magpie assortment of still-trendy leather fringe, heavy metal paillettes, tassels, and more. In the end, it was the comparatively simpler dresses with more coverage and less adornment that felt the freshest here. Among the best pieces were several ""seamless"" styles cut from a double crepe that had a flattering stretch, as well as a sporty black column gown with sheer panels that showed off just the right amount of skin without all the fussy decoration."
6364,"Little sets you up for a real pop show like having real pop stars in the front row. Brit rockers Alex Turner and Miles Kane played their parts to the hilt at Saint Laurent tonight: quiffs, shades, tight leather pants, and a magnum of champagne that provided liberal lubrication throughout the show. Afterward, they said the girls on the catwalk were the kind of girls they'd like to get to know, but let's imagine for a moment that there was more to that line than the obvious hookup. Yes, the models were perfect, sparkly, leggy complements to the lairy likes of Turner and Kane, but their outfits also distilled the mid-sixties moment when pop was purestãand when Yves himself was designing his own edgy responses to the tremors of London's youthquake. And the appeal of pure pop is timelessly potent for musicians like Turner and his Arctic Monkeys. (Of course, it doesn't hurt when it comes in the siren form of a supermodel.)"
6365,"Sally LaPointe 's clothes certainly have a moody edge. But they've become less dramatic, and in turn more beautiful, as she sharpens her point of view. For Fall, she started with Charles Bukowski's poem ""Bluebird,"" taking the writer's words literally and figuratively. LaPointe's idea, culled from the context of the poem, was to show that there was ""a delicacy within even the harder-edged pieces,"" she said backstage after the show. The designer's personal style is a little goth, and her clothes can read that way too. But other than a bomber made from pirarucu fish skinãan odd material to try, sure, but it had a nice feelãthere was little of that hard edge LaPointe spoke of. Instead, the strength was found in the precise tailoring, whether it was a pair of black tuxedo trousers in silk-wool georgette, a pencil skirt in cognac-colored lambskin, or an elegant black cocktail dress overlaid with a cropped top that was pleated at the bust. These are the kinds of clothes that make a confident woman look even surer of her appearance.  The literal interpretation came in the form of a bluebird print, engineered by the tattoo artist Needles. LaPointe used it on a long, ivory silk-wool skirt and the finale number: a black bustier gown. It was also embroidered on the back of a wool overcoat in a soothing lavender-gray color that LaPointe is calling ice. This was also a collection of firsts. Along with a fish-skin clutch, LaPointe introduced knits. It's surprising that she hasn't gone there before, mostly because they were so good. The chunky cashmere-wool turtlenecksãsome plain, others with panels of fox furãsort of pooled at the wrist and hip for a slouchy, deliciously cozy look. Was this a breakthrough collection for LaPointe? Given that she envisions her woman as ""powerful, but still feminine,"" it certainly felt like it. LaPointe designs for the luxury customer, and the collection had a worth-the-price feel."
6366,"Saloni Lodha is one of London's daywear queens, and a rising force in ""sell-through"" (meaning, many of her pieces sell out at full priceãa retailer's dream). Her languid, easy looks with a sunny color palette transition into comfortable eveningwear. There's nothing existential, angst-filled, or modernist with herãno great fashion innovation. Lodha specializes in uncomplicated, upbeat looks. For Fall, inspired by Fritz Lang's Metropolis and astronomy, Lodha began by showing wearable separates like her standby shirtdress, fluid trousers, flowy jumpsuits, and unstructured blousons. Details were restrained but cool, such as bugle beads on a sleeve that was sewed on vertically, creating a ventricular effect. A fantastic nubby black and red spotted wool coat and a cocoon version in silver Lurex zebra print had sell-through written all over them. So far, so Saloni . But then Lodha showed that she wanted to push herself in new directions. A looped-wool and silk chubby was extremely glam, and a few very subtle sequins gave an idea of where she was going. Then came the face print, but her take was a Metropolis -esque, alien pixelated print; it was very fashion-forward for this designer. Normally the politest of ladies, Lodha also had one print on a tank top of hands positioned to be clutching the breasts. A double silk georgette blazer with gold disks wasn't quite a full-frontal bling assault, but it was close. Perhaps most striking was the no-holds-barred, high-octane statement dress: a transparent silver and black hand-beaded affair that took hundreds of hours to make. Lodha is usually so focused on affordability that she seemed almost embarrassed to say the cost of the pieceãaround the $2,000 mark, which for her is astronomical. Lodha isn't letting go of the perfectly nice day-to-day stuff that pays the bills. Given how good those pieces are, and how much better they're getting, nor should she. But she is moving gently out of her comfort zone, and the results are very encouraging."
6367,"Sometimes it takes a wrong turn to get to the right place. Last season, Massimiliano Giornetti's experiments with cut and proportion felt forced. Deconstruction is just not the Salvatore Ferragamo way. The Fall collection he showed today hewed more classic without looking safe. It's hard to argue with the stand-up collar blanket cape in brushed plaid that he opened with, or the sleeveless black cashmere wrap dress piped in leather that came sweeping down the runway a couple of looks later. When Giornetti did venture some risks, he restricted his experiments to the surface of fabricsãneedle-punching jacquard or dipping leather pleats in metallic paint. The men's collection he showed for the label last month took a homey turn. There was a warming trend here as well, in pieces like a black wrap coat, of which only the hem was decorated with a white animal-spot pattern. Whether it was embroidered or painted, you couldn't tell, but it lent a depth and richness to the coat that felt true to this house. It was a feeling that carried through to a pair clingy ribbed-knit dresses at the end that looked brushed with gold leaf."
6368,"Samuji designer Samu-Jussi Koski cut his teeth at Finnish print titan Marimekko, so it's no surprise that everything starts with the materials at his up-and-coming label. Koski luxuriates in his fabrics, and there's a veritable menagerie of them on offer for Fall: Italian mohair, Japanese cottons, Lithuanian linens, and even Icelandic reindeer leather. They're the building blocks with which he endeavors to create that most daunting of things: a complete wardrobe, from maillots to puffer coats. And based on his latest outing? Koski is designing for a life many of us wouldn't mind getting in on. Clad as she is in mannish trousers and textured frocks, the Samuji woman doesn't just dress smartãshe is smart. The looks are quietly luxurious and straddle the sensible and the whimsical better than most. The former translated into handsome shirting, plenty of weighty knits, and some beautiful wool Breton tops and dresses, brushed so the stripes bled into one another ever so slightly. The latter came through in evening looks like a liquid, metallic column gown and a tinsel-covered carmine shift, but also made its presence known where outerwear was concerned. Koski has a real eye for sculptural shapes, and each swell of a coat felt intuitive and playful. The brand has only just begun to dip a toe into creating custom patterns, but one gets the sense that that's all the liberation Koski needs to take things to the next level."
6369,"Sass & Bide ãthat's brand director Sarah-Jane Clarke and creative director Heidi Middleton, respectivelyãknow how to party, or so their ready-to-wear would indicate. This collection won't disappoint the label's loyal fans, and hopefully those fans have great legs, because they'll be baring them a lot next fall in a variety of minidresses, shorts, and jumpsuits, sometimes all at the same time. These looks played with lengths and layers, and backstage before the show Middleton herself wore a long skirt (or was it a dress ) with a slice down the center to reveal a shorter layer beneath. ""It's all pre-styled,"" said Middleton. ""You zip the whole thing in."" Just in case, stylist Melanie Huynh, known for her work with Joseph Altuzarra, combined looks that emphasized the versatility of the metallic knits, voluminous rompers, long-petaled peplums, and, er, mullet skirts. Many motifsãsheer embroidered layers; a largely black, white, and gold palette; plays on lengthsãwere familiar from recent seasons. It's probably wise for the Australian designers to remain consistent as they further establish their foothold stateside, having opened their first U.S. boutique in Soho just a few months back. But that's not to say this collection didn't feel fresh. A small group in a blown-up plaid of orange, yellow, and navy played with structure and volume, while what appeared to be taffeta in a big, black-and-white buffalo check had a crisp, classic feel. Those patterned pieces, along with a few others in leaf green, were worn with matching backpacks. Backstage, the black-and-white version begged for city schlepping, but when a model marched by with the green one on her back, hands stuffed in the pockets of her wide, billowing split skirt panels, the silhouette had a rather loud echo of nineties rave culture. While there was a lot for the playful Sass & Bide loyalist here, some of the strongest looks consisted of more solid pieces, like a boxy gold sweater or a rich black faille romper. If anything, the collection would have benefited from a bit more of that substance. Asked about the New York store's effect on designs, Clarke didn't hesitate. ""It's certainly making us think about coats."""
6370,"We kind of went crazy with the plaids, said Sean Monahan and Monica Paolini of their new Fall collection. To be sure, the Sea designers aren't the only ones cozying up to checks this season, but they did lay an authentic claim to the woodsy trend as natives of upstate New York. A recent trip back home found them reminiscing over former days spent frequenting Salvation Army stores. This memory brought about the standout heritage plaid knits that they sourced from an original Yorkshire millãrelatively expensive but totally worth it, they assured. The cardigan looked fresh paired with a soft leather midi skirt. Same went for a pullover and leather track pant combination. The Sea duo continued to feature buffalo checks on practical yet stylish puffer jackets and surplus-y overshirts (essentially an upgrade to hipster flannels) that gave off what they called an ""Amish grunge"" vibe. Other highlights included crisp, white denim jackets, as well as feminine lace pieces and a pearl-embellished sweatshirt. Overall, this Sea collection succeeded in feeling a bit more personal, which we'd like to see more of moving forward."
6371,"The See by Chloé team used three key terms starting with ""p"" to describe the new Fall collection: pretty, preppy, and party-ready. Those words not only described the lineup, they also spoke to the carefree nature of the diffusion brand in general. This season, Clare Waight Keller and co. put a youthful spin on typically grown-up fabrics such as pied-de-poule tweed, which was blown up and shown on flirty drawstring miniskirts and hooded bomber jackets. Meanwhile, a delicate Chantilly lace with a gold foil finish was cut into sporty sweatshirts, wispy slips, and thigh-grazing shifts that looked modern accompanied by a faux fur collar and basket-weave loafers with a slight David Bowie vibe. The faux fur incorporated throughoutãon a plush, melon-colored chubby and shearling effect toppersãlooked like the real deal (without the luxury price tag, of course). Other playful highlights included basic shirtdresses and button-ups with sequined, trompe l'oeil accents, as well as easy silk separates featuring a ""galaxy"" print inspired by one of Karl Lagerfeld's original patterns for the French fashion house from the early eighties. All in all, a very energetic and wearable outing from SBC."
6372,"The new Sharon Wauchob collection had an unlikely starting point. As Wauchob explained today after her show, she was looking at military insigniaãand then, in her words, she ""went on a journey with that."" Indeed! Anyone looking for military rigor here would come away rather disappointedãalbeit, with the consolation of Wauchob's fairly extraordinary embroidered coats, which were cut sharp and fastidious in their embellishment. But the rest of the offer seemed, in a very conscious way, to be about the ersatz. Perhaps the key looks of the show were the collaged dresses that combined various silks and laces and leather thinned to a satin-like weight. Some of those dresses were quite compelling, with a certain louche sex appeal, but overall the results were mixed. More than a few came off a bit slatternly, to be frank, and messy. Meanwhile, aside from the embroidered coats, the plain standouts here were the trim dresses in a thin printed jacquard that Wauchob had pleated into a kind of plissé, and the cocoon-ish curly and longhair wool furs. If Wauchob decided to start her own army, those are definitely the looks the generals should wear."
6373,"There are icons, and then there are icons. Anne Boleyn was executed nearly five hundred years ago, and still she resonates: The ingenue with a will of iron. The seductress who wouldn't put out. The woman for whom a king invented a new religion so he could marry her, and then was put to death when she couldn't bear him a son. Virtually every contradictory possibility of female experience is implicated in Anne Boleyn, and so it's no wonder that her story continues to inspire new interpretationsãwitness Hilary Mantel's Booker Prize-winning novels, Bring Up the Bodies and Wolf Hall , or, to get to the point, Simone Rocha 's new collection. The Rocha girl this season was queen of a rather punk court, her wardrobe a blur of gems and fur and flounces. One of Rocha's key innovations was to embed her embellishments into the clothes, a technique with an Elizabethan flavor; another was her way of flouncing the sleeves of coats and tops, an effect with a lot of drama. It even gave a charge to the simplest looks, like an off-the-shoulder black top worn with trim black trousers. Where this show really hit its stride, though, was in the looks in tartan and the pink or red check Rocha developed by brushing wool over tulle. A girl wearing Rocha's cherry red check dress with a full skirt and bejeweled neckline really could be a modern-day Anneãa gamine made of very stern stuff, indeed."
6374,"The Sisters of Mercy now sound like a hollow-voiced travesty of goth rock, but there was clearly a moment when, for kids like Joe Bates, Sid Bryan, and Cozette McCreery, they represented the height of cool. While their mums swanned around the living room in floaty crocheted hostess gowns, they were upstairs in their bedrooms empathizing while Andrew Eldritch howled about the ""Temple of Love."" Those fond memories were the guts of the collection they showed for Sibling today. ""Temple of love? More labor of love,"" McCreery joked in the cold, hard light of adulthood. The major pieces in the collection featured superfine-gauge rib knits torn apart and mended with hand crocheting, and then some. One hundred hours of work per garment. They were an extraordinary blend of ultra-technique and total anarchy, which meant they fitted right into the Sibling ethos. But the trio have wised up in that department. They're representing Europe in the upcoming Woolmark Awards, so what seemed like a radical disassemblage of convention also translated with appealing efficiency into a roll-neck sweater or a poncho. There were gowns at the end of the showãbias-cut, delicately laddered gothic widow's weedsãthat left the coltish young models hopelessly tangled on the catwalk. That simply issued a challenge to the real women who might choose to drape themselves in such finery. A Fair Isle sweater elongated into a bejeweled sweater dress was part of the same challenge. Maybe the crocheted pencil skirts were, too. There was a hint of va-va-voom sweater girl in such pieces, and that is surely what the Siblings were acknowledging when they paraded Adwoa Aboah down the catwalk, bikini-clad in hot-pink crochet, wrapped in a gorgeously tattered peignoir. The very apotheosis of dressing for the boudoir."
6375,"If there was ever any doubt that the Sonia Rykiel woman dresses for herself, artistic director Geraldo da Conceicao drove that message home with a jacquard print scrawled with "" moi. "" Of course, Madame Rykiel put words on her flattering knits long before ironic slogan sweatshirts became au courant, and da Conceicao revived the idea for the label's Pre-Fall collection. But moi is unmistakably declarative and invites zeitgeist-y commentary. As da Conceicao sees it, though, a rose is a rose is a rose (he specifically cited Gertrude Stein), and to that effect, he insisted that he is just making clothesãwhether jacquard sweaters covered in a grid of roses or bathrobe coats in yak hair affixed to a pliant baseãand he delivered an accessible collection. To his credit, the knitwear permutations seemed more mature this time around and there was less futzing (elongated, scrunchable sleeves notwithstanding). While slender shoulders and tube skirts maintained an overall lithe line, da Conceicao clearly had fun incorporating the Mongolia-fur outer layers and attributed their extraordinary fuzziness to some quality time at the hairdresser. He ended the show with a grouping of peekaboo dresses in velvety knits, fulfilling every woman's fantasy of what it must feel like to wear an ultra-luxe shammy. The only misstep: The platform sandals clopped in a way that countered the cozy."
6376,"There's nothing immediately Japanese about the zipper dresses, polka-dot-stamped neoprene sweatshirts, and mohair sweaters that, in part, added up to the Sonia by Sonia Rykiel Fall offering. Certainly, there was little in the way of super kawaiiãthe easiest of Japanese pop fashion tropes. The giveaway that there was a subtle Japanese reference was a recurring striped knit piece that can be worn obi-style as a belt over a coat or jacket; but no matter which way you stripe her, a Rykiel girl will always be a Parisian at heart. Still, the collection depicted an ingenue who appreciates activewear details (technical ski pants and a quilted placket running the length of a coat) as much as artisanal ones (felted wool horizontal bands needle-punched into a silk dress). She probably prefers the feel of classic knitsãupdated in punchy color-blocked combinations or covered in arrows directed toward a heartãto a slippery parachute material used for a blouse and a dress. The design team proved their sense of relevancy with a flounced skirt that bonded a knit with an underlayer of silk georgette; the powder pink mohair perfecto and matching jogging pants, meanwhile, might have been a stretch. It's too early to say whether the teddy bear faux-fur coatsãone Winnie-hued, the other a dusty roseãwill be embraced with more enthusiasm in Paris or abroad. But does it really matter? On the whole, the collection's joie de vivre translates well."
6377,"Sophie Theallet is not the only designer playing with asymmetry and collage effects and patchwork construction this season, and at first blush, her aesthetic would appear to invite that approach. No matter how polished, Theallet's clothes are never fussyãso why not throw a little ersatz into the mix? It turns out, though, that an extra touch of ""off"" can throw the whole loose-limbed, oh-so-French insouciance thing out of whack. But if the collection never quite found its usual cohesive groove, there were various individual looks here that were very good indeed. Those would include the taut leather-trimmed trousers and the floral print knits. Pretty much everything in the black-accented gold tweed was a winner too, a ruffled pencil dress in particular. And of course, Theallet can be relied on to slingshot a couple of gorgeous gowns down a runway; this season, the killer was the one in freckled dévoré velvet, with a deep-dive neckline."
6378,"Sportmax was in the mood today for extravagance as an antidote to Italy's never-ending austerity binge. It was imaginative to opt for Jackson Pollock's extravagantly messy paintings as inspiration for the splatter jacquards that closed the show. The same spirit of densely colored abstraction found expression in a big, messily intarsia-ed sweater dress, and, to a more restrained degree, in big multicolored mohair coats. Except those pieces weren't really about restraint. They had all the energy of letting go. At the same time, they made for a diverting reevaluation of the label's workmanship, which is more often appreciated in smartly modern Italian tailoring.  There was certainly enough of the sober tone as well, although an infestation of vivid red mohair on a gray sweater dress was just one example of how the sober can be persuaded to show off. The subtly extravagant gesture was a winner.  Less so was the onslaught of animal and reptile that opened the show. Used as an accentãthe python armlets on a gray flannel blazer, for instanceãthe philosophy of ""less is more"" is usually a safe bet, especially for a label that doesn't equate with decadence. Sportmax has achieved spectacular effects with the most deluxe materials in the past, but here the excess fostered a sense of heaviness and stiffness. And ironically, the luxury that these pieces endeavored to represent was probably one of the things that Pollock was railing against in his revolutionary work."
6379,"The Armani Teatro was Stella Jean 's launching pad last season. That collection generated enough buzz to ensure that there was a decent crowd at her Fall show today despite the tough end-of-Milan fashion week time slot. Those who stayed in town to catch it were rewarded with a charming presentation, one that solidified Jean's whimsical, more-is-better aesthetic and delivered one of the season's surprising trends: animals.  If anything, this collection felt even more multilayered than her last. It being Fall, there were floor-scraping cardigan coats in bucolic intarsias and printed tights that matched the patterns on crinoline-lined skirtsãalong with natty tailoring in colorful tweeds and plaids that added an element of newness to a mix that leaned heavily on Jean's African wax prints. That said, the wax prints are her unique selling point. They were vibrant and gorgeous.  As for the animals? They officially became a thing yesterday when Dolce & Gabbana put embroideries of squirrels, foxes, and owls on their runway. Jean's weren't just woodland creatures. She had impressively plumed roosters, what looked like an egret, and giant koi. We're on the fence about animals on clothing, but a quick post-show survey revealed that key retailers are sold on it."
6380,"The key to Stella McCartney 's show was the shoes. In their rubber-soled flatform oxfords, the models glided around the Palais Garnier utterly unencumbered. To look at those shoes you wouldn't think they'd be sexy, and yet wearing McCartney's super-short hem lengths or stirrup leggings (those were a surprise!) and sporting those clunky oxfords, the models looked quite fetching. Sexy is a McCartney signature that had lately gone missing. It was good to see it back. ""We wanted to give our customer the ease and energy and movement we feel she wants from us,"" McCartney said backstage. First came that footwear, followed by the silhouettes of the clothes, which were borrowed from the worlds of sport and loungewear. It's official: Chunky knit pajama-style pants are one of fall's key trends. The real surprise here was McCartney's emphasis on handwork. Zipper details and mountaineering rope formed squiggly embroidery on boxy jackets and oversize sweaters, reinforcing her points about energy and movement. Other surface treatments, like the shibori technique she used to create tie-dyed color-blocking on a breezy silk dress, or the woven jacquards of softly tailored separates, had an earthy, even tribal feel that jibed with what's been happening on other runways this season. The tiny cocktail dresses McCartney closed with were exuberantly draped in colorful silk cord fringe. They'd be an absolute kick to wear, especially with those easy-on-the-feet shoes."
6381,"This year, Steven Alan is celebrating his twentieth anniversary in the business. And while Alan has moved from the cotton shirts that originally put his namesake brand on the map to a full-blown collection that includes ready-to-wear, home, eyewear, and shoes, the idea is still the same. Every piece is functional, devoid of bells and whistles or clutter. It's just that, now, Alan's tag can fill up an entire closet instead of an eighth of it. This season, the starting point was the work of realist painter Andrew Wyeth and his wife, Betsey, a frequent subject. Alan also thought about the women in his office piling on oversize sweaters and scarves in the depths of this cold New York City winter, and offered plenty of knitsãmany done in brushed alpaca for that lofty feeling a lot of designers have been going for this season. A men's gray sweater, for instance, was worn over a collarless shirtdress and cropped, skinny gray wool trousers. A charcoal wool midi skirt was layered under a soft sweater too, this one accented with thin gold bracelets on each wrist. (Jewelry is a new category for Alan, but like the rest of what he does, the delicate pieces complement but don't compete with the other brands he carries in his showroom and stores.) He also brought back the jumpsuit, done in a blue plaid flannel and looking as cozy as a pair of pajamas. The great thing about Steven Alan, and why he's been able to expand his retail footprint so quickly, is that his clothes feel like fashion but are accessible for those who find self-consciously cool labels pretentious. Many different women can be a Steven Alan girl, and this collection reflected that."
6382,"Suno 's Fall collection has a backstory too good not to retell. Erin Beatty and Max Osterweis' starting point this season was Jeremy Sutton-Hibbert's photographs of a Roma gypsy camp outside of Bucharest. Taken between 1990 and 2006, the pictures document a time of rapid change in the camp as the gypsies amassed wealth from the sale of scrap metal, trading in their tents for McMansions and their horses for Porsches paid for with cash. The rags to riches collection that appeared on the Suno runway was intended to echo that journey. At the start, fabrics were stiff and coarse, edges were left raw, and glorified shoelaces cinched necklines and seams. Slowly, the light was let in, with gold leaf on the shoulders of a fitted ribbed sweater or tracing the outside of a cardigan's sleeves. ""Suno basics,"" Beatty called them. Multicolored stitched embroideries decorated the hem of a popover top and provided a template for the graphic stripes on a duchesse satin shift (one of the highlights of the show), as well as on fine knit dresses. By the end, Suno's gypsy girl was a techno raver, sporting a glitter jacquard dress with a built-in hoodie. Yes, the canvas-backed wools at the beginning will need to be adjusted before they hit the sales floors, but by and large Beatty and Osterweis managed the neat trick of making the down-to-earth pieces as desirable as the sparkly prizes at the end. Chalk that up to a savvy eye for proportion and the designers' trademark knack for mixing prints."
6383,"T by Alexander Wang has been mirroring the designer's ready-to-wear range more and more in recent seasons, which is good news for fans trying to get more Wang for their buck. Similar to the conceptual collection Wang showed at the Brooklyn Navy Yard earlier, the new T lineup referenced extreme conditions and outdoor sports with technical performance gear that had a rugged, urban appeal. The lookbook opener nicely captured this survivalist theme. It consisted of a long, reversible coat combining traditional Donegal felt with lightweight quilted nylon somewhat reminiscent of a sleeping bag. The topper was paired with matching waterproof track pants, which were layered over stretchy leggings boasting a bold, branded waistbandãa callback to the logomania of Wang's Spring collection. Pops of neon also tied back to the highlighter hues we saw on Wang's runway, except these fabrics didn't have any heat-activated smoke-and-mirrors effects. Hooded, bonded fleece jackets came in ""acid"" yellow or ""rave"" pink, which were also used as the accent colors on classic fisherman sweaters and scuba-inspired leather separates. All in all, the sporty energy here felt super-relevant."
6384,"Tina Lutz has proven herself to be a natural fit for TSE since assuming the creative director role there about a year ago. In that time, she has elevated the knitwear brand's profile by introducing ethical initiatives, such as using certified organic cashmere and working with artisan collectives. For Fall ê14, Lutz was inspired by birdsãspecifically, those that had died while flying into windows and were captured by German photographer Edgar Leciejewski in his book Himmel Ohne Wolken (published by the designer's sister). Sounds morbid, but Lutz interpreted the theme lightly, showing versatile knit scarvesãstyled around the neck or waistãembroidered with fringed tassels that gave the appearance of feathers, as well as delicate knits and cocoon-shaped toppers boasting subtle ""avian"" stitching details. This season, Lutz collaborated with four graduating seniors from RISD (where she teaches an apparel design course as an adjunct professor). Each was responsible for different aspects of the collection. Anne Wang, for example, developed the feathered print found on a silk shift dress and the overlay of a cashmere cardigan. Meanwhile, Austin Snyder fashioned two sweaters featuring manipulated, convertible sleeves; Genah Young Kim used upcycled yarn to hand-braid an armor-like gilet that added sculptural volume to several looks; and Caitrin Watson created a baroque intarsia motif. ""I felt a sense of personal responsibility and altruism. This was my way of giving back,"" said Lutz of working with her students, whose pieces were some of the more directional ones in the lineup. Lutz rounded them out with refined sweatpants, ultrasoft pencil skirts, and sixteen-ply cashmere duster coats that epitomized the idea of ""wearable luxury."""
6385,"For the past couple of years, I've been moving west to east. Now, I'm going from Africa to Europe, said Tadashi Shoji of the geographical direction of his Fall 2014 collection. The particular focus was Moorish architecture, which Shoji conveyed through expert fabric cutting and embroidery. A navy micro-suede cape was laser cut to mimic Moroccan tiling, and an orange-red gownãin tulle, one of Shoji's favorite materials to work withãwas embroidered with corded flowers, which were outlined with hot pink stitching. (The collection's burnished hues, by the way, were meant to mimic the glazes used to color tiles.) There was heavy crewel embroidery, too, the most beautiful on a floor-length black-and-red cape that was worn with an ivory lace gown. The closing numbersãa series of velvet cocktail dresses and gowns with distinct seamingãwere the real showstoppers. Strips of chiffon were sewn into the seams to mimic frayed edges, and there were inserts of velvet paillettes that shimmered just so when brushed upward. Those looks were far more successful than a series of fishnet gowns with hand-set diamante studs. The superiority of the technique was undeniable, but the final result just didn't satisfy as much as the rest of the collection."
6386,"If Johnny Talbot and Adrian Runhof went to town with a riff on the seventies, thank Christopher Pesto: His hilarious, iconic student protest over the unpardonable sin of a corduroy skirt sparked the duo's desire to turn the ultimate no-no into, as Talbot put it, ""hopefully, a fashion yes-yes."" But while Talbot Runhof 's highly textured and embellished Fall collection aimed, in a roundabout way, to make a broader stand for inclusionãno discrimination, even for fabrics!ãit was emphatically not about your mother's (or grandmother's) corduroy.  Instead, there was a catsuit in deep-blue baby cord printed with a hippie orange necktie pattern; a full, floor-length skirt in wide cord cut on the bias; and cord mimicked in silvery blue Lurex or jacquard. The material was also used on a sleeveless tweed crop top layered over lace, and reprised in bugle beads on a ""sofa tweed"" party dress. Occasionally, the designers took a little breather to focus on original fabric development, most compellingly on full jacquard ball skirts such as the one in a picture-frame mosaic of purple, orange, and red."
6387,"The rest of New York may be showing their Resort collections, but Tamara Mellon is sticking to her buy-now-wear-now guns. Mellon's Fall deliveries were on view in her showroom this week. She preaches versatility and practicality, and she believes in making fashion useful for women, but she likes to have her fun. As has become the custom at this burgeoning brand, the vibe was take-no-prisoners. Lots of glittery lamé, even more fox fur and leopard print, and plenty of black leather, some of it trussed up with punky grommets.  Her much-talked-about hybrid legging boots are now on offer in white, and among the other novelties in the footwear department were knee-high and thigh-high suede boots laser-cut to resemble fishnet stockings. It's no surprise the accessories are getting a lot of attentionãMellon is the founder of Jimmy Choo, after all. As for the ready-to-wear, there was nothing that had the irresistible pull of the fringed suede skirt she did for Spring. What came closest was probably the fitted black leather flight suit."
6388,"Tanya Taylor has been on a DIY streak lately. For Spring, she hand-painted all of her invitations and prints, and Fall '14 found the designer taking Sharpie markers to luxe lambskin leather, and experimenting with Manic Panic on shaggy Mongolian fur (extracted from pillows she picked up at West Elm over the weekend). ""It reminded me of a 12-year-old dying her hair. It's bold and a bit quirky,"" said Taylor backstage before her runway show. While those fun elements felt a tad arts-and-craftsy at times, the young designer successfully balanced them out with classic silhouettes and refined materials that have ageless appeal. Flattering fit-and-flare dresses were cut from either graphic floral jacquards or fluttery silks, for example, and thigh-grazing miniskirts came paired with pointy flats that felt fresh. Rounding out the mix were soft, checked sweaters and pale pink angora coats. In keeping with the lighthearted spirit of the collection, Taylor developed a custom metallic fabric splashed with the visage of a girl holding a camera (a collaboration with a photographer she met through Instagram). Taylor also styled many of the looks with rabbits' feet tied around the models' necks that served as a good-luck charm for this lineup, which felt simultaneously playful and polished."
6389,"Funky is not a description one would immediately associate with Temperley London . Yet there it was in the program notes and uttered from the brand namesake's mouth following the show. Alice Temperley explained that this is an exciting time for her company, referring to a new CEO and hinting at further expansion into new markets. All this good news rubbed off on her collection, which included flouncy jacquard skirts and blanket-size scarves draped like robes and reined in by belts. She played matchmaker to an Art Nouveau floral print and Byzantine mosaic patterns, and the offspring packed a wallop of a pretty punch. Indeed, Temperley continues to position the line as a bridge between the sumptuously decorative pastãeven more widely romanticized these days thanks to Downton Abbey ãand an arty bourgeois present. It helped that longtime pal Katie Shillingford returned to style the collection, adding insouciant attitude. (As Gareth Pugh's show stylist, she understands how layers can elongate the body.) Coats appeared atop coats and shirttails were left untucked. But Temperley's freshest idea by far was the use of a fine micro-quilting technique for her eveningwear, a welcome departure from her default embellished organza. At this rate, winterized red-carpet attire might prove a burgeoning niche."
6390,"How do you dramatize the mundane? There's a case to be made that this is the central question of all creative endeavorãthat any work of art is, at the most essential level, one person's attempt to see some common part of life afresh and give it new resonance. Tess Giberson 's reference this seasonãthe sportswear familiar to her from her rural New England childhoodãwas mundane, indeed. But the intriguing thing here was that Giberson really invested in that mundaneness, and honored it. There was drama on the runway, but there was a sense of humility, too. It made for an interesting tone. Giberson struck most forcefully with her excellent puffers and long, billowing shirtdresses in faded farmer check. The puffer gilets with daggered hems and a hand-knit back were the hands-down standout of this show; elsewhere, Giberson scored with her typically great hand-knitsãthe long shawl collar cardigans in particularãand her elongated shirting. A tunic-length button-down with a subtle stripe, worn over narrow trousersãit was a simple enough proposition, one you could even call mundane. But it had its own dramatic force."
6391,"This season found Thakoon Panichgul looking to Patagonia, ""its vivid and painterly landscapes,"" and the clothes required to thrive in them. It was a rewarding trip, especially after a Spring collection that left you feeling like Panichgul was a little bit lost. The look here was layered. A ""turtleneck shoulder topper""ãin essence, a fitted capeletãwas stretched over the top half of a crisp white button-down worn with a flared hem skirt. A funnel-neck scarf topped a sleeveless dress. Irreverent and clever, Panichgul made you reconsider some things in your own closet. With a little imagination and a good pair of scissors, any number of languishing sweaters could be transformed into something akin to his shoulder toppers.  When Panichgul wasn't busy layering, he was synthesizing surprising elements. A dress that looked like two pieces was actually just one, yet still managed to convey the appealing ease of a sweater and skirt. And that wasn't the only trick of the eye. Panichgul ruched chiffon so it looked like fleece, then inset a panel of the stuff in an actual shearling jacket. Color, usually one of Panichgul's strengths, went missing at his last show, but it came roaring back gorgeously today. Fuchsia, cobalt, and aviator orange mingled with camel, navy, and black. A puffer coat embroidered with Technicolor blooms might not fly in the harsh conditions of Patagonia, but it would be a beacon on the streets of New York at this time next year."
6392,"In recent seasons, Thakoon Panichgul's secondary line, Addition , has grown beyond the pretty dresses and printed pajamas it started off with to include more menswear-inspired tailoring and fresh styling ideas. But where Panichgul piled on the layers for Pre-Fall, here he peeled them off. ""It's about taking foundation pieces and then twisting them so they look slightly disheveled, like they're coming undone,"" he said, describing a girl who tosses on her boyfriend's oversize cardigan (with nothing underneath, naturally), plucks a skirt off the floor, and dashes out the door. Another sweater came nonchalantly shrugged off the shoulder, adding an edge to the kicky LBD it was paired with. Shirting has emerged as a strong category for the designer. He showed crisp button-ups peeking out from cozy knits, and added poplin touches to the sleeves and hem of a snug blazer. Outerwear highlights included a hooded cape cut from gray banker's felt, ombré plaid toppers, and a classic duffle coat. All in all, a strong Addition outing that shined ideas on themesãartful dishevelment, men's shirting, statement coatsãthat we expect to see more of when the Fall shows get underway next week."
6393,"You know that moment in the day when you sit down for a drink and it tastes like the best drink you've ever had? That's when this stuff is for, The Elder Statesman designer Greg Chait said of his Fall knitwear collection, which was installed this past week at the New York gallery/caf_ Hotel Particulier. Chait asked the Los Angeles-based artists Nikolai and Simon Haasãbetter known as the Haas Brothersãto design the set, which included a mechanical sweater-puncher (a giant Hulk hand jabbing the V-neck hanging in the window) and a series of latex mannequins suspended from a moving conveyer belt, which in turn was suspended from the ceiling. ""I knew I wanted the pieces to float,"" Chait said of his nearly weightless knits, of which there are only tops this season. Chait made a conscious decision to skip bottoms for Fall, focusing on sweaters and the techniques he's worked so hard to develop. ""We've done ten years of research in a much shorter amount of time,"" he said of the different stitches and handwork he and his team have attempted to perfect. The 2012 CFDA/ Vogue Fashion Fund winner made a point of working in primarily black, white, and gray, and kept each pieceãmen's, women's, or unisexãas light as can be. ""I don't like things that are heavy for the sake of being heavy,"" he said of the nubby rice-stitch V-neck, the variant-ribbed crewneck, and the petal-stitch cardigan that he says he'll be wearing every day. The 70 percent wool, 30 percent cashmere series was so unbelievably soft that Chait was keeping the process of how he achieved that texture a secret. Even softer was a cream hand-knit cashmere sweater in a popcorn stitch; it had that chunky look that's so in demand right now. Chait also made an effort to put pockets into nearly all the sweaters; he wanted to fill that natural urge to bury one's hands. There was novelty, too, in the form of intarsia knits, some black and white, others hand-painted in sunset colors. Chait even created a jokey ""Elder Statesman Beer"" logo to decorate a few of the pieces. (Some are a little more direct, with just the word ""Beer"" knitted on the front.) A logo'd ""coach jacket"" for guys was lined in silk cashmere. It was just like the one your dad wore to go bowling, save for the fancy fabrics. For the ladies, there was a seamless navy intarsia bodysuit, as well as a long ribbed dress engineered to cling to the body just so. Chait and his team move into a 10,000-square-foot facility in Los Angeles this week. The designer's big goal: to make clothes that feel one-of-a-kind (or, actually, just are that). It'll be interesting to see where he pushes knitwear next."
6394,"Did Ashley and Mary-Kate Olsen anticipate the Polar Vortex? The cowl-neck cashmere sweaters and matching asymmetric hand-knit skirts that started their show this morning were so prodigious, you couldn't help but think they might've. Of course, the Row woman doesn't wait for a weather event to wear the world's finest fabrics. She does it because they feel divine and look quietly spectacular. Lucky her, that she can afford them.  The riches here didn't stop with those hand-knits. A fair majority of this collection was made with 900-gram double-face cashmere. Backstage, the Olsens explained that once they laid their hands on the stuff, they were instantly obsessed. With material that fine, they said, the only thing to do was ""focus on shapes and draping."" Nothing too complicated, though. Softly A-line jackets with broad collars and lapels, skirts that fell loosely to the mid-calf, and fringed blanket wraps telegraphed an understated elegance, one that made a priority of comfortãa sentiment that was underscored by the slouchy ankle socks and handmade exotic-skin derby shoes that accessorized each and every look. A polished black crocodile bucket bag with a bright red lining spoke a little louder about privilegeãthat was a five-figure trifle for sure.  Ultimately, however, the lasting impression was one of quietude. Smack in the middle of New York fashion week, it strikes us that stillness just might be the one true luxury. The absence of details was a defining characteristic even of their evening suggestions. A sleeveless, slightly cocoon-shaped dress was cut from silvery-white fil coupe with a barely perceptible medallion pattern. And the black silk satin of the finale was bonded with a stiffer material to lend it a more sculptural quality. It had drama in spades, and without a single embroidery. Having grown up in the middle of a paparazzi maelstrom, the Olsens have probably had a hankering for this kind of calm all along. In that sense, this was the truest evocation of their brand yet."
6395,"Theyskens' Theory is no longer, but Olivier Theyskens hasn't gone anywhere. Confused? It's a long story, but the gist of it is that Theyskens has been overseeing Theory and his smaller capsule line, TT, since he signed on with the megabrand several years ago, and recently, Theory chief executive officer Andrew Rosen decided that it would be better for the mother shipãnot to mention Theyskens himselfãto consolidate. The good news is that Rosen was right.  ""I've been diving into tailoring and shirting, defining the silhouette,"" the designer said afterward. ""I'm looking for sophistication, but in a measure that speaks to people."" Speaking to peopleãthat's key. Theyskens' reference points have swung from outer space to biker shorts in recent seasons, but there was no mistaking what he was trying to achieve today: a faultless three-button coat, a sharp tailored leather jacket, and well-cut pants that will get women running to Theory stores to snap them up. What Theyskens managed to quite efficiently do was prove that he has a firm grip on the polished practicality that is so integral to the Theory brand. But the clothes weren't without their flourishes. A belted suit jacket was rendered utterly out of the ordinary thanks to a little fillip of ruffles on one hip, and he did something similar with skirts, cutting the hems asymmetrically to expose a generous portion of one thigh. Charming details like that will keep the fashion cognoscenti entertained, but again, the truly relevant thing here was his smart tailoring. Take a look at exit 30; we dare you to find a better-looking suit in all of New York."
6396,"It began with a bolt of vintage gold lamé from the 1920s. Where that fabric might have suggested showbiz to some, to good Catholic boy Thom Browne it instantly evoked the ecclesiastical. Leaving aside for one moment the fact that the competition for ownership of souls places Hollywood and the Vatican in a neck-and-neck race, Browne's irresistible attraction to showmanship inevitably produced a show that turned blind faith into a Fellini-esque spectacle, complete with a soundtrack from the maestro's own Roma . It was pitched to a repetitive point where the audience, seated in pews and swamped in incense, would have confessed to anything to make the music stop.  Blessed or damned? You're never sure with Thom Browne. Every model's fingertips were dipped in black. It's freaky flourishes like this that can make his shows feel like an entire season of American Horror Story rolled into fifteen fashion minutes. But maybe such thoughts were encouraged here by the way that an exaggerated Mae West silhouette was infused with a fetishized religiosity. The hyper-rounded shapes said Diamond Lil, the monochrome solemnity of the clothes spoke of piety. ""Sister Mary Gabriel says turn away from sin,"" Orchestral Manoeuvres in the Dark intoned at the finale. Maybe that was the journey we had been watching on the catwalk, as a shapely strumpet made her way into the gilded eye of God. And yet, utter excess was woven into the very fiber of the collection. Irresistible as it was to interpret this as Browne's sly comment on the extravagance of the church, it also fitted too well into his own obsession with layer after layer of detail to be so easily pinned down. The way, for example, that his signature gray flannel was hemmed in silver, or a tweed jacket was laminated with gold was a transmutation of the banal. Every fabric was opulently treated in some way, from dévoré to embossing to bugle beading. Exhausting but hypnotic. A similar result, in fact, to that which the church seeks from its faithful with its heady rituals. For Thom Browne, fashion is the new church."
6397,"Thomas Tait debuted his first collection in the fall of 2010. Yet backstage after his latest show, he explained that he didn't want to design anything that already seemed familiar. Whereas most young designers are content to mine the space within a self-imposed bandwidth, Tait appears intent to explore any frequency that challenges him to rethink ideas about structure and femininity. This time out, the former felt assertive and the latter looked sleek. Some looks were neither, and there were a few doubters in the audience, but the designer deserves credit: His workmanship is the antithesis of attention deficit design. While jackets and coats in felted wool or satin shared the same contouring as vintage Mugler, Tait softened the strictness, sharpened the cuffs, and dissected the bodies with color inserts. Then he allowed himself to be wooed by the filmy (daresay scratchy) cling of a silk chiffon woven with Lurex. An avowed primary-color contrarian, Tait confronted red, blue, green, and ocher (his one concession) head-on, combining them into a vaguely Bauhaus arrangement that required a multistage process of stretching and re-pleating the fabric so that the motif appeared flawlessly flush. When he occasionally overworked a garment, presumably it was because he gives himself the luxury of time to consider it. Recently included on the short list of young designers for the inaugural LVMH Prize, Tait insisted that he did not let a hypothetical boost in exposure dictate the collection. He said he was surprised at how full-circle this lineup became, and he'd concluded that this personal plus a change revelation was reassuring. ""Regardless of whether you are pushing yourself out of your box, you find familiar territory everywhere,"" he said. Except, of course, Tait's terra cognita remains among the most uncharted in fashion today."
6398,"Threeasfour , they of the wildly inventive runway showsãthe last of which took place in New York's Jewish Museum and was accompanied by an exhibitionãchose to take the cinematic route this season, making a film starring the model Lily McMenamy. (It'll be released online in the coming weeks.) Created in collaboration with Alex Czetwertynski, the animator behind last season's video projections, the film depicts McMenamy walking a runway in a 3-D fractal environment, with music by Ratatat's Mike Stroud. ""We've created our own world,"" Gabi Asfour said at the design trio's Chinatown atelier, which looks like it's been washed in silver, from the sequined stools to the metal cabinets. Environment played a big role in the clothes, too. Topography was the theme, starting with the terrain of the human bodyãligaments, thumbprintsãand moving on to wood, rocks, and glaciers. Everything was on the spectrum of white, from frost to ivory to lavender-tinged, and the big technique was quilting, which was done by hand in-house. The coats, duvet-like in their loftiness, were each embroidered with a different topography taken directly from real-life occurrences. ""The fingerprints told us what to do,"" said Adi Gil. Many of the coats were partially lined in soft wide-wale corduroy for added comfort, with reflective details on a few of the collars. There was even a clear plastic jacket filled with pillow stuffing. ""It's like we captured a cloud,"" Angela Donhauser said. From the sheer bodysuit to the pieced-together minidress to the curved-placket blazer, each element was transformative. Threeasfour's signature curved hemsãnot a sharp corner in sightãwere as present as ever, although this collection was particularly gentle. Perhaps it was the layer-ability of the pieces, but the wearer looked protected yet also peaceful."
6399,"I've always wanted to reference the whirling dervishes, said designer Tia Cibani on Tuesday at her sliver of a studio in New York's Meatpacking District. For Fall, she did just that, turning to her native North Africa for more than a little inspiration. Today, the runway at her show venue, the Prince George Ballroomãa grand ol', just-decrepit-enough placeãwas lined with Moroccan rugs bought just across the street. Cibani's team handed out Turkish delights as favors, and mint tea was served in the lobby. The clothes followed suit, most obviously with elongated felt fezzes made by New York milliner Joy Kim. Each look was a study in layers and proportion. For instance, a pair of slim cupro pantsãtraditionally called churidarãwere worn under an A-line caftan, and a cropped, chunky, hand-knit sweater was paired with an above-the-ankle ball skirt in a ""Damascus rose"" brocade. That same floral was rendered digitally on a long gown, which skimmed the body at the front but billowed into a cape at the back. ""Collapsing volume,"" Cibani called it. Iris Apfel was also a muse. ""I was feeling very magpie,"" Cibani said. It came through in the multiple shapes and styles on offer, from a bergamot-colored coat nipped in at the waist with a leather belt to the leopard-print tunic and matching legging trouser in rusty red. Cibani managed to cast a burnished patina over the whole collection, giving each piece a sense of belonging."
