review_id,review
3400,"TSE Cashmere has a long history of collaborating with fashion talents. A refresher: There were both Hussein Chalayan and Narciso Rodriguez before Richard Chai and then Tess Giberson. The latest name in the company's cozy quarters is Jason Wu. Today, the young designer, who has actually produced the knits for his own label with TSE for three seasons, dipped a toe in the water with a capsule collection of 13 looks. Wu's goal was to merge his very feminine and polished sensibility with the ease of a favorite cardigan. ""I really wanted to push myself,"" he said at the presentation, where models stood obediently, each on her own fluorescent-lit slab. His balancing act was a decidedly attractive one. Pleated chiffon skirts peeked prettily out from hearty (or at least heartier than Wu's uptown fare) sweater dresses. He played the savage quality of a looped wool dress off a precise and proper tailored double-face cashmere coat. And a pleated and asymmetrically draped frock that he described as ""one of my dresses that went through the washing machine"" could snag him awholly new customer. Inspired by artist Robert Ryman and probably the endless innovative possibility of great knitwear Wu experimented all over with texture. It came together to chic effect in a look that paired a rough, marled charcoal wool tunic with a delicate cream chiffon skirt embroidered with tight, ink black scribbles. Wu's collaboration with TSE might be a one-off event, or it could be the first of several. ""We have to discuss further steps,"" he said. For what it's worth, it would be interesting to see Wu walk this way again. Shown opposite Wu's wares was the work of TSE designers Dushane Noble and Jessica Groom, who had taken a softer and more minimal route with head-to-toe tonal looks in winter white, slate blue, and burgundy. These reflected the label's typical luxurious and uncluttered ethos and offered a hint of American sportswear in the vein of Halston or Geoffrey Beene, aided no doubt by the knit turbans that topped several looks."
3401,"New York woke up to a coating of snow this morning, and while most could have done without sludge on their morning commute, Dennis Basso couldn't have been happier. ""What better thing to happen to a furrier on the day of his show "" he exclaimed excitedly. ""People will be thinking about getting warm!"" Basso offered his usual panoply of over-the-top options a broadtail and fox capelet, for one; a chinchilla, fox, and feather jacket, for another. Getting warmer? In recent seasons, the team has been working to perfect a unique mesh-netting technique. Pelts were backed by a silklike webbing on the aforementioned capelet, and it had an unusual lightness and buoyancy as a result. It's details like these that have won the designer such a loyal fan base. What Upper East Side doyenne wouldn't approve of a pair of raccoon and alligator ""pockets"" (fur-lined hand warmers attached to the ends of an alligator belt, to be strapped over her favorite top)? If that sounds decadent, it was, but you don't go to Basso for understatement. Even the pants, slim and made from ribbons of cashmere and stingray, were constructed to command a second look. Worn with a sheer black top with epaulets, they were clearly an attempt to woo a younger audience. Generally, Basso has made progress in crossing the generational if the not the uptown-downtown divide. Still, that special spark that in collections past has made his furs feel quite modern was missing. The coats are so gorgeous, though, his core clientele probably won't care."
3402,"Cerruti , the French tailoring label, hasn't had much of a profile in womenswear for several seasons, but on October 1 last year, the company signed the London-based Australian designer Richard Nicoll to revive its credibility. In the short time he's been there (while shuttling to and fro on Eurostar), Nicoll has identified the house strength in daywear and set about recasting it for a modern woman's working life. One of the ways he does that is through tonal color, matching cranberry shades in a single look, then grays; moving into a strong passage of petrol, teal blue, and navy; and then into unconventional pastel tones of apricot and beige-pink.        Yet being allocated the last-but-one slot in four weeks of shows didn't do the management any favors. While scores of editors were streaming home after Herm's, or struggling in traffic across town to make Miu Miu, Cerruti had chosen to show in the bleak, out-of-town cluster of abandoned warehouses the Chambre Syndicale of Paris has christened ""Halle Freyssinet"" and which some international fashion professionals have taken to calling ""Hell."" Overall, there was not enough here to make a fair evaluation of the soundness of Nicoll's ideas about dressing working women. His mohair knits certainly have a fluffy appeal, as does the windowpane check tailoring, but notions like pants in see-through perforated fabric and latex skirts and leggings aren't going to fly. Next season, Cerruti would be better off taking their presentation back home to their classy, light-filled showroom in the center of Paris, walking distance from where their customers live, work, and stay on business."
3403,"Martin Margiela may have irrevocably left the Maison, but at least he can rest easy about what they're doing in the house with his name on it. Last season, to the mortification of all who've loved the label, it was as if the studio had been overrun by a bunch of rudderless assistants who got the wrong end of the stick about Margiela's brand of conceptualism. Maybe they'd been traumatized by the internal changes. Now, however, despair among the disappointed faithful has lifted. What appeared on the runway is satisfactorily back on track for Fall. It's the twisting and exaggeration of the classic canon of dressing that has always made Margiela attractive. This season, that knack resurfaced just in time to rejoin the general fashion agenda as it searches for excitement in the design of coats; the look of tailored pants and knits; and the ongoing tussle over whether a skirt should be long, short, or, there again, neither. The Margiela overcoat has a new sleeve, widely curved backward in a flattish, geometric way that, after several reiterations in beige leather, red wool, and a gray peacoat, looked groundbreaking and desirable. The contribution to pant design is more experimental. In one instance, it's only an illusion tailored at the front, tights at the back but in the other, wide-legged and elegantly cut from menswear fabric, it's almost the most accomplished shape of the season. Take away the wide, stiff, padded waistline (and let's hope they do, when it's delivered at retail), and it could be another in the long tradition of killer pieces that made Margiela such an under-the-radar commercial success among the cognoscenti. They'll also be making a beeline for the beige or gray turtleneck sweaters: Something about the slightly loose rumple in the neck is perfectly judged for now. Or, while there, they may hover over the idea of investing in a latex T-shirt or pencil skirt (sounds mad, but it has the whiff of the kind of Margiela notion destined to become normalized later down the line). As for the skirts? They were worn either as knee-length pencils trailing sheer panels behind, or as longer chiffon transparencies, a compromise between leg-show and breaking the tedious habit of short and tight. There was a lot more in this show the use of velvet, color, and the funny furry headpieces with giant earflaps, for starters that is certain to be pored over, assimilated, and regurgitated in more accessible ways by others. That in itself potentially puts Maison Martin Margiela back in a position of intellectual leadership, where it belongs. But far more important is the fact that this collection has clicked back into line with what its frustrated, grown-up fan base wants to own right now."
3404,"Ah, Costume National : the label where hems must be high and leather isn't so much an option as a staple. There is nothing wrong with this kind of molto-sexy-with-a-tough-edge signature style after all, it's far better than the brand having no style at all. But you sometimes suspect that designer Ennio Capasa and his label would be better served by showing the collection at home in molto sexy Milano as opposed to tr's chic Paris, where the show can come across like a thigh-high boot accidentally placed in the kitten-heel section of a shoe store. Yet perhaps the city is rubbing off a little on Capasa, because this was a relatively toned-down collection. Sure, the hems were still up around the hip-bone area, but the clothes themselves came in soft grays and browns, wool and mohair a cleansing effect after last season's leather short shorts. There were some very good trouser suits that achieved Costume's necessary sexy quotient, thanks to the excellent fit. The cleverly morphed thicker materials of the short dresses that wool and mohair almost seemed designed to distract the eye from the models' upper thighs, although perhaps that only works on fashion editors as opposed to, say, footballers. Quite how any of this fit in with Capasa's surprising source of inspiration, Henry David Thoreau's Walden , a nineteenth-century book about self-imposed isolation and self-discovery, is anyone's guess. Maybe it just suggests that Capasa is beginning to resist the Italian nightclub scene, staying home instead with a good book and a cup of cocoa. Well, a good book and a glass of Champagne."
3405,"Jun Takahashi hasn't put on a proper sit-down fashion show in three seasons. Being away from the big stage that long has gotten him thinking about the perversity of creating two separate collections, an editorial one for the runway and a more sales-friendly one for the showroom, so this season he decided to do just the latter. The clothes he's made for Fall are firmly rooted to real life so firmly, in fact, he hired his wife, Riko, to model them in front of projections of everyday scenarios like the grocery store, the street corner, etc. Takahashi wears a leather watch printed with the words ""Less but better,"" and that continues to be his mantra. Coats, for example, are made from as few separate pieces of fabric as possible, while jackets are reversible, with fleece, that everyman fabric, on one side and silk on the other. He hasn't abandoned luxury entirely: Another jacket that looks like fleece is in fact sheared sheepskin, and his olive-drab fatigue shirt comes in washed silk. Still, the wittiest elements of the collection poke not so subtle fun at the trappings of wealth: a Globe-Trotter trolley suitcase whipped up in nylon, a Birkin made from colorful, outdoorsy backpack material. It can seem a bit disingenuous, or at the least like he's jeopardizing his own livelihood, when a designer starts preaching an antimaterialist message as Takahashi has his nylon eco bags read, ""Not buy unnecessary things."" In this case, though, there's a certain logic at work. With his focus on T-shirts, jeans, and sporty outerwear, the Undercover operator is simply pushing this season's emphasis on practical chic to the limit."
3406,"To describe Fendi as verging on reserved and sober when there was a white lynx coat right there in the middle might seem fashion-delusional, but even the Roman home of superdeluxe furs has indeed caught the season's mood of restraint. In this winter, when all leading designers are concerned with calming and reshaping the silhouette, Karl Lagerfeld seemed less interested in showcasing the furriers' storied technical fireworks than pulling back to work on swing coats; soft, billowy blouses; mid-calf dirndls; and a slightly countrified, muted palette of gray, navy, beige, and mustard. Even the footwear was a play on the sensible and utilitarian. Not teetering statement platforms but high-heeled booties detailed with ribbed rubber toe caps and top lacing akin to Wellingtons or the muckers that horsey girls wear in the stable yard. It's all relative, of course. Backstage, and close up on the racks, there was more state-of-the-art fur expertise in evidence beyond the patchworked coats and vests (and that exceptional lynx) visible on the runway. The passage in what could pass as camel hair was actually shaved beige fur. The velvety nap of the eveningwear was constructed from ribbon strips of organza and fur, too. Still, from the point of view of the current drive toward chic practicality, it was the least showy coats the simple, narrow, collarless suede cardigans with shearling on the inside that could turn out to have the greatest fashion appeal in reality. Which is what it's all about now."
3407,"Something of the sixties keeps bobbing up on the runways this season. It was there at Prada and Rochas, and now not entirely surprisingly, since it's often the designer's beat at Giles , giant beehives and all. This time, Giles Deacon found his way into it by looking at the work of the contemporary Dutch photographer Erwin Olaf . The designer said he was aiming to catch the spirit of ""slightly disconsolate girls who might be from the sixties or somewhere in the future. Or maybe on a starship."" If it didn't count as one of the season's more rigorous work-throughs of sci-fi and sixties themes, it gave Deacon the excuse to crush some of Fall's trends together: a palette of browns and orange, A-line skirts, cropped versions of winter's new flares, metallic brocade gathered short skirts, and a shearling jacket. The last had a big collar styled (if you looked at it one way) like an Apollo-mission space suit. Toy-shaped handbags a gonk and a gremlin made for Deacon by Katie Hillier, and funny metal ""cloud"" headdresses by Stephen Jones gave a spoofy cartoonish spin. Still, there's a sense that Deacon is having a harder time attracting attention among the Paris competition than in his native London. This season, to get the slot he wanted, he went off-schedule, causing a certain amount of disruption to the first night of the Paris shows."
3408,"Oscar de la Renta hasn't let the Great Recession get him down. His outlook and his collections have remained as vibrant as ever, but his latest effort was his most gilded and audacious in a while (intriguingly, not unlike that of his compatriot in style Carolina Herrera). Channeling the eighties with big, feathered 'dos and glossy makeup, his models wore day looks in lush fabrics and bold colors, like a cinnamon alpaca coat with an orchid alpaca collar or a pumpkin floral long-sleeve silk mikado dress. And how's this for rich: a silk-faille dress and jacket, a cashmere scarf twisted around the model's head, and an umbrella, all rendered in digital astrakhan print? De la Renta hardly skimped on embroideries, either, decorating the hems of long, straight skirts with tilelike mosaics of fabric above a ring of nutria fur. The ladies of Park Avenue will be mighty pleased indeed. Evening, interestingly, was a slightly more nuanced affair, and it skewed younger, too, targeting a Hollywood set. Jessica Biel and her stylist sat front and center. There was a subtle knee-length stunner in beaded lace jacquard and a black double-faced coat embroidered in a similar Art Deco style, as well as a rather cool-looking matador's organza blouse and high-waisted black pants with fans embroidered down the sides. But de la Renta focused most of his after-dark efforts on glamour gowns. The highlights of the bunch were a silvery cowl-neck column with a lamé skirt and a dove-gray organza long-sleeve style with touches here and there of glittery beads and scads of fluttering ruffles at the hem. A black faille number bustled in the back was made for grand exits. Oscar knows his woman doesn't want to fade into the woodwork; with this confident collection, there's no chance of that."
3409,"When you strip away the facade and the fandango of fashion, what's left that matters? In many ways, those soul-searching questions are the subtext of the season, as the industry strives to re-anchor itself in fundamental values after a decade spent sucking up to celebrities and, increasingly, pumping out overpriced pseudo luxury made in China. In Milan, Dolce & Gabbana marshaled their response to the call for authenticity and a reconnection with every woman who's been a frustrated, alienated shopper over the past few years: Simply, yet movingly, they showed their classics, and how they make them. In a video, Domenico Dolce was seen expertly running tailor's tacks into the lapel of a jacket in the studio as he learned at the knee of his Sicilian tailor father while Stefano Gabbana sketched, took measurements, and finished one of the curvaceous Italianate sex-bomb dresses the pair made their own 20 years ago. Alone, those scenes could have been self-aggrandizing, but the real kicker was the way the designers handed over the spotlight to the skilled, white-coated women and men in their ateliers who craft their product. At the end, as at the Marc Jacobs show in New York, it had hard-bitten members of the audience running backstage with tears in their eyes. Dolce & Gabbana are facade maintainers and fandango-dancers with the best of them, but they hit a nerve in making the information in this show intimate and personal, as well as instantly available across the globe via live streaming. Perhaps the level of that exposure cuts out the need for too much explanation of the looks they put out. Aficionados will note the very new: the fact that quite a large proportion of the dresses and suits were knitted. But what really matters? That what Dolce & Gabbana does remains, immaculately, the same and there's evidently still so much enjoyment and passion in the making of it."
3410,"Portraits of Madame de Pompadour, the paintings of Fragonard and Nattier what could the frills and curlicues of the rococo have to do with the digital print revolution? ""Yes, it's excessive, and decorative, and I know everyone else is talking about minimalism,"" shrugged Mary Katrantzou , backstage after her show. ""But I knew I needed to go a little outside the stuff I've been doing. And I do like a challenge."" She was referring to the need to feel her way into new silhouettes as well as to find some way of breaking out of the kaleidoscopic swirls and sharp-angled geometric explosions that have characterized the sensational prints coming out of London in the last two or three years. Katrantzou, a print and textile expert, has been at the forefront of inventing a new visual language that has stunned fashion with its novelty a language Alexander McQueen was also using fluently in his last two shows. Her problem, rightly anticipated, is that novelty quickly becomes clich? and a cheap T-shirt dress on a market stall. To keep things interesting, Katrantzou knows she has to do something more sophisticated than a placement print on a shift dress. This time, she merged photographic images of lace, jewels, ormolu, medals, and sashes in ways that vaguely recalled Gianni Versace's more-is-more scarf prints, and she sculpted some of them into shapes that echoed parts of military jackets. Printed vest-jackets, a couple of Napoleonic coats, and a frothy frill-front shirt added bandwidth to her offer, too. Still, the effects, though interesting, seemed slightly stiff and forced until Katrantzou let herself go at the end, sending out a couple of dresses that combined asymmetric bodices, lace patched against print, glints of metallic, and cascades of half-trains trailing off at the side. Somehow, they succeeded in hitting a note of oddness that seemed new."
3411,"Once a year, the graduation show of Central Saint Martins ' M.A. course gives not just a sighting of new talent but, increasingly, a strong fashion direction of its own. The class of 2010, to judge from the 22 collections on Professor Louise Wilson's runway, is over the short, tight, sexy, glittery, printed things their elders are still turning out. This cohort likes geometry, flat planes of matte fabric, and pleating. They sculpt 3-D shapes in tailoring and jersey, knit raffia into amazing volumes, and push silhouettes to new attenuated-ly elegant proportions. Is this a uniquely London thing? Only in its precociously professional standards of production and finish. (Professor Wilson demands no less.) In fact, the student body at this school is a truly international mix. Most of this year's graduates are Scandinavian, Asian, Russian, and American, with only a smattering of Brits. That's the nature of British fashion education now, and its energy feeds back into the vibrant multiracial culture that has been seeded in this city over the past few years. When they leave, these individuals will have internalized a sense of who they are and what it means to be original. Some will go on fully prepared to take up responsibilities in design teams around the world. Others, more likely, will want to stay in London, ready to compete with each other in a capital that, despite the recession, continues to encourage young designers to set up on their own."
3412,"Scottish newcomer Graeme Armour shared his Valentine's Day time slot at Milk Studios with three other labels. If he was the least well-known, he won't be for long. The Central Saint Martins grad, who worked closely with Alexander McQueen for three years, has a clever eye for cut. He demonstrated that here by slicing wool or leather into edgy jumpsuits that reveal almost as much as they conceal. He's also got a showman's sensibility for artful details. How about those pewter leather pants with their tiered ruffles? Or the crocheted black leather tank and bomber that were less flashy, yet displayed an equally impressive level of workmanship? Pieces like those will tempt the big-name stylists who turned up, but let's hope Armour keeps experimenting with more everyday items. Thanks to its asymmetrical drape, his deceptively simple crisp white shirt was anything but ordinary."
3413,"After last season's seating snafus at the Bryant Park tents, Ralph Rucci decided to use the large space in his Soho atelier as he'd always intended to as a salon-style show venue. Stalwart fans like Martha Stewart and Deeda Blair were there, as was Andr? Leon Talley, who's turning the designer into a household name, wearing custom-made cloaks of Rucci's creation in his new role as a judge on America's Next Top Model . Up close and personal, you could really appreciate the remarkable techniques and exquisite indulgences Rucci is known for. Say, for instance, a cocktail number made from panels of black tulle with feathers suspended inside, or another pieced together from individually cut swatches of ivory chiffon, each embroidered with its own guinea-fowl feather. The designer spared no expense with day looks either, splicing wool jersey dresses with panels of asymmetrically hand-tucked taffeta and tulle, and quilting silk moir? and cashmere jackets and coats along the lines of the moir? patterns. They'll cost a fortune, but hey, they're reversible. The furs, too, were something to marvel at, be it a sable and horsehair coat that spiraled around the body like a slinky, or a younger, hipper style knit together from mink and fox. Young and hip aren't adjectives necessarily associated with this designer, but how else to describe a body-loving, plunge-front floor-scraper in matte black sequins? Rucci has had trouble connecting with the downtown crowd in the past. This show could go some way to correcting that. For starters, now they'll know he's in their neighborhood."
3414,"Cacharel is to France what Liberty prints are to England, or L.L.Bean is to America: a heritage brand that owes its appeal more to sentimentality than cutting-edge style and that is not necessarily a bad thing. Often the best fashion moments come from an emotional reaction, as opposed to a sober bit of chin stroking about the sophistication of cut. But in the past few years, Cacharel has become better known for its revolving door of designers than its association with seventies vacations in Deauville. Moreover, the designers who came and went including Britain's Clements Ribeiro and Eley Kishimoto had pretty much taken the sentimentality shtick as far as it could go, with their sepia-tinted prints for the brand. For a while, Cacharel looked in danger of miring itself so much in the past it could well be swept back there. But Cédric Charlier, the latest designer to take control, has done something very smart in this, his second collection for the label: Not only is he taking Cacharel forward, but he is taking it toward a gap that very much needed filling. Now that Miu Miu has gone so defiantly upmarket (never refer to it as a diffusion brand in Miuccia Prada's presence that's a hot tip), there is little left for quirky teens and twentysomethings who want to look good but also pay their rent. Ladies, meet Cacharel. Charlier who worked with the impressive likes of Michael Kors at Celine and Saint Alber Elbaz at the Church of Lanvin played on Cacharel's floral associations in this collection, but with a darker and thus more grown-up twist. Mini and oversize rosette patterns were against a black background, undercutting the sweetness, and there were some excellent floral dresses with sophisticated folds and pleating. Similarly, the winter coats were oversize with shoulders sloping downward, proving that Cacharel can join in on the trends seen in some of the more haute labels this season not least at Lanvin, where there were some strikingly similar toppers. Alber, you have trained your man well."
3415,"The wood-cabin set and video images of snow-covered peaks were all the clues you needed, but if you had any doubt you were in for an apr's-ski extravaganza at D&G , the first look settled it: Natasha Poly came striding out, all legs in a red and white snowflake sweater bodysuit complete with rhinestone-covered goggles pushed up on her forehead and furry mukluks on her feet. Theme cheerfully established, Domenico Dolce and Stefano Gabbana worked their way through all sorts of cheeky winter-vacationland motifs. In addition to those snowflake sweaters, there were all-in-ones, belted cardigans, and full-body ski suits in reindeer hand-knits. Charcoal gray cable sweaters, meanwhile, were cut into the duo's signature bustier dresses, and Dasher and Dancer pranced across sweet, floaty printed chiffon frocks or blouses layered under fitted vests. And there was a lot more fur where those boots came from on cardigans, skirts, and even bloomer shorts. Who'd want to leave the lodge when you could lounge around in those all day? Insiders will recall that the designers sent ski bunnies down their runway four years ago when the Winter Olympics were in Turin. That's practically ancient history in fashion time, and even if they do remember that the duo has visited this territory before, the line's young fans hardly care about that. What they want is fun, sexy fashion, and that's what Dolce and Gabbana are giving them by the sleigh-load this season."
3416,"By the time soundtrack supremo John Gosling blasted the room with Bow Wow Wow's ""Go Wild in the Country,"" we'd already gone there. The presentation for Topshop's Unique collection was a sensationally feral romp through the great outdoors. Opening with the relative primness of a boy-scout uniform cut into a tiny little khaki jacket and matching short shorts (covered with badges), it careened at record speed through distressed leather parkas lined with shaggy shearling; the longest, most languid knitwear with wolves and owls tangled in the complex patterns; and wood-nymph-worthy chiffons printed with mushrooms. There was so much wit and ingenuity in the clothes that you felt mushrooms might even have been involved in the creative process. Take the lustrous fake fur that looked better than the most ludicrously deluxe mink coat. (And if you don't take it, there will be thousands who do, come next winter.) Or the sexy take on functional old oilcloth, cut here into a fitted jacket with a swooping flare in back. The reconfiguration of country classics produced a chic shearling-lined duffel, a herringbone jacket harnessed to the body, and farmer's daughter's dresses in jersey, hotted up with strips of leather binding for a corseting effect. One coat trailed a giant tangle of feral bits and bobs, like something from an Inuit shaman's tent. It was the kind of chaotic fashion piece that exerts a primal tug. And everything contributed to that mood at Unique: Emma Cook's animal masks/hats, Hannah Murray's brilliant wild-child eyebrows, Paul Hanlon's hedge-bush hair, and, most of all, Katie Grand's pull-it-all-together-then-tear-it-apart styling."
3417,"Finally , Fall fashion acknowledges the Copenhagen conference on climate change. Charles Anastase called his new collection ""Winter Garden"" to mark the discombobulation of a world where exotic summer fruits and flowers are available in the chill dead of winter. His message was slightly diffused by the fact that he chose a woman he called ""a crazy gardener"" to embody the concept. That immediately made me picture the eccentric chatelaine of a grand English estate. Was I wrong? There was certainly enough eccentricity to indulge anyone's random reading of the clothes. Proportions were elongated: high-waisted pants flaring to the floor; dresses long, clinging, with a kick pleat; coats huge and blanketlike. This chatelaine probably lived in the forties, but the seventies certainly loved her style, particularly those pants. Though Anastase chose cheerful colors like pink and yellow, he also opted for heavy felted wools. In keeping with the climate-change warning (one model had a skull painted on her face), there wasn't much levity. What little there was came in the form of a plissé smock over Chinese silk pants (now, that is crazy gardening) or the outfit that featured a drop-waist yellow dress draped with tulle covered in naïf appliqu's. I'll give Anastase one thing: He creates images that spin around your head for hours."
3418,"On the evening of the Olympic opening ceremonies in Vancouver, Canadian Jeremy Laing paid tribute to some of his country's vast natural resources. ""There's Northern elements but presented in a refined way,"" the 29-year-old Toronto native said of his Fall collection. ""It's not about trapper style."" A long, hooded maxi dress was printed with an interpretation of a Pacific First Nations print, and the incredible lightweight fur coats (a first for the designer) were made of beaver, raccoon, and muskrat pelts sustainably hunted in the Canadian wild. Also noteworthy was the new knitwear line, in particular a sumptuous, four-gauge, oversize wool sweater with 3-D dots. All told, Laing was savvy to shift away from the complicated architectural silhouettes he has emphasized in the past to focus more on texture and surface."
3419,"The setting wasn't lacking in drama. Luisa Beccaria held her show in the grand Maria Teresa Hall of the Braidense National Library at the Brera Museum, and for musical accompaniment she hired Passionata, a British opera quartet who sang and emoted like divas. That's a lot for this dress-centric collection to live up to. Did it? Well, the lineup was overlong and suffered at times from heavy-handed styling (knee-highs, ankle socks, and Mary Janes spell overkill in anyone's book). But in the end, yes, the collection was wide-ranging enough to please all of Beccaria's constituencies, from Hollywood types to longtime fans of her girly frocks. For the actresses, there were a number of red-carpet contenders: a navy and black sweetheart strapless taffeta gown, a red charmeuse siren column, and a dusty rose chiffon floor-grazer with ruched skirt and rosettes embellishing the bodice. For those whose lives don't revolve around awards shows, there were other options: The sweater dresses had a sweet charm, as did a few party numbers embroidered with scallops of frilly tulle. The designer also diversified a bit, layering cozy wrap cardigans over a lot of her dresses, and adding some tailoring to the mix. Feminine tailoring, that is. Where Beccaria goes, ruffles are never far behind."
3420,"The inversions that climate change is causing in nature are grabbing attention in every other arena, so why should fashion be an exception? Todd Lynn 's inspiration was twofold. The hunter captures and wears his prey, then the tables are turned: The hunter is captured and caged by the game. In other words: Nature finds a way to deal with man. It was an admirable and in its own dark way reassuring message, but it was somewhat obscured by Lynn's sinfully sumptuous materials. The hunter's prey was symbolized by fox furs from Saga, which the designer draped, shruglike, over a taupe leather jacket or a felted wool coat. The cages were a little easier to cope with. They were woven leather, exaggeratedly straddling the torso. You'll notice that, in both instances, the emphasis was on the shoulder. Lynn went for a pagoda silhouette in his more ""low-key"" pieces, like the wool jacket with linebacker leather inserts, or the gray jersey jacket that also featured built-out leather shoulders. The combination of cloth and skin was a step forward in a softening of Lynn's usual hyper-tailored aesthetic. Another significant advance with this collection was the overall use of leather, braided into strikingly dramatic outerwear. Climate change or not, Lynn continues to cover a narrow waterfront, but he's mastered a balance between provocation and desirability. And, although they were separated in today's front row by his old boss Roland Mouret, we have him to thank for London fashion week's oddest (semi-)couple: Janet Jackson and Soft Cell's Marc Almond. Imagine the sweet but strange music they'd make together."
3421,"This morning's Philosophy di Alberta Ferretti show an intimate seated salon affair couldn't have been more different from the label's past few presentations. Those always seemed more like a cocktail party that incidentally had models stomping up and down a runway. ""For five seasons we have been doing the same situation,"" said Alberta Ferretti after the show. ""For this, it is important to see the dress."" She was right; these clothes were worth studying without the distraction of a glass of Champagne or an air-kiss. The designer revisited the boy-girl thing that she loves to explore, but there was a newly elevated level of polish to the luxuriously tailored officer's coats in wools and thick buttery leathers and their counterpoint of romantic lace dresses. To that mix, Ferretti injected a naughty-edged propriety with glossy black Victorian lace-up knee boots and beautiful high-starched collars with laser-cut edges and lace insets. There was more of that duality on chic coats that were plain and proper in front and turned to reveal a sexy and chic flare of pleats. Awards season is coming up, and evening is an important element of this red-carpet staple. One standout: a pale gray bias-cut gown made of various layers of lace and sequins topped with a slim ruffled knit and white collar. It may not be for every girl, but we'd give it Best Dressed on the right young starlet."
3422,"Jonny Johansson's world has been invaded by droids. As the father of six- and three-year-old sons who are obsessed with The Clone Wars cartoons and collectible figures as only small boys can be, he shrugs, ""We have to watch it and play it all the time. It's sort of embarrassing, but that's where my inspiration comes from always close to home."" Not so embarrassing, actually, since the domestic goings-on at Johansson's house in Stockholm this winter happen to have landed Acne 's Fall collection plumb in the center of Planet Fashion's current sci-fi-tinged fantasies. Led by Iris Strubegger, the models who flew into London for the show had spray-painted foreheads and greasy glitter around their eyes and stomped onstage wearing cartoonish boots with Lego-like soles, dressed like some postapocalyptic alien militia.     The vibe gave Johansson a formula to upgrade cool Nordic streetwear to a fashion level drapey fatigues, banana-shaped pants with zippered ankles, jumpsuits, oversize sweaters, and scarves wrapped as hoods. The most outstanding piece: a rough-hewn patchworked, primitive-looking long-haired jacket that was a grunge-luxe upgrade of Acne's best-selling aviator shearling. It could easily be taken for fur, but as Johansson put it, ""Nope. All sheep. They brush them these days."""
3423,"For Fall, Rachel Roy built right on top of her pre-fall range, seen just over a month ago. While that collection took Moroccan military gear as inspiration, this time the designer wanted her fictional muse to embrace opulence in the same North African setting. But don't cue the Cleopatra headdresses just yet, although there was certainly plenty of bright sparkle and shine here, from a fully crocheted gold dress and jacket early on, straight through to the finale: a silver column gown crusted all over with pearls. What was most interesting here were Roy's attempts at balance, which she views as her ongoing struggle, both personally and professionally. Here she played it out in a teeter-totter between masculine and feminine, sending out languid, almost athletic suits to counter party dresses with gathered waists. That search for balance seemed to bleed into her silhouettes, which have often been criticized for trying to do too much but were newly streamlined and sophisticated. You could see that perfectly in an evening look that Roy described as an Oscar dress for someone who wasn't nominated: a silvery black cable turtleneck paired with a long floral jacquard skirt. It's a look that would immediately make a woman the most confident, coolest, and chicest in the room, or on the red carpet."
3424,"The fierce urban warrior of seasons past may be giving way to cozy layers and a more relaxed vibe on other Fall 2010 runways, but Elise  verland isn't abandoning her signature rocker-chic aesthetic. ""I just stand in front of my closet and decide what I want to wear in order to feel modern,"" the designer shrugged, speaking to Style.com in her studio two days before her show. For Fall,  verland's feeling velvet, in particular a menswear-inspired suit with echoes of Mick Jagger and a tuxedo-style wrap dress with strong shoulders. Leather of course is also on her radar, turning up most notably in a black suit comprising a boxy moto jacket and slim pencil skirt, as well as a striking tonal red ensemble featuring a cropped jacket and form-fitting suede dress. ""I didn't do as much leather this season, because it's hard to wear every day,""  verland explained. Maybe for the average person, but we're willing to bet the gaggle of art-world beauties cheering on the designer's stick-to-her-guns collection can pull it off."
3425,"Joanna Sykes is mesmerized by math. ""It's all about the triangle,"" she insisted, pointing to the construction of her new collection, which was shaped by the geometries of Islamic textiles. There may indeed have been a good deal of craft involved in their creation, but in reality there was nothing so esoteric in the clothes themselves, which made a feature of bold proportions and exceptionally tactile fabrics, like the wool alpaca with a ponyskin feel. Sykes cut it into sexy little shorts, shown under a black jacket in leather so fine it felt like lambskin. Those same shorts would probably look good under the parka in a camel wool cashmere. Sykes used black tape for drawstrings, a striking touch. Her draped dresses cool in lilac, hot in orange had a twenties feel which, with the mathematical undertow, brought Vionnet to mind. It's not such a bad echo for a designer on the rise. As before, Sykes showed her clothes on different generations of women. Daphne, aged 81, wore a black suede biker jacket very well."
3426,"Alice Temperley's Fall presentation was a smart, sophisticated salute to British style, inspired by classic Norman Parkinson photographs, some of which lined one wall at Milk Studios as an aide-m moire. The other wall was hung with Adam Whitehead's portraits of modern beauties Erin O'Connor, Susie Bick, Liberty Ross, Yasmin LeBon wearing outfits from the new Temperley collection. If the photos bridged the decades, the clothes did, too. The designer compiled the most iconic British elements and styles to make her own statement: the striped boarding school blazer retailored, for instance, or the Union Jack reconfigured as a bold knit dress, like a distant memory of punk. The Crown Jewels were referenced in the gems that decorated shoulders and lapels. Combine that shine with the graphic geometry of many of the clothes, and you got a distinct Art Deco feel. It was explicit in a white crepe gown that brought to mind Deco's Egyptomania. On the other hand, a chartreuse cardigan draped over a striped suit made me think of afternoon tea with Diana Cooper, with a wacky little something slipped into the teapot. A Parkinson moment, if ever there was one."
3427,"Effectively, this Fall is Peter Copping's debut as a full-fledged runway designer after spending a decade as Marc Jacobs' right-hand man at Louis Vuitton. Though he's been at Nina Ricci since last spring, this collection was the first to be given an official on-schedule show since Olivier Theyskens left the house. What Copping showed certainly demonstrated a distinct departure from Theyskens' high-drama, dark Belgian romance. At first sight, Copping's take on Nina Ricci is much more flowery and safely feminine, full of pretty, just below knee-length satin slipdresses; 3-D haberdashery floral appliqu's; and hints of the Belle  poque in bustle-back skirts. That part of the collection, as well as the four long finale dresses, seemed to be positioning Nina Ricci as the Parisian answer to, say, Alberta Ferretti or Collette Dinnigan. That's a respectable thing to be aiming for commercially, but looked at from the creative angle, Copping still has to assert himself as a designer with his own voice. A lot that was on the runway looked too much like holdovers from his days at Vuitton, where Marc Jacobs handed him sole authorship of cruise and pre-collections. Still, new house, new start; and by next season, maybe the distance will have given Copping the chance to whip up a new raison d'être for the Ricci label."
3428,"Following Spring's ode to East Coast beach towns, Derek Lam 's Fall collection was a celebration of the American West. ""Hasn't everybody at one point or another had the fantasy of being a cowboy? A cowgirl "" he asked backstage. Well, as grounded in reality as his chic clothes looked today, even gals who never dreamed of life on the range will find plenty of stuff to like. Despite the fringe, the blanket embroideries, even the Albertus Swanepoel-designed cowboy hats, the mood remained decidedly urban. That's partly because Lam showed so many statement coats, a city woman's must-have if ever there was one. His customer can choose from streamlined caramel moleskin with black vintage-leather sleeves, a black and white knitted fox cardigan, or a sand-colored shearling bomber edged with dark-brown leather. The other factor that made this collection look so right was its strict, tailored silhouette. The charcoal silk gazar flaring trousers shown with a shrunken marled wool sweater and a terra-cotta suede apron belt are contenders for the pants of New York fashion week. As for the wooden platform boots he showed with them, we saw so many approving nods from the audience, it's certain there will be wagonloads of girls eager to rustle up a pair. Another positive note: After a year's absence, two floor-length dresses made the runway, one in black crepe jersey with a plunging cowl neck and the other in draped ivory silk jersey. The recession may not officially be over, but Lam's clearly feeling optimistic. Nowadays, few things are as seductive as that."
3429,"It's ironic that Wolfgang Joop, who once made his living putting men and women in power suits, has become such a maximalist. For Fall, he appeared to have looked to Spain or perhaps the Argentine pampas for inspiration. The first outfit featured a striped and fringed horse blanket tossed over the shoulders, and from there Joop went on to turn those blankets into all manner of blazers and trenchcoats, with leather buckle closures and fringe lining the arm seams. But as strange as they sound, they worked; he can still cut a mean jacket. There was also a good-looking shearling aviator and cool leather perfectos cropped high underneath the armholes. On the more feminine side of the story, the designer showed draped scarf-print dresses trimmed with fur in a manner that echoed what Galliano had done earlier in the week. Other frocks came with large, multilayered accordion-pleated ruffs at the shoulders or heavily scalloped yokes, which gave them a costume-y sensibility out of step with the season. There were some decent outerwear pieces here, but now would've been an opportune moment for Joop to have fully re-engaged with the tailoring that was once such an integral part of his oeuvre."
3430,"The last several seasons have been challenging for small brands like Raffaele Borriello's Requiem . But according to the designer, business is picking up. Credit that to his timely introduction of lower-priced elements like embellished knits, coupled, on the other side of the coin, with a stubborn refusal to skimp on luxe fabrics or his preferred way of piecing them together into one frock. Predictable little black dresses aren't Borriello's cup of tea. Instead, a Fall cocktail number might come with gazar sleeves, a charmeuse bodice overlaid with mesh, and a skirt made from a leather look-alike wool. Other designers may be editing out long evening dresses from their shows, but not Borriello, who describes his label as ""an end of the afternoon-into-evening collection."" His most charming floor-grazer was a feminine take on the tuxedo."
3431,"For a softly spoken Canadian knitter from the forest fringes of Winnipeg, Mark Fast has certainly made a lot of headway. Since last season's show, he's become a champion of size-inclusive modeling a stroke that made him headlines the world over and launched a second line of stretchy underwear and body dresses named Faster. So far, so impressive, but such is the voracious speed of information absorption that Fast was in the position of having to pull off something extra for Fall. Was it there? In part. He opened with a flowing, nut-brown silken poncho dress and a cranberry suede gored skirt and jacket that announced that he's aware more needs to be added to his short, tight, stretchy repertoire. Waterfall scarf trails and flippy skirts in viscose knits recurred here and there, but mostly he kept to his tried and tested device of matte, elastic open-stitch cobwebby knits, engineered to cling to everything you've got.  There's no doubt Fast should be applauded for continuing to use plus-size models. Carrying that through for a second time not only showed integrity but made it look almost normal practice or at least not as novel as it did at first. Still, now that he's set himself the admirable goal of making everyone feel great about her shape, Fast has a way to go to see it through. There were glitches in the underpinnings and kinks and creases in the fabrication that (literally) needed to be smoothed out in this collection for it to seem 100 percent gorgeously convincing for all."
3432,"The shows are just getting under way, but it's a safe bet that clean minimalism will be one of Fall's big stories. That's good news for Lyn Devon , who's been focusing on timeless, well-tailored separates for a while now. Her latest collection featured a cropped leather tee and skinny suede ankle pants both very of-the-moment pieces but when paired with, say, a long, belted cashmere vest or a wool sweater tied around the shoulders, the silhouettes evoked classic American sportswear more than the latest trend-driven offering. ""This collection is not about anything fussy,"" the designer explained. ""It's very straightforward."" A black wool jacket with oversize pockets covered in acid yellow sequins felt unnecessarily busy, but on the whole, Devon's sharp designs should resonate well with buyers this season."
3433,"Cactus Flower . If this one hasn't made your Netflix queue, it's time to add it. Marco Zanini based his third collection for Rochas on the half-forgotten 1969 romantic comedy starring Goldie Hawn and Ingrid Bergman, an odd couple if ever there was one. ""It's a smiley collection, joyful,"" he said beforehand. ""I did a lot of playing with materials and colors that are weird together."" He wasn't wrong there; this was as zany and retro as anything we've seen for Fall. The through line with his more sedate Spring outing: color. Zanini has a fearless way of taking, say, a slate blue jacket festooned with a navy ribbon bow on the hip pocket and mixing it with a turquoise skirt, a yellow lamé blouse, wine-colored gloves, and gold-piped blush satin pumps. His color sense wasn't the only thing daring about this collection, which was simple in its lines but definitely not minimal. There were the models' big, teased 'dos, chalky coral lips, and trippy heels, but most of all there was the show's unapologetically late-sixties/early-seventies vibe. It came through in the metallic brocade tunic with matching kick flares and in the exaggerated pointy collar of a silk blouse worn with a pinafore shift. Although the fabrics back in the day probably didn't feel quite so deluxe as Zanini's will, there was little else to distinguish those pieces from vintage. Intriguing, certainly, but potentially a tough sell. The good news is that there were plenty of other things here to charm the woman who appreciates Zanini's way with little details: Take the ribbed camel cardigan with the gold leather button placket and elbow patches, or another sweater in gray with the label intarsia-ed below the collar in the back. There were also smart-looking coats, one in cheetah-spotted ponyskin and another in the season's de rigueur camel. That brought a smile to your face, and not an ironic one."
3434,"The gridlocked mass of people at the check-in desk hinted that things were business as usual at the Diesel Black Gold show, but the debut collection by its new creative director, Sophia Kokosalaki, was anything but. ""I wanted to infuse technique into the clothes,"" she said backstage, ""but still have them maintain that rock 'n' roll soul inherent to the brand."" While past seasons have leaned heavily toward complicated, overly distressed garments, Kokosalaki's approach was much cleaner and more focused. There was black leather skinny trousers, sexy little dresses, sleek moto jackets paired mostly with faded denim shirts and vests. High-end touches could be found in the stitched-up seams and patchworked layers (""I approached the denim like it was yarn,"" the designer said). With the exception of a one-shouldered velvet jumpsuit that didn't quite mesh with the otherwise tomboyish offerings even the sexy body-cons that closed the show had more swagger than sweetness it was a solid effort that will ensure the brand stays on the radar of the many top editors and retailers who made it through the crush."
3435,"The craggy, almost lunar landscapes of the Gal pagos Islands to which she had made a recent voyage had Lela Rose thinking about space-age style for Fall. ""These are not Battlestar Galactica looks,"" Rose cautioned, laughing, in a phone interview with Style.com the week before her show. ""It's more about exploring the different textures observed in the universe."" Surface treatments played a bigger role than usual. Pyrite zippers added interest on the opening look, and constellationlike crystal embroidery livened up a pair of evening dresses. But it was a blousy cinched-waist frock treated to look like it had been lined with pebbles that really made an impression. Silhouettes didn't stray far from the clean-lined sporty-cocktail vein the line is known for; the beading experiments weren't overdone. Other than a gold jumpsuit Rose called Liquid Mercury, which will be a hard sell, this was a solid lineup of special-occasion wares that struck a hard-to-achieve balance between high fashion and accessibility."
3436,"What was behind Véronique Leroy 's decision to open her Fall/Winter show with a model palpably and understandably shivering wearing a sleeveless coat, short shorts, a boob tube, bare legs, and white stilettos? Hey, did we mention this is for Fall/Winter? By the time another model came out wearing only a long-sleeved leotard, the audience began to wonder if Leroy spends September to March in Australia. Well, they would have wondered that if they weren't too busy shivering themselves, as the designer had decided to hold her show in an open-air garage, late at night in the middle of a Parisian cold snap. Clearly Leroy is made of tougher stuff than most mortals. But this inclement opening belied the prettiness of some of the rest of the collection. In particular, there were some lovely color combinations, with pale pinks, soft oranges, and gentle biscuit shades combining attractively. There were also ladylike pencil-skirt combinations, making this collection much more feminine than one has come to expect from Leroy. However, these then melted away and were replaced by some unappealing oversize camouflage prints and otherwise elegant blouses marred by overexaggerated shoulders (Balmain, you have much to answer for). There were some great, very grown-up pale brown chiffon dresses at the end, though the memory of these was overshadowed by the return of short shorts, this time with a sweater fringed at the bottom with fur."
3437,"I love things that look like they were once something else, Gary Graham said a few days before his show. And so Fall had a well-worn and repurposed look; even the shoes, cloven-hoof heels (designed to give the models maximum height during a stage-less presentation), were assembled from bits of flotsam and jetsam lying about in the studio. The needlepoint tapestry on one sharp Victorian-ish coat looked like a remnant of an old couch a good thing. Even better was a beat-up and cropped leather cape with a surprisingly sweet, soft shape, worn over a silk jersey top and a miniskirt. In addition to repurposing, Graham likes multipurposing: What was termed a ""skirt top"" in the liner notes turned out to be a flimsy georgette piece that could be worn as a dress, a shirt, or a skirt. Many of the looks were expertly layered with skirts and dresses peeking out below alpaca Indian cloth cardigans or boiled-wool coats. Amid all the harder fabrics and the raw tailoring, a beaded black tulle dress struck a poignant note of delicacy."
3438,"Outward Bound Debutante was the title for Chris Benz 's latest effort. ""It's inspired by those bad girls I knew in high school,"" he said. ""The ones who got sent away to wilderness camp. This is what I imagine them wearing."" A gold anorak, a hand-crocheted tank dress, cargo jackets with fur trim? Benz's vision was definitely more Troop Beverly Hills than backwoods rehab, but somehow it made sense. Highlights included a violet and mustard plaid blazer with jewel-encrusted lapel, a simple but distinctive metallic sweatshirt, and any of the mid-calf-length eveningwear, which the designer described as ""so nineties,"" though they actually felt totally modern. (The neon yellow fur-trapper hats and mittens, however, might not make it beyond the runway.) Benz is not the go-to for basic tees or classic trousers, nor does he try to be. ""I want every piece I produce to be incredibly special,"" he said. Luckily, his unique point of view all but guarantees him a niche in the market."
3439,"Sophia Kokosalaki captured something of the late eighties' dressed-up elegance at the opening of her Fall show: a softened version of that beige-to-caramel phase of glamorously drapey yet assertive tailoring that filtered into womenswear under the influence of the likes of Claude Montana. ""I was thinking of the clothes my mother used to wear when I was growing up,"" she said, ""and about the natural forms you see in the Greek landscape."" It added a personalized slant to the power-woman redux theme that's been building through Fall. Kokosalaki worked on reviving blouses, high-waisted pants, and suede cummerbund belts for her generation. Now in their thirties, her peers have moved past cramming themselves into biker jackets, jeans, and body-con dresses to wondering how to put themselves together as adults. As always in Kokosalaki's work, the ideas were filtered through her Greek identity. This time, her career-long obsession with draping produced layered, flyaway jersey dresses and a gauzy, subtle beige interpretation of her signature goddess dress more examples of the kind of eveningwear that gives her fans an un-showy but confident way to walk into an event. Kokosalaki is never a chichi designer, and the nature influence in this collection wasn't a lushly romantic one. Perhaps the look of the shoes a metal heel that resembled a parched husk of something organic, and the metallic embroideries on black were an unconscious abstraction of the debris left by the forest fires that have plagued her home country. Either way, there was a quiet strength in this collection that maintains Kokosalaki's position as an independent voice."
3440,"What is minimalism? Backstage before her show, Sharon Wauchob said that was the question occupying her thoughts this season. More specifically, how does a designer who likes femininity and tactile things, as she does, go about doing minimal? Her approach was to consider cut not the silhouette, although that was edgily spare and clean, but the process of literally slicing her fabrics and sometimes reweaving the excised material back into the clothes. The singular focus of the collection made for a somewhat repetitive runway viewing experience but it still produced some desirable pieces, like the asymmetrically draped black leather dresses with hand-cut fringes that opened the proceedings; the jewel-tone dip-dyed and spliced chiffon dresses that closed them; and, more tangentially, a gold bead and leather mesh tunic. The softness of these looks was balanced by strong wool coats trimmed in fur or croc-stamped leather. Wauchob's ability to suss out the trends and synthesize them in a sexy, not overly intellectual way will come in handy at her new gig as creative director of Edun, the socially conscious design label launched by Bono and his wife, Ali Hewson. The latter looked pleased as she took everything in from the front row."
3441,"The progress of Peter Pilotto is becoming a London phenomenon. Over the past few seasons, he and his partner, Christopher De Vos, have become known for digitally printing, cutting, and draping a steady series of subtly patterned dresses engineered so flatteringly to so many women's physiques that retailers just can't keep them in stock. Now, though, these designers are pushing themselves further. ""We don't want to get categorized as cocktail-y print designers,"" Pilotto said. ""So we're trying tailoring and more daywear."" They picked a brownish-orangey palette drawn from seventies interiors and then worked their way into all sorts of new categories and materials: coats, cut close to the body in printed Harris tweed; leather patchwork integrated into cardigans and skirts; tailored trousers; shirt-tunic-jacket hybrids; and here and there, outcrops of racoon. Amazingly for a nascent business that is still housed in the shared studios of the Centre for Fashion Enterprise in the East End it all held together with professional-looking aplomb. Meanwhile, they didn't neglect the signature Pilotto look, turning up the sophistication level by adding a flash of silver leather to a bodice and sliding in jersey panels to add shape. There were some great dresses, and prints, too this time an amalgamation of photographic images of mercury splashes and Liberty florals and paisleys blended and faded out in an inimitable way on Pilotto's computer. Very well done."
3442,"Anne Valérie Hash 's program notes explained that she's been focused on ease. We're all for that, with the exception of her evening looks, which we'll get to later. Jackets with pushed-up sleeves came with a ribbed knit panel down the back to give them the cool, slouched-on feel of an oversize cardigan, and men's trousers cut off below the knee were literally drooping off one hip, exposing the sheer leggings or printed pj's Hash layered underneath them. Her signature jumpsuits were back, this time either tailored and belted or in roomy silk that she draped at the neckline to play matte against shine. The relaxed, woman-friendly mood extended to tees and long T-shirt dresses, which were pinned and tucked in places to look like a single flower. Elsewhere, they were embroidered with frogging (a holdover, like the multicolor sequins of a blouson jacket, from the designer's clever Couture show, in which she transformed or reassembled personal wardrobe items from Alber Elbaz, Tilda Swinton, and Pete Doherty, among others). Hash revisited the shiny technical fabric she used for Spring to create blousy T-shirts and accordion-pleated minis for evening. The colors emerald, sapphire, and amethyst were gorgeous, but it was a bit perplexing to see so much sheer fabric (and exposed skin) on a female designer's runway. A greater achievement would've been to show how women can wear those looks in real life."
3443,"Almost a year in the making, Reed Krakoff 's signature line had its launch at a gallery space in Chelsea today. All the big retailers came out to see if the creative head of Coach could work the same magic on his own ready-to-wear. For those unfamiliar with the designer's success story, a quick recap: When he arrived at the American leather-goods label in the mid-nineties, it was a sleepy $500 million company; now it's a $3 billion mega-brand. As for those retailers' reactions? Mostly pleased: Krakoff's collection of utilitarian sportswear in luxurious fabrics made for a promising debut. You could see references to Bonnie Cashin, who designed clothes for Coach in the sixties, in the leather-edged outerwear; to Joseph Beuys in the felt coats; and to Krakoff's passion for industrial design in the gunmetal hardware and the different shades of gray he used. Creating a design vocabulary from absolute zero, though, is not without its challenges, and with its military-meets-minimal look, something in the mood of the show echoed Phoebe Philo's influential Spring collection for Celine. That quibble aside, there was lots to like. On the way out, everyone was whispering approvingly of the long midnight blue coat that topped a gray cardigan and extra-wide ivory moleskin pants. But Krakoff's chunky knits also deserve shout-outs, and so do a pair of shearling jackets. Those had a swagger the designer can build on next time."
3444,"My muse this season is Nico, Erin Fetherston explained a few days before her show. ""And she always wore pantsuits."" Does this mean the self-confessed ""dress obsessed,"" fantasy-driven designer is exploring new territories this season? Well, yes and no. She continued, ""I wondered, if she did wear dresses, what would they look like "" Fetherston infused her latest collection with a bohemian, seventies rock 'n' roll spirit more realistic inspiration than the deer and Nutcracker themes she's looked to in the past. Pleated chiffon maxi dresses replaced Spring's shorter hems. Groovy purple velvet blazers, fitted vests, and flared trousers proved Fetherston is pretty adept at tailoring, too. Still, the designer couldn't resist tossing in some of her signature silhouettes (a little strapless coral silk frock with dévoré? bustier, for example). They didn't quite vibe with the soundtrack of ""All Tomorrow's Parties,"" but her overall message was clear. ""I could make party dresses forever, but it's good to push yourself to try new things,"" she said. Even the biggest dreamers need to return to reality sometimes."
3445,"After putting her signature line on hold in 2005 to take a position at TSE, where she remained until 2008, Tess Giberson is back on the fashion calendar. That should please arty, intellectual dressers who in the interim might've turned to kindred spirits like Maria Cornejo or A Détacher's Mona Kowalska. Giberson's comeback collection, which she showed on mannequins and in large-scale photographs at a Chelsea gallery, is titled Superimpose. Her idea, as she explained it, was to break apart the pieces of familiar items and rearrange them. A peplum jacket was patchworked together from thickly textured wool, men's suiting fabric, and felt, while another blazer had tulle panels on the arm. A hand-knit torso and sleeves were spliced onto a fine-gauge sweater worn above a miniskirt with its own knit details, and a dress with an asymmetric neckline was sand-washed silk in front and sportier mesh in back. The show worked because it never felt experimental for experimentalism's sake. Everything was eminently wearable. After so long an absence, and with such an overcrowded schedule this week, it may be tough for this designer to get noticed. But the girls who've worn Giberson in the past will tell you hers are the kind of clothes that always get a second look."
3446,"Suzanne Clements and Inacio Ribeiro called their new collection ""Haute Bohemia"" in honor of their favorite moment from the seventies, when Yves Saint Laurent and the Parisian jeunesse dorée were adding new colors to decadence. It was specifically YSL's epochal Russian moment that Clements Ribeiro picked up on. ""Opulence for day-to-day life,"" was how Inacio described it. So there was a luxe overload of print, embroidery, and appliqué in the clothes, but always with a slightly eccentric English ease. The collection's definitive outfit was probably a languid cardigan appliqu'd with crystal embroidery, layered over a paisley blouse and gilded jacquard pants tucked into Cossack boots. On paper, it reads as extravagantly costumey, but in the flesh the extravagance had a winningly casual quality, just like the style of Loulou de la Falaise, the YSL muse who has always been Clements Ribeiro's benchmark. In fact, they named one look after her. A few menswear looks inspired by the fellows in the YSL gang offered a semi-respite from the richness. There was a navy peacoat, for instance, and a fur-collared camel coat, plus one in gray flannel whose frogged closing was scarcely less ornate than the detailing on a little gay hussar jacket in black astrakhan wool. Suzanne and Inacio built their old business on an idiosyncratic combination of seductive luxury and reassuring ease. It looks like history is about to repeat."
3447,"Donatella Versace's Fall collection took a very different route from the pastel-colored goddess drapery that looked so pitch-perfect and confident in last Spring's drop-dead glorious incarnation. This time, maybe in reaction to general fashion talk about discretion, minimalism, pragmatic daywear, and longer lengths, she switched to dealing with tailoring. In the house of Versace , that's a trickier proposition, and now that body-con feels like it's on the way out, she committed herself to a tough task. Her solution? Slicing and dicing fabric in geometric, asymmetric planes; zippering the pieces together; and coming up with half-short, half-long skirt lengths. It had the feel of an experiment only half realized, because before we were very far into the show, Versace had switched to pants in biker mode, and then into the familiar house territory of short-and-tight dresses. Along the way, there were great jackets and even a camel coat. Nevertheless, those aren't really the kind of visuals to get the adrenaline pumping at Versace. Even in times when all the fashion chat is about calming down and pulling back, there's still plenty of room for designers whose natural instinct is to fly in the opposite direction."
3448,"Duro Olowu has a funny tale about how inspiration hit him for Fall: ""I was walking around the gardens of Hidcote Manor, listening to dub on my iPod."" Hidcote, for anyone who may not have a guide to British National Trust houses to hand, is an Arts & Crafts stately home in the Cotswolds with a gardenful of topiary, gazebos, and English flora. The dub part? Well, maybe it's traceable in this collection's slightly surreal color palette and take on English-lady eccentricity. In any case, no matter: The substantive shift here is in the tailored, geometrically patterned knitwear Olowu has added to his familiar repertoire of softly patchworked dresses. There's something of the seventies about it: A-line skirts; reversible shifts; supple, unlined, neatly fitted cardigan jackets; plus capes and slouchy coats. Elsewhere, the designer turned his attention to coating fabric, even to swing skirts made of heavy, lined camel melton wool. It will take a brave, tiny-hipped girl to carry those off with aplomb, but the rest of the collection is a typical Olowu potpourri of items that his collector-followers will happily adopt."
3449,"Aside from the wafting dry-ice smoke and thumping techno, Christian Siriano opened his show on a surprisingly untricky note a stylish black-leather peplum jacket and pencil skirt that would elicit neither silly catchphrases nor eyebrow-raised double takes. Like it or not, this is Siriano's fourth outing on the non- Project runway, and he's making an effort to transition from reality television into plain-old-vanilla reality. According to his notes, this collection was inspired by the head-to-toe propriety of European women in the sixties. And so the dramatics of seasons past were all but excised, leaving passably chic coats, cocktail frocks, blouses, and pencil skirts with a flourish here and there, but little to tell you about a designer's vision. (Not that we're encouraging the mad hattery of previous shows.) Backstage, Siriano said his niche was glamour, but to really move forward, he'll have to expand that one-dimensional notion into something more original and thoughtful."
3450,"You can't fault Stephen Burrows for doing things his own way. The man is, after all, a CFDA Lifetime Achievement Award winner, and he's been turning out bright, joyous party looks since most of his competitors were in diapers. With his latest effort, an intimate presentation at his Garment District showroom, Burrows once again proved he can do more than just cut a great jersey dress. ""I looked at Gustav Klimt and Tiffany lamps,"" the designer said of his mood for Fall. Some of the signature jersey dresses featured abstract prints evocative of his colorful inspirations, but it was a solid maroon gown at the end that garnered the loudest cheers. It's true that the jersey numbers, timeless as they are, didn't necessarily scream, ""Now, now, now!"" but the daywear showed a vital connection with current trends. Among the silhouettes we've seen in play elsewhere this week were an ultrawide-leg wool trouser, paired with a chunky cable sweater and fur vest, and a great black biker jacket with exaggerated shoulders, worn with skinny leather motocross leggings. If it was tough to trace the connection between all the pieces shown, the crowd of well-wishers shouting ""Bravo!"" after each exit obviously didn't mind. They came to a Burrows show to see Burrows clothes, not trend for trend's sake."
3451,"Challenging himself to create a wardrobe of ""interchangeable pieces,"" Matthew Ames took classic shapes jackets, pants, shirts and ""really stripped them down and cleansed them,"" he explained. The show was a subdued and mellow affair, too, compared to most runway to-dos with their pop soundtracks. Unfortunately, the cleanliness of the surroundings felt sterile; there was an energy missing that would have brought to life those pieces that were truly beautiful. Among the things of beauty were Ames' leather coats and jackets. Especially appealing were the soft, supple camel-colored toppers with big, enveloping hoods a great alternative to a motorcycle jacket. Other cold-weather pieces benefited from outsize proportions. A coat of quilted cream cashmere engulfed the wearer like a gorgeous blanket. When it came to the trousers, the excess of fabric was a bit too reminiscent of the harem trend that blessedly died out a few seasons ago. Ames' willingness to take a partisan stand on shape is admirable, but it might've worked better if he'd experimented with pleats or stretch instead; there are other ways to push pants forward than to make women look incredibly hippy. Some of Ames' best pieces came in muted pastel shades. There was an androgynous undercurrent to the entire collection, and the use of a more feminine palette differentiated it from early-nineties minimalism. Sweet and strong miniskirts came in pink cashmere and pink leather, while a knee-length lavender dress in silk crepe draped to a coy V in the back. Ames is clearly a whiz when it comes to tailoring. It will be interesting to watch where he takes his basics next."
3452,"We never intended to set ourselves up against Christopher Bailey, Sienna Miller sighed, with more than a touch of battle weariness, when asked why she and her fashion designer sister, Savannah, opted for a presentation instead of a show this season for their joint label, Twenty8Twelve . ""That would be ridiculous. I don't claim to be a designer, and I think people were misinterpreting our intentions."" Coming just days after New York fashion week, in which the illustrious likes of Kim Kardashian, Gwen Stefani, and Nicole Richie were all putting themselves forward as serious fashion designers, Miller's defensiveness might seem oddly quaint, not least because Victoria Beckham and the Olsen sisters have proven that being a celebrity need be no bar to garnering design plaudits. Nonetheless, the Miller sisters have come in for a bit of stick ever since their first catwalk show last year. Partly, this is a cultural thing the British press can be pretty scathing about people ""getting ideas above their station,"" to use the national lingo. But it's also because Twenty8Twelve is a rather different proposition from the Olsens' The Row and Beckham's dress collection. For a start, it's not high-end, and the clothes, while doubtless fun for a certain kind of British girl to wear, don't display the kind of skill that have won those labels critical acclaim. The upside to that is it means Twenty8Twelve has a much lower price point: Acid-wash jeans cost about $185; a leather jacket with shearling sleeves is less than $775. But the fact that it's on the official schedule means it's held up to a higher standard than perhaps the sisters even want. In this collection, there were some neat pieces, such as the trippy-ly colored giant cardigan, lovely black tops with fringed shoulders, and a fatigue-style green minidress. But it was hard not to think they would all look a lot better on a girl on the street than they do under the scrutiny of fashion week."
3453,"Edie Beale goes to Girl Scout camp. Creative director Jenna Lyons' starting point for J.Crew 's Fall collection meant that the label's rumpled chambray button-downs, boyfriend chinos, utility jackets, and tweedy coats were accessorized to the hilt with Albertus Swanepoel hats, brooches and necklaces galore, textured tights, ankle socks, and desert boot wedges, as well as spangled, fur-trimmed shoulder bags. ""I'm not expecting people to dress like this,"" Lyons said at Milk Studio's sun-drenched penthouse studio, referring to the Grey Gardens -influenced styling. ""But they could, and I would love it if they did."" The important point is that, following the lead of the company's cleverly curated catalogs, there was ample opportunity to deconstruct the looks and find plenty of gotta-have-them, affordable basics, along with some truly special pieces. Among the on-trend surprises: an olive-drab vest with Mongolian shearling lining, a sweater jacket trimmed in alpaca, and, yes, diaper shorts all pieces with that ""Oh, is that J.Crew "" potential. ""I love it when people ask that,"" said Lyons, who has been on a roll lately. ""But why are they so surprised """
3454,"Mona Kowalska, owner of the sleeper-hit Nolita boutique A Détacher , started out playing around with plaids and ended up with a character she called ""Lady Redneck."" Harboring what she admitted was a ""totally idealistic"" preconception of country life, the city-dwelling designer worked Peruvian knits, a Woolrich wool, and calico Liberty prints into an idiosyncratic mix. Before showtime, Kowalska described the collection as being about ""grit and sophistication."" The sophistication was easy to spy: That would be the delicate slipdresses in navy and cream silk worn with big, chunky scarves, or a nearly sheer crocheted sweater worn with a darling pair of pink silk georgette boxer shorts. Left to fill the ""grit"" category, apparently, were the not exactly rough or redneck-ish boyfriend sweater dresses and long, basket-weave wool vests. Aside from a few overly voluminous tops (some in padded cotton) that could be put out to pasture, country living is looking pretty good to us."
3455,"The shoes at Valentino  blush-colored patent-leather kitten heels trimmed in metal studs are an apt metaphor for the direction Pier Paolo Piccioli and Maria Grazia Chiuri are taking the storied label. Former accessories designers under Valentino Garavani himself, they're utterly in touch with all of the house's romantic, ruffled codes, but they're determined to modernize it with their more dangerous, youthful sensibilities. Their biggest success so far: dressing fashion favorite Chloé Sevigny in one of their Spring gowns for the Golden Globes back in January. Today, the experimental films of Kenneth Anger, who sat front-row, gave the proceedings a bit of edge, but the contemporary feel came from the clothes themselves. Yes, there were ruffles by the yard, but they decorated little cropped leather jackets worn over party dresses just as tiny. There were scads of lace, too, but the designers patchworked it irreverently together with point d'esprit and leather mesh. And they didn't ignore Valentino's signature color, red, which looked fresh layered with a powdery nude on the final draped gown. That, however, wasn't the collection's most showstopping evening number. That title belonged to another dress, made from tiers of lace hand-embroidered with thousands of minuscule, shimmering lilac beads. Giancarlo Giammetti, the house's co-founder, famously criticized the duo's most recent couture show on his Facebook page as a ""ridiculous circus."" He was all smiles tonight, as were some young editors, whose collective reflections can be summarized as, ""Wow, I want to wear Valentino for the first time."""
3456,"It's well documented that Rebecca Taylor likes the sweeter sartorial details, and for Fall she hit that message home. ""I wanted to do something that's a continuation of our basic look, but done in a new way,"" she said backstage. Dotty animal prints turned up on sporty puffer vests rather than the floaty silk frocks of seasons past, and you had to look twice to spot any florals (they formed the texture on a dusty blue jacquard blazer). Still, much of the collection was business as usual: sheer blouses, faux-fur jackets, and one too many riffs on the ruffled sweater. Brushing away those feelings of déjà? vu were the gray stretch-suede over-the-knee boots that went with most of the looks. The long, clean line they created provided a modern counterbalance to all the tried-and-true Taylorisms."
3457,"Here's one that made Paris fashion sit upright on its little gold chairs: Brazilian designer Pedro Lourenço sending out a precociously accomplished, startlingly directional collection at the age of 19. Perhaps it was the power of public relations firm KCD, the endorsement of stylist Brana Wolf, and sheer incredulity over talk of the latest teen in fashion that brought a stellar professional front row to the Westin Hotel at 8 p.m., but the skeptics who walked in walked out genuinely amazed. Lourenço, it turned out, is working, with the complete conviction of youth, on the rigid shapes and geometries that are just beginning to make news. His paneled leather dresses in beige, black, and brown had high necks, long sleeves, and rows of stiff horizontal plastic slats and buttons, suggesting something between military frogging and venetian blinds. More of the same plastics this time cut into triangles and vertically lodged, finlike, around the skirt of a dress gave the illusion of a kilt or pleated skirt as it moved. And that was astonishing. Anyone with an eye to what's going on in fashion this year's flippy miniskirt silhouette, or the fact that many designers are playing with latex and leather and pushing to create new volumes would recognize Lourenço as creatively on the same sort of track as, say, the cohort just graduated from Central Saint Martins, or even some aspects of what Nicolas Ghesqui're is producing at Balenciaga. Lourenço, post-show, described his inspiration as ""Diana the Huntress, and the Brazilian architect Oscar Niemeyer."" Even more remarkable was the level of technical accomplishment in the color-blocked collection. That, it transpires, is because the designer has the help of his parents, Gl ria Coelho and Reinaldo Lourenço, who are both mainstay designers of São Paulo's fashion community, and who own factories that can produce the boy's clothes. Of course, all that puts him ahead of his peers in terms of access to everything from fabrics to the almost laughably grand setting of his debut the room Yves Saint Laurent used for his couture shows. Yet no matter how young and how privileged he may be, the only test Lourenço actually faces is the one where insiders consider whether his clothes have genuine relevance and something new to say. As they left the room, the verdict was in: They do."
3458,"Projecting himself into a new idiom for Halston in New York got Marios Schwab thinking more about his own half-Austrian identity for the collection he shows in his adopted London. ""I was the only boy in the sewing school in the Annahof Schule in Salzburg! I had this kind of nostalgia for the ladies who taught me, and who dressed in traditional dirndls on a Sunday. It made me think about working on d collet's,"" he said backstage. ""Oh, and the Steiff teddy bears I had as a kid."" It was hardly The Sound of Music , but with its buttoned-up collarless white blouses under swooping necklines, you could literally see where Schwab was coming from. Most of the looks had long sleeves, with only the legs kept exposed, and all detail was concentrated above a raised waist: bolero jackets, bodices crisscrossed with lacing, and steel clips transposed from the desginer's favorite pair of climbing boots.  If it didn't quite have the impact of Schwab's first contributions to shaping the body-con movement four years ago, it showed he's keeping a grip on designing the kind of pieces retailers ask him for. And the teddy-fur coat? Several of those have been popping up in avant-garde collections this Fall, so he's dead-on with that."
3459,"Koi Suwannagate had a few unexpected tricks up her sleeve. Her signature cashmeres and handcrafted appliqu's were still in evidence, but she worked them in a funkier, more creative way. Ironically, this sportier new attitude came courtesy of ancient Japan. In particular, the kimono was a big influence. It's a fascination that dates back to Suwannagate's college days, when she wore a kimono on the job at a Japanese restaurant and struggled with the proper wrapping technique. ""I got it wrong all the time!"" she confessed. Her own designs should be easier to wear. Asymmetric skirts, cut longer on the sides than in the front, came with elastic waistbands, and practically everything had pockets. Black cotton stretch pants that closed with a zipper in the back were the perfect foundation for the collection's sculpted and gathered knits. A three-tone cap-sleeve cashmere top in black, burgundy, and chocolate gathered into a knot at the front a beautiful and chic way to wear a sweater. A short, strapless L.B.D. with abstract, oversize cashmere knot details on the front of the bodice was particularly lovely. Paired with an agate cardigan, it really popped. Dresses, however, are usually not Suwannagate's strong point, and the season's one major off-note was a black, floor-length silk satin gown: The silhouette was awkward, and the acid green-accented train only exacerbated matters. Still, Suwannagate has considerable skill with knits, and a great eye. She and her stylist created one-of-a-kind, Calder-esque jewelry out of chunky coral and semiprecious stones for the show. If she's looking to expand her brand, that might be good place to start."
3460,"Since his Spring show last September, Prabal Gurung has seen his profile rise and rise. Demi Moore, his number one fan, and Thandie Newton wore his cocktail dresses on the red carpet, and he made a red gown for Oprah Winfrey to wear on the cover of O magazine. His Fall collection, the first one he's put on the runway, won't slow his upward trajectory one bit. On the contrary, it shows that Gurung is just as savvy a tailor as he is a dressmaker.  He opened with a bold, what-you-see-is-not-what-you-get coat white cashmere coming, black going. Color-blocking here was more than just a decorative motif. Clever gray-in-front, black-in-back trousers, for example, were cut with leg-elongating convex seams. Jackets, too, were inventive without being tricky. Both elegant and utterly cool, a black-and-white iridescent tweed blazer with draped black sleeves had the potential to cross generational and uptown-downtown divides.  There was hardly a shortage of fabulous dresses, however. Among the best were a pair of narrowly fitted sheaths, one in camel cashmere with draped white inserts, and another in that sparkly tweed spliced with black faille. A few of the draped viscose gazar cocktail numbers were a bit busy around the neckline and shoulders. But Avatar 's Zoe Saldana, who was whisked out from backstage moments before the show started, would look stunning for her turn on the Oscar red carpet in the finale dress, a strapless gown in that crimson viscose gazar with a cascade of sculptural black ruffles below the waist."
3461,"It's space military, said Louise Goldin , of a collection whose launching pad was the photos of Pierre Cardin's graphic sixties work and body armor pinned to her studio wall. That puts Goldin in the futurist/sci-fi substream of current trend, though in her case, it's a development of the silhouette she's been working a while. For Fall, it took her into sculptural stiff-peplumed army green or navy tunics and A-line skirts with padded 3-D geometric surfaces, as well as matte-shine splicings of leather, stingray, and fox. Technically, Goldin's a genius in knitwear her quilting effects and origamilike structures are the result of months spent working in Italian factories, coaxing the near-impossible out of expert machinists for her showpieces. It's a pulled-together, rigorous look, and the flashes of styling genius (like the sparkly cuffed red or pink short shorts peeking from beneath hemlines) set it apart from anything too literally Trekkie. At this stage of her career, Goldin has nothing more to prove on the accomplishment or vision fronts. More mundanely, though, her struggle is to convince the audience that her total look can be broken down into items that will merge into an everyday wardrobe. Backstage, she pulled out regular sweaters with bullet holders and pockets on the upper arms, cargo leggings, and lace-fine geometrically patterned knitted hosiery all liable to help her salability. But she still needs to bend her uncompromising talent to making those items more evident."
3462,"Johnny Talbot and Adrian Runhof's experience designing ballet costumes for the Dortmund Opera House last summer clearly had a huge effect on them. Their Fall presentation was dance-inspired, from the tip of its ballerina topknots to the toe of its pointe slipper-influenced heels. Dress after dress exploded at the hem into tutus of tulle, and the finale featured a solo by Lisa-Maree Cullum, prima ballerina of the Bayerisches Staatsballett. Talbot name-checked Hans Christian Andersen's fairy tale ""The Red Shoes"" as direct inspiration, while heaping scorn on the classic Powell-Pressburger film of the same name. Both spin a dramatic story of destructive obsession, which is scarcely what you'd expect to see reflected in the controlled cocktailwear that is Talbot Runhof 's core business, but in fact a little more emotion would have been welcome in a tightly edited show that struck one note and stayed there. Dark fabrics were draped and swagged for an effect that was anything but balletically airy, especially one floral print that looked like les fleurs du mal . The less said about the red propylene ""legwarmers"" the better. What levity there was came from the froths of tulle. Two gowns at the end featured a technique called ""aluminum steaming,"" which loaned an elusive metallic shimmer to a floating floral print. They could almost have been the most glamorous shower curtains you ever did see. Following Cullum's solo (in red pointe slippers), the designers took their bow in red kicks. Cute."
3463,"In the three years of Rue du Mail 's existence, Martine Sitbon has made the label a go-to source for a dress that's keyed into the trends without being desperate about it. Tailoring hasn't necessarily been her thing, but it would've been impossible for her to miss fashion's move toward more structured silhouettes; so, keeping current, she added some to her Fall lineup tonight. Belted high on the waist, a man's oversize jacket in a shiny/matte shade of brown became a dress. Bermuda shorts, which have been popping up with regularity elsewhere, appeared here in satin for evening, or in a more traditional suiting fabric with a paper-bag waist and paired with a fitted jacket for day. Trenches received a fair bit of Sitbon's attention she played with tucks and folds around the shoulders on one, and spliced another in half on the front. There were also a few interesting quilted jackets in the mix; with their puffy, shawl-like lapels, they almost looked like puffers. As timely as most of that was, Sitbon's heart belongs to frocks. They came in fitted and ruched knits and a bell-shaped sleeveless velvet, and there was a lot of novelty in a group made from swagged silk threads, especially the narrow gold number. The smart investment this season? That would be the slender coat-dress. Everybody's got a version on their runway, but Rue du Mail's with its one draped and fringed lapel is more sexy than boxy, guaranteeing higher returns."
3464,"After a good fashion show, you often don't need to ask the person next to you what he or she thought. You just sense it. That was the case today at Preen, where the palpable feeling among the crowd of It girls, bloggers, and important editors was that talented design duo Justin Thornton and Thea Bregazzi had taken their work to a new level. Before the show, the pair explained that their starting point was the Peter Saville floral album-cover design of New Order's Power, Corruption & Lies . ""That was the feminine, almost pretty side,"" Thornton said, ""and then we wanted to add masculine tailoring."" The latter came via Savile Row stalwart Gieves & Hawkes in its first collaboration with a womenswear label. The opening look was a floral bustier dress worn with a cropped turtleneck knit that exposed a band of skin in front and a bra strap in back. Tricky? Maybe, but that only made it doubly impressive that it was executed so well. This vein of sexy subversion was carefully laid into gorgeously traditional suiting cut with a distinctly mannish proportion. But let's not call these ""boyfriend"" pieces; ""husband"" seems more appropriate. The designers softened the harder edges with airily sophisticated silk and cashmere dresses, along with cocoon coats so cocoon-y you could spend an entire winter in them, especially if you are lucky enough to have one in fur cleverly cut to look like croc. Perhaps even more covetable was the last look worn by Anja Rubik part of a grouping built around a crisp, white button-down. It was polished and grown-up, but also preserved this label's cool factor. Preen 's foothold in New York fashion just dug in a little deeper."
3465,"As much as Donna Karan has an issue with fashion's seasonal system and off-kilter deliveries, she's definitely not one for the ""seasonless"" route some designers take. As much as last Spring's collection was clean and breezy, today's show spilled over with layers and layers of cold-weather-appropriate wares. The overall look here was sixties schoolgirl. Nearly every skirt on these side-ponytailed lasses was mini and pleated, some in wool and others in a thick leather that pushed the vibe out of decades past (tasseled loafers, now transformed into aggressive platforms, did the same). Those kicky skirts were worn with long, oversize wool coats a notch more outsize than the boyfriend blazer little tailored jackets, or cardigans and turtlenecks. To finish off, there were long scarves, astrakhan newsboys, and ankle socks or woolen tights. The outerwear was especially strong. Highlights: a gray hooded toggle coat and boyfriend-tailored vest coats that kept the layering polished and cool. Karan added a twist to the proceedings by going from grammar to art school, citing Bauhaus as the source for her color-blocked sweaters in moody autumn hues. As day turned to evening, those Mondrian-esque motifs were collaged in with various panels of beading. A couple overdid it, but they could be forgiven. Not worthy of mercy, however, was the splashy floral a print not fit for news."
3466,"When Julianna Margulies picked up awards at both the Golden Globes and the SAGs earlier this year, she looked every inch a winner in a pair of Narciso Rodriguez gowns. Clearly, this designer can do red-carpet sizzle with the best of them, but as it turned out, that isn't where his head was at for Fall. Inspired by what he described in rather cerebral terms as ""beautiful curved lines and shadows,"" he sent out dramatic coats and eye-grabbing, short, color-blocked and ombré dresses. If the concept was brainy, the execution was never boring. The curved lines Rodriguez spoke of backstage came into play in a number of ways: as a circular silk mikado inset on the front of his show-opening wool twill coat, or in the graceful lines of a bell-shaped black shearling. Dresses came with doubled asymmetrical bodices in contrasting colors, or they were paired with cropped jackets studded with nail heads, exposing flashes of collarbone or rib. As for those shadows, they made a subtle appearance on a wool/angora coat that shaded barely perceptibly from chalk white to gray to green. They also surfaced more aggressively on a fantastic zip-front dress that swirled from brick red through gray. In a season heavy on black and relatively light on uplift, these clothes will stand out on the racks. This was about as maximal as this minimalist gets, and for Rodriguez the result was a strong, finely balanced collection."
3467,"For a designer who first caused a stir with sizzling, form-enhancing dresses, this season's talk about the need for rational daywear must be concerning and possibly confusing. Roland Mouret , who's been working on adding coats and knitwear to his repertoire for a while, seemed to allow it to back him into an oddly gloomy corner for Fall. This time, he turned his career-long technique of cutting and wrapping fabric on the square into constructs involving draped and hoicked-up shapes manipulated into hooded outerwear in tweedy, grayish, muted off-colors. That wasn't all he had, but it set the show off on a drabber note than usual. Experimenting with broadening one's scope is not in itself at all wrong, of course. In his studio in London, Mouret has devoted much thought and research to developing a wardrobe of multipurpose, transformable pieces his tunic-top dress, and the thing he calls a ""carr ,"" which can be worn as either a top or a skirt, suspended from ribbon tapes. Alongside that, he's come up with patterned twinsets a short sweater and longer cardigan, in this show and narrow pants, in velvet. At times though, the complicated draping around the middle section of skirts, and the pulled-up back view on a shirtdress canceled out Mouret's main go-to attraction. Flattery through simplicity is what he does best, and those overelaborate items were a red flag for anyone concerned with wearability. Still, Mouret's talent for modern evening glamour was present and correct in more than one way this week in Paris. His long, dusty pink dress with a black ribbon tied in the small of a bared back had the kind of quietly sexy sophistication his customers gravitate toward. One of them happens to be Carla Bruni-Sarkozy. This week, she wore Mouret's long-sleeved, covered-up jade evening gown with a slit skirt to a state dinner at the Elysée Palace. It had that combination of simplicity, propriety, and, yes, form-enhancing sizzle all women clock from a mile off. Once Mouret refocuses more on that, he'll be back on track."
3468,"If her Prada collection, with its emphasis on the bust, was a sexual come-on, Miuccia Prada's Miu Miu show was about romance at least on its pre-Summer of Love sixties surface. The narrow, short silhouette made an erogenous zone of twiggy legs elongated by square-toed pumps. Sleeveless shifts came with high, chin-scraping collars, some accented with thin, floppy bows; other dresses blossomed below the waist and were cinched with large turnkey closures (the better to preserve the innocence of the girls who wore them, perhaps). An abundance of silver rosettes dotting the front and circling the hem of coats added to the sweet Mary Quant-ish vibe. But this wouldn't be a Miu Miu show without a little or a lot of provocation. Pinafore dresses with plunging U-fronts were worn with bandeaux that exposed the flesh under the breasts; shifts had cutouts at the ribs; and miniskirts flipped up suggestively at the outer thighs. All of this was done in fabrics that had an odd, incongruous solidity. The linear, Edie Sedgwick, pre-hippie sixties have been popping up with increasing frequency as the Fall season comes to a close. This collection put Prada squarely in the center of things, but, as usual, with her signature perverse twist."
3469,"Last season, we were on the beach in California. For Fall, Scott Sternberg took us to the snow-covered Manhattan suburbs. A chunky camel cardigan and scarf worn with brown plaid cuffed trousers and oversize blue-lens sunglasses gave off an Ice Storm vibe, though Sternberg said the writer Joan Didion was his muse for the paisley print blouses and dresses. He developed that print, by the way, by manipulating Polaroid images of silk ties. The designer's favorite REI hiking socks were another source of inspiration: He found a mill that produces a mélange wool that's not itchy, and he turned it into a turtleneck, a skirt, and even pants with reinforced knees. Among his other quirky ideas were platform sandals made from watch straps, a skirt sewn together from actual neckties, and? cutting a Jaguar in half for the set? This last element didn't, in fact, come to pass too expensive but Sternberg did pay a woman from upstate, with whom he connected on Craigslist, to borrow her old Jag for the night. All fun and games? Not completely. What keeps people coming back aside from the entertaining sets is Sternberg's knack for tweaking (quite liberally at times) preppy American classics. Two examples: a sharp-looking double-breasted gray flannel jacket was paired with terry sweatpants, and a checked flannel shirt, buttoned to the neck and worn with slim corduroy trousers, came topped by a peacoat cut from silver fox. What Manhattan suburb was that again? We want to move in."
3470,"It's a measure of how inclusive London fashion week has become that the fashion council's HQ, Somerset House, has found space for Fashion East . The exact location was its vaults, fitting for what was formerly an underground group show. Georgian coal holes and dripping pipes notwithstanding, the convenience of merely tottering down a couple flights of algae-lined steps for a frisson of edge rather than spending 45 minutes in traffic and 20 in a seething crowd, as was the case previously can't be argued with. The thing is, though, that London isn't so edgy anymore. The renegade, aggressive atmosphere that spawned Alexander McQueen is a thing of the past. These days the city is better at producing preternaturally honed specialists, a fact reflected in this season's lineup, which includes a milliner, Nasir Mazhar; a sportswear designer, Heikki Salonen; and Michael Van Der Ham. The last's collaged eveningwear is already virtually sold out at Liberty, which took a risk on him in his first season. Of the three, Mazhar, who came to making headgear via hairdressing, is the raw newcomer though through his association with the stylist Nicola Formichetti, he's already a favorite of Lady Gaga and Madonna. The hair-to-hat connection was easy enough to read in his opening updo of scrolled black leather ""curlers"" and the falls of pink nylon wig that cascaded from the back of a Tudor wimple. Some of his influences the Rude Boys and Rude Girls he quoted in his program notes come from his daily observations of living and working in the multicultural East End. But Mazhar is developing an artistic flair for a distinctive geometric structure (as in the peaks of his mean leather men's caps, set back on the head), and that could one day turn into a brand proposition for a smart streetwear company. Both Salonen and Van Der Ham, on the other hand, are Northern Europeans who have set up businesses in London after gaining master's degrees at the Royal College of Art and Central Saint Martins, respectively. Salonen, a Finn, continued his straight-up-and-down tomboyish silhouette, steering it into slightly darker territory with tailored suede shifts and a great pair of black jeans appliqu'd with raw-edge triangles. The Dutchman Van Der Ham was the one under the most pressure to perform. He responded by continuing in the same vein as last season, collaging fabrics into dresses and separates with the addition, this time, of rosebud-scattered Liberty prints donated by the store. True, he steered his collection more in the way of day-appropriate pieces and made a cautious step into patchworked knitwear, which potentially opens up a new product category for him. Still, it's the same look, and it left some questions hanging. Is the essential charm of his work the amateurism of the handmade product? Would it look better if it was made to purist standards of dressmaking skills? And is he sailing too close at times to territory Nicolas Ghesqui're marked out years back? Van Der Ham's final dress a lovely hybrid of long, flowing navy silk and crystal-encrusted beige wool was outstanding enough to erase such worries for a second. But when the time comes for him to leave the Fashion East nest next season, he's going to find himself needing to face these issues head-on."
3471,"There's always been as much science as there is art in an Issey Miyake collection. Dai Fujiwara consolidated the connection with Fall's offering, inspired by the revolutionary mathematician William Thurston's geometric models for the shape of the universe. As abstract as that sounds, the result was an often breathtaking evolution of last season's rainbow-nation tribalism. After the show, Fujiwara and Thurston wrapped themselves for the press in a long stretch of red tubing to make the point that something that looks random is actually (according to Thurston) ""beautiful geometry."" The same idea was explored in outfits that were draped in ropes of knit tubing, or jackets piped to mirror the mathematician's graphic formulae. The twists and turns of quilted, ruched, ribbed, and shirred pieces were also Thurston-inspired. Maybe it was the rigor of mathematical thought that loaned the collection more structure and elegance than it's had previously. It was especially obvious in spectacular coats and jackets, like the funnel-collared coat in orange tweed; or a cocoon of tweed woven with silver lamé; or a biker jacket, also in tweed. The cocoon shape appeared again in layered knits that were as fine as mousseline. And, speaking of fine, the very last piece sealed the deal on a splendid collection. It was a coat made from squares of translucent black organdy, stitched with stars that looked to be shining. Two decades ago, in the same venue, Romeo Gigli transfixed Paris with a show so rich and romantic that it moved its audience to tears. Maybe that didn't happen today, but, at the very least, Fujiwara used his inspiration to blend art and science in a manner so rich and romantic, it stirred the emotions in a way that reminded us of Gigli."
3472,"A recent New York Times article put the spotlight on Zac Posen 's recession-induced financial woes. It hasn't been easy for a still-smallish business like his to survive the great retail panic of the last 18 months. In that, of course, he's hardly alone. Today, Posen was back at the modest Altman Building for a second season in a row, and clothing-wise he seemed to be cutting back still further for Fall. There wasn't a single gown on the runway. That must be tough for a designer in love with ball skirts and shoulder flourishes, but in their absence, he injected more than a fair bit of showmanship into the sportswear; colorful furs; and short, flirty party dresses that were this upbeat collection's focus. Posen gave his pantsuits a forties flair, putting contrasting cuffs and lapels along with strong shoulders on cropped jackets and pinning a brooch to the waistbands of his full-legged, fluid trousers. There was also a sweet little ice-skating dress in dove gray jersey with a silk wool skirt. If he's still trying to establish an identity for his daywear and not exactly succeeding, Posen is much more confident when it comes to evening. This season he's thinking short and pink, because, hey, wallflowers aren't his type. In New York, at least, the recession hasn't really managed to put a dent in the late-night scene. His corseted minidresses will find happy homes indeed with the party-hopping set."
3473,"There was not a trouser to be seen at Monique Lhuillier 's impressive show. Dress after dress marched out at such a rapid-fire pace it was hard to clock the detailing on one before another took its place. Working an Asian-warrior theme, Lhuillier's red-carpet soldiers were dressed to kill. Short, embellished looks came out first. Dragon-printed, lacquered matelassé worked on a long-sleeved, high-necked mini with gold-garnished cuffs. The same print on a cheongsam-ish trench looked too ""dragon lady"" but, for the most part, Lhuillier avoided any triteness in a theme that could easily have been interpreted as a clich . Mostly this was due to the freshness of her leggy silhouettes. Yes, these were all very-special-occasion dresses, but the best were lightened up by their glam embellishments, not dragged down. A halter in blood red dripped with gold leather chain embroidery; the model looked like she was in a very beautiful, flower-festooned cage. A few shredded-wool coats could have been skipped. (They potentially could have made a nice contrast with all the glossy dresses, but instead they just looked hairy.) Once the long dresses appeared, it was hard not to think Oscar as in Hollywood, not de la Renta. A silk jersey column in deep plum would look perfect on Julianne Moore, while the strapless burgundy gown with a sweetheart neckline made from hundreds of hand-stitched swaths of organza would go very well with a gold statuette."
3474,"Freud's great unanswered question, ""What does a woman want "" seems to be hanging over this round of collections, and it's already turned up some funny, off-beam stabbings around in the dark. Funny, that is, because isn't it obvious? What we want is a casual way of dressing that's also formal enough, new yet not ridiculously gimmicky, confident yet not egregiously aggressive, traditional in a comfortable way, yet also fresh in such a manner that we feel compelled to buy it. Well, let's hand it to Dries Van Noten for coming up with a personal squaring of all those apparently oh-so-difficult contradictions. His collection was a serene piecing-together of classic menswear tailoring, washed-out military fabric, fifties and sixties ladylike shapes, and sweatshirting. The success was that he integrated all those elements in such simple, wearable ways that didn't scream ""fashion."" In almost every silhouette, there was a juxtaposition of something grand with something street. Jackets would have a tailored body with army-drill sleeves; a gray sweatshirt-material top would be worn over a rich brocade dirndl; a full-skirted shirtwaister would come in blue military fabric with a small turn-down collar unexpectedly embroidered with silver Indian thread. For evening, the most compelling look was the offhand shrugging on of a sloppy khaki knit over a long, slim magenta printed skirt dragging a small, romantic train. The way the show reshuffled wardrobe elements most women might own was an inspiration demonstrating how a casual trench would look great with a crocodile tote; ditto a fitted fifties cloque dress with a drab canvas doctor's bag, or a camel blazer with casual jodhpur-ish pants. Part of the impact is that Van Noten has found a way of presenting all this in a sustained and measured way on a long, long runway, which (no matter that this one was in the Baroque, gilded, chandeliered, and frescoed splendor of the Paris civic hall) ends up conveying the sense of women walking a city street. With their no-fuss hair and glamorous sunglasses, the models left the kind of believable, attainable impression that makes fashion look as if it's something we can all relax about for a change."
3475,"Pure modern English with a classy accent and breaking new fashion ground with it. Michael Herz's Fall collection for Aquascutum marked a pivotal moment at which the designer found a perfect equilibrium between his own instinct for what feels right the long, slim silhouette he started last season and the heritage of this august yet stodgy British coat and suiting company. After a season's absence from the runway (while the company was sold to Harold Tillman, who is also chairman of the British Fashion Council), Herz has come back with a design clarity that could rival that of many a bigger brand. On the one hand, he was among the first to commit to long, fluted skirts and narrow dresses (a movement in London that's gaining momentum by the day), and he made them work for Fall by styling them with small, leather-belted jackets; white shirts; capes; and pointy silver flats. And on the other, he's found a device that neatly ties his ideas back into the tradition of Aquascutum: a series of seventies advertisements about the virtues of the house camel coats the fabric of which is now, of course, at peak desirability again. On the runway a presentation on the ground floor of the flagship store on Regent Street Herz interspersed fragile dresses featuring diagonal shirring with modernized elements of sensible English outdoorwear, putting the quilted liner on the outside of one jacket, cutting jacket-cape hybrids, and using simplified drawstring poacher pockets. The effect from the beginning to the lovely gold jacquard tissue dress at the end had a freshness, simplicity, and elegance that was thoroughly convincing. Sometimes, Herz has seemed daunted by the weight of carrying the responsibility for the brand heritage and reacted by overthinking his design and trying too hard to please all sorts of customers. Now that he's concentrating tenaciously only on what he believes in, it's all come together."
3476,"Marianne Faithfull singing with Metallica made the perfect soundtrack for Limi Feu 's new collection. The world-weary woman bruised by love, the metal merchants pumping out their dark sounds that said it all, really. In a sea of black, there were two white poet shirts, like moonbeams at midnight. They were the most obvious manifestations of Limi's new appetite for romance. There were plenty of others. A leather waistcoat flared into a little peplum. Layers of trailing black scarf points were Stevie Nicks in a graveyard. A sheer black skirt was trimmed in lace and wrapped in a big crocheted scarf (a black leather biker jacket anchored the look). The same crochet was also a full skirt under a highwayman's coat, though the floppy hat made the model look a little like the Creeper's girlfriend. One imagines Limi finding the gothic cross-reference quite to her taste. It certainly defined the serious hard-rock spirit of her clothes, much less polka-dot playful than in the past. But she is still adept at striking a balance between the weird and the wonderful, as in the elongated cardigan with the deep, scooped neck, or the fringed cardigan coat."
3477,"Over the course of his four-decade career, Ralph Lauren has made many looks his own equestrian, country club, ski-lodge chic. Bohemian gypsy is a little more unexpected, but there were definite strains of that in today's show, and not only because Stevie Nicks was singing Fleetwood Mac's ""Sisters of the Moon"" on the soundtrack. Lauren got there via the Edwardian tailoring and romantic florals that his fans already know and love not to mention a trove of beaded necklaces, beanies, and fingerless lace gloves. Puffed shoulders made repeat appearances, here on a fitted charcoal herringbone jacket, there on a cotton flannel plaid blouse or jewel-tone velvet top; a black suede tunic with leg-of-mutton sleeves was sashed at the waist over flaring leggings. Mixing masculine and feminine with his usual deftness, Lauren slipped a chesterfield on top of a floor-grazing georgette dress, and cinched distressed leather belts around the washed Shetland wool jackets he paired with ruffled skirts. There was a pinstripe interlude that looked tailor-made for his tony clientele, but not unlike his Spring collection, with its Great Depression-inspired beaten-up blue jeans, this one seemed pitched to a more downtown crowd. That was especially the case when it came to evening. A passementerie embroidered silk ottoman coat was plenty posh, ditto a black silk georgette and tulle beaded gown. His flower-print long dresses, however, were layered over lacy long-sleeve tees in a way we've seen young designers doing all week. If this felt like strange new territory for Lauren, there were moments as with that silk georgette fils coupe gown when it was fertile ground indeed."
3478,"Other designers may lament the lag time between clothes' debut on a runway and their real-world on-sale date but Cynthia Rowley actually tackled the issue head-on. Partnering up with the Gagosian Shop, she is offering arty limited-edition duplications of her latest looks: Rowley's team took photos of each garment from the front and back, printed the images onto fabric, and cut them out in the shape of the original. The quick copies were available the night of the show. The ""chic monster-girl collection"" was how Rowley described Fall, and it was heavy on volume and texture. The volume was delivered in oversize puffer coats, airy skirts with bubble hems, and a patterned silk dress with rows of ruching. Texture was added with an abundance of feather and fringe trim on everything from blouses to cropped jackets. ""There's already a wait list for these pieces,"" Rowley said of her faster-fashion solution, the day before, ""meaning people are trying to buy versions of Fall '10 before I even show them. How crazy is that """
3479,"The only thing wrong with Lubov and Max Azria doing luxe minimalism for their Max Azria show is that a reviewer must resist the urge to indulge in some sort of Max-goes-minimal wordplay. Must resist. Other than that, today's show was a beauty, which built on and really refined the clean direction the Azrias started heading in last Spring. This brand of minimalism was serene and spare, with nothing that was overly stark or challengingly architectural. The tonal looks, either in creamy neutrals or blacks and charcoals, followed in the hybridized fabric vein that seems to be everyone's cup of tea these days. Leathers mixed it up with wools, and there was a peekaboo play in paneled crepe dresses inset with mesh. For a collection that skewed conservative, the latter added a necessary little frisson. Still, the clean and covered-up restraint of a beautiful oatmeal bouclé coat or a chic boxy taupe leather tee and trousers is something we can certainly get behind. Evening too was a subdued affair, mostly. Amid the lovely unembellished and billowing draped jersey frocks were a series of black ribbed-knit dresses with wide panels of bugle beading that strangely echoed the Azrias' other high-end label, Hervé Léger. Those pieces will be an easier sell to this duo's starlet contingent."
3480,"Joaquín Tr as explored vertical lines this season, inspired, he said, by ""the silhouettes of trees one after the other."" Essentially, this was a dress-heavy collection in a palette of black and neutrals, with the black shades varying slightly in depth and complexity. That was a nice touch, which Tr as and his team achieved by starting with bolder tones reds and blues and transforming them into something dark.  TRIAS ' simple silhouettes also had more going on than was apparent at first glance. Almost all the dresses had a square panel floating off the back, like a cropped rectilinear cape. It was an interesting way to add volume, but the concept was repeated so many times by the end of the show that it lost its oomph. An unflattering pair of Bermuda shorts in silk faille suffered from an excess of layered and pleated fabric. That was a shame, because the material itself had a gorgeous luster; it looked great with one of the show's highlights ombré hand-knit tights with pointelle detailing up the back. In a collection marred by repetition, one-off niceties stood out."
3481,"You know how you look when you're in love, that rosy glow? Anne Valérie Hash said backstage. ""That's how I wanted the clothes to look."" Over the seasons, this Paris designer has experimented with structure and flou; the one constant has been a subtle yet powerful sense of color. Her palette for Spring was particularly attractive: Pale makeup hues mingled alongside silvery grays, with hits here and there of spicy saffron. The fact that Hash used drapey fabrics like georgette, mousseline, washed leather, and cotton jersey contributed to the collection's fresh, feminine, and eminently wearable look. For all the softness and light, though, the focus was on tailoring: Jackets came cropped with the sleeves pushed up past the elbows and the seams exposed and raw. Tapering pants with rolled cuffs had either crossover or doubled waistbands. The latter looked a bit tricky, but for the most part Hash avoided gratuitous experimentation and stuck with pieces that really worked, like a T-shirt with a mille-feuille of ruffles arcing across its front (paired with relaxed, easy pants) or a black silk shift with an askew V-neck and asymmetrical hem. This just might've been the designer's best show yet."
3482,"Christopher Bailey never tires of Burberry 's illustrious past. ""We can translate everything so many times and it always feels different, depending on the mood of the moment,"" the designer said, after a show that had taken as its jumping-off point the outfits Thomas Burberry designed for England's first motorbike riders in the early 1900's. Heritage Biker was the name of the collection, but Thomas would have been hard-pressed to recognize his pioneering work in Bailey's motorcycle mamas with their tiny little jackets, leather leggings, and eight-inch heels. That's because form followed function for old Mister Burberry, whereas for young Master Bailey, form follows fashion. And fashion, as the designer saw it this season, meant a super-attenuated, super-sexy, super-skintight raid on the company heritage. The easiest way to take the temperature of a new Burberry collection is to note what's being done to the iconic trench. Here, it was shrunken into a zipped-up mini with motocross sleeves, or banded in black leather and belted in pale blue patent, or shrunken still further into a baby biker jacket. It was studded, and domed, and all done up in python. For Fall, Bailey had been reasonably literal in his iteration of Burberry's military archive, with a special focus on the aviator jacket, and it produced his strongest outing to date. Here, by comparison, he trimmed biker tradition to the literal bare minimum, and the collection lost that rock-solid Burberry core. It was like watching Burberry Girl go Bond Girl, especially when the tiered silk dresses that Bailey has introduced into the company design lexicon arrived with their backs scooped dangerously low, like the pink petaled silk apron dress that appeared held in place by bands of black leather.  As for the collection's inspiration, Bailey's models were less heritage bikers than Hell's Angels in silver leather pants, or leather jeans so studded they'd shred the seat of a Norton. To appreciate fully the changes Bailey has wrought in his super-productive decade at the helm of Burberry, a heavily studded jacket in python thrown over a leopard-spot silk sheath again banded in black leather and worn with those killer heels was about as far from the designer's original English roses as heaven is from? well, hell . Along the way, he has turned the brand into a global powerhouse. Still, as the models focused (not always successfully) on staying upright today, it was hard not to imagine the same looks anchored by a pair of solid Thomas Burberry biker boots or, thinking back to last season's terrific shearling-lined numbers, at least their twenty-first-century equivalent."
3483,"The Versace Teatro runway was set with rusting playground equipment, daisies sprouting from the places where the swings and sliding board were planted in real grass. It was an unusual scenario to encounter chez Donatella, and then the recess bell rang and it got even stranger. Out walked the first model, playing against Versus type in a red, blue, yellow, and black plaid button-down tucked into matching jeans, accessorized with pointy-toed flats and a schoolkid's leather backpack. She could've been the teacher's pet. Quickly, though, it became apparent that there was nothing goody-goody about the Versus girl this season. The second outfit was that same plaid, but in the style of the fab cutout minidresses that made a big impact at last February's show; the fifth was plaid again, but ruched into a below-the-knee, sexy, body-hugging dress. What followed played out with such impressive precision, you'd swear that Donatella Versace and her design sidekick, Christopher Kane, had been working in tandem a lot longer than three seasons. Look by look, florals entered the plaid picture, until the stretchy dresses were a patchwork of tiny flower prints. Then the process repeated, first with graphic stripes (picture a bandage-tight polo and hobble skirt with a cardigan tossed over the shoulders) and finally, color-blocking. We counted at least six different shades on one flippy little number. At the end, they had the girls in the plaid back by the slide, and the color-blocked party dresses up by the spinning chair. ""It's Village of the Damned ,"" Kane laughed backstage. ""Or clones."" More like the cool girls that you always wanted to be. He said he and Versace found most of the prints in the Versus archives; they just upped the colors and added stretch mesh, as well as elongated the silhouettes, ""to make it more today."" He got that right. Kane and Versace nailed the trends and the brand-heritage thing and, most importantly, came up with some dresses that girls are going to fight each other to wear first."
3484,"Antonio Marras is Milan fashion's romantic poet, so there was a perfect synchronicity in his latest inspiration: Bright Star , Jane Campion's movie about the doomed romance between John Keats and Fanny Brawne. As limpidly gorgeous as that film was, Marras saw it and raised it 20. One of his favorite scenes shows Fanny and her sister releasing a butterfly, so his invitation was a box of butterflies. And 40 models walked through clouds of paper butterflies for his finale, wearing outfits reconfigured from old aprons with lace and embroidery. They were unique pieces from Laboratorio, Marras' ""couture"" studio, but it looked like just as much work had gone into everything else on the runway. That's because Marras is such a great collagist, stitching together not just fabrics but times and places. And with fashion taking a turn for the romantic, his magpie vision has rarely looked better. Case in point: Keats being English and male (however intensely consumptive), Marras took a cue or two from British menswear traditions, in particular the trenchcoat. But he sliced off sleeves, added floral inserts, and tacked on a lace hem, so the trench became an entirely personal statement. It was the same with his prints. Gardens are blooming all over Milan's catwalks, but Marras layered roses, wrapped a floral apron over a flowing white dress, shirred a vintage bathing suit from blooms and then paraded a chiffon shift of poppies that was surely the ravishing last word on the trend. Marras gets the past in an instinctive way that few other designers can match. But he is much too canny for simple historicism. This collection also included silver flip-flops, a graphic black-and-white cropped jacket over one of those shirred bathing suits, and a pleated black waistcoat decorated with handfuls of coq feathers. They were just some of the stand-alone pieces that attested to this designer's grasp of an easy, modern glamour."
3485,"She's suited up and polished, but in a playful way. That's this season's girl, according to Lyn Devon . The playful part came through in the prints the designer used on blouses: playing cards or trompe l'oeil polka dots made out of shiny black pearls. In another twist, an acid green leather shift dress came with a floppy matching bow a modern reworking of the classic girly accessory. Cropped wide-legged trousers added a welcome youthfulness to some of the collection's more staid looks (though there are plenty of customers who will appreciate a blouse buttoned all the way up or a well-cut to-the-knee dress in waffle chiffon). On the whole, Devon continued to explore the clean tailoring and versatile separates she's known for. Groundbreaking? Perhaps not. But it's a focus that hews nicely with the current retail yen for updated classics."
3486,"A beautiful dark: That's where Carly Cushnie and Michelle Ochs began for Spring. A couple of days before the show, the pair had all kinds of ideas about traditional femininity turned slightly menacing. A very romantic floral print the most romantic this hard-edged label has ever gone featured headless torsos floating about. The white gingham the designers used throughout looked as if it had been sprayed with acid. Schoolgirl pleats went wayward in black leather, then they were tacked onto dresses as panels. Still, the overall look was heavy on the restraint and clean shapes. Even the shoes adorned with long, sharp spikes could be described as minimal, with their neutral leather and sparse two-spike limit. Spring has barely sprung on the runways, but you can already sense the Philo effect rippling through New York. Especially in something like a sharp caramel leather shorts suit worn with a white buttoned-up blouse. The flip side of that was a gold and pearl embellishment fit for a pasha, which was best in the small dose of board shorts paired with a breezy white linen top. And in between, an abstractly embroidered triple-layer chiffon and white-on-white teacup embroidery helped to hold your interest. The show ended with a series of dresses the item that began as their mainstay in a very body-con iteration. Now the approach is more body-aware, with soft drapes and a gentler line. Even if it lacked that ""aha"" moment you hope to see with designers who are experimenting and getting their legs, this was a solid collection. In fact, if you listened closely, you could hear the retailers sharpening their pencils."
3487,"Spring is the second outing for Alessandro Dell'Acqua at his new label, No. 21 , and his focus continues to be on sportswear gussied up with lace and other feminine touches. That made for some interesting counterpoints, including a white ribbed sweater dress draped in silk crepe at the back, and a plain white tee paired with a long pencil skirt, its rear seam provocatively split to reveal a swatch of peekaboo lace. The ""backstory"" was important here: A jacket and skirt were bustled, skirt hems were asymmetrical, and a plain white cardigan worn with a brocade mini was inset with a square swatch of that rich fabric below the shoulder blades. lingerie was a big part of Dell'Acqua's business before he lost the rights to his own name, and no one's going to stop him from indulging his skill set as his new label. Sometimes, though, the results of his masculine-meets-femme concept felt forced. The simplest pieces were indisputably the best. Magazine editors started scribbling notes when a simple khaki pantsuit cropped, slightly A-line jacket; high-waisted, flaring trousers came down the runway. A ""public"" pajama suit in a nude silk floral had the same uncomplicated appeal, as did a midnight flower-print coat-dress worn back-to-front. Minimalism, per se, has never been this designer's calling card, but it turns out he's got a knack for it. As he focuses on building the brand internationally, streamlined might be the smart way to go."
3488,"As its name suggests, T by Alexander Wang began as a T-shirt line we know girls who collect the designer's loose-fit, fine-knit drapey tees in every color but the range has grown of late to include shirtdresses, cardigans, shorts, and pencil skirts. For Spring, there's even a silk charmeuse long dress in a neutral shade called desert. The colors here echo what we saw on Wang's September runway plenty of white mixed in with shades of nude and gray. But whereas his signature collection pushes the style envelope, you won't find any Tyvek-like industrial materials or scribble prints in T. The focus, instead, is on a layered, made-for-everyday kind of silhouette: A cotton poncho might top a rayon silk muscle tee, tank dress, and cotton sweatpants, while a cardigan in pima modal (is there a softer, more delicious fabric on the planet ) gets paired up with a crisscross-back tank and a stretchy ruched skirt. The relatively made-for-everyday prices will make it an integral part of the mix at Wang's first ever store, set to open in Soho at the end of New York fashion week."
3489,"I never do inspiration boards, Rad Hourani said backstage. ""The inspiration is always the same the inspiration is what I feel like wearing."" What Hourani feels like wearing is, almost without exception, skintight leggings in leather and PVC; modified blousons with giant, undulating lapels; and long, layering tees. He likes them in black and white. And he likes them the same for himself and for the ladies: Hourani is one of the standard-bearers of unisex dressing. He sent out boys and girls dressed identically or complementarily, and the lads and lasses were styled just the same right down to the same makeup and chunky, peep-toe stacked heels. (They're from Aldo, believe it or not now there's a designer collaboration we didn't see coming.) Marching down the runway in lockstep, the boy-girl model pairs looked a bit like replicants making their way onto a new Noah's ark. Hourani's aesthetic is indebted to the apocalyptic fantasies of Rick Owens and the stringency of Helmut Lang, and he borrows from both. There's a luxuriousness to his fabrications that's enticing, and something undeniably compelling about his unwavering devotion to his own vision. But that makes it nearly impossible to judge except on its own terms. If you liked Rad Hourani before, you'll probably like him now."
3490,"Perennial muse Peggy Guggenheim the late, storied society eccentric and art collector is being cited a lot lately: Karl Lagerfeld channeled her for Chanel Resort, Peter Som named her as one inspiration behind his sunny outing a few days ago, and now Michelle Smith has served up a Spring with Peggy-esque saturated florals, geometric prints, turbans, and, naturally, harlequin sunglasses. Prim, belted dresses were a fitting canvas on which to debut  Milly 's new jewelry and handbag lines. Of special note were the chunky tribal necklaces made of wood and agate. The styling and accessories, in fact, rather stole the show. Stripped of all the ornamentation, one could imagine almost any aspiring gossip girl and her mother wearing a graphic navy shift with a peekaboo gold inverted pleat."
3491,"Kate and Laura Mulleavy found inspiration for Spring in their backyard. Make that their childhood backyard. The sisters, who now reside in Pasadena, grew up in Northern California, and it was the redwoods native to that part of the country from which this collection sprouted. On the phone the night before the show, Laura promised ""every shade of brown you can imagine, seventies suburbia, wood paneling, gold, off colors like chartreuse basically, a combination of all the things that represent the area to us."" If that sounds like a recipe for a signature Rodarte mash-up, this wasn't a predictable collection. The Mulleavys have moved on from the artful dishevelment and studied quirkiness of their last few seasons to embrace a seductive new precision. Having shed their nomad layers for the most part, their models wore such uncomplicated yet accomplished looks as an hourglass dress with cutaway shoulders; a cropped jacket and matching wrap skirt in stamped leather; a wood-grain-print blouse sliced high on the torso to reveal a provocative flash of skin above pleated trousers; or, even more simply, a black lace blouse tucked into a tiered mint skirt. The Mulleavy sisters are still dreamers, though a gladiator dress whipstitched together from squares of burnished gold leather was easy proof of that. And their references are still all over the map; what did the gorgeous blue and white Ming vase evening dresses have to do with redwoods? And they haven't abandoned eccentricity entirely: The platform wedges were carved from wood, metal, and pyrite cubes into butterflies and flowers. But they seem to have done a fair bit of growing up over the course of a season. This beautiful and provocative collection will do nothing to quell rumors of LVMH's courtship of the Mulleavys."
3492,"Alexandre Herchcovitch is no stranger to color. In fact, you could say that color is more like a trusted and reliable family member in the Brazilian designer's house. For Spring, he approached it in a pure way, making it his sole focus. The show began with dresses in single hues intense Kelly green and fuchsia amid black and peach. Each look was a full study in monochrome, from a swirl of paint in the hair to lips to shoes. Herchcovitch then gently worked up to blending in Mondrian-esque pixelated squares, which were pieced together, not printed, along with dégradé? washes. The sole print looked like big splotches of paint, but worked nicely in a pastel palette. The boxy coats and jackets, stand-away dresses, and cigarette pants had a sixties vein running through them. This felt very ladylike and elegant particularly after last season's punk-babushka mash-up even as it walloped the audience with its strong visual impact. How will this collection appeal to the hipsterati who filled the show and keep the buzz around Herchcovitch's name? It's unclear, but you can thank this confident vision for bringing some brightness to the neutral-heavy week."
3493,"I've always loved her and her work, Camilla Stärk said, a few days before show time, of the interior designer Andr e Putman. ""She completely embodies the chic French woman."" It's no surprise that Putman, who favors black and white for her day-to-day uniform, should strike a chord with Stärk: The designer has never met a shade of black she doesn't like as this polished 15-piece presentation proved. The trick to a monochrome look, as both Putman and Stärk surely know, is texture. Stärk created hers this season with an embossed alligator print that she'd developed; it added depth to a dolman-sleeve leather jacket and romantic, roomy velvet top that cinched closed at the shoulders. There was white, too. It looked sharp on half of a draped silk dress (guess what color the other half was ) with a low, loose V-neck and cool zigzag running across the front. Another lighter-side hit was an alluring, ghostly gown in gray-violet velvet with a burnout print. Draped and goddess-y, that dress, along with most everything, had a much freer feel than Stärk's past work. Put it all together with her skin-hugging signatures, like a skinny leather pant, and a more fully formed wardrobe philosophy had emerged."
3494,"After our last show, we swore we'd never do shows again, Suzanne Clements said backstage before she and Inacio Ribeiro made their return to the runway. That last show was five years ago, and since then this talented husband-and-wife design duo with the charming twin fortes of knits and prints has struggled to find the best way to navigate the fashion system. They love what they do, and they don't cut corners. (Take the white piqué jacquard that they cajoled an ancient Lyonnaise mill into making especially for them, seen here in a little white suit.) And for designers like these who don't have a deep-pocketed backer, the expense and stress of mounting a runway show doesn't always seem logical. Still, as highly debated as its validity and future might be, the runway show remains the most effective way to get your brand a lot of buzz or, quite simply, to get a lot of hopefully covetous eyeballs on your clothes. ""We were missing a lot of the people that needed to see it,"" Ribeiro said. Today's message was precise and clear as a bell. First: a silhouette where every element the clean-cut clothes with very short or very long hems, the platform shoes, the Jean-Paul Goude-inspired snorkel topknots worked toward a long and longer line. And onto that frame, Clements and Ribeiro added a big floral scarf print that seemed quite traditional, until you noticed its ombré dissolve from one color into another, the magical result of digital manipulation. Knits stuck to the designers' stripey signature; some came with a sequined or intarsia corsage and were paired with straight-cut floral skirts. It all came together for a happy vision that showed the designers at their best. This might have been a reluctant return, but it was a very welcome one."
3495,"Tara Subkoff returned to the runway tonight after a five-year absence that included losing and regaining the rights to her brand name, a stint with mass brand Bebe, and a bout with a brain tumor. ""[The industry] definitely feels different than when I started ten years ago,"" she said backstage. ""It's gotten a lot more corporate."" But Subkoff has changed, too. ""I'm excited to do this in a way I've never done before, which is big surprise, you guys all about the clothes,"" she added. Those clothes were shown on a grass runway with nighttime footage from the L.A. County State Fair projected onto a pair of scrims set along the path. Most could best be described as a modern vision of what a mildly eccentric fifties Hollywood starlet might wear lounging about the house: lace and chiffon tap shorts and rompers, sheer T-shirt dresses trimmed with lace ruffles, and also sheer robelike jersey and chiffon trenches. The problem was, there were few real clothes in which to actually leave the house, unless you're getting married. Subkoff explained that Imitation is now a contemporary line thus all the cotton jersey that she'd like to take to the masses. It's great to see her back in the fray especially as she's reteaming with her original collaborator, Matt Damhave, who will be designing Imitation's menswear. (There was only an all-T-shirt teaser of Damhave's work tonight at the end of the show.) Still, Subkoff may have to offer a bit more substance in order to play in that highly competitive mass arena."
3496,"Last season, Jaeger London seemed to hit its mark with cleanly cut and traditionally oriented sportswear. And when the first look a pristine white coat, edged in black along one lapel appeared at today's show, it suggested that there would be a continuation of that winning strategy. But it turned out design director Stuart Stockdale had other ideas, namely a desire to celebrate modern British artists. That raised an issue: When it comes to clothing, particularly items meant to be worn and not merely photographed, art and fashion are frenemies, at best. Stockdale borrowed a punchy graphic sensibility from abstract artist Robyn Denny, and from the work of sculptor Rachel Whiteread he extrapolated ideas about negative space. It was the latter that tripped up the proceedings, inspiring awkward experiments with proportion, asymmetry, and sheer fabrics. There were quite a few great sporty-smart pieces a bell-sleeved trench with buttoned-back lapels, little pleated shorts in cotton or suede (especially good were a pair topped by a skinny, stripey knit), and fresh-looking macram? knits but a real message never seemed to crystallize. We'd be the last to say fashion isn't an art, but sometimes these bedfellows should stick to their own sides."
3497,"Gap 's global caravan touched down in London to showcase its Spring collection, and creative director Patrick Robinson was all about the sophisticated and the sexy. When he was growing up, he wasn't alone in thinking of the chain as casual weekendwear. ""It was just one part of people's lives,"" the designer said before yesterday's civilized presentation (kudos to the caterers). ""But I've expanded the brand to be seven-days-a-week."" Robinson sees this latest collection as putting in place the final components of his four-year revisioning of Gap, which is seeking to re-establish its hold on consumers' hearts and purse strings. He's bumped up the blouses, introduced a soft tailoring element, and brought a new body-consciousness to knitwear, though for most customers, the clearest sign of the changes that he has wrought will still probably be found in his approach to denim: for women, an elongated look fitted through the thigh with a flare toward the ankle; for men, a nonchalant ""slim slouch,"" a slightly dropped crotch with a skinny leg. Then there were the denim's colors: a new bluer blue, contrasted with soft blush shades on a foundation of white.  What Robinson has brought to the brand is tightly edited precision. ""No longer a table with one sweater in 30 colors,"" he said. Yep, instead of multiples, what stood out yesterday were specific pieces, like the white silk crepe cocktail dress with the keyhole back (Gap? Get used to it!) or the long white cotton skirt with big patch pockets, paired with a cap-sleeved top for an elegant evening option (Gap? Get used to it two times!), or the slouchy hooded jacket, with the volume of a radically cropped djellaba. There was something of the classic Perry Ellis spirit in such easy but chic outfits (Robinson did, after all, design for Ellis at one point). The designer also subtly tipped his cap to Gap's heritage by lining a soft lapel-less jacket with gray sweatshirting."
3498,"The show notes at Vivienne Westwood felt like an e-mail from an old, dear friend who happens to think and feel very deeply. They began with the words: ""Bullet points are a good way of setting out your ideas."" And the designer did just that, enumerating a slightly rambling list of notions that revolved around lost civilizations and the importance of heeding the past to succeed in our present and future. These fed her main message: Save the planet. Westwood titled the collection The Only One, presumably in reference to Earth, but she could have been talking about her own singular role equal parts grande dame, provocateur, and industry Cassandra. Certainly these clothes, which had a recycled bent to them, reflected it through and through. The first look out a haphazard pouf in rich burgundy silk was like a Renaissance-era garbage bag. If that punk rock-cum-retro finery doesn't say Westwood, nothing does. The collection had all manner of seemingly found materials in stained, striped ticking, pillowcases, and even old pool towels, each cleverly crafted into Westwood's romantic and historical oeuvre. Of course, her references to eighteenth- and nineteenth-century gowns and suits can be seen as a form of recycling, as well as a way of keeping the lessons of years gone by fresh in the mind. But as heavy as the rhetoric might have been, the clothes themselves had quite a fun kick. At every seat was a refillable metal water bottle from SIGG with an exterior that Westwood designed. One even made it into the show. Delivering this message at a fashion show, something that's inherently waste-inducing both now and six months later, is an uneasy proposition. Westwood seems to walk the walk. She made headlines earlier this year by telling people not to shop. Making special clothes that, like some of these, aren't disposable is one way to spin it. But if you thought about it too long, you'd eventually get to the question: If she's right, what are we doing here?"
3499,"It factor. It's hard to define, but you know it when you see it, and it was on full display at Hakaan Yildirim's first Paris show tonight. Sitting front and center was Mert Alas, who now serves as Hakaan 's creative director in addition to being, along with partner Marcus Piggott, one half of the world's most influential fashion photographer duo. Next to Alas were Eva Herzigova and Naomi Campbell. And on the runway: Daria, Natalia, Mariacarla, and the tippy-top of the current catwalk crew. Yildirim made a big impression at his first show in London last season, so much so that he won this year's competitive  220,000 ANDAM prize. As a result, observers were wondering if the clothes would live up to all the advance billing. The silhouette is still ultra-fitted, but more minimal than Fall's. Peplums and frills of silk-covered cord made comebacks, only this time there were a whole lot more cutouts, not only on minidresses, but also on second-skin catsuits. This collection will once again earn Yildirim comparisons to Riccardo Tisci at Givenchy. What felt new were the longer lengths a well-cut black blazer over a narrow skirt with a trailing hem, or that same skirt again, but with a very hot (in all senses of the word), midriff-exposing, long-sleeve leather crop top. The verdict: Hakaan's niche is quite narrow; he's designing for girls with waistlines as tiny as their bank accounts are big, but he's doing a bang-up job of it."
3500,"Justin Thornton and Thea Bregazzi evolved the elegantly deconstructed masculine-tailoring-spliced-with-femininity story they started to tell last season. This time, the flou element was inspired by a trip to Egypt, and the play of light and shadow through the decorative fretwork of Arab architecture. A so-called ethnic reference can trip up the best of them, but Thornton and Bregazzi managed it by keeping the palette serene and most looks monochrome. These were the same fresh, dreamy pales we're starting to see lots of this week, as many designers present their spin on Calvin-ist minimalism. But there was certainly plenty going on here. First, there was the visual sleight of hand of trouser waistbands resting on bonded silk dresses and skirts, and a sort of apron idea worked throughout. You had to check out the models both coming and going, so as not to miss a cutaway back or the swish of pleats escaping a structured skirt. Into that puzzle, they wove texture: caviar beading, smocking in a diamond pattern, and gauze embroidered with Islamic tile motifs. As the duo ratcheted up the tile print into a more traditional and visible form with Lurex threads, the trompe l'oeil deconstructed elements lent this tried-and-true bohemian look a smart modernity. It was a lot to digest, for sure, but rendered in the idiom of clean sixties-ish frocks and fluid mannish suits, the message made perfect sense."
3501,"Carolina Herrera 's program notes explained that Spring was inspired by two things: the traditional clothes of Korea and botanical plates collected in the eighteenth century. For anybody who admired the elegant simplicity of her recent Resort show, that little bit of news sent up a red flag. The tall, wide-brimmed straw hats (customarily worn by men in Korea) and the superfluous obilike bows that decorated the bust- and waistlines of evening dresses hardly dispelled the disquiet, nor did floral prints complete with calligraphy detailing the plant's name and origins. Happily, there was also a lot here of a more subtle nature. The more restrained gowns suggested that Herrera can still teach a thing or two to the up-and-comers gunning for the Park Avenue set. In particular, a lotus-blossom-embroidered blouse and olive to-the-floor skirt and a forest green metallic fil coup? column dress with a slightly asymmetrical neckline nailed the understated grandeur that's long been a Herrera signature. If it's grandeur plain and simple a girl is after, she should look no further than the finale gown with its yard-upon-yard of porcelain-embroidered floral jacquard."
3502,"Backstage before his show, Stuart Vevers gamely supplied his buzzwords for the season: joyful, light, colorful. Spring, he explained, began with the palette, one with bright candy tones that couldn't be further from his somber neutrals last season. A reaction to Fall's beige-out? ""Yes, we do all feel it as designers,"" Vevers said. ""And the time is just right for it. It's Spring."" He added that the brighter pieces the house did for his pre-collection were selling like gangbusters. You can't really find fault with any of the above reasoning, but on the runway, the look seemed to have overdosed on optimism, skewing very young. This particular brand of youth was a girlish and cheeky-cute sensibility that reminded more than a few present of Miu Miu. There were little color-blocked thigh-high shifts, leather T-shirts dotted with tiny laser-cut flower appliqu's, and kitten-heeled pumps covered with more of those floral-shaped leather bits. Most of the high-ponytailed models wore either leather headbands with flat bows or elastics decorated with big leather cubes. Ladylike, structured handbags had flashes of neon trim. There were grown-up moments to be picked out, like a grass green sweater tucked into an ""oro"" suede A-line skirt, or a ponyskin coat in a dark leopard print, but it wasn't easy to fully extricate them from the top-to-toe vibe. And the butterfly scarf print inspired by the house's Madrid archives could easily go either woman or girl. But on the whole? While this about-face certainly made a strong (and yes, fun) visual statement, the new direction felt jarring."
3503,"Manish Arora used the term ""futuristic baroque"" to describe his Spring collection. But considering the over-the-top, Ladies Who Gaga clothes shown today, perhaps the slightly riper era of rococo would be more appropriate. It was a time when artists really let their freak flags fly, as the Mumbai-born Arora is often known to do. As for the futuristic part, Arora provided a base of candy-bright colors in latex leggings and streamlined color-blocked clothes for his oversized appliqu's, and big shiny flourishes of gold horns that wrapped around legs and shoulders. With peplums shaped like taillights and contrast-hued flanges on skirts, models looked like race cars built for the Mumbai 500, clearly an event where you're rated on style as much as speed. It's probably not a coincidence that Arora collaborated with wacky milliner Christophe Coppens for hats formed into toy cars. Coming after the above, the show's finale of sequined dresses and suits with postcard motifs was relatively serene. Perhaps it was Arora's way of saying he wishes you were here on this strange trip with him it certainly looks like a fun journey."
3504,"You could consider Fashion East to be the Harvard for London's aspiring designers. That is to say, it's a peak that's not easy to reach, but once a young gun gets there it puts them in ambitious, talented, and successful company. If we follow the Ivy League metaphor, Fashion East's celebrated alums include Gareth Pugh, Richard Nicoll, Jonathan Saunders, Louise Goldin, Emma Cook, and Michael van der Ham. And that would make initiative founder Lulu Kennedy the dean, since she, along with an industry panel, selects three designers each season to show on the calendar. For Spring, the lineup was Heikki Salonen, who also participated last season; Felicity Brown; and Simone Rocha, daughter of designer John Rocha. Salonen showed first, building on the grungy story he started to tell last season, although this time around Birkenstocks and purposefully holey socks replaced Dr. Martens. There's a haphazardly elegant and masculine energy to Salonen's tailored looks in crinkled gauze and linen that all come with destroyed and fraying edges. But the designer, who is also a creative consultant at Diesel, added his own spin to that idea with an intricate tribal print on shirts, pants, and even that nineties accessories mainstay: the backpack. Next was Brown, whose work has just hit the shelves at Barneys New York, Liberty, and 10 Corso Como. It's easy to see why. Her cocktail-hour wares have both a sharp focus and immediate appeal, whether you're looking at an elaborate mille-feuille ruffled dress or ultrasimple, layered silk T-shirts and skirts. Both are left with raw edges to cut their preciousness, and both display evidence of a well-honed sense of color. The last up was Rocha, who showed she's not coasting on any kind of fashion legacy. Her deconstructed and witty work is pretty ambitious stuff, but this collection proves the designer is up to the task she's set herself. Rocha cleverly chose an all-white palette, which focused attention on her eye-tricking play between gauzy tulle and feminine ruffles and menswear tailoring. It also highlighted the sculpted rose headpiece that sat like a miner's headlamp. Her pieces are on sale at her father's shop on Dover Street. This season, Fashion East moved from Somerset House to Topshop's venue at the old Waterloo Terminal. The soaring space is filled with light an apt location for bright futures."
3505,"Charles Anastase 's world is unsettling. Its population is girls (never women; they never reach that age), girls whose supernaturally elongated proportions are stretched still farther by long dresses and treacherously high platform shoes. Its atmosphere is a mix of the proper and the perverse: Cue the schoolgirl blouse that is buttoned neatly up to the neck and pinned with a pussycat brooch but that is also entirely see-through. And its culture is Gallic, almost to the point of vaudeville. Anastase comes on like the professional Frenchman abroad, all zese-zose zest for la mode , with Pierrot collars and a Bardot sweater dress slipping off a model's shoulders on the runway, and Serge Gainsbourg's songs all over the soundtrack. The Gainsbourg backing track made one think that the girls, with their heavy-rimmed glasses, mussed bobs, and pretty pouts, might be modeled after the singer's onetime girlfriend Jane Birkin that is, until Anastase's right hand, Valentine Fillol-Cordier, popped up backstage with heavy-rimmed glasses (""Blind since 5,"" she said cheerily), mussed bob, and pretty pout. Her sweetness infected Anastase in a positive way: drop waists, flower-studded netting, sheerness that was perversely demure. Perhaps it helped that he built his collection on a dotted Swiss fabric called plume matis , which brought delicacy to maîtresse -y pencil skirts at the same time as it underlined the skewed classicism of his vision. (As did the silver brocade pieces, simultaneously ancien r gime and rock 'n' roll.) Anastase's world may be unsettling, but it is remarkably consistent and that's called a signature."
3506,"The lights finally dimmed at Emilio Pucci tonight when Kylie Minogue walked in a cool 45 minutes late. Actually, let's make that hot. The pop star was wearing a scandalously short gold lace dress by Peter Dundas from Fall. She's one of many boldfacers who've been seduced by the designer's sexy new take on this Florentine house. Jada Pinkett Smith was also in attendance, which (this is a first) made Pucci one of the most celebrity-studded shows in Milan. Dundas' seventies-inflected Spring collection is mostly long, but it has his sultry signatures all over it. He's building a house on a Greek island, and the show had an unmistakable Mediterranean vibe, all sea blues and spice colors the Cyclades by way of the subcontinent. ""Bohemian beachcomber done luxe"" is how the designer rather aptly described it beforehand. The first few dresses were souped-up riffs on the traditional Greek shirt, with a scrolling blue design on ruffled and flounced white cotton, washed for a lived-in feel. Clingy jersey T-shirt gowns in archival Pucci prints went to India and back for the tie-dyeing that gave them their sun-faded look. Alongside those and other frocks in guipure lace and broderie anglaise embroidered with tiny mirrors and pompoms India, again was more of the strong tailoring Dundas showed for Fall. Schoolboy blazers and low-slung flares mixed it up with whipstitched leathers and an aged python safari shirt with leather lacing that was reminiscent of Yves Saint Laurent. This collection won't necessarily score Dundas any points for trailblazing; the seventies are everywhere this season, after all. But no one has evoked them with more conviction, or a more exuberant touch for handcrafted details. Jada and Kylie, by the way, had one word for it: ""love."""
3507,"The story of the menswear designer getting into the women's business generally follows the same arc: Girl wears boy's clothes. Girl wears boy's clothes a lot. Girl gets own collection. That's exactly how it went for Paul Smith 12 years ago, and today he decided to return to his original masculine-feminine womenswear sensibility. It was a welcome homecoming, especially to those who've watched Smith's women's collections wander around the fashion map, searching for a niche to call home. ""It looks like you borrowed your boyfriend's shirt, your boyfriend's jacket, your boyfriend's trousers,"" Smith said backstage. Well, perhaps she borrowed a little more than that. There was a cute gender-bendy wit to striped and dotty shirts tucked into jaunty ankle-cropped trousers, worn with teddy-boy hairdos, cat-eye sunglasses, and clear spectator brogues. Of course, Smith's particular brand of menswear originally appealed to women because it indulged its feminine side with colorful dandy appeal. That took flight here in jeweled iridescent suits and tailored blazers with wide contrasting hems in floral or polka dot, and a whole bucket of Smith's signature royal purple. Even the floral and swirling multicolored print he used in shirtdresses and shifts would be right at home in the lining of a man's suit. Here and there, Smith pushed the showpiece element just a hair too far a button-down deconstructed into a strapless dress seemed just plain silly, and the jury is still out on the onesie suit. Nevertheless, Smith gets points for a prodigally good show."
3508,"We don't need no education! We don't need no thought control! Singer Bebel Gilberto wore a strapless silk dress from Carlos Miele 's Spring line as she opened the show with a Pink Floyd cover. Prog rock meets bossa nova was not the only cross-pollination on the runway: Miele invited jeweler Ivanka Trump to bring on the diamonds. Both are known for  ber luxury and a flair for the dramatic, and they made beautiful music together. The lineup began with a lovely off-white and lime silk-charmeuse dress with a zipper appliqué but the tempo really picked up midway, with the arrival of a pair of high-waisted pants and a silk T-shirt with a butterfly print that was used in abundance. ""Few creatures embody the state of being carefree as perfectly as the ever-flitting butterfly,"" the program notes explained. There were sheers by now, it's obvious, a big trend for Spring and lots of ripe color. A navy crepe jacket (also with that zipper appliqué) looked very desirable, and cargo pants were refreshing, but the finale showcased what Miele does best: ball dresses. Black tulle gowns with geometric embroidery were the stars of the party. If you're a woman who wants to look and feel sexy without subscribing to any one trend, Carlos is your guy."
3509,"Michael Bastian's menswear inspiration this season was the husbands of Marilyn Monroe Joe DiMaggio and Arthur Miller, specifically and that led to a campaign and film (you can watch it here ). That in turn raised the question of what their ""Marilyn"" was going to wear. What started as a few pieces for this supporting role grew into an entire line, and today Bastian debuted his first collection for women alongside the menswear he designs for Gant . The man has a deep sense of theater. He showcased the clothes this time around in posed tableaux along fifties-bombshell/slugger lines. Clustered groups of men and women lounged about in movie theater seats and leaning up on stretches of fence, dressed in staples of midcentury prep: chic little trenches, seersucker and madras, navy lace blouses, and playing to Bastian's fetish for athletics gym shorts and locker room sweats. (Here and there were atmospheric props: a pile of vintage typewriters, some radio mics, a bunch of inner tubes.) For Fall, tailoring was limited mainly to separates, but Bastian's now making affordable suits, too, in cropped piqué for the ladies, classic khaki for the gents. (He's not, by the way, making them alone. His longtime publicist, Eugenia Gonzalez Ruiz-Olloqui, is assisting on the womenswear designs.) The danger of going the dramatic route is that productions are costumed, not clothed. But that wasn't a problem here: The looks will break down nicely into affordable, individual items with barely a whisper of Marilyn or Joltin' Joe. For proof, Bastian offered Gonzalez Ruiz-Olloqui herself, whom he calls one of the chicest women in New York. She wore a pretty blouse in broderie anglaise, a Spring piece that was also on display not 20 feet away. She paired hers with tiny denim cutoffs and a high suede combat boot that was very 2010."
3510,"Color. Jenna Lyons and co. were onto it well before it turned into a bona fide Spring runway trend, and now that it is, you can be sure the J.Crew creative team is mixing it in ways more fearless than ever. A tee, button-down, and paper bag-waist shorts combo came in three different shades of hot pink, and an acid yellow gingham shirt was paired with a straw-colored vest and a blush-toned maxi skirt. And don't forget the models' bright coral lipstick a near identical match to the shade that Lyons and the brand's new head of women's design, Marissa Webb, were wearing at the Milk Studios presentation. Lyons' own personal style has long influenced what J.Crew's women's collection looks like, so there was more of her signature mixing of day and night, high and low chambray with lamé jacquard, sequins with cotton fleece, a floor-length dress with a rugged military jacket. The studded cotton sweater worn with chartreuse duchesse satin evening shorts is destined to be an editor favorite, and the peep-toe lace-up heels made in the same Italian factories used by the designer big guns received many nods of approval. But this wasn't a formulaic outing. The crisp white shorts suit at the beginning of the lineup (Webb herself was wearing the matching vest) was notably devoid of the brooches and boutonnieres that decorated last season's tailoring, and it looked smarter for it. Ditto a rumpled cotton shirt and a pair of cuffed khaki trousers in step with the wider-leg pants seen on the catwalks. Plenty here to keep the brand on its upward trajectory."
3511,"Unless you looked closely at a pair of linen broderie anglaise dresses at Behnaz Sarafpour 's Spring presentation, you probably didn't notice that the buttons were actually made of cherry pits. Yes, cherry pits. ""They were cleaned really well,"" the designer assured us. Sarafpour has been making efforts to incorporate sustainable practices into her collection for several seasons, but something about the terrifically fresh and pretty sportswear she showed today seemed to fully crystallize the idea and her market niche. ""We're not an organic line,"" she said. ""I want it to be luxurious, but have those elements."" That means a swingy organic cotton gauze tank dress can be inset with a conventionally produced lace bodice, and no one cries foul. Sarafpour worked a nature theme in a layered palm print cut into a pajamalike jumpsuit and a tiered halter dress. But most looks had the breezy, uptown elegance upon which she made her name: For spring days, there was a crisp trench belted over wide, dark jeans; for summer nights, a slouchy white silk tank, luxed up with silver stripes and tucked into a flaring white taffeta skirt. A pair of denim overalls could have seemed out of place, even with their sharply creased legs, but then again, perhaps not when green is the word."
3512,"Bummed out by daily bulletins on the foundering economy ""I need to stop listening to NPR every morning!"" she said? Nanette Lepore sought solace in the homespun. Her inspiration was the work apron, and elements of that seamstress' wardrobe staple could be picked out all over the runway: Dresses tied closed with unfussy bows, and pockets were ample enough for PDAs all and sundry. At times, the overlarge pockets and utilitarian buckles and clasps were a distraction, but a sequined mini worn with a tucked-in white work shirt brought the concept back into focus. An amplified rose print (especially sweet on swimwear) helped lift the mood, as did a live performance of original songs by the soulful crooner John Fort . Cutouts on a white eyelet blouse echoed the rose leitmotif. The show may not have been the week's very most compelling reason to rush out to shop, but peppered with shades of plummy pink and tangerine it was a good antidote to the recession blues."
3513,"Given the fact that Hannah Marshall called her new collection Strict Machine, it seemed fair to expect more of the sculpted monochrome minimalism with which she's carved her niche as London's Lang/Sander disciple. The Rankin film that introduced her show promised something different, though: The short clip had the stoned eroticism of a Bill Henson photograph, more sensuous than strict. Wouldn't it have been a treat if Marshall had incorporated a little more of the former into her clothes? As it was, she imagined the show as a transformation from a 2-D opener to a 4-D climax, and if that reads as hard to grasp (trust us, it was even more opaque in the show manifesto, which was highfalutin in the extreme), it wasn't at all clear on the catwalk, either. In fact, the fewer the dimensions, the more pleasing the clothes, as in the opening passage of strictly shaped pants and skirts paired with sheer black pieces. By show's end, Marshall was transmogrifying the silhouette with what looked like handfuls of book pages attached to shoulders and hips (she was inspired by the artist Brian Dettmer, who ""autopsies"" books). It was an earnestly experimental effort to add volume to the collection's fierce linearity, and it was brave of her to resist any suggestion of softness. But it couldn't help but look contrived next to the elegant simplicity of a double-collared shirtdress and a short-sleeved suede jacket."
3514,"Earlier today, I spotted two oft-photographed young fashion editors wearing the high-heeled duck boots that Tommy Hilfiger showed for Fall. A minor anecdotal incident? Perhaps. But for a man who has the masses sewn up, a glittery little chunk of fashion cred has to be gratifying especially in the year his business turns 25. The new life in last season's collection was evidently the result of bringing in designer Peter Som to splash a bucketful of his uptown-eccentric sensibility over Hilfiger's rotating library of classics. The partnership continued on the Spring catwalk, where the new contender for coveted shoe is a leather Top-Sider raised onto a blocky platform heel. The theme, in case you hadn't guessed yet: Twisted Country Club. At this madcap Maidstone, a girl can wear her khakis as a backless halter dress, and no one frowns on a flippy tennis skirt in Pepto pink silk. Meanwhile, her rocker-wannabe boyfriend isn't afraid to express himself by the color of his socks, which will inevitably be visible between the hem of his rolled-up chinos or skinny pegged trousers and the top of his (possibly leopard) loafers. He can take a bright hue in bigger doses, too. You say powder pink double-breasted blazer, he says canary and magenta madras trousers. It was a peppy, preppy vision that, at times, neared the far boundaries of Hilfiger's codes. Yet it never spilled into something that felt untrue to his spirit. Before the show, a disembodied voice announced crowd-control directions for Hilfiger's very lavish post-show party in celebration of his 25th anniversary. Then came the promise that this was the first collection of the next 25. Not a bad start at that."
3515,"Martin Grant is on the side of evolution, not revolution, each season turning out infallibly elegant dresses that make retailers salivate. (Witness Saks Fifth Avenue honcho Ron Frasch, patiently standing along with everyone else throughout this longish, unseated show.) Grant's broad stroke of an idea for Spring was strong color and graphic lines. You saw it best, he felt, in the first look out, an impeccable black shift sliced with bold windowpane panels of hot pink. These were very ladylike clothes, skewing on the side of evening or at least a very important workday. Still, there was a sporty thread in that color-blocking, as well as in the perforated leather cut into dresses. And the rib-cage insets merging into slim bucket pockets gave soigné frocks and coats a race-car sleekness. That's important; Grant's look may be finished, but it's never too ""done."" To wit: The models' gently glamorous, waved hair was worn loose but neat, and their makeup was bare save for the neon lips. Of course, when your focus is on simple clothes, the details are all the more important, hence the chocolate leather piping that was set into the center of a belt and into the cuffs of a trench, or the subtly witty satin Christian Louboutin sandals made to look like open shirt collars. What should fly off store racks: any of those trenches, a beautiful tuxedo jumpsuit, and a ridiculously simple cream day dress banded in black that can be worn until it disintegrates. And when it does, our guess is that Grant will still be around in his quiet powerhouse way to sell you another."
3516,"A word about cool: At the United Bamboo show this morning, perennial cool kids Kim Gordon, Harmony Korine, and Karen O were seated in the front row. This is worth mentioning because their presence raises the question: Why is United Bamboo cool? The look is fetishistically clean-cut, the vibe demure. The clothes convey the kind of detail-driven precision that is usually associated with model-train enthusiasts. Thuy Pham and Miho Aoki don't do trendy and they don't do directional. Season in, season out, they give a gentle nip and tuck to the classic, and call it a day. United Bamboo should be boring. And yet the best United Bamboo collections always have a pervy quality, as though the designers were persistently distracted by their curiosity about what ""nice"" girls might do in the backs of cars. For Spring, the pervy-ness was made relatively explicit, as Pham and Aoki aired out the Victorian underwear drawer. Coy white button-up jumpers were shown both alone and as underpinnings, and there was a kinky frisson to seeing the jumpers' bows and ribbons dangling out below a double-breasted linen blazer or a pair of high-waisted suede shorts. Victorian bathing costumes led Pham and Aoki on two seemingly divergent paths: One led to the beach, a palette of sand and grass, and then on to sporty silhouettes and marine colors; the other led to the boudoir. Some of the best looks fused all this together, notably a pair of athletic short shorts in black lace and a red suede T-shirt-shaped apron dress cut away to reveal, at the back, a formfitting nude dress. For the most part, though, this collection's strength was its simplicity. A jersey minidress knotted in front, linen bicycle shorts, and spare-draped, trapeze-shaped, and A-line dresses all affirmed the influence of minimalism. Meanwhile, accessories continue to be developed at United Bamboo. In addition to expanding the brand's selection of shoes (the best of which was a pump with a wood heel and ballet-slipper-kid vamp), this season marked its second canvas bag collaboration with Head Porter, and the introduction of sunglasses made by Facial Index. The sunglasses looked especially on point a little nerdy, a little cattish. Just the kind of thing a nice girl might wear when she's being bad."
3517,"He may have no time for minimalism, but Roberto Cavalli is a great fan of the barely there and a grand master of the power of suggestion. You always feel like you've seen a lot more naked supermodel than you actually did. (It's a neat trick if you can pull it off remember the way Bob Mackie seemingly denuded Cher on network television week after week without ever really showing anything ) Mind you, today's show, marking a startling 40 years in business for Cavalli, did a mighty efficient job of creating a spectacle out of the bare necessities as Roberto saw them: a tiny jacket in croc or snake, a suede bib, a pair of pants laced to the legs, a sheer chiffon bias-cut gown, some webby crochet, a few buckets of beads and sequins, a concealing/revealing torrent of fringe, a palette bleached by indolent days spent lounging in the sun. And seldom has so much been done with so little. It was all in the workmanship. Using the artisanal workshops of his native Florence, Cavalli has been producing spectacular skins for decades, but he pulled out the stops for his 40th, with the whipstitching, lacing, and patchworking reaching new heights. Croc and python jackets were left unhemmed, the integrity of the skin preserved. Cavalli also rose to international fame on the back of his prints, which turned jet-set dolls into tawny-maned tigresses. Here, he steered clear of the big cats in favor of snake, rendered so accurately that it looked like the real thing in second-skin pants (less so in a floating gown on Karolina Kurkova). Layered over everything were sequins, beads, and crystals, painstakingly applied by hand in Cavalli's workshops. The backdrop a jungle of huge flowers, fronds, and phallic peppers suggested a hothouse island setting from a late-night B movie. When Cavalli's models stalked out at the finale, they could have been the cast of such a production. Who wouldn't be up for Ultravixens of Glamazonia ? If the show struck just one chord and held it, it was still an appropriate testament to a singular vision that has weathered bouquets and brickbats for decades. When Cavalli took his bow, he was as usual with wife and right hand, Eva. And in that setting, surrounded by beauty, you could imagine he was in his own private Eden."
3518,"The term ""tweaked classic"" is one of those fashion-isms that's so well-worn as to be nearly meaningless. Perhaps what Sacai designer Chitose Abe does is better described as remixing the canon of sartorial codes. It's certainly a few notches above changing a fabrication or a cut. The approach is one she shares with, say, fellow Japanese designer Junya Watanabe, but Abe has a knack for marrying wearability with concept. (She was in business for several years before diving into the fashion-week pond.) That knack was likely the cause of all the ""oohs"" and ""aahs"" emanating from the fashion crowd that had made a point of stopping by her presentation after Zac Posen's show. This season, Abe focused on injecting luxury and volume into casual retail all-stars like trenches, nautical tops, and cabled knits. That meant blouse-y satin gussets set into the sides of caped and cropped trenches, and sleeveless flak jackets that zipped open to reveal the ends of a cashmere cardigan sewn inside. Flaring, pleated skirts came in one piece with a lacy slip. Elsewhere, Abe printed sailor stripes on a paisley cardigan with chiffon gussets that laced up the side in keeping with her ""ahoy, matey"" motif. Abe develops all her own fabrics, and the highlight this season was a chiffon flocked with velvet and printed plaid. At times, it read as country gear, and at others as a nifty new tweed but both read chic. Though the clothes were presented on dress forms, each had a charming pair of Christian Louboutin pumps either with pearl ankle straps or feather-trimmed sitting at its base. Sadly, those won't be produced, but watch this space: Abe told us her next wearably cool and conceptual frontier is footwear."
3519,"Roland Mouret just bought back the rights to his name and is about to open a boutique on Carlos Place in London. It's probably not a surprise, then, that he was talking about reinvention backstage among a crowd of well-wishers that included Trudie Styler and Sting. But this collection wasn't so much a new beginning as a confident, extended riff on Mouret's signatures, some of which he's neglected a bit of late. Recently, he hasn't seemed all that interested in the body-hugging silhouette of the Galaxy dress that made him famous, but that changed today. Hence, perhaps, the smile plastered across Styler's face. Mouret's new versions came with an asymmetrical one-shoulder neckline or with strappy backs or even with sporty pockets at the hips, which gave the silhouette legs for day.       This wasn't a one-message show, though. Along with those ultra-fitted dresses, there were lots of others with a relaxed yet sensuous square-cut drape. Mouret played soft against structured, pairing a parachute silk top with wide-legged denim trousers or layering a denim kimono jacket over a color-blocked silk slipdress. The show had an undercurrent of Japanese motifs that extended to a mossy green print definitely a novelty chez Mouret. And while it's going too far to say that the color palette popped, it was a whole lot more inventive than his Fall grays. Clearly, the designer's new career developments have left him energized."
3520,"PPQ 's appeal, on the evidence of Friday night's crowd, anyway, cuts across a bizarre board, from Brigitte Nielsen to Oliver from the xx. In a way, you can see why: Amy Molyneaux and Percy Parker make clothes for the movies in their minds. Their latest was a cocktail of references. The program notes fancied something exotically Eastern (with a fez the headgear of choice), but a fitted black dress trimmed in multicolored ruffles was more South of the Border. So was a tiered silk pencil skirt in fiery red. PPQ's USP is usually a rock 'n' roll shtick, but this collection felt more grown-up and accomplished, bringing to mind a hard-boiled movie dame, a quintessential someone like Ida Lupino. You could imagine her pairing a scalloped neckline with pedal pushers, maybe even black rah-rah shorts with a cropped frilled jacket, or a sunset orange strapless playsuit with a little peplum for an Acapulco getaway. The fifties bad-girl vibe was counteracted by the sweetness of shorts in a summery blue and white stripe, paired here with a white cotton poet's blouse, as well as by a spaghetti-strapped sundress (after New York, that particular item is shaping up as a Spring 2011 essential). And the colorful print that mixed animals and mosaics in a geometric pattern was pure eighties (especially when paired with gold satin pants). The credits featured a nod to ""tanning"" (James Read for Fake Bake with skin prep by Adonia). That, as far as anyone can remember, is a fashion show first."
3521,"The  Proenza Schouler boys are tired of leggy. For Spring, they went lady, or at least that was the initial impression at today's delightful, inventive show. The first look out was an ivory tweed jacket in the Chanel mold worn with a skirt hand-dyed from lavender silk in the traditional shibori style the duo experimented with for Resort. The models' simple pumps were about as far away as you could get from the hyper-designed platforms and wedges the designers have favored the last couple of seasons. ""We wanted it to be a little more polished,"" Jack McCollough said backstage, before Lazaro Hernandez jumped in: ""So we took all these feminine codes the embroideries, the flowers and mixed them up in our own way. We wanted to do something without any obvious references."" Their way meant a salmon matte crocodile coat with oversize hook-and-eye closure; bold, oversize, arts-and-crafts-y necklaces; and slipdresses flounced with ruffles and worn over retro bras and briefs (side note: It's nice to see that some designers can make pretty, yet practical answers to sheer). It was as over-the-top colorful as it sounds and loaded with sensory details. By the end, the models weren't ladies anymore. With their loose tank dresses made from guipure lace in hot, sulfur colors and flat sandal-boot hybrids, they were simply cool Proenza Schouler girls. As the ecstatic scene backstage after the show confirmed, McCollough and Hernandez had given everyone a very welcome end-of-week boost."
3522,"Before her show, Isabel Marant said that it's been hard to keep her New York store, which opened this spring, stocked with merchandise: ""As soon as a new shipment comes in, pfff , it's gone."" The designer's special skill is sniffing out how the cool girls want to dress before they know it themselves, and that has made her pointy-toed bow pumps a very frequent sight at the shows this month. One glance at today's catwalk and there's little doubt the front-row types will next be angling to wear her pointy-toed slouchy boots with friendship-bead anklets. Marant took her first trip to California earlier this year and fell in love with its chill vibe. This collection, she said, was an ode to surfing and the early days of skateboarding. That seventies feeling meant there were cutoffs in denim or corduroy with everything from bright check button-downs to shrunken fisherman sweaters to lacy tanks. Sports references came fast and furious: A vintage-looking silk baseball jacket in embroidered washed silk was followed by nipped and fitted rugby-stripe dresses and slightly oversize football-jersey tees. On the more girly side, Marant's signature cropped jacket was cut from red bandanna fabric, and a strapless dress was smocked from a Liberty-esque purple floral print. High concept it isn't. But with her usual acuity, Marant has landed on a look that meshes with a major Spring trend. If you can remember back that far, California cool got a lot of play in New York. It looked believable here in Paris, and it's entirely likely it will do gangbusters in her stores."
3523,"It wasn't your usual fashion inspiration: The Hyena & Other Men , a book of photographs by the South African lensman Pieter Hugo that documents the lives of Nigerian street entertainers and their faunal entourage three hyenas, two pythons, and four monkeys provided Julian Louie with this season's springboard. Influenced by the way Hugo's human subjects mixed traditional, opulent African garments with found pieces of American athleticwear, Louie played with adornment and collage. An asymmetric silk satin skirt came festooned with tassels like the kind you'd find on a tie-back for a pair of damask curtains, and a crepe de chine shirtdress had a trim of textured haircloth. During the presentation, Louie explained that he wanted the clothes in the collection to be experienced individually, as an assemblage of parts rather than full looks, so the pieces were shown statically, hung from crisscrossing racks. Running in sharp diagonals along the floor echoing the clean, geometric lines of Louie's separates were the results of the designer's second collaboration with Aldo. These open-toe wedged ankle boots, made from patchwork suede and contrasting tribal prints in cotton ikat, featured some of the collection's most playful mixing and matching. Fingers crossed the kicks make it to stores; they looked great with the clothes and called attention to the subtle, crafty details in Louie's beautifully constructed pieces."
3524,"Springtime at Sonia Rykiel means several things: There will be color; there will be lightweight knits; and the girls will wear their hair in frizzy curls. Come to think of it, the models' locks always look like that here Rykiel, the red-maned queen of the Rive Gauche, has been an ace at branding since the beginning. New today, though, were the vaguely Asian hats with silk cords, beads, and tassels. Obilike belts sashed cotton poplin shirtdresses, easy caftans, and tunics over wide-legged pants, but Japonisme was just an undercurrent. As ever, it was really all about those sweaters. The show opened with a trompe l'oeil dress an hourglass bustier picked out in nude, black, coral, and cinnamon on a background of white. The palette set, those shades reappeared throughout, as color-blocking on a clingy knit tucked into culottes and as stripes on a baggy dress and jumpsuit. A couple of forties-by-way-of-seventies pantsuits and some abstract printed dresses kept things lively. For the finale, the girls sashayed out to the tune of ""Be My Baby."" They were bare-legged and wearing only stripey sweaters, matching briefs, and oversize retro shades. If the story doesn't change much from season to season at Rykiel, you're always guaranteed a good time."
3525,"Should we be getting used to Max the minimalist? Perhaps. Mr. Azria and his wife, Lubov, seem to have found a real affinity for simplicity. Earlier this week, their BCBG Max Azria collection was a parade of clean-lined, neutral looks. Last Fall's Max Azria collection was relatively free of frippery, and it was followed up today with a series of fluid but austere looks in hushed and dreamy pales like blush, mint, dove gray, and Champagne. The focus here was on a dress that hovers just below the knee or farther and channels a dancer's athleticism and grace. The Azrias aimed to hold your interest with the geometry of sliced cutouts, thin crisscrossing straps, and linear piping experiments. The strategy proved successful. Still, the points of departure, like a couple of great slouchy silk crepe suits, were welcome. The twin ghosts of Helmut Lang and Calvin Klein collections past rattled around the edges. That's not a criticism. You could have worse references. It will be interesting to see where this new direction takes the Azrias."
3526,"With all respect to Diana Vreeland, pink is not the navy blue of India. A whole spectrum of saturated hues fuchsia, turquoise, royal blue, emerald green, safety orange hold near-equal status. For her Spring collection, Daniella Issa Helayel joined the crowded ranks of designers who've been inspired by the mythic colors of the subcontinent, using almost all of the above. This label built its buzz on prints, but there were few of those here. Instead, Helayel chose to build the collection, called Indian Summer, on solid silks in vaguely sari-inspired cocktail frocks and gowns. ""You can't see the details if you have too much print,"" she explained backstage. Said details encompassed two kinds of drapes: either tightly gathered pleats that sometimes wrapped corsetlike around the waist, or a fluid variety that was tucked here and there to create various silhouettes strapless, asymmetrical, halter, short, long. Helayel sought to underline her theme with turbans, jeweled sandals, and chandelier earrings, but after a few looks, the idea became repetitive. Dresses in white broderie anglaise and colored lace were a more welcome sight. Helayel's not John Galliano, and has no pretensions to such exotic realizations. But while she delivered her quotient of pretty, easy-to-wear dresses for the front-row crew of Lily Allen, Poppy Delevingne, and Amber Rose, the show didn't quite have the punch you'd expect, given its color scheme."
3527,"If you were looking for a sign of just how big a trend minimalism is, you could find it at the Sachin + Babi for Ankasa presentation on the first day of New York fashion week. Known for the embroideries they provide to some of Seventh Avenue's biggest names, Sachin and Babi Ahluwalia's more-is-more aesthetic has defined their ready-to-wear line since its inception about three years ago. Here, though, they brought things down a notch. Handkerchief-hem dresses, strapless rompers, and matching ""public"" pj sets came in printed silks evocative of the soft, sun-washed colors the designers discovered on a family trip to Siena a far cry from the neon brights of recent seasons. The Tuscan countryside's wrought-iron gates inspired the cage paneling on a cocktail dress, but embellishments were generally toned down as well. In fact, the husband-and-wife duo showed off a surprisingly deft hand for understatement, as in a beige trench and pantsuit trimmed delicately in tulle. Their romantic yet restrained long sundress with subtle pintucking on its front was a highlight."
3528,"There's a place for jeans and T-shirts, but I remember when people used to take pride in how they put themselves together when they went to work. The question is, how do we do dresses for day? That was Robert Tagliapietra at his Brooklyn studio last week, discussing the puzzle he and his co-designer, Jeffrey Costello, had tried to solve for Spring. The answer wasn't as obvious at it might sound. Of course, women certainly do want to look like a million bucks on a daily basis, but they also want to be able to leap into a taxi or walk into a meeting without feeling silly. After all, we're not in the era of Joan Holloway. As it turned out, the duo's resolution of this fashion conundrum made for one of their best collections to date. This was by no means a departure from, but rather a quieting and refinement of what they do best. The excitement came from an array of neutral-hued dresses with a sense of anonymity, a blank-slate quality that still managed to be both interesting and quite chic. Excess and trickery were stripped away, and the focus put on details: the gentle drapes on the hips of a skirt, or a sleeve length you don't often see. There was modernity in the subtle marrying of casual and elegant, like a drop-waisted jersey dress falling off the shoulder just so. A sculpted charcoal top and slim midi skirt had a polished appearance, but could have been made out of sweatshirting; another sculpted top, with shoulders pinched up into points like little cat ears, was a small misstep. The final grouping of looks in a smudgy, painterly print looked like they were trying too hard, too so strong was the designers' case for plain and pretty."
3529,"David Koma opened his show to the familiar lilting strains of Tchaikovsky's Swan Lake before switching to something louder, faster, and harder. That was a sure sign that the fragile ballerina of St. Petersburg's Mariinsky Theatre, name-checked in the native Georgian's show notes, was heading out the back in her tutu for a smoke.  Koma built his collection of dresses around the classic ballerina's costume: a full and flaring thigh-high skirt with a tiny waist and tight, constructed bodice. He began with his Odette in white, the pleats of her skirt brushed with powdery pink. At times he turned the tutu-esque skirt into a peplum that was either part of the dress or worn as a belt over a now-slim bottom half. The top halves had linear edges, pieced together with sheer organza, wool, embossed leather, and python. And of course, Koma ended with the black-clad Odile, naturally in leather with armorlike rectangular beading. Who doesn't love a neat symmetry like that? But while it was interesting to watch Koma work up to his black swan with increasingly wild black-and-white geometries, the midsection of the show felt noisy and tricky at times, particularly where flashy gold python was involved. There was enough strong material to keep Koma's fans like Cheryl Cole and Beyoncé from being disappointed, but this young talent is still learning to refine his ideas."
3530,"Anna Dello Russo, Vogue Nippon 's eccentric editor at large and a true fashion maniac, walked into the Moschino show this morning in a black skirtsuit from the house's Fall collection dripping with gold hoops and jangling like a tambourine. It would take a maximalist more fearless than she is, though, to pull off some of the clothes Rosella Jardini put on the runway today. Red and blue polka dots, stripes, ten-gallon hats, turban scarves, fleur-de-lis doorknocker earrings, gold mirrored shades it was all happening, often in a single outfit. The model who wore an off-the-shoulder bustier dress that flared at the hips before falling to a deep ruffle above the ankle looked like a Wild West saloon girl whose time machine got stuck in the 1980's. The show had less over-the-top moments, but the sharp tailoring wasn't without quirky, tongue-in-cheek details of its own. A navy double-breasted jacket came edged in gold fringe, an ivory blazer featured a felt boat instead of a pocket square, and in place of frogging closures, a cropped linen style was decorated with gold scissors. And what's a Moschino show without piles and piles of faux pearls? Irreverence has been the name of the game here since Franco Moschino founded the company nearly 30 years ago. But when practiced this exuberantly, the house signature can end up looking camp. If it's not believable on the runway, what about in real life?"
3531,"This ought to be a very good Spring for Victoria Bartlett. For the past year or so, the influence of her line, VPL , has been glimpsed in hints and snatches, as other designers began to assimilate Bartlett's sui generis vision into their own collections. Any time you saw a pair of high-waist underpants worn alone, or caught sight of a bandeau bra and a wink of skin below a cutout top, you couldn't help but think of VPL. This season, the line's influence is really making its presence felt: Overlap layering; visible underpinnings; transparent and skin-colored fabrics; asymmetry; athletics-inspired silhouettes; loose, long draping; bolts of neon against neutrals; construction in conversation with anatomy. These are some of VPL's key motifs, and they are starting to emerge as a lingua franca of Spring '11. Bartlett, for her part, isn't budging. Her show today explored the signature VPL themes from a new angle: the idea of suspension. The concept was executed more and less literally. Suspenders, halters, and apronlike construction hung garments just off the body; elsewhere, draping created a similar anti-gravitational effect. The look was especially appealing on open-back knits, trapeze dresses, draped jersey pants that ought to fly at retail, and a standout hood-less parka. Tailoring got a workout, too. One of the strongest looks was a flared, short-sleeve jacket of silver linen, paired with matching peg-leg pants. Though the collection hit the VPL trademarks hard, it also developed the brand's vocabulary in terms of fabrication and print. Bartlett has generally been pretty sparing with print, but this time she went for it, putting squiggles and sketches inspired by the Egyptian artist Ghada Amer on leggings and bras and applying an eye-searing abstract pattern to skirts and dresses. Then there was the jacquard, hand-painted and then hand-woven and turned into a structured bodysuit and trapeze-shape apron top. The jacquard exemplified the ways that Bartlett has been building a textural richness into her line over the past few outings. She explored other kinds of textures in her finale, a selection of showpieces hand-knit or made of sheer, hand-stitched organza. It's nice to see her playing with earthier fabrications, and more delicate ones. As usual, it's worth remarking on the accessory collaborations. Again, Bartlett turned out several winning pairs of shoes with L.D. Tuttle, and lots of cool statement jewelry with Lizzie Fortunato, Orly Genger, and Alyssa Norton. (Bartlett is a generous collaborator.) But the really new accessory on her runway came courtesy of Bartlett's longtime partner-in-crime, Brian Crumley. Working with a glass blower, he created backward-facing necklaces that sat on the top of the spine, supporting the neck. They were truly weird, and truly beautiful."
3532,"To anyone who attended one of Jun Takahashi's provocative early Paris shows, it's slightly disorienting to find the designer showing everyday clothes at a showroom appointment. (It's a bit like seeing Oz exposed as just a guy behind the curtain.) But this is actually the second season that Takahashi has taken the quotidian wearability route. For Fall, he posed his wife in front of various projected scenarios, pushing a grocery cart or having a glass of wine at home. Here, the backdrop was a comic strip called Underman . The animation, we were told, was an unrelated creative exercise; the damsel in distress and the evil anti-heroine simply happened to be wearing the designer's Spring clothes. Those clothes, Takahashi explained, were meant to inject a vein of luxury and sophistication into casual street kit. This means a canvas car coat gets satin pockets, and T-shirts are made oversize by tailoring an extra panel of fabric under the arm. There was more life in miniskirts with silk fringe fronts and faded denim backs, shirts and pants with painted-on leopard and sequin prints, and an anorak with a wired hood. And last season's nylon shopping bag now comes in a papery glitter material. Takahashi hasn't jettisoned a sense of humor or wit. At any rate, these two recent collections shouldn't be taken as evidence of a whole new gentler, more commercial business strategy chez Takahashi. The designer told us he's planning something ""very different"" for next Fall."
3533,"Hoopla, schmoopla. Stephen Burrows ' venue for his no-frills, low-tech presentation was his Garment District showroom, and the accompanying soundtrack may very well have been blasted from a boom box propped up backstage. Up front, the models (a whopping six of them, including Pat Cleveland's daughter Anna) waved from their marks to the designer's gathered friends.  But while the production values were low-key, the clothes were a different story. Bright, tight, and polished, these were look-at-me party frocks inspired by the kaleidoscopic colors of Times Square on a sultry night. Even the occasional buff tones had citified origins: Burrows likened them to the steam that rises from the sidewalk grates and manholes of Manhattan. ""Fussy's not good,"" Burrows said of his summer dressing philosophy. Aside from the prints which were swirly, sparkly rainbow whorls there was nothing complicated about his simple silk georgette gowns and shirtdresses. With the exception of a few sequins, the collection's sole embellishment was a jewel-encrusted shoulder on a jersey tunic, worn over lime green lounge pants. Directional? Hardly. Supremely fun? Absolutely."
3534,"It's unlikely the season will see a more optimistic interpretation of a catwalk offering than Y-3 's evocation of Janis Joplin, Elvis Presley, and Jimi Hendrix as the holy trinity of rock style propping up the label's latest collection. At a pinch, the shrunken Napoleonic jacket sported by one male model could be spun as a Hendrix reference (though the waders with which it was paired radically diffused the effect), but otherwise, the somber parade of cropped and chopped clothing brought Edward Scissorhands to mind, with the sky-high hair of the male models as a further spur to that association. Scissors had certainly been at Yohji Yamamoto's signature Edwardian tailoring, slicing away at coats and jackets on the girls, cropping tops on the boys. If a music reference had to be brought into play, it was surely goth, underscored by the witchy hair and toxic lipstick of the female models. They were all wearing black bras, like Sicilian widows, to go with their cutaway tops and flouncy or flowing bottoms. The men, on the other hand, were cursed with electric-shaded velvet corduroy items. There were some appealing pieces like the man's shirt in cotton ticking with jacket detailing, or the woman's fitted red cardigan that floated away in tails but Yohji's daughter Limi Feu does hard-rock attitude a lot better than this. Kudos, however, to the person whose decision it was to use Brit rockers the Duke Spirit as a live soundtrack, even if their authentically hard edge cast an unflattering light on the frequently ersatz nature of the clothes."
3535,"Lima is on Lela Rose 's travel wish list, and for Spring, in lieu of an actual trip, she paid homage to the coastal city's vibrant culture and colorful handicrafts. Accessories, including Rose's latest collection for Payless, echoed the influence most directly a wedge sole wrapped in raffia, braided rope necklaces in bright primaries. Less obvious was the opening look, a loomed cotton wrap dress in stone; it was a subtle nod toward Peruvians' knack for making a single swath of fabric look amazing. A neat embroidered tulle that looked like black netting was used in geometric cutouts and layered over a T-shirt dress. Better yet was a laundered-taffeta anorak. It had a lovely sheen and a feminine sportiness that was more appealing than the all-out-girly closing gowns."
3536,"There were those in Michael van der Ham 's audience today who found themselves responding to his clothes the way they might to a Rei Kawakubo show: first bemused, then fascinated, finally mesmerized. Van der Ham's collages of cloth were initially wayward enough to feel like the sartorial self-expression of a split personality. The arms told the story. One might be covered by a full sleeve of velvet dévoré ; the other would be bared under an off-the-shoulder blouse. There'd be a drapey classical effect on one side, and fitted crushed velvet on the other. Or a sleeve to the elbow versus a little cap sleeve of sequins. And in between, it was all-bets-off, with clashes of pattern, texture, and technique that looked like a consummate statement on randomness in fashion. But with van der Ham as the guide, a road map through the chaos emerged. The overarching theme was the work of the legendary Hollywood costumer Adrian. With his last collection, van der Ham was all about decades, attaching something from the fifties to something from the seventies, for example. This time around, his focus on one individual didn't seem to temper his profligate creativity, but it coincided with a heightened sophistication. The designer was working with his own prints for the first time, and perhaps that honed the internal logic. There is something of a postmodern conceit in what van der Ham is doing. He's making fashion about fashion, in the same way a brilliant new artist like Marlo Pascual is making art about art. But in both cases, the peculiar beauty of the result speaks for itself."
3537,"You knew more than half the story of Alberta Ferretti's Spring Philosophy collection the minute you walked into the showroom, where the floor was covered by a splashy Gauguin-esque chinoiserie print. Ferretti usually keeps a tight aesthetic rein on her secondary collection; she doesn't let much stray from being on the message of the season, and this was no different. The rest of the tale was little dresses and pajamalike shorts all printed, all over with matching conical hats and platform shoes. There was distinct promise here. Colorful little frocks are right up the Philosophy girl's alley, and she'd probably do some damage choosing from the terrific silk-covered and beaded shoes. But Ferretti erred on the side of literal references in frog buttons, cheongsam silhouettes, and dragon embroideries. When a belted trench, with a printed lining visible from the rolled-up sleeves, popped up in the midst of the Chinatown sea, it was a breath of fresh air and reality. A few more of those moments would have been welcome."
3538,"Massimiliano Giornetti said his second women's collection for Salvatore Ferragamo was inspired by Jacques Deray's late-sixties movie La Piscine . ""But I didn't want nostalgia,"" he said, ""just the vibration of that moment. I want to go back to that free-spirit, bohemian, gypsy attitude."" If that sounds like dangerous territory for a label best known for its loafers and bow-topped ballet flats, it wasn't. Giornetti inherently gets the Ferragamo DNA, after working on the men's side of things for ten years. The show he put on for Spring offered a measured, sophisticated take on of-the-moment trends peasant dresses, macram? and crochet, transparency, and YSL-isms like safari jackets included. Giornetti is also making the case for Ferragamo as a suit resource. Narrow jackets and cuffed, slightly flared trousers in spicy shades of cotton canvas had a chic durability. That was the charm of this collection how good he made real clothes for real life look. But it wasn't all work and no play. Giornetti's knit bikinis may not be safe for the surf, which crashed and splashed on the soundtrack, but alone or topped with one of his liquid-y, sheer cover-ups, they'll look great next to la piscine ."
3539,"Rei Kawakubo was looking to shake things up, so she literally turned clothes upside down in her new collection for Comme des Garçons . The French have an evocative-sounding word for it: boulevers? . And there was plenty of that in coats that trailed sleeves to the ground, or jackets that had clutches of other jackets dangling from their backs. A single jacket would be collaged from a couple more, and dresses were layered for an effect that evoked Kawakubo's other gnomic reference point: multiple personalities. The fact is, as much as she sought to court chaos, there was a spare elegance to many of the designer's constructions, compounded by Julien d'Ys' delicate aerodynamic cloches of feather and net. Take, for instance, the white cotton military coat; or the perfecto-style jacket, also white, which was elongated and expanded so it was almost capelike, then wrapped in black; or the black jacket cut away over a striped cotton nightgown. (Another striped smock bordered on asylum attendant, evoking a sort of boulevers? Gothicism.) A top had one arm ruffled, the other tiered, as couture as Capucci. The finale conjoined pairs of women with a third outfit, conveying the notion of multiple personalities in an obvious way. Why? Wrong question. Why not? Right answer."
3540,"Oscar de la Renta has never made any apologies for catering to the upper tiers of the upper crust, and why should he? But his reliance on certain posh props (updos and heavy eye makeup on the models, an ostrich bag filled with fresh-cut flowers, a soundtrack of doo-wop hits by the Platters) made today's somewhat uneven collection feel more old-fashioned than it might otherwise have. Mixed in among the ladylike tweeds, windowpane plaids, and raffia embroidered linen were a pair of genuinely fresh shibori print frocks in relaxed away-from-the-body silhouettes. For cocktail hour, there were a fair number of modern options, from a strapless number in navy gazar embroidered with black organza to a white swansdown tutu with a black faille bodice, the latter of which seemed to thrill front-row star Sarah Jessica Parker. And, as ever, de la Renta's gowns were something to marvel at, especially the black mermaid dress with the one flounced shoulder strap and the ivory threadwork embroidery layered over a peony pink column. On the other hand, numbers like the celadon silk faille with the pink carnation appliqu's and matching bolero erred too retro and over-the-top. At his best, de la Renta has a more subtle touch."
3541,"Ladylike dressing is back. So we're told, and insofar as the trend has been emphatically affirmed in several Spring collections, such is the case. Well, good. It's nice to see a little fastidiousness back on the runway, after all the studied slouchiness, all the leather and studs, all the condom-tight skinny jeans and minidresses. But sometimes you have to ask yourself: Really? The thing about the non-ladylike trends that have taken hold the last few seasons is that they've come with an implied sense of freedom freedom to move, freedom to misbehave, freedom to think. Sometimes the look debased itself (too many slatternly clothes), and often the references were cheap (a leather jacket doesn't make a person an anarchist). The feeling, though, was one of emancipation; this was empowerment enunciated by the stomp-stomp-stomp of platform wedges and combat boots. Which is why so many of the new ""ladylike"" collections come off as a rebuke. Straighten up! Button that blouse! Cross your legs! You can practically feel some headmistress of the Zeitgeist rapping your knuckles. Too many designers are not so much making clothes for grown-ups as admonishing their customers to grow up. The effect, ironically, is infantilizing. And that's why today's Peter Pilotto show felt so fresh. Alongside only a very few other designers, Peter Pilotto and his label mate, Christopher De Vos, have figured out that looking like a lady doesn't have to mean dressing like a priss. One example: The duo took the ultimate dowdy hemline, mid-calf, and the ultimate frumpy shape, pleated, and created featherweight skirts that were cut away in flapping, uneven panels. There was a sense of movement, velocity. And paired with the collection's burlap-textured tweed vests, in expedition-gear shapes, there was even a sense of toughness. The expedition element wasn't incidental: Pilotto explained after the show that one of his and De Vos' two key inspirations was a book of photographs of rock climbers. The reference made itself felt in various ways, overt and oblique: silk jacquard that looked like a technical nylon, a print inspired by rock climbers' carabiners and neon hoists, blouson tops in printed parachute silk, sewn-on scarves draped like rope, graphic knit cotton turtleneck dresses and tops. Meanwhile, Pilotto's other key reference was seventies-era Yves Saint Laurent, and the outdoorsy theme was interpreted through the prism of YSL's timeless panache. Two silhouettes were emphasized. One involved the mid-calf skirts, with tidy blouses on top. The other was a column, executed in silk jersey floor-length dresses, some with built-in jewelry collars, and tunic-shaped tops with narrow, flared trousers. Per usual, Pilotto and De Vos devoted a great deal of attention to print, albeit in an unusual way. Seeking to push beyond the digital printing they've been known for, the designers developed unusual silk-screen prints that read as three-dimensional, such that even the most gossamer garments had a sense of dimension. That was elaborated through a lot of real, as opposed to perceived, textures those jacquards and tweeds, and pointillist lace that played against the prints made from them. There was a lot going on in this collection, but all the garments had a sense of ease. Or, to put it another way you could imagine wearing these clothes and feeling free."
3542,"The jumping-off point for Sam Shipley and Jeff Halmos' new collection was the mash-up of classic and modern. In particular, Shipley cited Peter Saville's famous cover for New Order's Power, Corruption & Lies . The stiff Fantin-Latour still life overlaid with Saville's self-created, color-coded bars? It could be juxtaposition's finest moment. The designers aimed to emulate that effect by tweaking established shapes and prints. What looked like a sundress was actually a loose romper, the kind of sleight of hand that should find favor in Williamsburg or on the Lower East Side. Hemlines rose and fell in swooping waves long in the back, short in the front. Prim floral prints were blown up to larger-than-life proportions, and vertical and horizontal stripes wound their dizzy way into one another. High-waisted silk tap shorts and a shrunken baseball jacket stood out among the rest, but there's likely something for any girl to love in this offering. Power, Corruption & Lies ? Nah. It's more playful than pensive. No one ever accused New Order of that."
3543,"Like the tour-de-force signature collection he had shown the previous night, Marc Jacobs' secondary line for Spring 2011 was infused with an upbeat, seventies-inspired enthusiasm. In fact, make that the forties-as-seen-by-the-seventies a fantasy epoch that has inspired a lot of youthful dressing-up over the years, and which plays neatly into this season's appetite for ""proper"" clothes. Of course, the designer added his own spin: Alongside a lovely selection of full-skirted, even demure, sundresses (the last outfit was irresistible) was a new take on the sweater girl (purest rah-rah when he belted a navy jumper over short shorts). While the Marc by Marc womenswear struck an appealing balance between sweetness and sophistication, the boys, by comparison, still looked a lot like thrift-shopping college guys. In their rumpled suits and oversize coats, they recalled that New York moment when the cool kids imagined themselves as characters out of French New Wave movies especially Lemmy Caution, the private eye antihero of Godard's Alphaville ."
3544,"Leave obvious inspirations like Bianca Jagger or Ali MacGraw to other designers. Brian Wolk and Claude Morais took Susan Travers, an obscure diplomat, according to the press notes, and the only woman to serve officially with the French Foreign Legion, as a muse for Spring. She provided the collection with its polished military look brass-buttoned ambassador jackets cinched with satin belts over high-waisted, full-legged canvas trousers and satin camp shirts tucked into crisp A-line skirts. The white, royal blue, olive drab, and gold palette was razor-sharp, but Ruffian 's lineup wasn't as regimented as all that. Travers' position took her not only through Europe but to Africa and Vietnam as well, which gave the designers a good reason to mix in an ikat-patterned strapless dress with an intricately pleated bodice and another summery frock with pintucking at the waist in white cotton sateen. Leopard print and black sequin-embroidered camouflage added an exotic element, too, the former more believably than the latter. Wolk and Morais have always loved mixing the masculine with the feminine. But with so much tailoring on the runways lately, it was their straight-up-sexy dresses draped to a twist at the waist that had real gotta-get-one appeal."
3545,"Before his show today, designer Adam Lippes confessed that he found the recent movie The City of Your Final Destination a bit of a snorer. Apparently, though, he stayed awake long enough to glean some quality inspiration, because he cited the film's images of Charlotte Gainsbourg pottering around a remote estate in Uruguay as the sole reference of the collection. We'll quibble with that. The show itself would have been a bit of a snorer if all it had done was retread the look of rusticated aristocracy. Peasant blouses and city trousers and zzzzzz? No, what elevated Spring was the fact that Lippes' constant and cohesive inspiration is women  real ones, not movie ones. Real women with all kinds of bodies, who want to look pretty, and sexy, and a little edgy, and also elegant, and very now, but always like themselves, and not like fashion victims. Lippes seems pretty clearly to believe that his job is to help all those real women square the circles of their desires, and show them clothes that are pretty and sexy and edgy and elegant and very now, and that will never, ever make them look like fools. Let's start with the trousers, high-waist flares tailored to a T and shown in navy, gray, peach, and tomato red, among other colors. The fabrics were unpretentious (twill and denim), but the effect was ridiculously chic, coupled with smart lace blouses and cropped hand-knit sweaters and tuxedo jackets. A pair in cement gray, with sailor-pant-inspired lacing up the back, is a must-have for Spring; they may even sound the death knell of stovepipes. With the sundresses and diaphanous long skirts, Lippes went so far over the horizon of pretty, he wound up back at edgy. (Pretty does feel subversive, after all the spiked platforms and leather leggings of the past few years.) Standouts included a long skirt of pleated chiffon, printed subtly in gray on the top side of the pleat, and left plain cream underneath. The skirt had plenty of movement, given the play of hard pleats and soft chiffon; the print/plain contrast gave it unexpected dimension, too. Another highlight: spaghetti-strap sundresses in white eyelet and a toile-esque chiffon, with fishtail hems as an added surprise. While all that sounds sweet enough to threaten diabetic shock, Lippes cut the treacle with rough linens; punctuating colors of rust, copper, and chambray blue; and dense hand-knits coincidentally from Uruguay that had a feeling of real earthiness. Less effectively, he tried to toughen up his collection with Celine-esque leathers and the embroidered sweatshirt jerseys his line has been known for. Both felt out of place. In general, however, this outing had the snap of good sense. That may be an odd thing to say about a brand that is overtly romantic, but it is probably the correct thing to say about a designer with an unerring sense of the relevant."
3546,"How can I do what I do with prints and be a minimalist? So pondered  Michael Angel , the Australian with a gift for graphics who wants a piece of the big-time nineties revival now in full effect. His answer? Make the prints fantastic, and simplify the rest. Prints, of course, are Angel's bright, sexy calling card, and as usual, they were a success. The same was true of the simplification up to a point. The predominant silhouette (a double-layer trompe l'oeil wrap skirt with a revealing front thigh slit) looked fresh, but Angel showed too many subtle variations of it, and not much else. Minimalism shouldn't mean minimal options. Angel did use the skirt layers effectively to experiment with texture. Leather paired with silk twill had depth, and a bottom layer encrusted with a frosting of heavy sequins emerged and disappeared as its wearer moved. Up above, he cut a men's dress shirt off at the breastbone, creating a midriff-exposing collar top that appeared, in one form or another, in almost every look. Intrigued by the pious modesty he had observed on a recent holiday in Rome, Angel played with the idea of hiding and revealing. He used latex (a naughty rejoinder to the ecclesiastical inspiration) to obscure the salient parts of the female form. Layered over the prints, the opaque latex made for an interesting color play. It was smart to pair the showstopping prints with cleanly tailored separates with an edge. Next time, it would be nice to see a few more choices."
3547,"Like Alberta Ferretti yesterday, Domenico Dolce and Stefano Gabbana looked to the garden for inspiration. The trellis behind their runway was strewn with real roses, peonies, hydrangeas, ferns, and ivy their florist must be ecstatic. But if the duo's vision was Edenic, it was also poised at the moment when Eve was starting to get a little frisky. D&G is aimed at their youngest customers, so the cabbage rose-print tanks unbuttoned to reveal a hint of bra, and the mismatched bubble shorts and gingham head scarves looked sweet, but not that innocent. Snow White, who eats a poison apple of her own, by the way, was apparently a muse; she and her seven Disney dwarves appeared on T-shirts and tanks, and pinafore dresses got equal runway time with strapless rompers, one of which happened to be accessorized with an apron. D&G's teenage fans might take banishment to the woods by their evil stepmothers before they slipped into one of the designers' red and white picnic blanket-check dresses they were just too literal an interpretation of the theme. But other pieces would score Mom points on a spring shopping trip, especially the sky-high wedge espadrilles and the flowing boho dresses strewn with blossoms and cinched with raffia belts that closed the show. Those qualified as the freshest, prettiest takes on the long trend we've seen so far this season."
3548,"Move over, Granny, there's a new Talbots customer in town. Julianne Moore is the face of the company's Spring campaign (sorry, no controversial nudity or lion cubs in these ads), and approaching 50 with indie film cred fully intact, she's the kind of modern woman the brand with the big red doors is trying to tap into by upping its hip quotient. Yes, we said ""hip."" Chief creative officer Michael Smaldone, previously at Anne Klein and Elie Tahari, is the man behind the design facelift Talbots has been undergoing the last few seasons. He's broadening the label's appeal to suit a younger set, with fashion-forward pieces like the suede paper bag-waisted shorts and cropped burlap blazer Moore modeled during her Mert & Marcus-snapped shoot. According to the designer, the actress wore that outfit home. Smaldone's inspiration for his Spring collection was the 1950's and the spiritual setting was Paris, so the silhouette is hourglass and the palette is macaroon bright. An abstract floral-print dress hits on the season's sheer trend, but the Talbots' take comes with a convenient slip to be worn underneath. The accessories are the unexpected high note of the makeover. Crocodile-stamped lightweight wedges and a small snake box bag with oversize ball clasps would fit right into any twentysomething's wardrobe (they'll like the under-$200 prices). But not to worry, Talbots has no intention of alienating its core audience. The classic blazer, cardigan, and white shirt are all still here, but with updated, ""Grandma, can I borrow this "" fits."
3549,"I started with abandon. Now I'm more interested in control, Rick Owens said, contemplating his new collection. That, in a nutshell, is the passage from youth to maturity. Still, as you age, you realize complete control is an impossibility, and yet you pursue it anyway, which inspires the melancholy of futility. How many fashion designers can you attach that weight to? That feeling surely explains the mysterious tug of a Rick Owens collection, and it's the magic element that will always give him the edge on his many imitators. This time, the evolution abandon to control was crystal clear. Where once his clothes were languid and drapey, now Owens favored a rigid, almost austere structure. Reemploying the silk cotton canvas from his recent men's collection, he cut shapes that stiffly framed the body, with collars that extended skyward. Skirts were extreme, either in volume or length, fishtails trailing in perverse defiance of common sense. But then Owens offered a group of mid-thigh styles, fabric folded to form a split tuniclike kilt it was as commercial as anything he's ever done, especially when paired with pearly-toned leather jackets. The dominant principle of the collection was aerodynamicism. It was implicit in the makeup and the hair; combs of bone rose from Luigi Murenu's chignons like alien tiaras or antennae. But there were also cutaway leather tops and strapless columns that fell away in wings of fabric. Owens had seen the Picasso show at Gagosian in London this summer and been taken by the cardboard cutouts of white doves. That's the kind of subtle transmutation that makes his collections so haunting. And, because every detail is more thoughtful here than at many design houses, the soundtrack Nathan Fake's ""The Sky Was Pink,"" a piece of electronica whose innate lyricism has been mutated but never matched by multiple remixers seemed significant. A hard, mutant lyricism is part of the unique appeal of Rick Owens."
3550,"It's hard to conceive of a more thankless task in fashion than taking over from a designer as galvanizing as Alexander ""Lee"" McQueen, but Sarah Burton is precisely the kind of quiet powerhouse who has what it takes to grab hold of his legacy and drag it where it needs to go to survive and prosper. As much as she worked beside McQueen for 15 years and clearly had a symbiotic connection to his very particular vision, it's her gender that is her greatest asset and point of difference, at least as it shaped tonight's show. The very first outfit could stand as a manifesto for the future: The tail coat is a trad McQueen piece, but here it was softened, its edges unfinished, and the hard, peaked shoulders that were another McQueen signature had been slashed open, relaxed. Burton also softened the staging, a concept that was always so critical to a McQueen show. Where his narratives were often dark, discomfiting things, she opted for a nurturing atmosphere: a pagan, Earth-Mother-ly spirit. The woman in her show began as a plain white canvas and was steadily reclaimed by nature: wrapped in embroidered fronds, in leaves of black leather, in a raffia-trimmed brocade, in the wings of monarch butterflies or an enveloping mass of feathers. The craftsmanship was startling that monarch butterfly dress, for instance, or a gown with a breastplate of gilded cornstalks and skirt of pheasant feathers, or another gown of pleated organza that looked like an unfolding sea anemone. What hadn't changed with this show was the fantasia that defined McQueen's work. Burton has already said that there were so many ideas left to be explored in her work with the designer. Now that she has proved her absolute fealty, her absolute familiarity, it's going to be riveting to watch her apply the craftsmanship and teamwork that made this collection such a success to a new vision for the house."
3551,"Karen Walker is one of several designers feeling the sixties this season, but she's probably the only one reinterpreting the decade via clothespin prints and parkas made out of Tyvek. And that's the great thing about her: Even when she's mining the conventional, she never forgets to be unpredictable. That was about the situation for Spring, as Walker put her typically youthful spin on sixties silhouettes such as shifts, Beach Boys button-fronts, and clam diggers. Her inspiration was witty: the work of the photographer William Eggleston, from whom she gleaned a Kodachrome palette, a density of print, and a general strategy of elevating the humble. This was true not just with the clothespins and the Tyvek, but with the Perspex jewelry and the prints inspired by curtain fabric as well as with ruffled clutches made from parka nylon, in lawn green, raincoat yellow, and construction-site orange. The collection's real strength, however, was its outerwear and accessories, in particular those ruffled bags and the high-heel, clog-style, and platform loafers. The loafers were done in collaboration with Australia-based company Beau Coops; the platforms represent her latest outing with Pointer. Walker has always been big on print, and this season, the trend of print-on-print has caught up with her. Individually, there were a lot of winning pieces, but taken all together it was often a bit much. More problematically, some of her ensembles looked kind of pajama-y. (Come to think of it, we strongly encourage Walker to get into the pajama game.)"
3552,"Maurizio Pecoraro said his Spring collection was influenced by Yves Saint Laurent and the recent exhibition of his work in Paris. That puts him squarely in the middle of things this season, which is a good, and not-so-good, place to be. The bad news first: Pecoraro is going up against bigger, better-funded brands, and it's difficult to compete with their access to quality fabrics and the craftsmanship of their ateliers. His suede fringe will have a hard time living up to Frida Giannini's at Gucci, and his crochets and gem-studded macram's tended to look more crafty than couture. The collection would've benefited from a lighter hand with the extras, not just when it came to the straw hats, neck corsages, hobo bags, and flower-strewn sandals, but also in terms of the layering, which sometimes added bulk and weighed down the silhouettes. On the plus side: Like Saint Laurent, Pecoraro can cut a mean pair of pants. We've seen plenty of high-waisted, flaring trousers this season, but few have managed to look quite so flattering on the derriere as his in white linen. He also took cues from the master on the casting front. It's almost unbelievable that fashion is still trying to figure out that lesson from YSL four decades later. Kudos to Pecoraro for the most diverse group of models this week."
3553,"Marc Jacobs reprised the fashion show-in-the-round concept of his Fall presentation for Louis Vuitton tonight. But when his party pack of models emerged simultaneously from different parts of the giant burnished gold cylinder he'd installed in the middle of the Lexington Armory, they had left the fifties and sixties of that Vuitton show behind and walked out into the louche, liberated seventies. Make that the seventies by way of one very hedonistic night in the summer of 2010. ""I was at Naomi Campbell's birthday party in Cannes,"" Jacobs said backstage, ""and all the girls wore these long dresses, and after dancing all night they hitched them up to the waist."" He went on to mention the New York Dolls and Yves Saint Laurent as references ""the usual faves"" plus Naomi's pal Marpessa and other big runway girls of the day. Remember fun? If Jacobs has his way, it could be back. First and foremost, this collection was about color. In other words, it was one of Jacobs' signature 180s an exuberant departure from the neutrals of his serene Fall lineup. He opened with an Eastern-inflected coat in an electric orange print, with belled sleeves and an obilike belt. The model, newcomer Luisa Bianchin, wore a huge fabric flower in her red frizz and heavy eye makeup that called to mind the imagery of Guy Bourdin. More prints, on silk now, followed for halter dresses and strapless jumpsuits slit high enough on the thigh to reveal the models' briefs. (Sorry, breast men, the bust's brief resurgence as the reigning erogenous zone looks to be over already; 2011, we promise you, will be the summer of the hot pant.) There was a satin interlude, an ode to Missoni's zigzag knits, and voluminous peasant dresses with a Rive Gauche air. The girls wore gold glitter platforms, and carried clutches or chain-link shoulder bags small enough to fit comfortably in their hands. Their wide-brimmed straw hats were straight out of Taxi Driver . And yet Jacobs was mostly in control of his potentially lurid subject matter. The seventies have been in the air for a couple of seasons now. You can already find long dresses and denim flares here and there on Broadway's fast-fashion strip, but none in the materials Jacobs uses double-face voiles, gauzes, etamines. And none that are half as seductive."
3554,"Backstage after her show, Tao Kurihara offered only a few words in explanation of her collection. ""Miss Honey,"" she said. That might have the ring of a drag queen's adopted mantle, but we doubt that's who the designer was picturing. When pressed about her muse for the season, she seemed to have someone more traditionally elegant and feminine in mind. Of course, in Kurihara's world, imposing a story is not the point. What marched out here was, in fact, a markedly more streamlined version of the designer's surreal and frothy romanticism. For starters, she contained her poufy volumes in a longer and leaner silhouette. The first look a strapless gown that could have been made of ruched and embroidered bed linens followed the line of the body more than anything Kurihara has ever done. A few looks later, a black gown smocked on the bias and topped with a knotted and ruffled evening jacket was almost conventionally glamorous. (We are speaking in relative terms here.) Usually Kurihara seems to be designing by loading it on, but here she was often taking away. An entirely sheer black lace dress was a beautiful ghost of a garment. Elsewhere she used smocking to rein shapes in. There was an overall sense of sophistication, evident in the palette (almost exclusively black and white), in the ladylike elements of polka-dotted silk and lace, and even in Kurihara's take on proper updos and hats. As an added bonus, the new lighter, upgraded collection included the retail-ready individual pieces that have been an integral element within her dreamlike vision but were absent last season."
3555,"Before her show, Sophie Théallet reeled off a host of Mexican references: Luis Barrag n's colorful, minimalist architecture; Tina Modotti photos; Frida Kahlo; and Chavela Vargas, a singer introduced to her by Pedro Almodóvar and Rossy de Palma. A moment later, she rescinded them almost entirely. ""But it's not about Mexico,"" she said. ""It's just chic and polished with nonchalance what I like to give to a woman."" Still, the Latin American nation left a ghostly trace on Théallet's beautiful and infinitely wearable collection. There were peasant blouses and skirts with a single tightly controlled tier of pleats, and liberal use of traditional lace, culminating couture-style in the final look of a bride. Models were styled with a Kahlo-esque chignon and crimson lips. But Théallet considers her collection a slow-boiling evolution immune to trends. Here, bohemian printed sundresses, and variations on a breezy, loose silhouette that gently gathered at the waist, followed right in line with what she's been doing confidently since day one."
3556,"With Chris Isaak crooning ""Wicked Game"" and models strolling down a sandy runway, you could be forgiven for thinking that Jen Kao 's Spring show was about the chicest girls at the beach. Instead, Kao's backstory involved girls wandering the desert in an altered state where they find the man of their dreams. As opposed to in real life, the designer explained backstage. touché. Kao all but tossed her body-con reputation out the window with these dreamy and crafty looks, finished with dangling silver earrings, macram? foot wraps in lieu of shoes, and back-combed hair that looked clotted with salt. But the designer grounded the dusty pale crocheted knits and billowy silks in reality with measured doses of tailoring and structure. A natty white blazer was shown over an organza dress. A standout gown in various rosy sandstone hues had a fully structured bustier from which hung a fluid silk skirt. Though it seemed to venture further than ever from her established oeuvre, Kao pronounced the collection ""the most me I've been."" Mr. Right might be a mere figment, but sometimes reality can be just as exciting, like this solid push forward from a young designer."
3557,"With the house celebrating its 40th anniversary and the founder, Kenzo Takada, far away in Brazil working on his home wares today's honorary birthday boy was Antonio Marras, Kenzo 's designer for the past six years. Accordingly, he was subjected to a wearying orgy of congratulations in the torrid backstage heat of the Cirque d'Hiver. But congratulations are indeed due. Marras has lately kicked Kenzo into gear, and the anniversary show recognized that fact, with a first half devoted to the new Spring collection and a second half that mixed pieces from the label's vast archive with his contributions from the more recent past.  The thing that stood out about the new work was how unambiguously Marras it was. The designer said the august anniversary was a watershed: From this point on, he hinted, there'd be a new phase. A chrysanthemum jacquard coat or the Hokusai waves that decorated a blouse referenced Japan, but the bead that Marras drew to Sardinia, where he was born and still lives, seemed more meaningful. He is a master at brokering cross-cultural marriages, so here the volume of a kimono matched the floor-sweeping volume of a paysanne dress, and the woodblock prints straddled both cultures. But it was Marras' own inclinations that produced the most beautiful pieces: the floral tent dress appliqu'd with 3-D roses, the army-surplus waistcoat remodeled with panels of sequins. The show's second half was an extraordinary reminder of what fashion once was, of a certain inventiveness that has gone by the wayside. Marras was looking at the work of Nick Cave the American performance artist, not the Australian singer and he envisaged a presentation that stretched out the human figure the way Cave does in his work. So stylist Vanessa Reid collaged together archive pieces with Marras' own work for the label to produce towers of clothing, layer upon layer of Kenzo's signature textures, colors, ethnic prints, topped by folded jackets, hats, anything that would stretch the silhouette still farther. When the models filed out and stood on the Cirque d'Hiver's revolving stage, it was, in the designer's words, ""like a music box with 40 ballerinas."" The ludicrous beauty of that image defined Kenzo Takada and Antonio Marras."
3558,"Ethereal, was Topshop head of design Karen Bonser's definition of the mood for today's Unique collection. She'd been looking at pictures she'd taken of flowers in her garden, mesmerized by the light shining through them. And her studio was equally captivated by fairies and creatures from myth, like Pegasus and the unicorn. But Topshop is a pop shop, so there was nothing as literal as Tinkerbell. Instead, there were floaty chiffon scarf tops, fluttering capelets and filmy palazzos, clothes for contemporary fairy princesses in an array of fantastical prints. (With their sky-high Perspex platforms, these maidens even brought their own towers with them.)  If the glitter and flare of the clothes brought glam rock to mind, it was the frilled prettiness of Marc Bolan, rather than the androgynous edge of David Bowie. The huge, frizzy hair, streaked with color, helped. But the look was equally evocative of the disco princesses of those ever-lovin' more-is-more seventies. A rhinestone-studded top paired with beaded pants just about nailed it. Even a smartly tailored suit which momentarily suggested a professional pause in the ongoing parade gave it up for trails of chiffon in the back.  A burst of Stevie Nicks' ""Edge of Seventeen"" on the soundtrack cued a surprising side trip to Southern California, all shades of red desert and orange sunset. A red suede dress, high at the front, dipping low at the back, was perforated into lace by a Pegasus motif. Distressed denim trailed cotton fringing, bags were tasseled. They could have seemed schizo in light of what had come before, but instead they played right along with the intense mood of fantasy and escapism. In amid this farrago of fabulosity, the white and cream pieces were the least successful. Tellingly, they were also the plainest. Maybe that's Topshop's Unique lesson: The more stuff you throw at the wall, the more stuff sticks."
3559,"As any New Yorker can attest, this summer, a.k.a. the Summer of Sweat, was a doozy. Inspired or, rather, supremely irked by the record-breaking temperatures, Rachel Comey took on the problem of what to wear when the asphalt starts to bubble. To paraphrase the designer: How do you dress for the heat without looking like a hot mess? Blissfully, Comey offered a multitude of enticing options for those who don't want to be stuck in cutoffs when the mercury rises. A section of seriously cool black and white pieces opened the show. A teeny white crop top paired with a high-waisted black skirt showed a few beguiling slices of skin, but the overall effect was tasteful, not tawdry. Ditto the later series of long, high-necked halter dresses in silk overlaid with printed chiffon. The overlay fluttered out from the sides, creating an airy feel and showing off the slightly sheer peekaboo side panels (one option came with a nifty pair of full-coverage undies). There was a hint of Victorian tailoring in crisp, embroidered shirtdresses and tops, but the subtle restraint of a small, round neck; high armbands; and rows of buttons running up the back was nicely offset by the outing's overall feel of breezy ease. The light black and white linens gave way to the playful prints in layered poplin and chiffon that have helped Comey build her brand. By the designer's admission, they were less nostalgic than the graphics of seasons past, and in general this collection was marked by an absence of the quirkiness for quirkiness' sake that has sometimes overshadowed Comey's designs. The slightly dressier, more grown-up mood felt right. Chalk it up to the heat wave or perhaps Comey's impending motherhood: She's expecting her first child in January."
3560,"Once upon a time, in the Edenic innocence of the pre-digital age, little girls dreamed of being beautiful princesses. Alberta Ferretti got back to the garden with her new collection of floating floral chiffons. It was a departure from the luxe lady look she's been offering for the past few seasons, but ""women want to change,"" Ferretti insisted backstage. ""Fantasy is so important."" Here, that fantasy was cast as a vision of fairy-tale femininity. Its key component was a sheer, floor-sweeping dress strewn with flora and paired with flat rope sandals and the occasional wide-brimmed straw hat to underscore the prelapsarian prettiness. Ferretti offered multiple versions: one softly pleated like a Fortuny gown, another in raw-edged tiers with Guinevere sleeves, or tied in back like a frontier woman's Sunday best. The organic, relaxed mood was sustained by the designer's use of lace and crochet, sometimes all at once, like the lace smock with the crochet midriff. There was a hint of eccentricity in this uncompromising commitment to romance and fantasy. Though Ferretti sought balance in the more ""urban"" pieces a white trench, a Bermuda shorts suit, a natural python vest the scales couldn't help but tip toward those long, diaphanous gowns. And while she was quick to point out that her new designs were about ""a normal woman, not a star,"" it wasn't hard to imagine the fantasy sweeping away Ferretti fans like Sarah Jessica Parker and January Jones."
3561,"It was starting to look as if somebody had flicked the dimmer switch in these early days of Paris fashion week, but suddenly Peter Copping went and turned on the brights. Nina Ricci 's artistic director began experimenting with neons for Resort, but just on accent pieces. Here, vivid colors like acid yellow, shocking pink, cherry, and purple were an integral part of the show's message. ""I wanted it to be up and feel good,"" Copping said. A savvy plan, to be sure, and one he approached by delving into the house archives not necessarily the clothes, but rather the history of collaborations with artists. Of the talents in question, Copping explained, Christian B rard provided the sweet palette; Janine Janet, embellishments like iridescent paillettes and crystals; and Marc Lalique, the lovely watercolor floral prints. And because Robert Ricci was one of his mother Nina's most important collaborators, Copping also had masculine touches among the signature ruffles and lace. There were some misses, like a shapeless gazar coat drippy with feathers and a zealously frilly pleated top. Ironically, tailored pieces like the sweeping cotton trench that Copping paired with a chiffon dress were among the show's strongest looks. Still, the girly stuff will fit right in this season."
3562,"Tory Burch founded her business on instinct. But even as she ticks off bigger and better milestones the next being flagship stores in Rome and London she's stuck to her what-my-friends-and-I-want-to-wear strategy. For Spring, Burch said she was in the mood for elegant sportswear with clean lines and silhouettes. At the clean-lined extreme, that meant a crisp white tunic tucked into a slim A-line navy skirt, pulled together with a sleek bright gold belt. But Burch is no minimalist. Her version of pared back encompasses bright striped jersey, bohemian ruffles, an abstracted print of flying birds, and a fab navy and white batik. Still, the look was far more grown-up than Fall's magpie collection. Belted maxi shirtdresses projected C.Z. Guest by the pool. And the bang-on-trend seventies thread, here, was more fresh-scrubbed than decadent. (Although the boyishly cut striped suits that the designer said she'd like to be wearing now were something you might imagine Mick Jagger strutting in back in the day, they were actually inspired by her dapper father.) A big part of the company's growth is accessories. Jute-soled platform wedges, streamlined mannish bags, and Justin Giunta's bold gold and Lucite jewelry were all worthy successors to the famous ballet flats. Add it up, and it was yet another step forward for Burch's expanding empire."
3563,"The theme of a L'Wren Scott show invariably sounds like an old, half-remembered film. This one was called Serengeti Sunrise and was inspired by a safari taken last October. ""It's all about the sunsets and colors of the big, open skies,"" she said. ""I wanted looseness and fluidity, and layers of transparency.""  The first look out a languid white sheer jacket and wide trousers seemed almost like loungewear, which was definitely a stretch for the Rani of Restriction. In fact, many of the looser pieces shared boudoir origins, including a decadent gold and black lace kimono jacket and a simple blush-hued dancer's dress with a slanting, scalloped hem. Even Scott's archetypal body-skimming sheaths, which arrived in colors that you'd see streaked across an East African sky, seemed to have a little flutter and movement on a hem or a soft belled sleeve. This designer generally seems immune to trends, but she hit a few here, namely in the sheer factor and the nude-blush-ivory axis.  Thankfully, though, she didn't go minimal. No woman who embroiders velvet waistcoats so intricately cue the trio of beauties in today's lineup ever could. But this softer vision of Scott's extreme elegance seemed to have subdued the whiff of danger and rock 'n' roll that is a vital part of her attraction."
3564,"For her first stand-alone show, Mary Katrantzou came up with a conceit so dazzling, so artful, but so elementary that it made you wonder why no one else had attempted it. She'd been looking at the highly stylized seventies photography of Helmut Newton and Guy Bourdin when it occurred to her that the interiors in the pictures were just as important as the models. ""With this collection, I wanted to put the room on the woman, rather than the woman in the room,"" Katrantzou said after the show. You could say Hussein Chalayan attempted something similar ten years ago, but his pieces were elements of a conceptual performance, while Katrantzou's were desirable clothes to be worn. The fact that they were also surreal masterpieces of the digital printer's craft only made them more seductive. Katrantzou said she worked in three dimensions for the first time while designing her prints, and there was an almost hallucinatory depth to the images she lifted from old issues of Architectural Digest and World of Interiors , once they were laid over her precisely fitted silhouettes. One memorable example: a dress whose top half featured a swimming pool in an L.A. house, while below was a view of the city by night from a balcony that, one imagined, was part of the same dwelling. Another: a polished dining-table cut away as a skirt, with a perspective of the room behind rising up the bodice. But these descriptions can scarcely convey the exquisite symmetry of the printing that, at various points within the collection, created patterns it was almost possible to read as abstract art. It didn't stop there. Katrantzou added trompe l'oeil interior details to the clothes. A pelmet created a portrait neckline above a print of a window frame; swaths of chiffon fluttered like curtains; mini-crinis echoed lampshades with dangling pendants of crystal. Wall sconces were reconfigured as necklaces (but they were too literally heavy for the airiness of the clothes they accompanied). After the show, Italian style icon Anna Dello Russo was in raptures. Now there's a woman who'll be wearing a room in Milan next week."
3565,"If the first look out at Narciso Rodriguez  a lean, gray sleeveless shift gave you Kate Moss (in the Johnny Depp days) at Cannes, it wasn't your imagination, but rather the designer's intention. ""I was looking at old pictures from the nineties, you know, Carolyn, Kate,"" said Rodriguez before the show. Carolyn would be Carolyn Bessette Kennedy, whose elegant but shockingly simple wedding dress made Narciso Rodriguez a household name in 1996. We've been seeing a lot of stripped-down looks this week, but with this quietly beautiful collection, Rodriguez, one of the O.G. nineties minimalists, showed everyone how it's done. ""There's so much noise in fashion,"" he continued. ""I wanted something fresh, easy, and pretty."" There was plenty of pretty in blush-hued silks cut on the bias, and Rodriguez's version of modern vintage in tea dresses in a fils coupe patterned with abstract leaves and vines inspired by video artist Jennifer Steinkamp. The counterpoint to that was Rodriguez's excellent tailoring in strong-shouldered suits that any smart woman circa 1997 or 2011 would be thrilled to own. Stark and dark collarless coats were thrown over silk tank dresses, with more shades of Kennedy. There was a beauty to these seemingly simple clothes that needs to be seen up close, like the layering of different fabrics and the designer's sure hand with cutting and bias technique. Like he did over a decade ago, Rodriguez reminded us that minimalism doesn't need to battle the feminine form or preclude a sense of romance. This was a quiet triumph for Rodriguez."
3566,"The word minimal is cropping up more and more this season. For MaxMara , it started with something as lean and precise as the new-wave music with which Frederic Sanchez soundtracked the show, and it extended to a (rather too) coolly analytical parade of familiar body-con styles, with the emphasis on a monochrome palette to elongate the silhouette still further. Stretch shorts and tops all in yellow or orange or violet were immediately followed by palazzo pants in the same colors, which, voluminous though they were, were slashed to reveal the limbs below. A nude suede all-in-one and a white second-skin jumpsuit were the most extreme expressions of the collection's obsession with shape, but the way in which a cable-stitched sweater was yanked close to the body with a skinny orange belt also subtly broadcast that silhouette was everything for Spring. It seemed like an oddly ungenerous stance for a house that is famous for its all-styles-served-here essence. The emphasis on the body meant flesh was bared in a backless apron-front dress or a white sheath that reversed to barely there-ness. The bandeau paired with a khaki pencil skirt compounded the overview. Of course, a show lets a label be a little more absolutist than it is back in the showroom, and MaxMara fans may see clues to that in the nautical stripes and the summery trenchcoats that ran the gamut from white leather to polka dots."
3567,"Sarah-Jane Clarke and Heidi Middleton named their show for Papa Sucre, their fantasy backer. He sounds a lot more voodoo than his English translation, ""Sugar Daddy,"" which may explain the hint of the Caribbean in the raffia appurtenances that decked Sass & Bide 's latest collection. But, more to the point, ""Sarah-Jane's been meditating,"" said Middleton. ""We've all gone Zen."" Which, for this collection, meant a new degree of restraint and focus. If their clothes were once so embellished they could feel built, rather than sewn, Clarke and Middleton here opted for softer, more flattering draping and knotting in a simple, natural color palette. Simplest and best of all was a little shirtdress in a black and white broken check. The organic mood carried over into a striated print of what looked like bamboo and that raffia, of course, in collars, jackets, and skirts. The girls still love their warrior-queen hardware, however: A top with a crisscross drape was anchored by a big copper corset belt, and an otherwise demure shorts suit was weighed down by a capelet of copper beads. Middleton's own outfit offered a viable alternative. She matched her little leather shorts with a black jacket whose shoulders were studded with seeds, rather than beads."
3568,"This was Cédric Charlier's third turn on the runway for Cacharel , and there's a palpable sense of excitement around his work quite an achievement considering that this brand seemed to be on the verge on sputtering out. As reported previously , business is moving along at a brisk pace. With that in mind, what better seed of an idea for Charlier's new collection than ""optimism "" Rather than rose-colored light, the designer bathed the runway in a radiant orange, like sunshine on acid. You think Cacharel and you think prints, but much of the story here was about strong, solid color. The designer started with a series of skin-tone hues, explaining that you have to feel "" bien dans sa peau "" before you look good in your clothes. It also happened to be a good starting point for a calculated crescendo of increasingly hotter pinks and neon yellow, culminating in an explosion of paint-splotch prints. Like it or not, there was not a floral in the house not even in the vein of last season's flat, abstracted versions. The prints in this collection, Charlier said, were inspired by a book of Kim Gordon's paintings, and they were meant to invoke a floral without literally going there. This particular motif might not be everyone's cup of th?  and therefore a tougher sell but it's evidence that the designer is pushing the brand into new and edgier territory. The same could be said of a few slightly awkward silhouettes, like boxy shirts and a halter jumpsuit. But other pieces fresh-looking pleated or ruffled cotton dresses; a sporty short-sleeved anorak, all punched up in bold shades should keep this label's momentum in its happy place."
3569,"Michael Kors is in a sunshine state of mind, and can you blame him? He picked up the CFDA's Lifetime Achievement Award in June, his company is expected to break the $1 billion sales barrier this year, and then there are those persistent rumors that the Project Runway star is about to get a TV show of his own. The collection opened optimistically, as others have this week, with a passage in white: a gauzy long-sleeve T-shirt over a leg-baring sarong for her, a matching linen suit and tank for him. And the life's-a-breeze, easy-luxe attitude didn't end there. A daffodil tissue-cashmere tank dress popped with energy, as did the tunic dress with three-quarter sleeves that followed. With the exception of his maillots (some for actual swimming, others strictly for sunbathing), the silhouette was loosened up: Pantsuits for both the guys and the girls were relaxed and shirts were worn un-tucked; cardigans came oversize and cozy; and gray cashmere-cotton sweatshirt fabric played a starring role. The theme carried into extras, as well, like exuberantly big cross-body messenger bags (an equal-opportunity accessory) and easy-on-the-feet platform wedges and flat sandals. Even evening was a casually cool affair. Kors' draped silk jersey gowns in ultra-bright yellow and pink were more caftan on the beach than A-lister on the red carpet. In fact, a bit of his usual polished swagger wouldn't have gone amiss. Kors skipped after-dark completely for the guys, unless you count the one lucky male model who got to walk the runway in something called ""sky striped techno taffeta pajama pants."" Come spring, his nature boys will be sporting Bermuda shorts and sweater vests that dip low enough in front to expose a swatch of chest hair. Life's a beach."
3570,"At Jenni Kayne , inspirations are never painted in broad strokes, so Spring's road trip-themed collection didn't actually look too theme-y. As Kayne explained a few days before her presentation, the fantasy girl taking the fantasy road trip starts out in a big city (say, Manhattan), hops into a vintage Mercedes, and ends up in Joshua Tree. Her clothes evolve as she moves from east to west, downtown to desert. Color was a big part of the story, with the normally neutral-loving designer warming things up from cool blues (in a neat stripe) on the right coast to hibiscus and marigold on the left. The first look, a sheer blouse with simplified epaulets tucked into a mini adorned with matte white paillettes, was an ideal summer uniform: understated, crisp, and totally effortless. There was also a reinvented twinset, consisting of a reverse-stitched knit crop top worn under a slightly roomy cardigan. It looked perfect for those June nights when the air begins to cool. A short dolman jacket with oversize pockets was part of Kayne's scheme for desert living, but it had the pared-down simplicity that urbanites (in, say, Manhattan) are currently going mad for."
3571,"Chris Benz doesn't do quiet. His clothes (and his shows) are joyfully, sometimes dizzyingly loud. Whatever his inspiration of the moment and for this moment, it's Americans in Paris, circa the sixties volume is a constant. A trapeze minidress in traffic-cone orange leather? It's practically a fire alarm. Shrinking violets, in other words, need not apply. Benz likes dressing to be fun, and the girls who love his clothes do, too. (Judging from the attendees at his presentation today, that pack includes such disparate dollies as Carmen Electra, Denise Richards, Kelly Osbourne, and Real Housewife of New Jersey Caroline Manzo, fellow foghorns all.) Scattered over sales floors, many of the pieces he showed should do very well; even Plain Jane would bloom in a pair of Benz's electric blue floral cigarette pants, worn here with matching platform mules by Alejandro Ingelmo. Fuller skirts and some wider pant legs hit the mood of the moment, and the pleated A-line minis were properly cute. Once again, Benz worked with Loro Piana on his knits, which were judiciously restrained. They had a funny way of sticking with you, actually; when the neon was limited to piping on a polo or small blocks on a bikini bandeau, it packed more punch. This being the Lincoln Center season Benz showed at the complex's airy atrium one might've wished a conductor had been consulted. Ask one, and he'll tell you: Nobody plays the whole symphony cranked up to 11."
3572,"There wasn't a solid color in sight. Illuminated by the light of a thousand camera phones (give or take) wielded by exuberant audience members, Custo Barcelona 's print-on-print-on-multicolored-feathers party mix came stomping down the runway on shoes that matched. Backstage, flanked by Kimora Lee Simmons in a ginormous turquoise faux fur wrap, Custo Dalmau explained that he wanted to juxtapose fantasy (say, a top made of looped synthetic strips with fluttering wine-red sleeves) with reality (a pair of denim micro-cutoffs). In their smackdown with the real world, the fantasy-on-fantasy pairings grabbed the upper hand more often than not, and the rainbow-dipped feathers flew. But you expect Custo's Ibiza-bound, private-jet-setting customer to have her head in the clouds, don't you?"
3573,"Backstage after her show, Consuelo Castiglioni seemed particularly happy with the collection she had just sent out. She felt she'd delivered the goods for the kind of self-possessed modern woman who would relish the Marni mandate: the polarizing print and color combinations, the surreal silhouettes, and everything else that made this outing a return to the willful, eccentric spirit of old after several seasons of relative serenity.  If the alchemy didn't always work (the asymmetrical ruffles in today's collection would infantilize any woman who wore them), Castiglioni found valuable structure in the athletic undertow that's being felt in Milan this season. The hair and makeup had a go-fast aerodynamic quality. The models wore leather helmets like bathing caps. And there was an element of scuba and cycling gear in the fitted tops and the shorts that underpinned a lot of the outfits. The perforated leather coats at the opening of the show were an abstract echo of the athletic mesh that later appeared as the detailing in side panels, shoulders, and backs. They also initiated a group of laser-cut leather pieces whose directness felt new for Marni.  But directness isn't really this label's MO. Instead, it was the randomness of a different outfit? a racing top with diagonal stripes over shorts with stripes going in the opposite direction, all of it wrapped in a honeycomb-printed asymmetric ruffled skirt that spoke in Marni's tongue. Castiglioni found a bridge to conventional aesthetics when she covered that same top-and-shorts combination with a crocheted organza shift. Later, she added inserts of macro-paillettes to the organza. The unlikely resulting hybrid athletics and luxury, in this case was a finely honed expression of the Marni signature."
3574,"Tess Giberson may be one of New York's brainiest designers. This season, she dubbed her collection Shift and chose to explore the word's many meanings. The results included skirts made from doubled-over shirts, a superfluous armhole decorating the upper thigh; jersey tank dresses with twinned necklines so it looked as if they were two pieces, not one; and an asymmetric shirtdress that was looser and longer on one side than on the other. It may sound overthought the kind of thing that happens a lot at design school but she pulled it off with finesse, smartly marrying the quirkier pieces with straight-up tailored jackets and vests and skinny leather pants that will be easy sells at the specialty boutiques that stock the label. One piece that wasn't for sale, but perhaps should've been, was an enormous yet delicate beaded chain fishing net Giberson made in collaboration with the artist Carol Bove. Shrink it down a few feet and it would make a dramatic shawl, the kind of thing that her cerebral, arty fans might like to wear to a gallery opening or museum gala."
3575,"As the saying goes, the fox knows many little things, but the hedgehog knows one big thing. As designers go, L.A.-based Kimberly Ovitz is very much a hedgehog. Over the course of only a few seasons, Ovitz has distilled the look of her line to a few key elements: a palette of neutrals, silhouettes clean and geometric, equestrian-inspired details, and an emphasis on draped jerseys and knits that gives her collections a quality of surprising coziness. That's not a bad formula for a designer, especially one as punctilious about material and cut as Ovitz is, and the fundamental wearability of her clothes is attested to by the fact that they are sold widely, at good stores. And it's very much to Ovitz's credit that she's managed to make her formula feel non-formulaic, reinterpreting her themes every season through the prism of art and her own keen sense of the moment.  This season, Ovitz's prism was the square, a form she says she reconsidered after viewing the exhibition On the Square at the Pace Gallery. ""I was interested in the ways artists as varied as Sol LeWitt and Louise Nevelson used the form of the square to create order out of chaos,"" Ovitz explained at her presentation at MAC + Milk yesterday. ""It seemed like an interesting idea to apply that to clothes.""  Ovitz applied the idea quite directly, cutting cloth into large squares and then draping it into loose, nearly floor-length cardigans, and applying patterns of squares to a body-hugging minidress reminiscent of one her early best-sellers. ""It's a commercial piece,"" she acknowledged cheerfully. Elsewhere, the square got stretched into a rectangle and repeated as cutouts on a leather vest, insets on leggings, and as tiered horizontal pleats on a pencil-skirted dress. The looks will be snapped up by retailers, and that's a credit to Ovitz, too she has an impressive ability to take the conceptual and interpret it in an accessible way. Even so, one hungers to see a little more madness work its way into the designer's disciplined method. Previous collections have had more textural variety, which might have been welcome here. Ovitz has yet to really incorporate print into her collections. She clearly has the intellect and the design chops to address herself to that challenge, so it's a compliment when we say: We hope she tries."
3576,"Remember last season's retro sixties moment at Rochas ? Marco Zanini is on a far more idiosyncratic trip for Spring. ""It's personal, a melting pot of all I love,"" he said before the show. The silk florals and matching corsages felt like a callback to his first runway collection for the label a year ago. The scarf prints were homegrown in a different way, based as they were on paintings the designer commissioned by the Swedish artist Slotts Barbro (with titles borrowed from Françoise Sagan novels, a typical Rochas twist). Zanini himself is half Swedish, and this Spring he and his collaborator sister (Christopher and Tammy Kane aren't fashion's only sibling act) paid a trip to Barbro's village. That apparently influenced the show's modest sensibility cue the head kerchiefs, men's kneesocks, and, more tangentially, the loose, almost awkward fit of a black silk bustier bra (lingerie being a Rochas hallmark then and now) and a silk duchesse crinoline dress. Indeed, there seemed to be a country mouse naivet? the Twitter-verse immediately dubbed it ""chic hausfrau"" to pieces like a boxy, rolled-sleeve cardigan jacket and its below-the-knee dirndl, or a peplum vest worn with matching pleated, cropped trousers over a puffed-sleeve blouse. But the designer also made sure to include the likes of a smartly cut blazer and wrap-skirted dress, which would be believable on the chicest of city mice. As for the closing group of bias-cut, washed silk slipdresses, pajama sets, and dressing gowns (right on trend, by the way), it was about as romantic a moment as the Spring season has delivered so far. If other elements of the collection weren't so obviously seductive, they were all close to Zanini's heart, and it's hard not to be enchanted by that kind of go-your-own-way attitude."
3577,"Martine Sitbon said she saw the entire story of her Spring collection in the dress that opened the show. Indeed, it combined the three elements she set out to weave into the season. First, there was its bold rose-on-acid hue, then the soft lightness of its tulle and silk layers, which was then reined in by the graphic detailing of sunburst pleating and trapunto shoulders. ""It's electric romantic,"" the designer said backstage before the show. And it was classic Sitbon: femininity with its froth curtailed for urban (and, for that matter, Parisian) tastes. The embroidered tulle worked nicely, particularly in dresses with an Art Deco echo. And Sitbon underscored the idea of an appropriately weighted airiness in coats and dresses with some of the most wearable feathers we've ever seen. They were dappled in tonal shades both light and dark, and clipped short. But a girl cannot live by net, puff, and plume alone. That seemed to be the thinking in the dark and sexy interlude (consisting of a lace-up tailored skirt and matching halter, and attendant dress) and a ribbon-woven, body-con moment that recalled Hervé Léger. A better option were the tuxedo jackets and coat-dresses with a spray of pleated tulle peeking out from under the collar. Is there a more appropriate companion than a tux to dresses that are meant to be as light and cosmopolitan as a Champagne bubble?"
3578,"Vanessa Bruno 's collection had all the Spring trends: neons, lace, cutouts, slipdresses, top-to-toe print she even did minimal. Put together and accessorized with fabric flower earrings, leis, and mismatched anklets, it all produced a sort of beachy summer vibe. Maybe her just-opened store in Los Angeles and the July trip she took there to fête it with starlets like Kate Bosworth and Rachel Bilson proved inspiring. Out of everything Bruno put on the runway, you could picture her new Hollywood pals appreciating the easy drape of a tropical-print silk dress, with its substantial helping of upper thigh. Either that, or a bold floral all-in-one straight out of the Beverly Hills Hotel circa the fifties. What they'd take a pass on: fluoro plaid knit bikinis and a white mesh maillot. In its little-bit-of-this, little-bit-of-that attitude, Spring lacked the strong focus of Bruno's Fall collection, with its terrific outerwear. But she gets a pass this once for being an independent designer with a growing international business."
3579,"The first thing that you noticed at Nicolas Ghesqui're's terrific Balenciaga show was the casting. He opened with a trio of unknown girls with short, spiky hair that his team cast from the street, and he closed with the biggest super of them all, Gisele Bändchen. In between: Amber Valletta, Carolyn Murphy, and Stella Tennant all of whom were very nearly bare-faced. ""It was important not to disguise them. I didn't want clones,"" the designer said before the show. Ghesqui're made references to the house's past a famous leaf-paneled dress of Cristobal's apparently influenced the cocooning shape of pied de coq coats; an antique clock in the Balenciaga atelier inspired a new range of watches but this wasn't an ""archive"" show. Nor was it one of the designer's bold leaps into the future. The through lines here: a teddy boy-meets-punk masculinity (for the first time in his tenure at the house, Ghesqui're showed creeper-ish flats); wet-looking, plasticized textures; and, once again, the places where the handmade and the technological meet. The last dress, for instance, was finished with couture techniques near the neckline, but a laser machine made the precision cut that separated the bodice from the skirt. ""It's a reaction to a certain kind of sexiness,"" Ghesqui're said. ""It's about individuality."" That's not necessarily so different from his thinking last season, but if Fall was conceptual, this produced some fantastic, utterly wearable (not just once-and-it's-over) clothes. The list is long and ranges from houndstooth outerwear with a graphic punch (the pattern made from plastic-y faux leather) to sleeveless, backless button-down shirts spliced together from mismatched neon lace to the streamlined, comparatively simple tuxedos to quilted leather moto jackets to the closing pair of spare yet technically complex dresses. Who but Ghesqui're could make real life look this interesting?"
3580,"Derek Lam struck gold last season with a clean, sharp collection of urban sportswear that looked to the American West for inspiration. For Spring, he headed further in the same direction, to his home state of California, to be exact. The clothes were still mostly minimal, but in a softer palette and a more relaxed silhouette. The overall effect was dreamier and a bit more retro. You could picture Joni Mitchell or another Lady of the Canyon in Lam's indigo linen twill blazer and matching flared trousers, and there were shades of the seventies in other pieces, including a little yellow jacquard tunic-and-shorts set and a silk crepe blouse tucked into a stiff suede A-line skirt. The decade has always been ripe territory for this designer, and he was savvy to resist the urge to rush headlong into another era. Sometimes it had appeared as though Lam was unsettled about his aesthetic direction; now he seems to have established his look. That's not to say this collection was rooted in the past. Floating away from the body as the models glided down the runway on wooden wedges, his spare, unadorned evening dresses couldn't have been more modern."
3581,"It's somehow typical of Gareth's Pugh-ness that the designer would encourage his soundtrack-ist Matthew Stone to come up with something a little more up-tempo than last season's stentorian sounds and, for his pains, get the pounding techno that accompanied the 11-minute film that budding genius Ruth Hogben made to replace his show this time around. (""Half the length of Coronation Street, "" was Pugh's stipulation, referring to the episodic, quintessentially English TV series.) But it all worked so completely that, among the people filing out of the auditorium where they'd just been exposed to an almost-IMAX-scale projection of the movie, several must have been thinking it was time more designers ditched the catwalk drudgery. Mind you, the scope of Pugh's vision lends itself to cinematic interpretation. Kristen McMenamy, a model whose hold on a rung on the ladder of nineties supermodel-dom probably qualifies her as iconic, gave her all to animate clothes that would have lain limp in a standard fashion presentation. Her all, in this case, included the injury she suffered when she was pitched off a treadmill during filming. If that hard edge would once have been equally applicable to Pugh's clothes, his Spring collection suggested a move toward something softer, though equally bewitching. Flowing kimono shapes were cut from a nylon printed with aluminum to give an extraordinary two-way mirror effect. Scales of rubberized neoprene added a snaky futurism to tops and pants. Pugh pulled off a feat of cutting in tunics he called ""modular,"" the same front and back. And, keen as he was to avoid the sci-fi tag that has been continually attached to his clothes, he still showed sinuous silvery pieces that clung to the body like thirty-first-century armor. What Hogben's film highlighted was the fluidity and movement inherent in Pugh's clothing. A runway could never have done that nor could the lookbook images that were circulated after the screening."
3582,"Popsicle. Postcard. Mimosa. Pool. Flamingo. You barely had to venture past the evocative descriptions of looks in the run-of-show list at Peter Som to get that vacation glow. Backstage, the designer ticked off his specific inspirations: Miami Beach, Peggy Guggenheim, op art. ""I was thinking about bringing joy to clothing,"" he said. ""To me, that's what fashion is all about."" Certainly Som has reason to be happy. His business seems to have steadied itself after a major financial wobble last year. And on the runway the mood was positively giddy. Som still loves to mix prints with a variety of colors and textures; many times, the mix came all in one piece like the peppy blocks of tweed patched into a gray cardie and khaki jacket. Alongside a trippy marbleized motif, a postcard print, and gently sparkling floral brocades in this candy-colored rotation were simple tees and dresses cut from a fresh-looking over-dyed snakeskin. This wasn't the only clue that this pet of the uptown lady set is now courting downtown girls as well. There were shirts with bright contrasting collars, some worn under pinaforelike dresses, as well as lots of leg in thigh-grazing shifts and shorts. Those legs were further lengthened by extremely high platform-wedge Mary Janes from Charlotte Olympia, a shoe fashion fetishists will surely fantasize about. The future is looking so much brighter for Som than it did 18 months ago that he just might want to hang onto a pair of those Peggy G. shades for himself."
3583,"Jeffrey Monteiro has the not-so-enviable task of raising the  Bill Blass brand from the dead. But if there was ever a time to revive the label, it's now, when classic, all-American sportswear is the hot topic and even a designer like Balmain's Christophe Decarnin is putting Blass-isms on the runway gold pinstriping, anyone? By the looks of his 27-piece collection, Monteiro, who's previously worked for Jane Mayle and Derek Lam, has absorbed the storied house's codes. Working in the late designer's favorite colors black, white, navy, and red he turned out fresh takes on both day and evening dresses. In the former category: a sheath in nubby cotton inset with silk; in the latter, a draped to-the-floor number in diagonal microstripes. As for Monteiro's suits, they're hardly your typical lady-who-lunches variety. One raffia stripe jacket cut close to the body was shown with red and orange shorts. His Wednesday morning Lincoln Center competition, the retail heavyweights Tory Burch and Michael Kors, highlight just how much work Monteiro will have to do to raise the Blass profile, but these were promising first steps."
3584,"At his fashion show after-party at the Lion, Francisco Costa said, ""Calvin once told me something brilliant; he said, 'It's not about right or wrong, it's about the right time or the wrong time.'"" Well, today was the right time for Costa. He's been practicing his brand of architectural minimalism for seasons. Now that the fashion world has come back around to the less-is-more ethos, he's gone and turned out a superconfident, uncompromising collection that shows everybody else how it's done. Costa has occasionally seemed more interested in fabric treatments than cut. For Spring he stripped everything superfluous away, focusing on proportion and fit to persuasive effect. He opened with a white racerback tank jumpsuit devoid entirely of embellishment save for a most delicate silk ribbon sashed at the waist. Anybody who ever doubted that minimalism could be sexy was instantly corrected, and the looks that followed had a similarly sensuous simplicity: Take, for instance, a loose-ish silk shift in a shocking shade of coral, or a silk crepe mid-calf dress with a plunging V-neck. A washed white silk tunic and matching cropped pants spliced by a sandy beige leather apron belt had a lot of fans at the after-party. ""I saw it and it's all I want to wear,"" one guest said. ""It wiped everything else away."" Costa could probably tell you, endorsements don't come any better than that."
3585,"Like some of his more established Milanese peers, Albino D'Amato found his muse in Yves Saint Laurent this season. The first model's big, floppy straw hat was a giveaway, and the second look sealed it: a strapless onesie in spicy YSL colors, gathered in the front and with an airy, blouson shape in the back. The master's seventies glamour gave this collection a more grown-up sophistication than it had last time; Fall's baby-doll girls are now dames. They wore strapless jumpsuits or to-the-floor trapeze dresses in bold color-blocked stripes and silk floral tapestry prints uncomplicated pull-on-and-go vacation clothes. Or, for something more urbane: a swingy raincoat in ""plastified"" silk the color of cement and a linen crepe pantsuit in lavender and chartreuse with a jacket that had a vaguely Asian influence. Nineties Japanese designers were another source of inspiration, D'Amato claimed backstage. That might have an interesting effect on what he described as his growing business in Japan."
3586,"Richard Nicoll already proved his cultural perspicacity once this season with his signature show in London, all turned on by the Thin White Duke, David Bowie's most enduringly influential incarnation, at least as far as fashion is concerned. For his other gig, at Cerruti , Nicoll initiated a video starring Malgosia Bela, a model whose presence haunted fashion in the late nineties. He had her perform as the equally haunting and ripe-for-revival Warhol superstar Nico. It was an intriguing decision, given that Nicoll's new collection for Cerruti had a lean precision that was practically the inverse of Nico's chaotic bio. Nicoll is a designer who understands? and is inspired by the female form, so there was an acute body-consciousness in pieces that had the sleekness of a swimsuit or a jumpsuit, like the sleeveless cropped one that was shown in a raffia weave. Nicoll has isolated the core of Cerruti as ""structured clothes with femininity,"" and he cut the back out of jackets to make his point, deconstructing and literally opening up the company heritage. It was a bold move that, on the whole, paid off for the designer, more so than the odd silk knit cocoon he laid over a jacket and shorts. Maybe it was the diaphanous nature of that idea that tripped him up. He was much stronger with a geometric pattern inspired by a suit from Hollywood design legend Adrian, which he paired with fashionably Saharan shades of cinnamon and brick for a dressy tailored look. In fact, Nicoll's strongest suit for Cerruti was the dressed-up stuff that took the house's original functional chic to another plane. A jacket beaded in a herringbone pattern, for example, and a tux-cum-jumpsuit (the accompanying jacket took a month to embroider) were glamorously accomplished.  Click here to see the video >"
3587,"L.A.M.B. has always grooved to an Afro-Caribbean beat this is Gwen Stefani we're talking about here, who reintroduced ska to Top 40 listeners in the nineties but this season, Stefani went all in. For Spring, L.A.M.B. is all about prints, prints, and prints, preferably of the vaguely African persuasion. ""Prints,"" Stefani said backstage before the show, ""are really hard to do and really hard to wear."" If she and her stylists found them tough, it didn't show. They piled them on with haphazard abandon, both in contrast and in concert, cycling through African and ikat options, then shirting plaids and tie-dye before it all was done. Of the options proposed, Stefani's preferred drop-crotch carrot trousers were probably the best. But scarcely a style was left unexplored. If the collection didn't especially cohere, no matter. The show did around its patroness and star. There are plenty of people out there (each one armed with a camera phone, judging by tonight's crowd) for whom Gwenliness is next to godliness. Stefani just gave them 47 new ways to slip it on."
3588,"Milan up-and-comer Marco de Vincenzo had an A-list turnout; the top editors showed up to see if he would deliver on the promise of last year's Who's On Next award. All in all, he delivered a much tighter lineup than his Fall collection, with a focus on bright, primary colors and pixelated prints.  The show started out quietly, though, with a cement-gray silk shirtdress and a gray-black denim peplum vest with a stripe of bleached scribbles down its back. (It was worn with matching biker shorts, a surprising Milan trend.) Color came into the picture with a shocking yellow silk-jersey shirt and a skirt embellished with alternating strips of cotton ribbon. As for those pixelated prints, to start they were random a grid with little squares filled here and there with that yellow shade, or red. Eventually, the squares came together to create lush florals on T-shirt dresses.  It all played out in a relatively minor key until toward the end, when those pixelated prints came studded with crystals and sprouting bright fringe. The 3-D tropical flowers on T-shirts and shifts popped in a way that could really get noticed on the sales floor."
3589,"Theory CEO Andrew Rosen has made Olivier Theyskens fans into some very happy girls. The 32-year-old Theyskens' new collection for the label will retail for over 20 percent more than the brand's main collection, but at $600 to $700, the jackets are still a fraction of what his designs once went for at Nina Ricci and Rochas. ""I had been looking for a more personal project,"" he said at an informal presentation on the roof of the company's Gansevoort Street headquarters today. ""I've found it at Theory. It's the right position in terms of quality, price."" Talking editors through the collection, he pointed out that the fabrics mostly come from Italy and Japan, while the clothes are made in America and China. The look? Belgian, with lots of sharp, imaginative tailoring. Some pieces were lingerielike, dressed in prints based on Theyskens' own paintings; and there was a wide array of denim, from high-waisted flares to cornflower blue cropped jeans specially treated to look permanently wrinkled. Most of the blazers are designed with a triangle cut from the back of the collar. ""It's what I do to mine,"" said Theyskens, explaining that he likes the look of jackets with shoulders shrugged forward. Hems, too, were often cut away, and shirts had splices up the side seams so they can be worn with the front tucked in and the back pulled out. The attenuated, elongated silhouettes won't look unfamiliar to those who recall Theyskens' Nina Ricci collections. The small crowd oohed and aahed especially appreciatively for a thin rib-knit sweater that left an inch or two of a model's flat stomach exposed above a floor-grazing skirt."
3590,"You probably know Felipe Oliveira Baptista best as the designer who scored the Lacoste job recently vacated by Christophe Lemaire, who's now at Herm's. Baptista has been showing on both the Paris ready-to-wear and haute couture schedules for a few years, but today's show, piggybacked onto Dries Van Noten's time slot and venue, likely had a healthy population of the fashion-curious. Appropriately, Baptista's ideas were all about bodies in motion. He seemed to have stripped away some of his conceptual tendencies, for a clean and punchy look that toed the sexy-sporty line. He began with patch-pocket vests and leggings with panels of perforated leather before segueing into more experimental looks with streamlined cutouts and sheer overlays. Results were mixed. A strange peplum belt-cum-miniskirt strapped over a jacket and bodysuit didn't make sense. But then came a complex look that layered a boxy cutout cropped top with a lightly flared and piped skirt over a tube dress; nutty as it sounds, it played quite coherently in its palette of camel, black, and white. The outfits in the second half of the show also required case-by-case judgment, with their trompe l'oeil tuxedo motifs and tailored sherbet-colored organzas. Nevertheless, when Oliveira hit his mark, there was a certain freshly considered, youthful elegance that clued you in to the potential his new bosses have clearly seen."
3591,"Sheer simplicity. At BCBG , Max and Lubov Azria continued the exercise in functional minimalism they began last Fall with a Spring parade of airy silk dresses and jumpsuits, both short and long, so light they very nearly threatened to float away. The show opened with a grouping in white that imperceptibly shifted to an ash gray and then cycled through a neutral rainbow before landing on black. Anything bright was relegated to a cameo appearance: a tiered overlay here, a single shock-pink frock there. These hot spots brought a point of difference into a potentially repetitive collection as did the touches of femininity added by tonal embroidery and lace. The latter was a standout on the finale dress, a long sheer tank that was foreshadowed by a lacy image printed elsewhere on silk. For a brand that can occasionally take a head-scratching direction, this was a happy little moment of serenity that seemed to please all assembled and that definitely has commercial legs."
3592,"Being inspired by armor is familiar ground for Filip Arickx and An Vandevorst, their signature look being one that falls into the category of the urban warrior. But for Spring, the duo took that notion and evolved it into an exploration of metal in all its various forms. Perhaps unintentionally, it made for an uncharacteristically flashy look (not necessarily a bad thing). Let's call it Glamour Armor. Arickx and Vandevorst ran the gamut of metallic treatments. There was the stiff, aged silver herringbone beading, used on the cap-sleeved dress that opened the show and on more constructed pieces like a breastplate-cum-shell top. A softer fabric covered with silver-gray sequins was draped up into sexy skirts. And the glam factor really got going with gold mesh (hello, A.F. Versace!) and liquid bronze and gold lamé. The pair kept their hard-edged fighting spirit by layering all that shine with skinny sliced ribbon pants and knits crafted to look like chain mail. Perhaps as a sign of their own little revolution, one model came out carrying an A.F. Vandevorst flag. (Was this Liberty Leading the People into shiny new territory? The Delacroix reference did appear to be echoed in the sashlike draping on dresses throughout.) Yet if the dedicated A.F. Vandevorst fan isn't up for the glitz of a gold mesh halter top or lamé harem pants, there were lovely stiff canvas coats and jackets cut in a fabric based on painter's canvas hand-painted in watery strokes. In all, this was a bright and fresh moment for a collection that easily turns doom-and-gloomy."
3593,"There aren't many newcomers who can rouse the world's top buyers to a 9 a.m. presentation midway through New York fashion week, but Wes Gordon did it today. The Central Saint Martins grad spent summers in the studios of Tom Ford and Oscar de la Renta, and it shows in his clothes. He's got a taste for fine fabrics and hand-finished details. Saks and Harrods scooped up his Fall debut, which focused on Thierry Mugler-esque hard-edged suiting, and Bergdorf Goodman is eyeing the label for 2011. This season, Gordon added a bit more flou, in the form of a draped gold lamé gown with black grosgrain trim and a starburst-pleated georgette halter dress. ""Spring should be light and airy,"" he said. ""I wanted an easier, more youthful feel."" You can't fault a young designer for wanting to push himself, but it was the tailoring that again made the big impact. An army green stretch-cotton jacket with gold dégradé? embroidered sleeves was a real looker, as was a utility-chic double-breasted vest in the same fabric that opened the show. With their smart cut and perfect fit, those pieces looked like the work of a seasoned pro."
3594,"The ardor Betty Jackson inspires in her customers is well known. You can only imagine the chord struck with those women when, speaking backstage after her show, the designer says something like, ""This collection is about a new feeling of liberation; it doesn't matter what shape or size you are."" In fact, though, the most generous silhouettes in this show were the trickiest, especially the smock tops with the flaring sleeves. It was when Jackson stuck closest to her inspiration the so-called Land Army, who were called on to run England while their men went off to war in the forties that she produced standout outfits. Like the opener, a skirt that flared to mid-calf, paired with a long jacket drawn in tightly at the waist with a skinny belt, both in a tree-bark-patterned jacquard. Or the chic black coat-dress with a fluff of marabou on each shoulder, worn over a long natural-toned skirt and finished off with platforms and socks. Both looks were significantly reflective of a far-off time. Going ba-a-a-ack to the past to find the future it's already one of the season's big stories. The designer insisted she didn't want a vintage effect, though; for her, the inspiration was less about literal borrowing than capturing a feeling of optimism the idea of a stylish, gutsy woman who won't let adversity get the better of her. ""Someone like Diana Cooper,"" Jackson suggested. ""[She'd] be out in the garden in her dress and jewels, digging up a lettuce for dinner."" The jewels in this case by CFDA/ Vogue Fashion Fund award winner Alexis Bittar were glittery, feathery Lucite bracelets, which could probably withstand a dig in God's good earth. The same notion of homespun strength extended into the ragged, textured cotton knits."
3595,"Bruno Basso and Chris Brooke feel digital print is so common now in every sense of the word that it's lost its luster. Amid the bells and whistles of the genre's Johnny-come-latelies, even their own kinetic work no longer has the frisson of how-did-they-do-that fascination. In response, Brooke said, their Spring collection is resolutely low-fi. For all any novice knows, the prints themselves may have been as technically complex and multidimensional as ever. They were based on hand-written manuscripts, maps, and abstract oddities like TV static (it actually looked like the diseased screen on a damaged laptop) all part of an earnest effort by the designers to hark back to a pre-digital age. But the parchment-y tone of old maps and letters left one craving a hit of the hyper-colored pan-culturalism that was once Basso & Brooke 's stock in trade, and that craving was only heightened by flashes of ingenuity like an oxidized leopard pattern. Without the polymorphous diversion of Basso's prints, Brooke's silhouettes took the ""prim 'n' proper"" (their words) effect to a repetitive extreme. In the high noon of London's glorious print renaissance, this was an odd moment for two of its pioneers to go quiet."
3596,"Steven Alan is in a voyaging mood. ""Mediterranean,"" he said, remembering a trip to Spain taken with his brother. ""Sort of getting out of New York, but having the New York sensibilities in a different place."" Departing is apropos for a collection he calls a major departure for his ever-enlarging brand (not to mention that this is the label's first formal presentation, comprising men's and women's clothing, shoes, and accessories, after seasons of viewings by showroom appointment only). ""The stores that we sell to have been requesting more of a story,"" Alan went on. ""This feels a lot more like a collection."" Alan made his name, and still makes a lot of his bottom line, on one piece of the wardrobe: the men's shirt that's the opposite of a collection. But he's shrewdly growing into much more than a supplier of standards. For both mens and womens, the offerings here felt breezily casual, more muted and more refined than in the past. Simplicity was a strength. Having mastered the shirt, he's moving on to perfecting the pant and the gusseted, cinched-waist mountain pant he's offering as an alternative to denim is a solid contender. For the ladies, it's a wide-leg ""beach trouser"" in cotton or linen. A pleated minidress in indigo cupro? Just toss it in your overnight bag and go. The feeling you took away from the whole was salt-aired and sun-bleached and that's a sensation that sounds pretty salable, even if you're not going any farther than the next subway stop."
3597,"It's been a banner year. Michelle Obama wore one of Barbara Tfank 's box-pleat dresses in May ""She loves my florals,"" the designer confided and celebrities from Adele to Vanessa Redgrave are being snapped in the brand. Feeling justifiably upbeat, Tfank worked an exuberant pastel palette for Spring. A few darker hues showed up, too, but even a black dress chez Tfank can never look moody: The tailoring is too crisp and the styling too fresh, and everything is always coming up roses. The lovely sunburst print on a tight-bodiced A-line number (with a full skirt and wide, collarbone-revealing neckline) was shot through with gold. An adorable high-waisted black cotton skirt with oversize pockets and buttons running down the front was shown with a little white tricot bandeau, but the midriff revealed was extremely minimal, so it maintained an air of innocence. The real head-turner, though, was a gathered floor-length V-neck dress in a graphic black-and-white print. Upon closer examination, it was revealed that what looked like geometric abstractions were actually a bird's-eye view of topiary along a garden path."
3598,"Ask Milan Vukmirovic why the seventies are back, and he'll be quick to tell you: ""It's because people are going out again a lot."" It was fitting, then, that after a foray into the decade's more ladylike elements last season, the Trussardi 1911 creative director took a walk on the louche side with his on-message Spring collection. Think David Bailey's famous pictures of Marie Helvin in Tahiti, with a bit of a military vibe thrown in; ""urban jungle"" is what the designer called it. Yes, that meant there was a lot of leopard, and yes, that's a print that's been everywhere lately, but Vukmirovic made it new by doing it in white and black, sometimes pairing it with a palm-frond print. Still, the latter of the two motifs looked fresher, especially on pieces like a nightclub-ready one-shoulder cocktail number (worn with a matching flower at the neck), an easy jumpsuit, and a floor-length tank dress with a fitted suede macram? bodice. That last one was just begging for a beach party on a hot summer night. Three seasons in, the bags and shoes are the best performers at this classic Italian brand's new 1911 line. Here, Vukmirovic lavished plenty of attention and no little amount of the house's expertise on clutches stitched in swirling patterns from thin leather strips and on wedge heels with lacing up the back. Leather also features on the arms of the company's just-launched sunglasses."
3599,"The Threeasfour designers are typically a pretty insular bunch. Adi Gil, Angela Donhauser, and Gabriel Asfour hang out in their studio having conversations about geometry, and then they turn those conversations into clothes of exceptional technical invention and limited commercial viability, which they show, mostly, to their friends. That's been the rule, anyway, a rule Threeasfour gleefully broke last night. The designers summoned their cast to a small park in Chinatown, where an architect pal had constructed a spiral-shaped structure that operated as a screen. An abstract film by Christina Kruse, starring various nineties models, was projected onto it, behind the girls walking today. A new Nico Muhly composition soundtracked the lineup. Along with the expected editors and friends-of-Threeasfour gathered for the presentation, a large crowd of onlookers was milling around, taking in the scene. That was fitting, because Threeasfour seems, this season, to have gotten into the business of accessibility. Starting with the idea of light and shadow, the designers made their clothes in mostly black and white, with a complementing dapple of silver. Their signature circular seaming so influential was again on display, this time working into retail-friendly cotton twill pants with perforated leather insets, and several bathing suits. Used as underpinnings, the latter were made out of a remarkable holographic material. Elsewhere, Threeasfour developed its obsession with circularity: The designers cut simple slipdresses of various lengths with sculptural circular hems, and hand-tacked circular paillettes of kimono fabric into a showpiece gown. Those kimono fabrics showed up fairly frequently as insets, adding a welcome vintage warmth to the collection. Rough leather harnesses, hand-knotted and shaped into vinelike arrangements, contributed another rich texture. This was futurism in conversation with the past and with the present and, perhaps most impressively, with the public."
