review_id,review
5200,"The obvious precedents suggest themselves. Mary-Kate and Ashley Olsen's The Row, which won a CFDA Award for Womenswear Designer of the Year. Victoria Beckham, who de-Spiced (apart from an Olympic appearance or two for queen and country) to found her namesake line. Celebrity designers and smart fashion are no longer if they ever were mutually exclusive. So why shouldn't Katie Holmes, together with her longtime stylist, Jeanne Yang, step up to try her hand?  The big-name editors who came to Holmes' presentation this morning seemed open to hearing her out. She, in turn, obliged them by making sure her show was anything but a media circus: the lack of any signage to alert the paps; the unglamorous 9:30 a.m. slot; the presentation format; no Suri in sight. Holmes' fame is a double-edged sword. There's no doubt it fired interest that a line without her would not have garnered, but the fashion establishment is suspicious of dilettantes. Celebrity leads the horses to water, but it can't make them drink.  The 15 looks on display didn't exactly add up to a complete collection, but they did include several pieces of agreeable chic. A black evening jumpsuit had an unexpected fringe of jet beads; that it seemed a world away from the suede capelet paired with short shorts didn't detract from either's charm. There were boyish-girlish versions of the motorcycle jacket and the bomber displayed just a few feet from girly, fifties-style tea dresses.  Maybe it's to be expected that the line would offer individual items rather than a collective vision. A label release claimed it grew out of ""personal necessity,"" but Holmes saw it a bit differently. ""They're luxury items, so they're kind of what we want and what we wish for it's not total necessities,"" she said. ""But for a certain woman, it is a necessity. We're trying to create looks that fit into a woman's closet.""  If that's the case, mission accomplished. And while there's plenty of room for Holmes & Yang to develop its offering and grow into a cohesive collection, the examples of the Olsens et al. suggest that this takes single-minded dedication. Holmes, for what it's worth, is working on a play and will start shooting a movie early next year."
5201,"Ostwald Helgason designers Susanne Ostwald and Ingvar Helgason may be relatively new to the New York fashion scene, but they can already check some respectable accomplishments off their list. Their first order at the new Upper East Side boutique Fivestory sold out within 24 hours. Plus, street-style mainstays Miroslava Duma and Anya Ziourova were snapped by Tommy Ton during last season's couture shows in two of the brand's matching outfits. And if the looks at today's presentation are any indicator of what's to come from the London-based label, things are only going to get better. Words of praise and congratulations were overheard as people stopped to take in the scene at Milk Studios. Fifteen models were clad in sixties-style getups inspired by Frances Brody, a wealthy philanthropist who commissioned Matisse to make a mural for her mansion's courtyard. ""She [Brody] told Matisse to redo it,"" Helgason said in a preview the night before the presentation. ""That is the kind of strong, adventurous woman that we were thinking about."" A graphic color-blocked dress whose fabric comes from the same house as Dior's was layered over a preppy collared shirt. Not exactly what you would expect, but it worked. The same pink and burgundy combo came in a cropped trouser that was paired with a printed chiffon tank. On an even lighter note, there were fun, Picasso-like animal drawings on cute sweatshirt dresses. One Russian editor pointed out a pair of bubblegum pink and navy short shorts with a button-up top as one of her favorite looks. Tommy Ton, get your camera ready."
5202,"Lingering over the coffee and pastries at the Carlyle this morning, a busy celebrity stylist said, "" The Row customer is a woman who 20 years ago would've worn Giorgio Armani, or maybe Donna Karan."" She's a minimalist, in other words, but hardly an ascetic. What Ashley and Mary-Kate Olsen do is luxury of an understated sort. Reference points for Spring apparently included the eighteenth-century Japanese artist Ito Jakuchu, the English countryside, and American folk. These were subtly handled. The focus, more so than ever, was soft tailoring: a loosely belted oversize trench, poet blouses with knotted silk buttons. There were also pants with fastenings on the waistband used to attach filmy drapes of silk, which looked like a half train. Boxy tanks or slipdresses worn over trousers made multiple appearances. For colors, the Olsens hewed mostly to silvery neutrals, which made both a red suit with a quiet floral motif and a navy long dress with pompom trimming on its short sleeves stand out. The accessories obsessives in the room clocked a new unstructured bag modeled after a garden tote and another flat bag that could be folded over and worn as a clutch. ""We want to keep challenging ourselves,"" Mary-Kate said after the presentation. Indeed, it's hard to believe that these are the same designers who built a brand on slouchy T-shirts and sexy leather leggings. This quietly accomplished collection was just about as far removed in ambition and mood from their origin story as can be."
5203,"Le Palace, the legendary Paris nightclub, was the focus for Roland Mouret 's ardor in this season's love letter of a collection. Le club's heyday was in the 1980s, when it was still under the control of Fabrice Emaer. At that point, Mouret was a mere whippersnapper and Le Palace had a renown and reputation in the vein of a Parisian Studio 54. But being French, the designer would probably say that nothing could compare. ""I went back to revisit my eighties,"" said Mouret of the collection. ""I was young, I had fun, we lived in a group. The reality was dark but the night was for clubbing and full of light. It was a time I felt had a resonance for now."" So as the strip lights flickered on in the scaffolding that lined the walls of an ornate salon in the Westin, the silhouettes sprung to life. To the recurring sound of Trouble Funk's ""Still Smokin' "" mixed with Japan and Kindness the designer stated after his show, ""I am as proud of the soundtrack as I am of the collection!"" Le Palace's combination of street life and nightlife, high society and caf? society was channeled through the dressed-up looks on his models. Along with typical Mouret body-con attire, such as pencil skirts that zipped right through the back or thick viscose jacquard knits that were sculpted to the wearer, there came newly added sharp-shouldered cropped jackets that helped define the waist and topped many of the looks. This graphic and architectural building of the silhouette didn't exclude an idea of pop, sex, and fun. There has been a sense of optimism in the collections this season, and in many ways, it is exactly for the reason Mouret put forward: a sense of light in the dark. Much of this optimism is finding its focus through a personal and autobiographical journey, and this designer's offering is no different. It is one of the reasons that collections are looking so disparate. Mouret's, though nostalgic, had a sense of something that worked."
5204,"Last Spring, Sophie Theallet asserted ""sexual tension"" as a guiding theme of her collection. This time out, sexual tension went unmentioned by the designer, but it didn't go unexplored. Using the symbolism of a dragonfly as a way to express sense of self, Theallet designed for a woman who, she explained after the show, knows who she is and does what she likes. And for the most part, that attitude was reflected in Theallet's elegantly layered ensembles eclectic combinations of fitted button-downs, vivid intarsia knits, and organza palimpsest dresses with frayed edges. But a few looks indicated that one thing this season's Theallet woman likes is sex: Her column dresses with razor-thin racerbacks, for instance, made a confident statement of sexuality, though they were anything but crass. The dragonfly theme was overt: Theallet made a dragonfly pattern that appeared in knits and as a print, and her filmy organzas were layered against each other to create iridescent, winglike effects. Elsewhere, she played diaphanous games with pleated chiffon that gathered about the body then took flight. As usual for Theallet, palette and pattern were strong elements pop colors were set against new versions of her signature bohemian prints, these astutely colored in souk tones of turquoise and ocher. The shapes felt familiar, too the dominant silhouette was Theallet's tried-and-true full skirt but that wasn't a bad thing. Like her muse this season, Theallet knows who she is, and this season, in more ways than one, she did what she likes."
5205,"Victoria Beckham has been spending a lot of time with her customers, and trunk shows on three different continents this summer (Asia, North America, and Europe, in case you were wondering) taught her something. Women can't live on super-fitted sheath dresses alone. Beckham's ladies have been asking for separates and suits, and for Spring she's giving 'em to them. ""I wanted to take my aesthetic and find a new way of working it,"" she said before the show. The Manolo Blahnik-designed flat sandals and monk-strap men's shoes that the models wore may have felt like a grand departure (VB is strictly a heels girl herself), but otherwise this was a subtle evolution. The same rules that have always applied still apply: solid colors, no prints; athletic cuts; and fabrics with a dry, almost crisp feel, like canvas, georgette, chiffon, and lace sometimes all in one dress. Although she did include a few silk blouses and midi-length skirts with a bit more breathing room, more typical of her new offerings was a white button-down with graphic lace sleeves that topped a sunset orange A-line miniskirt as body-loving as anything Alaïa has ever done. The gals who requested more tailoring won't be disappointed, either. Beckham poured all the sexiness of her signature dresses into a pair of high-waisted stovepipe-skinny trousers, and its matching single-breasted jacket looked sharp, too. With her business turning four years old, it was a smart time to diversify the fashion set is notorious for boring easily. Still, the highlights here were those sheath dresses, this time around with lace insets or sheer ribbed bodices that put built-in bra cups and straps on display."
5206,"The Far East is stirring the imaginations of many a designer in Milan. Count Alessandra Facchinetti of Uniqueness among them. Facchinetti claimed Vietnam as an inspiration for her flamingo- and palm leaf-print crepe dresses with 1930s lines. A floor-length version shown with a K-way jacket in a matching print is already one of the best-sellers in this, her Fall collection, which became available online at Uniqueness the same time as she first presented it in London last week. In addition to showing the line in season, a situation made possible by her relationship with the fast-fashion brand Pinko, Facchinetti also crowd-sources ideas from her social media followers. More labels should get in on that act.A popover top tucked into full-legged pants cropped a few inches above the ankles continued the colonial-era vibe. Other pieces, like a nicely shaped navy ribbed sweater and a nubby wool coat with cocoon-ish proportions, ran to the more basic."
5207,"Some fairy tales end with the girl marrying the prince... some start there. So read the quote at the top of the program notes for Diane von Furstenberg 's Spring show, which she and her creative director, Yvan Mispelaere, dubbed ""Palazzo."" You can see where this is going. The girl in question is none other than von Furstenberg herself. She's led quite a life. Anytime the design partners don't channel it on the runway is a missed opportunity, and today it yielded a collection that was colorful, confident, and keyed in to some of this fashion moment's big trends. These days, von Furstenberg sits at the top of a huge business enterprise, but what this outing did was tap into the designer's peripatetic, bohemian spirit. With their pearl studding and bright color-blocking, boardroom suits these were not. And caftans outnumbered the wrap dresses on which she originally built her name. Whether they were day or evening, the dresses were paired with narrowly cut trousers, like the locals in Marrakech and downtown Manhattan wear them. As if to remind us that she's the adventurous soul she's always been, von Furstenberg has partnered with Google to make a behind-the-scenes film using its new Glass technology. She filmed her experience in the week leading up to the show using the glasses and, like some of her models, wore them down the runway to take her bow. If only Google had been around in von Furstenberg's early days. Now that 's a video we'd like to see."
5208,"Since partnering with global trading group Li & Fung in April, it's taken time for Vena Cava designers Sophie Buhai and Lisa Mayock to adjust. But a look at their Spring collection says they have definitely regained their footing. ""It's so nice to finally have this kind of backing,"" Mayock said at her Soho studio. ""Now we can execute what we have been wanting to do for years."" The VC girls called their latest range Vena Cava Tijuana. They were thinking about their trips to Mexico in the eighties. Mayock recalled seeing a lot of crafts and embroidery around her great aunt's perfume shop there, and the clothes clearly reflected such memories. A colorful striped jacket was the VC take on an army coat, and a long linen-blend dress with chiffon bias-cut to look like fringe was inspired by mariachi singers. The designers showed their signature prints from a fun corn design to an artsy drawing of an elegant hand on feminine dresses and skirts. Mixed in with these statement pieces were ""not too basic basics,"" as they called them. Think office-appropriate black pants with pompoms on the front, leather separates with graphic perforation, and mock-vintage Mexican rock band T-shirts. ""The clothes are not just meant to look good on an 18-year-old model,"" Mayock said. ""They are for real women to wear every day."" That includes the sexy red dress with cut-outs on the neckline. Well, maybe that should be reserved for a special night out instead."
5209,"A trip to Brazil yielded inspiration and the usual results for Farah Angsana 's latest collection. The opening looks in black and white gave way to long chiffon gowns in sky blue, grass green, and sunset orange. Coral and turquoise beading had an unfussy, organic appeal. Given her romantic spirit and Latin inspiration, Angsana showed relative restraint this season. But while there was a smattering of applause for the finale gown, it wasn't entirely successful. With crystal embroidery on top and braided, frayed strips of multicolor ribbon swinging like tails from a sheer skirt below, it looked like a strangely colorful, sadly denuded ostrich. Better to stick to one of the short beaded caftans breezy, bright, and much less likely to get stuck in the door of a cab."
5210,"It would probably have been too obvious to play hip-hop on the runway, eventhough that music style, along with graffiti, propelled Felipe OliveiraBaptista in such a dynamic direction this season. So much so, in fact, thatthe word ""swagga"" appeared in his show notes. This was not, however, an exercise in emulating any one artist, nor indrawing too literally on rhymes or tags. It was, Baptista said after theshow, about a creative process that allowed him to ""dissect, transform, andput back together."" There was all of that and more specifically, a kinetic interpretation ofcamouflage that looked as though Baptista had passed an electric currentthrough the pattern and watched it shake. He also shook up his shapes andhis palette. The collection began tamely enough with a navy molded-shouldershort-sleeve shirt and men's trouser. The solid army green and white looksthat followed foreshadowed the asymmetry to come but first, a memorableshirt in bonded leather and jersey boasting a flappy placket like a tiespliced in half. Colors arrived as an entourage, dominating the short shifts and unstructuredsilhouettes. There was no going back. Hemlines became erratic, veering downthen curving back up, all in a single skirt. Meanwhile, leather pants basedon BMX uniforms were a rare example of pattern symmetry. With all thisgraphic entropy, Baptista did not forget about fabric. The slickest: a blendof silk and nylon that might have been more impactful without the print (Camo Variation 005, or something like that). A lot of effort went into suchdeliberate chaos, and the result was fun enough. But Baptista the minimalistis stronger than Baptista the maximalist. As the creative director at Lacoste, Baptista shifts smoothly between thecollections, but it's difficult to tell which informs the other. A sportyparka from this collection, minus the chopped and screwed hues, could end upemblazoned with a crocodile next season. But all the slashings and cutouts would not fly at Lacoste. In someinstances, Baptista added a printed fishnet underlay that indexed foregroundfrom back. ""I liked the idea of showing the body, but not in obvious way.Like innuendo,"" he explained. Now that sounds a little more like hip-hop."
5211,"Maria Grazia Chiuri and Pier Paolo Piccioli's Valentino dresses make girls swoon. The modest shapes, the delicate fabrics, the exquisite embroideries pull one on and you're suddenly Cinderella at the ball. This season, they've even whipped up crystal slippers accessorized with their signature gold studs.  The designers said that the Rome of their memories was the inspiration behind the collection. In this, they're very much in tune with the Paris season, which, thanks to Raf's and Hedi's prêt-à-porter debuts at Dior and Saint Laurent, respectively, has been about revisiting the great couture houses' roots. Valentino Garavani as alta moda as it gets was sitting in today's front row.  On the runway the clothes were more intimate in feeling than last season's folk-influenced show. Credit for that goes to the slipdresses that were the collection's foundation (in both senses) as well as the simple tone-on-tone embellishments the designers chose. Pointing to the tiny white seed beads embroidered on the powder pink bibs of several dresses, Chiuri called them ""poor."" Likewise the white sequins on white brocade. Again, though, the results were almost aristocratic. The Valentino duo gives you your princess moment, albeit with a subtle but important hint of Belle de Jour kink.  The collection started spare, with slipdresses in silk panama, the seams hand-tacked to leave a few centimeters of skin exposed. On other long-sleeve dresses in solid colors, seaming details around the neckline were the only decoration. Chiuri and Piccioli wouldn't have made bad minimalists, but that's not the heritage of the house they inherited. Instead, there were hand-painted black flowers on the white lace of a long dress; snakeskin cut into long strips and affixed to the organza of a shirtdress or a clear plastic trench (Deneuve would approve of that); a pair of Valentino red gowns; and, to finish, a long-sleeve number in blush-colored silk embroidered with tiny white beads in botanical patterns. Cinderella, eat your heart out."
5212,"Oscar de la Renta is New York fashion's  minence grise. Over the decades he's become synonymous with uptown swish, and because he often dresses political wives Ann Romney wore ODLR for her convention speech he's also a household name. Lately, though, he just as reliably delivers runway surprises. This season, those included a passage of four sets of evening shorts, and latex in the form of a slick red T-shirt worn with a jaunty navy blazer and thigh-slit khaki skirt. None of which will be written about in the fashion history books, but you've got to admire the gentleman's moxie. In fact, what this collection had going for it, as it often does, was its diversity. First ladies, society swans, Hollywood types, Wall Streeters Oscar has dressed them all. First daughters, too: Barbara Bush and Jenna Bush Hager were sitting in the front row. All of them will find something to like for spring. For the minimalists, he showed an ivory linen pantsuit and a black silk Madame X dress. Maximalists had their choice of day suits in doily lace and fuchsia astrakhan. After dark, a pair of party dresses in feather-embroidered tulle were especially memorable, and we predict we'll be seeing a lot of the shocking pink strapless gown with the green silk pompoms in magazines. One particularly influential French editor could be heard saying, "" J'adore Oscar, j'adore Oscar"" on her way to the elevator. Who doesn't?"
5213,"Isabel Marant is French to her core, but she sure does have a fascination with Americana. As a follow-up to her cowgirl-at-the-rodeo show of last season a collection that's trending big in the front rows this week Marant looked at old pictures of Elvis, from his early days in Hawaii to his last Las Vegas hurrah, mixing them up with a few snapshots of Brigitte Bardot and Jane Birkin in Saint-Tropez. Marant loves easy, casual pieces for summer, but what we saw on the runway today often looked surprisingly similar to her easy, casual pieces for winter. The embellished jeans, the quilted and embroidered coats, the lacy little separates they all made reappearances. This time, instead of tooled suede and Western fringe, they were mixed in with black and white tropical floral-print shorts and button-down tops knotted at the midriff along with one-shoulder shirred dresses in bohemian paisleys. Marant is keyed in to the fashion Zeitgeist, no doubt about that. She opened a new store on the Left Bank this week, and the long-awaited Melrose Place shop in Los Angeles will finally open early next year. All that floor space requires merchandise to fill it, and we have little doubt this collection will connect with shoppers the way previous ones have. Still, the designer runs the risk of repeating herself. What looked fresh: bathing suits worn as ready-to-wear. They'll be big in L.A. We're looking forward to seeing more new ideas like that one next time."
5214,"It's not so shiny, happy people now, is it? That was the question posed by Henry Holland after his strong and, for Holland, remarkably moody show this afternoon. According to the designer, the House of Holland girl had picked up an attitude problem nothing meriting legal or medical intervention, mind you, but a bad case of the stroppiness that can only be soothed by listening to the Nirvana track ""Lithium"" approximately 8,000 times in a row. Yes, she's come down with Grunge Nostalgitis, as the condition will undoubtedly be listed in the next edition of the DSM. Well, as we all know, grunge was awesome. And Holland's exceedingly liberal take on the look was pretty awesome too. Effectively, he made grunge go pop, blowing up the era's signature check and luxe-ifying its thrift-shop florals. Sure, a pair of badass acid yellow and black check shorts looked like the kind of thing a snub-nose skater girl would have worn in the early nineties, but the short, ruffled bustier top in the same material, not so much. Happily, Holland didn't waste his energy on historical accuracy. Indeed, as a colleague pointed out after the show, this was a collection steeped more in memory than in fact. If Holland had really wanted to make a grunge collection, he wouldn't have progressed his show from sneering checks to ecstatic tie-dye. But he did, which suggests that his source material was personal hazy, important memories of girls in mosh pits, and girls in muddy fields wearing shortalls and waving glow sticks. Maybe it was the same girl; who knows? It doesn't matter. What does matter is that Holland's deerskin leather and shibori tie-dyed shortalls didn't just look super-cute, they also did a pretty thorough job of expressing the blissed-out youthful bonkers-ness of a proper rave. Eventually, in other words, this collection got happy. But not shiny-happy: happy for real."
5215,"We all know Nanette Lepore for her feminine take on current trends, but there have been times in recent seasons when it has seemed like the contemporary designer was trying too hard to be the cool kid on the block. The latest Spring collection successfully reinforced Lepore's brand identity in a fresh way. Inspired by the porcelain room at Charlottenburg Palace in Berlin, Lepore mixed together several toilelike prints in pumped-up pastel hues on pieces like the best look, a halter-neck dress cut from lightweight organza that had a molded fluidity to it. But that one might go over the head of Lepore's core clientele, who will likelier opt for the more straightforward stuff on offer, including shrunken gingham jackets and of-the-moment striped linen board shorts. Still, Lepore has never been afraid to reinforce her accessible aesthetic. On a more brazen note, the designer placed Obama-Biden pins on every seat in the house. ""That's all we've been talking about backstage, so I had to do something,"" she said. ""Women need to be strong, intelligent, and remember that in addition to clothes, these things are important too."""
5216,"In my heart of hearts, I've always believed in women who can wear men's clothing, Rogan Gregory said at a preview of his Spring collection. Sure enough, the lineup tweaked workwear basics for the XY set just enough to give them a tomboyish sensuality. Uniforma Chromata was the theme, and there was an everyday, interchangeable ease to pieces like distressed cutoffs and a railroad stripe denim shorts suit with whipstitch detailing. The aforementioned matching set was ultra-worn-in, as though it had already been washed and hung out to dry at least 20 times. Ditto goes for the slubby henleys, hoodies, and baja tops, each of which was as soft as your favorite blanket. A lot of effort goes into making threads as calculatedly effortless as these. Gregory continues to keep all of his sourcing and production environmentally friendly and can wax poetic on the differences between right-hand versus left-hand twill he uses left, for the record, which is apparently way cooler."
5217,"Karma Chameleon. ""I'll Tumble 4 Ya."" ""Do You Really Want to Hurt Me "" The immortal Culture Club hits that looped on the soundtrack at the Alexandre Herchcovitch show today were plenty enjoyable; some attendees couldn't help but sing along. But you didn't need to hear the songs to know that this collection was Herchcovitch's homage to Boy George. Indeed, a huge part of the collection's charm was its overtness Herchcovitch was wearing his heart on his sleeve, and his girl was wearing signature Boy George hearts all over her clothes. Still, the Brazilian designer's take on the Boy George look wasn't straightforward. Using substantial, couture-quality materials, he reinterpreted the singer's baggy, Culture Club-era ensembles as blocky tees, board shorts, jumpsuits, and shirtdresses. Early-eighties checks, plaids, and font prints were absurdly exaggerated, giving the looks a winning madcap affect. This show was a lot of fun and not just because of the music playing in the background."
5218,"Everything about bees was an endlessly rewarding inspiration for Sarah Burton's new Alexander McQueen collection. Forget the obvious she has, after all, proved herself the McQueen Bee with a spectacular string of buzzy fashion coups. Instead, think about a honey-based color palette, plus the patterning possibilities of comb, plus the frisson of the bee sting, plus the salient fact that Burton is an expectant mother. All of which equals a collection as conceptual and precise as anything from Lee McQueen's heyday, but with an added and odd intimacy. To be honest, it felt slightly mad. The models' heads were covered in archly modernist beekeepers' veils. The clothes they wore refracted a honeycomb motif through a dozen wasp-waisted guises, bound, haltered, and harnessed in a tortoiseshell that could quite equally have been a rich, sweet toffee. The hyper-exaggerated female silhouette was derived from the pinups of Alberto Vargas. ""Celebratory,"" said Burton. ""Back to womanhood after last season's overblown proportions."" Eroticism was a touchstone: a cheeky bra strap here, a body in resin tortoiseshell there. The sinuous drape of a red dress over a honeycomb bustier would have been enough to raise Vargas himself from the dead. But what would he have made of dresses as structured as a Tudor gown? Or a full-skirted yellow extravaganza that looked as though it had been designed to galvanize bees from here to eternity? It was even more spectacular in red. In fact, so saccharine that the show could only close with the Archies' ""Sugar, Sugar."" And that was the sting sweetness that would choke a diabetic. Like her mentor, Burton used a fashion show as an opportunity to register a statement of intent. There was a real coherence to her new collection thank you, Buzzy but it will be interesting to see how she translates it into something more accessible. Hers is a great story. Everyone should hear it."
5219,"Smart basics with a fashion-forward twist are what Tawfik Mounayer does best at Tribune Standard , his one-and-a-half-year-old contemporary label. The designer's Spring lineup brought Moroccan flair to everyday pieces. There was an easy silk shift featuring a colorful mosaic print reportedly inspired by Elvira Wersche's sand-art installations, and a lightweight metallic tweed shorts suit paired with a tank covered in shiny silver coins that softly jangled with each step the model took at the presentation. A crisp poplin shirtdress and bomber jacket made from a mix of coated cotton with sheer ""clip"" gauze nicely illustrated Mounayer's utilitarian approach. ""I'm not trying to conquer the world,"" he said. ""I just want to make clothes that girls want to wake up and put on."""
5220,"By her own admission, the foundation of Mandy Coon 's Spring collection was ""pretty nerdy."" That's how the designer described it before her show, as she explained how a discussion of MIDI files the way electronic instruments and computers talk to each other got her thinking about incorporating a file's digital pattern into a print. Pontus Winnberg of Miike Snow stepped up to make Coon a special track, and the designer turned the file's data into a laser-cut pattern and a graphic print. Backstories don't get much cooler than that, but the jump from MIDI file to runway collection is long enough that it was virtually impossible to see the music in the clothes. The prints most closely resembled a Rorschach test, and the laser cuts looked a bit like tiles in a Tetris game. But that's not a criticism. Consider Coon's collection the antithesis to the piano key necktie. Back to the clothes. The primarily black and white, leather-heavy collection was darkly romantic, with bodice-crossing straps, zipper detailing, and belt-slash-harnesses providing a bondage feel. In a field of short dresses, a few long silhouettes made an impact. A deep purple column with a keyhole cutout in the back a recurring motif had a sly smattering of cutouts on one leg. It was just as sexy, if not more so, than a sheer, thigh-skimming shirtdress with stamped lambskin lapels. That stamped lambskin looked like python and was used well throughout. A simple tank dress in the stuff was sporty and chic. Coon described the track Winnberg made for her as ""melancholic but optimistic."" Her clothes, broody but not too serious, struck the same chord."
5221,"The sound of a needle on a vinyl record indicated the start of Junya Watanabe 's Spring show. Yet that needle turned out to be a digitally sampled sound, and the scratch of the vinyl became the insistent beat of a collection that had an energy that wouldn't stop. Watanabe is often in thrall to the romance of the ready-made and is a master of it. The perfect permutations of archetypal garments such as a black leather jacket, a trenchcoat, or a tea dress have all exerted a pull in recent collections and are motifs that have frequently cropped up in other designers' offerings later on. Yet it was always Watanabe who, literally and metaphorically, showed them how it's done. Today's collection was something of a break from that cycle. That is, unless you count the ready-made as sportswear though there was more going on in this collection than could be boiled down in that way. The first model quickly and purposefully appeared like a sprite in curvilinear orange Airtex mesh, with what looked like flames licking round the body. Her glinting headgear was a mosaic of mirror shards atop a pale white face. There was very little opportunity for thought and meaning before she was gone, to be quickly replaced by another and another and another? This collection was utterly unrelenting in its pace and purpose and all the better for it. The fabrics and the trainers were supplied by Puma, but this was not a collaborative line in the strictest sense of the phrase. Rather it reflected Watanabe's own fascination with the subject matter and his own take on silhouettes exploiting a sporting technical language. At the same time, with its insistent club beat, there was a definite feel of the nineties take on sportswear in all of this. The silhouettes reflected the kind of street-wear brands that proliferated in London and Tokyo then and were worn in clubs at the midpoint of the decade. Things like the futuristic Vexed Generation. Here this was combined with that decade's take on the sixties; there was something infinitely Pierre Cardin-ish about these space-age creatures in their mirrored headgear and their short, tight silhouettes. There was almost an idea of nostalgia for the future from the past in this show. You get the feeling that progress is not dead for Watanabe and he is always searching for a route to it in fashion. While there may have been a looking back to go forward in this collection, what he presented was utterly contemporary in feel, something both new and now. It was one of the most exciting shows of the week."
5222,"Simone Rocha is one hell of a fast learner. Her show today not only affirmed the buzz that's been building around her brand since it launched two years ago, on London's Fashion East stage, it also improved on her terrific solo debut last season, both by elaborating its themes and trimming its excesses. Rocha is an incrementalist. She works by carrying her good ideas forward and working them over. With this collection, you perceived her arriving at a summation of the one big idea that's been driving the look of her collections from the start. It's an idea about youth, and a certain kind of rebel schoolgirl slouchiness one that Rocha is precise in rendering. Last season, she perfectly captured the rude glamour of a snub-nosed teenager slunking around in her oversize, hand-me-down coat. This season, that schoolgirl took on a somewhat more polished air, in little dresses and suits that would come off atavistically ladylike if they weren't sheer in weird places, or unexpectedly proportioned, or made of, say, plastic. Rocha's techno sensibilities regarding fabrication seem like the design signature that she'll carry forward, once her schoolgirl phase has passed. Her materials are, in every sense of the word, fantastic; highlights this time out included plastic laces of neon daisies or scribbly black dots. But Rocha isn't so enamored of space-age materials that she turns up her nose at organic ones, and her use of crochet and cotton broderie anglaise gave this collection some of its warmth. Most of that, though, came from Rocha's sensitivity to her girl and the story she was telling about her. There was something moving, frankly, about the model walking down the runway in a gold-toned dress of desiccated tweed; she had the vibe of a young woman off to her first fancy date, wearing unfamiliar grown-up clothes in a sweetly unfamiliar way. And thanks to Rocha's halolike headbands and her trademark Perspex-soled heels, that girl was pretty much walking on air. Ah, youth."
5223,"I didn't watch any of the Olympics! I swear! So claimed London-based designer Alessandra Rich as she showed her presentation by appointment today. You had to wonder whether Rich had, in fact, gotten deeply into the Games, inasmuch as her new collection riffed on those ludicrous yet amazing leotards that Olympic gymnasts wear. But, no: The designer affirmed that her collection was inspired by a lot of thinking about Russian girls. Rich gave her girls names Olga and Irina and a backstory that saw the merging of the iconic Russian female gymnast and the (now equally) iconic Russian jet-set glamour girl. It was an oddball starting point for a collection, but it worked. Rich's chicest interpretations of her Olga-meets-Irina concept were her leotard-inspired dresses with floor-length full skirts. The silhouette felt fresh for evening insouciant, yet formal. A black lace dress with a full skirt ought to get a decent amount of play on the red carpet. Elsewhere, the designer's punchiest take on her theme was undoubtedly her stretchy pencil dresses emblazoned with flame and lightning-bolt designs. Girls who wear these out are going to have a lot of fun; then again, the girls who'd want to wear these dresses are probably fun already. There were other fine looks in this collection though Rich specializes in dresses, her silk-satin tuxedo jumpsuit suggested that she ought to develop more tailoring and her lace tunic dresses helped to vary the collection's generally body-con silhouette. But there were some misfires, too: a gaudy bright pink lace column dress, for instance, and dresses dappled with crystal embroidery. But when Rich stuck to her instincts to keep things graphic and clean, her looks were definite winners. Gold-medal-worthy, you might say."
5224,"Wool. Is there a fabric less sexy? Maybe not, but that didn't stop Bottega Veneta 's Tomas Maier from going for it this season. Not many designers have the imagination combined with the skill to turn the plain material into something so utterly un-plain. Maier focused on print last season; this exercise in cut and drape was something of a reaction to the romance of that, he said backstage. ""I was into wool, and using it in different ways, washing it, bonding it, or felting it to create print."" Thus fixated, he sculpted the sleeves of one coat, exposing the seams, and layered and draped the neckline of another like a flower. On dresses, he created volume with different kinds of pleats. If that sounds dry, it wasn't. There was nothing minimal about the trio of slim ivory wool sheaths the designer embroidered with multicolor silks to create the trompe l'oeil prints he was talking about. Another looker of a dress was built up at the hips with a flaring peplum.  In the end, Maier used more than just wool, but he treated duchesse satin with the same sculptural hand. An asymmetrical folded and tucked top in saffron paired with full, cropped pants balanced ease and polish it would make a great going-out outfit. In keeping with that mood, Maier limited his evening options to little black cocktail dresses. The most novel of the bunch was actually a creamy shade of wool flannel densely embroidered in undulating vertical lines of lacquered black raffia. The frock showcased his obsessive attention to detail, yet still came off as effortless. In sum, this wasn't a showstopper of a collection like last season's, but it qualified as a success on its own terms."
5225,"Damir Doma set himself a difficult task this season, trying to make a persuasive case for office drab. Backstage he was talking about a ""neo-corporate woman."" On the runway, he opened with a trio of looks in boardroom gray: a ruched-collar popover top and tapered trousers, a cropped jacket and swingy skirt, a side-zip dress. On the models' feet: sturdy shoes with thick soles over sheer pantyhose, which conjured thoughts of the sneakers that workingwomen sometimes wear for their commutes. So far, so flat. Doma's Spring show qualified as a breakthrough. It makes sense for the designer, who already has his own store despite his still-tender age, to design clothes for urbanites' real lives. Here, though, he backpedaled too far on what made Spring great: color, for one thing, but also a looser, cooler sensibility. The Fall show did improve as it went on. A sleeveless dress tied at the waist with superfluous leather sleeves had an appealing ease, and the fuzzily abstracted houndstooth motif Doma used for a pantsuit added a bit of an edge to the proceedings. An oversize charcoal coat with four narrow stripes at the hem was also strong. And it wasn't all shades of gray. A vivid raspberry added some dimension to Doma's office separates. Unfortunately, it wasn't enough to turn this collection around."
5226,"Stella McCartney 's shows are always a dialogue between masculine and feminine. Mannish or womanly, the clothes usually give off a fair bit of heat. Her new collection for Fall wasn't exactly sexless, but it did have a cooler, less come-hither sensibility than usual, which seemed to play against her strengths. It started with banker's pinstripes the first look a double-breasted jacket with uneven, diagonal hems worn over a long skirt in a thinner stripe with a folded drape in front. More covered-up pinstripes followed: men's coats that topped cropped pants, a buttoned-to-the-collar shirt tucked into pleated trousers, and an unstructured dress extending to the mid-calf. Backstage, the designer talked about ""inserting the feminine into masculine,"" but the models' willowy frames tended to get a bit lost in the clothes. A striped turtleneck sweater shown with a flippy miniskirt felt more like the old Stella. The generous proportions of the menswear extended into polo-neck dresses that more or less fell in loose lines from the shoulders to several inches below the knee. McCartney showed these in fine gauge knits inset with delicate lace, as well as in a gorgeous ultraviolet silk. Sans collars, they came in a peeled-back wallpaper print spelling out SKATE, a print that maybe suggested, like the models' wool baseball caps and the sturdy tire-tread shoes, that she had been looking to the street for ideas. Of everything on the runway today, it was easiest to picture the oversize tartan coats in the real world when the weather turns cold again. Things warmed up some for evening, and there McCartney was thinking along languid and more structured lines. In the former category, simple squares of silk were suspended from wide bands of elastic. In the latter, a lapel spilled down the front of a strapless bustier dress in black silk jacquard, but it couldn't detract from its seductive appeal."
5227,"Anne Valérie Hash has always had a special affection for jumpsuits. This season, she devoted her whole collection to them. At the informal presentation in her tenth arrondissement atelier, Hash said, ""I want to do what I want, and not to do what other people want."" Preach, sister! Hash has one of those small, independent companies for which the speedy fashion cycles can be challenging, so it was great to see her so energized by streamlining her approach. ""They're the new smoking, in a way,"" she said of her dozen or so pieces. Cut in black, white, or gray, most could easily stand in for a cocktail dress when paired with sexy heels. It would've been the predictable thing to show them that way; instead, Hash paired them with Nike Air Max sneakers, giving them a casual vibe, more flight suit than black tie. The shoes were one thing that gave this presentation its refreshing feel, another was Hash's nimble cuts. Some jumpsuits became trompe l'oeil pantsuits; quite well executed, they looked like a jacket and trousers but were actually one piece. Other more delicate numbers were patchworked front and back with different kinds of lace. A few with deep sashes spilling from one hip keyed into a look Raf Simons has been pitching at Dior. That's good company for this little label. Thinking small sometimes yields big rewards."
5228,"Forty-six percent. That kind of increase in year-over-year sales can do a lot for a designer's confidence. Marco Zanini's pre-fall orders were way up. Whether or not that's why this collection seemed more Rochas -y than ever irreverence and elegance in excelsis we can't say, but Zanini did seem to be having a ball today. His conviction made it easy to fall for these clothes, even if you doubted a duchesse chine skirt that out-New Looked the New Look would make it off the runway with quite such roomy proportions. The setting played its part. The show took place at the Espace Cambon across the street from Chanel's old digs, as it happens with the models descending a grand marble staircase before proceeding down the runway in recessed-heel pumps or lug-sole ballerinas. They were princesses, or 1950s boarding-school girls with a wild side, some actually gadabout-ing in their silk pajamas and ""diamond"" necklaces. Zanini is an eccentric who loves the classics. Familiar pieces were made just slightly less so by quirky color combinations (apricot and mallard green, baby pink and bordeaux) and by unexpected fabrics. Knits needle-punched with silk took on an almost scubalike stiffness; camel hair was brushed so it looked as pilled as your favorite old sweater; and the shaved mink wasn't fur at all but a synthetic. It's the remarkable proportions of Zanini's opera coats and that New Look skirt that linger in the memory, but for every outsize thing on the runway, there was a pair of smart cropped silk pants, a cool Eisenhower jacket, or a sweet little sweater. Safe to say, Zanini outdid himself with this one."
5229,"Jean Paul Gaultier put on his show tonight in the 17th's Salle Wagram, a venue that is for all intents and purposes his historical home, where he presented some of the most famous and memorable collections of the eighties and nineties. Location is everything, as they say, and this one would seem to suggest that Gaultier and his newish investors, Spain's Puig Group, are eager to recapture some of the frisson of the designer's glory years around the time when Madonna and the pointy bras he made for her launched him into fashion superstardom. The crowd that gathered tonight was certainly rooting for Gaultier. A fan near our seat whooped it up from beginning to end. But reigniting brand JPG will require more than the handful of studded leather bustier tops he opened the show with. Perhaps expectations are too high. Gaultier proposed not only those newfangled cone shirts but a jumble of other ideas, as well: hoods, leather and fur tippets, quilting, and patchwork. He leaned most heavily on a logo print featuring big red block letters and models in silhouette that was reproduced on the scrim behind the runway. It turned up on everything from a slouched-on sack dress to floor-scraping pleated skirts to intarsia fur jackets and coats. Really, a logo print? If he's made it this far without one? Gaultier was a pot-stirrer back in the day. This collection didn't venture anything more provocative than the use of all that fur. Instead, he cycled through some familiar beats the trench, the duster coat, leather jackets, modified marini're stripes without ever really connecting the dots. A stricter edit would've helped matters, and it's more than likely that there's less fussy stuff back in the showroom that will sell in the stores. But that doesn't stop this show from being more than a bit disappointing."
5230,"After his show, Joseph Altuzarra fessed up to being anxious all week. For Fall, he took a chance and stripped away the embroideries and embellishments, the fantastical narratives of his last two collections. Those extras can become a safety net for designers. Nerves or not, Altuzarra doesn't need one. Here he took his signals from the street, and the exercise in restraint helped him find his raw essence. He's designing the fiercest, sexiest clothes in New York, and that's reason enough for many women to seek him out.  ""It forced me to be much more demanding about tailoring, cut, and fit,"" Altuzarra said of his new ethos. Demanding is a good word for coat-dresses with tiny waists and padded-out hips, and super-constructed double-breasted power suits with shiny gunmetal buttons topped by cropped vinyl boleros. Vinyl was the surprise. He used it for shrunken motorcycle jackets worn solo or over the top of khaki trenches. Unlike leather, it's rainproof, and so, says Joseph, it ages better. He also engineered it into hourglass dresses and tops with fur shoulders and sleeves. Leather, which has more stretch, proved the better material for other body-con dresses sliced below the hips with zippers from which were suspended sheer chiffon skirts.  Some saw Catherine Deneuve in Belle de Jour in the clothes, others shades of Thierry Mugler's famous motorcycle bustier. More than anybody this collection looked like Carine Roitfeld, the former editor in chief of Paris Vogue who is Altuzarra's biggest muse. She'll surely fall for the furs extravagant black and white fox chubbies, a couple pairs of huge, silly mittens. Altuzarra reports that he has the best sell-throughs with the most expensive pieces. Those will be doozies. For the girls in the audience still climbing the ladder, he also cuts one mean pair of pants."
5231,"A little darker but still ethereal was how Erin Fetherston described her Fall collection, which was a pleasant change-up from her typically sweeter-than-sweet fare. The season's moodier look was exemplified by a signature chiffon frock toughened up with cracked leather insets. The new feeling was also there in the best outfit, a puddling black strapless gown with corset details that was topped with a Lurex ""cocktail parka."" Fetherston created it after searching for something appropriate to wear to fancy events on cold winter evenings. Despite making recent efforts to increase her range of separates, the line's focus ""will always be the dresses. That's what we do best,"" said the designer at a showroom appointment (she opted out of presenting this season). Fetherston proved she does well by sticking to her strong suits with several party-worthy numbers in jewel-toned metallic tweeds. There was also a sequined lace trumpet gown, which was a tribute to Olivia Hussey as Juliet in the 1968 version of Romeo and Juliet . Still, it would be great to see Fetherston shake it up a bit with more items like that cool cocktail parka."
5232,"Mara Hoffman stays true to herself and her business when approaching a new collection. She's successfully mined a niche in the contemporary market by specializing in vibrant prints. Resort and swimwear are the designer's most lucrative seasons by far she could make a best-selling bikini in her sleep at this point so Fall is always somewhat of a comparative challenge. Hoffman rose to the occasion by ramping up cozy knits and outerwear items that were very on-brand. As it passed down the runway, a blanket wrap with a mystical intarsia ""all-seeing eye"" symbol seemed like the natural companion to the bright minidress shown underneath. Other statement-making looks here included a quilted bomber embroidered with a tribal Suzani pattern (native to Uzbekistan) and hooded robelike coats that would appeal to a gypset vagabond. Backstage before the show, a calm and confident Hoffman said, ""It's not my job to be a leader in American sportswear, but rather to be a leader in light."""
5233,"Paula Yates once said, ""When you're blond, you can do anything."" And it was with this indomitable blond spirit that the design triumvirate behind Sister by Sibling  Joe Bates, Cozette McCreery, and Sid Bryan approached the new collection and show. Indeed, Ms. Yates was the chief inspiration behind it. ""She was a rare thing,"" Joe Bates said of Yates before the show. ""An overtly sexy woman, flirty, pretty, and clever. But women loved her whereas women hated Wendy James!"" For those of you not brought up in Britain during the mid-eighties and exposed to our pop culture, in one peroxide corner you had Paula Yates, one of the presenters of the music show The Tube and the partner of the musician Bob Geldof. And in the other you had Wendy James, the lead singer of the alt-rock-pop combo Transvision Vamp. In this collection Yates is the focus, with her post-post-punk style of ""domestic disturbance"" a sort of mélange of forties/fifties domestic goddess with subversive punk prowess. ""Energy, fun, and Englishness,"" as the trio describe it. With added knitting: Sibling is a knitwear house, after all. This spirit manifested itself in immensely desirable yet wittily subversive feminine pieces. Floral knits, with a spin on the traditional twinset, disrupted and disturbed by giant black dots a nod to the artist Chad Wys and an allover coating of clear sequins. Signature Fair Isles made slightly off with intentionally grubby color choices chocolate brown and baby blue, for instance with body-con engineered ribbing. Complex knitted floral jacquards or bouncy leopard-spot ones by now a firm staple of the Sibling line contrasted with Sid Bryan's giant hand-knits in scarves, berets, and capes. Bryan has a long lineage at other design houses accomplishing this sort of thing McQueen and Giles included. Hence, the tour-de-force knitting and production skills on display at what could be seen as a relatively new label. Yet, now in its fourth season, this kid-sister offshoot from the men's brand Sibling seems altogether more Big Sister, firmly establishing its own accomplished identity for all to see here today. For starters, you will be hard-pressed to find model casting as good as this one at any other show in London, full stop: Cara, Eliza, and Kremi to name only three of the pitch-perfect cast of characters on display. Then again, Katie Grand is the stylist of the show. In short, and only two days in, this can be looked on as one of the highlights of London fashion week."
5234,"Although David Koma 's current obsession with vinyl records was his reference point for Fall, the question is: How did he make something as dated as an old LP look so futuristic? A jacket would have been just a good jacket if it weren't for the structured shawl collar engineered from bonded jersey and leather that mimicked the grooves of a record album. Laser-cut leather panels on an organza dress looked like fragmented vinyl (imagine a futuristic Joan Jett smashing records in a fit of rock rage, then picking the pieces off the floor and gluing them to her dress artfully, of course). A sculptured organza skirt took on the form of a French horn, yet another musical inspiration for the designer. Not that Koma a most deserving recipient of the 2013 Fashion Forward award wants to get bogged down by references. ""I was simply experimenting with being happy,"" he said. ""Last season it was tennis; before that, ballerinas. This time, I wanted to do something that made me joyful and nothing does that more than music."" If being happy was an experiment for Koma, so were the pieces, techniques, and even colors a well-thought-out move to prevent him from being typecast as the body-con man. He's added outerwear and focused on new ways of quilting, stitching, and mixing textures: One standout result was a ""lagoon blue"" wool crepe dress layered with silvery blue leather pieces. Koma's clothes are still relatively light on prints, and the closest thing to one here was on a velvet dévoré? sheer/solid blouse, where he used a flocking technique to make the fabric look like an Art Deco print. Even color was an experiment, though with varied results: A ketchup red grouping (""My first time with solid red,"" Koma admitted shyly) provided a welcome shot of color, while a few beige pieces, though structural and geometrically Mugler-esque, proved the only flat note on the runway. The good news is that this experimentation didn't come off as end of term project-y. There is a deft hand behind all of it. A boxy coat and those fit-and-flare dresses were so precisely cut they were nearly mathematical. Oddly, the collection looked quite soft, coming from a man associated with dressing such fierce women as Beyoncé, J. Lo, and Gaga. Was it surprising to learn his latest devotee is sugary sweet Taylor Swift? Not really. If anything, this collection had us wondering who will be the next Girl in a Koma."
5235,"Walking into the Topshop space at the Tate Modern this afternoon was a bit like entering the future. This season, the brand had partnered with Google+ to live-stream its Topshop Unique fashion show, and cameras were documenting the event from every conceivable angle literally. There were even cameras on some of the models, capturing their audience-facing point of view as they walked down the runway. Welcome to the fashion week panopticon! If the show's attendees were aware that they were being observed, they didn't seem to mind certainly not the two in the front row singing along to the nineties nostalgia soundtrack, which was jam hot (to borrow a phrase from one good-to-hear song). Those singers had the right idea. Why indulge inklings of techno-dystopianism when the clothes on the runway were so much more fun? The clothes themselves weren't particularly cheerful, but their evocation of Britpop-era clobber was deeply felt, and the update on the look was relevant and interesting. And it's doubtful there's a young woman in any of the markets Topshop serves who doesn't want to look like Cara Delevingne in her show-opening all-black ensemble. Fuzzy black crop top + flared patent leather miniskirt + oversize coat thrown rakishly atop = youthful chic, circa now. (It goes without saying that actually looking like or being Cara Delevingne also helps matters.) That first look established the strategy here, which was to keep the outfits visually simple and let mixed textures and off-kilter proportions do most of the work. The exceptions to that rule were the collection's prints and intarsia knits, which proved a weaker element overall, and the disco sparkle on lots of the clothes. The sparkling pieces were a highlight, particularly those styled casually as daywear; all together they vibed nicely with the collection's mirrorlike patent leathers to brighten the tone of the show. Elsewhere, the standouts were the coats, especially one vastly large motorcycle jacket in navy shearling and a black topcoat with geometric red lapels. On the whole, though, the nicest thing about this show was that it had heart: For all the overtly ""tough"" looks on offer, a surprising amount of romance and tenderness came through. Humanity carried the day, and about a million Google+ cameras have the victory on the record."
5236,"Yigal Azrouël has evolved into quite a multifaceted designer. But there are still two ways of working with clothes that remain closest to his heart: Azrouël loves looks that hug a woman's body, and he has a keen instinct for conveying a sense of ease. This season he emphasized those themes. There was a close fit, for instance, to much of the tailoring, with bustiers and snug jacquard and double-faced wool dresses emerging at regular intervals. The simplest of these looks were the strongest; the all-gray wool look matching slouchy trousers and a bustier backed in leather quietly made a strong statement. On the other hand, Azrouël's experiments with sculptural embellishment served mainly to disrupt the fluid lines of his tailoring. The designer had more consistent success with his relaxed looks; perhaps the standout piece in this collection was that slouchy trouser, seen in the charcoal gray look and reiterated in double-faced wool, a houndstooth knit, and leather. The trousers were like a dressed-up version of boyfriend denim, and they worked. Elsewhere, Azrouël played the opposite trick, giving some unexpected slack to a lean suit of freckled navy wool, and un-fussing the bouclé knit jacket by motorcycle-izing it. Other notable pieces included a shearling sweatshirt and a coat-length hand-knit cardigan. Meanwhile, the outerwear was outstanding, with top marks going to Azrouël's natty anorak and parka and his show-opening black coat with zip-off ponyskin sleeves. Zipper details recurred frequently here and made for an effective grace note wherever they appeared. All in all, this was a collection with a nice sense of structure and a fair amount of panache; there were some flubs, but none fatal to the impression that Azrouël was back on terra firma."
5237,"Christopher Bailey hasn't been carrying the Burberry standard as long as the Prorsum knight, but he's certainly carried it as honorably. Still, the man is only human. After more than a decade of taking inspiration from the company's noble heritage, his own cultural icons, and the small tribe of pretty young things who populate Burberry's ads, it's time for Bailey to get down and get ever so slightly dirty. And where better to start than with Christine Keeler, the showgirl whose canoodling with English politicians and Russian spies almost brought down the British government in the early sixties.  Bailey called his new collection Trench Kisses. Keeler did much more than kiss, of course, and her prosecution for prostitution brought to light the kind of kinky details that would have scandalized the decent, God-fearing Burberry wearers of the time. So there was a satisfying circularity in Bailey's stated inspirations for today's show classics and Keeler. They met in a trenchcoat reconfigured in shivery, suggestively sheer latex. Bailey tried to balance the kink by having his models walk in kitten wedges he felt they induced a ""proper"" posture but Cara Delevingne was having none of it. ""I can't walk 'properly,'"" she snorted, perhaps especially when clad in a sheer rubber skirt through which a pair of big heart-print panties could be clearly seen.   The look of Keeler's heyday, with its pencil skirts, sweaters, and belted coats, dictated the style and substance of the collection. And it's likely that the animal prints here would have seemed showy and sophisticated to a young woman like Keeler. But Bailey stumbled when he added a not wholly successful hard modern edge with gold metal belts, epaulets, and collar and pocket trims. Maybe they were meant to suggest kinky restraints. There was some more unsuccessful hardware with an onslaught of grommeting.  The collection was, in the end, about revisiting the classic. Bailey didn't know if Keeler had ever been spotted in Burberry, but the prospect of her in a trench with nothing on underneath confirmed for him his choice of muse for Fall 2013. ""If you can imagine that, then it worked,"" he said with a sly chuckle."
5238,"Midway through New York fashion week it can start to feel like designers are marching in lockstep. Utilitarian menswear, texture, and neutral, even drab colors have emerged as early trends. How refreshing, then, to find Thakoon Panichgul nurturing his own fixations at his fine show today. The designer said a rereading of Ray Bradbury's novel Dandelion Wine got him thinking about the idea of ""summer captured and stoppered."" Oh, to take a swig and find yourself in a field of wildflowers, not February slush. Panichgul's mini-dandelion-print lavender dress with lace insets was just as transporting. Same goes for a party frock in embroidered black neoprene with a dip in the back. Prints seem to be on the wane, but this show's dusty pink and royal blue winter floral, spliced together with more of those delicate lace panels, was an argument for Thakoon , at least, to stick with them. Panichgul was creative in his attempts at evoking summertime magic. A technical fabric that he used for a coat and the trim of a skirtsuit faintly twinkled like the night sky. Goat-hair dickeys and top-and-skirt sets didn't quite jibe with the chosen theme, but the cheetah-spot goatskin coat with shawl collar looked so good, who cares about backstory?"
5239,"With apologies to Sophia Kokosalaki, who was formerly at Diesel Black Gold and is a talented designer, you have to wonder what took Renzo Rosso so long to install Andreas Melbostad at Diesel's high-end label. Melbostad, who made Phi white-hot with sexy young things by designing mostly black body-con clothes, is the perfect man for this label. As his motorcycle leather jackets, pants, and dresses stalked down the runway, women in the audience made mental shopping lists. Melbostad isn't necessarily breaking any new ground, but he brings an exceptionally deft hand to the process. The fit on skinny wool pants, resin-treated so they looked sort of like worn-in leather, was great: narrow all the way down the leg, then unzipped a few inches at the ankle for a kicky little flare. Jackets and coats, too, showed off what Melbostad called his efforts to ""bring new structure to the clothes."" A side-zip jacket in that treated wool clung in the right places; a waxy trench had swagger. Studs have been everywhere and back again, but Melbostad did what he could to make them fresh; his are blunt and gunmetal gray, and he embroidered them in geometric grids. The leather minidress covered in them will be a workout, but we don't suppose that will stop girls from wanting to wear it. You won't find the midi lengths trending on other runways here. In fact, you can't get much more mini than the skirt with front zips that he paired with a lacquered sweatshirt. Expect to see a lot of these clothes in the front rows come September."
5240,"California grunge was the inspiration for Hedi Slimane's second women's collection for Saint Laurent . Though the huge banners outside the Grand Palais still proclaimed ""YSL"" in the old typeface, that is more likely to be one last wrinkle of the past on the list to be ironed out, rather than an oversight on the part of a man whose yen for control is legend to the point where you might almost think the stifling heat of the venue was his way to establish an ambience (an afternoon on Venice Beach, perhaps ). The collection was set up as an extension of the menswear Slimane showed in January. The music today was from the San Francisco garage band Thee Oh Sees, who are part of the same scene as Ty Segall, the man responsible for January's fantastic soundtrack. The invitation arrived as the same little black artist's book, this time reproducing the rather wonderful paintings of young L.A. painter Theodora Allen. The art blog Little Paper Planes says her ""carefully researched paintings expertly skirt nostalgia to examine longing and legacy."" With a little adjustment, that's a pretty fair description of what Slimane has been trying to do with Saint Laurent. The legacy today was grunge, not YSL; the longing was his own ardent attachment to a scene that was a continent and an ocean away from a kid in Paris at the beginning of the nineties. Slimane is not the only designer motivated by a powerful impulse to reimagine youthful yearnings. Anna Sui and Marc Jacobs immediately spring to mind as masterful mediums of pop-cultural watersheds like The Factory or the Beats. And of course, it was Jacobs who famously lost a job over his original recasting of grunge in a high-fashion context. But there was no job on the line, no sense of present danger, with Slimane's collection today. And with regards to that adjustment, there was no expert skirting of nostalgia. Almost nothing looked new. Which didn't trouble Alexandra Richards, Alison Mosshart, and Sky Ferreira in the least. Such dream clients were all thrilled by what they'd seen. ""That's the way I dress anyway,"" was their party line on the baby dolls, the schoolgirl slips, the vintage florals, the random mash-ups of sloppy cardigans, plaid shirts, and sparkly dresses accessorized with ironic strings of pearls and black bows, fishnets and biker boots. All well and good, and money in the bank for retailers etc., etc., but anyone expecting the frisson of the future that Slimane once provided would have to feel let down yet again. At the odd moments when he allowed it to happen as in a cutaway jacket over a plaid shirt over slashed black leather cuissardes there was a glimpse of the kind of rigorous sensibility that hybridized passion and fashion into an irresistible force at Dior Homme. But wouldn't it be radical if Slimane was actually saying that there is nothing new under the fashion sun, that all that ultimately exists is the energy and inspiration you derive from those elements of the past that you value and love. The same kind of fanboy ardor makes, say, Shibuya 109 in Tokyo or Trash and Vaudeville in New York such wonderful retro romps. This collection will undoubtedly send orgasmic tremors through such places."
5241,"This is the fourth collection from London-based designer Edeline Lee . But she's certainly no novice: Prior to launching her line, the Central Saint Martins grad worked with Zac Posen, in that brand's early days, and then she headed up the design for the buzzy label Rodnik. Those are two very different kinds of experiences, but you can see from Lee's clothes how she would have made it work; as this collection affirmed, her aesthetic mixes refined construction and an idiosyncratic sensibility. For Fall, Lee riffed on some truly rich source material: vintage regalia from a Texas Odd Fellows' union that got her thinking about secret societies and the way clothes can communicate in code. There was an overarching quirkiness here, as she emphasized oversize sailor-suit collars, military frogging, and motifs with a vaguely Illuminati feel, which she executed in a purposefully naive way. To her credit, the clothes didn't look silly; trim pants in mottled gold and copper tweed, with a band of black down each leg, had a graphic kick but were indisputably realistic, and a soft pleated dress in turquoise, white, and black silk was an elegant extrapolation of the collection's color-blocking. Elsewhere, all her pencil-slim sheaths were winners, and a gray frogged coat averted kitsch, and looked sharp. Everything had a real sense of polish. The one quibble here, really, was that Lee's sailor dresses sometimes erred on the side of the twee. You got the sense from this collection that Lee has found her voice, but she's still in the process of modulating it."
5242,"Max Mara 's stock-in-trade is outerwear, and the design team didn't let you forget it this season. The coats and jackets were positively gigantic, and layered one on top of the other as enthusiastically as they were, they caused some of the models to look nearly as wide as they were tall. We're all for brands putting what they do best on the runway and for a quality camel coat, you can't beat Max Mara but the styling here was too molto at times for its own good. Take the example of a camel-hair overcoat shown over a hooded duffle in spun alpaca that looked like closely cropped shearling. Surely just one of those would protect a woman from even the most inclement weather. In any case, there was enough fashion in each of them to stand on their own.  Once you saw past all the layers if you could manage it there were great pieces here. Working with the Bauhaus period as a reference point, the studio came up with bold rugby-stripe parkas and peacoats (navy and buff), as well as a stretchy knit dress and pencil skirt (ocher and brown). More often that not, though, the looks were monochrome, down to the suede running shoes and croc-stamped handbags. Slip into a midnight-blue slouchy cable-knit sweater and matching velvet track pants, and you'd be hard-pressed to slip them off. Other times, the loose-fitting elastic-waist pants in cashmere knit or techno satin felt too much like pajamas. As outerwear makers, tailoring is also in Max Mara's wheelhouse. A few well-cut trousers could've added the element of sharpness that this collection needed."
5243,"It was all about the eighties at Kate Spade New York 's Fall 2013 presentation. Blondie blasted in the background, hot pink ruled, and old-school taxicabs served as props. It looked like a set for Sex and the City reboot The Carrie Diaries , which takes place in 1984. If that all sounds a bit tacky, well, it was. Irreverent would be a nicer way to put it. But in its 20th year, Kate Spade New York could give two hoots what its critics think. Because its customer is more than satisfied. Sold to Liz Claiborne Inc. in 2006, Kate Spade New York is now the most successful brand in renamed company Fifth and Pacific's stable, which also includes Juicy Couture and Lucky Brand jeans. The reason for that is creative director Deborah Lloyd, who began designing for the company after its eponymous founder departed. Lloyd took the company's original DNA fashion with a quirk and spun it into a full-blown world of glamour with a sense of humor. This season's girl wears poufy minis in lipstick prints and carries a yellow clutch emblazoned with the word ""TAXI,"" an ideal tool for hailing a cab. She might also try a pair of tuxedo-inspired pumps on for size, if she's adventurous enough. There are also taxi-inspired heels, sparkly lip sunglasses, and a sweatshirt featuring a sprinkle donut. Lloyd's instincts have served the brand well. ""My eyes are constantly open,"" she says. For a certain kind of girl, Lloyd is a barometer of what's cute and fun. And while that might not be the height of fashion, it is a convincing point of view."
5244,"The Cure's hit ""A Forest"" played at today's Iceberg show, cuing a 1980s vibe. Big rounded shoulders, pleated leather pants, acid pastels, novelty sweaters. Iceberg's bread and butter is its knits, and this being Fall, there was a lot of variety here not just pullovers, but also sweater dresses and cardigan coats. Some came color-blocked, others were patchworked with fur, and one was crisscrossed with leather-trimmed zippers. Turns out, the last was a replica of a sweater Jean-Charles de Castelbajac designed for an Iceberg advertising campaign in 1983. Iceberg was a big deal then, so reminding us of its knitwear roots isn't a bad plan; the sweaters were heads above those multicolor swirling prints and embroideries at the end those were better off ignored. Still, there were other items worth calling out, notably a sharp, tailored white blazer with bold black stripes on the arms, and a color-blocked yellow, black, and tan parka with leather trim and a fur lining. Fewer extras chokers, elbow gloves, leather sash belts, etc. would have made this trip down memory lane feel more modern."
5245,"Giorgio Armani's shows exist in a universe of their own. They are epically scaled rummages through the mind of a designer who has passed over the course of four industry-defining decades from revolutionary to pillar of the fashion establishment. Sometimes Armani looks to his strengths and comes up trumps. Other times, he takes a leap into a challenging unknown and meets with less success. On the whole, today's Emporio show counts as one of the latter exercises. It was, somewhat mystifyingly, called Kajal. Otherwise known as kohl, kajal is a pigment that's been used to color cosmetics for centuries. So that probably explained a palette that ranged from creamy pinks to smoky blues. Compatible with the Armani we know, true. There were also vestiges of that designer in the soft tailoring of a jacket, or the mannish sweep of a coat. But what really shaped this collection was Armani's longtime passion for Japan, here utilized in its more avant-garde extremes. If you've ever wondered what it would be like to see Giorgio Armani cross-pollinated with Rei Kawakubo, look no further than Emporio's two-dimensional bonded velvets. The volumes of knife-pleated pants and shorts, the Edwardian-tinged high waists and petaled hems hinted too at neo-Japonisme. The presentation today also put on full display Armani's affection for hats. There wasn't a bare head in the whole show, a reminder of the era when the man's aesthetic was shaped in childhood. This experimental collection showed that, to his credit, he hasn't lost his sense of play."
5246,"Hitchcock's obsession with perhaps his greatest leading lady, Tippi Hedren, always spun around clothing; he carefully controlled the way she dressed both on- and offscreen. His first sighting of the then model, in a commercial, led to her casting in The Birds. And the famous simple green skirtsuit she wears for much of that film was designed by Edith Head, under careful instruction from the director to be similar to the one Hitch first saw her in. With such obsessional material on offer, Byrds, the name of designer Alice Temperley's Fall collection, promised much as a paean to Hedren. Never as conventional as Grace Kelly who could perhaps be seen to personify, in To Catch a Thief, much of last season's Temperley London offering the darkness in Hedren and the parts she played underlie her carefully put-together look. This was exactly what the designer Alice Temperley was going for: ""Savvy, dangerous, dreamy,"" as she said backstage after her show. For Fall, the clarity, precision, and lightness to be found in the clothing of last season was still there, in large part, with some beautifully realized garments. Particularly the daywear, for which a certain strictness was added to the proceedings in the shape of trapeze-line dresses and swing coats in structured Italian jacquards or British wools some of the standout looks of the collection. The strengths of the offering were in those early sixties shapes and the commissioning of great fabrics something Alice Temperley always approaches from scratch and prides herself in. The collection fell a little flat in the more contemporary trouser and jacket looks, which did not pack nearly as much punch, and the eveningwear that eschewed the strictness and discipline established in the earlier part of the show."
5247,"Carin Rodebjer moved to New York City from Stockholm about a year ago. Back in Scandinavia, Rodebjer is an established brand; here in the States, it hasn't yet made much of an impact. Today's debut on the New York fashion week calendar was clearly intended to redress that. Will Rodebjer be the next Swedish blockbuster brand, following in the footsteps of Acne? Probably not. For one thing, Rodebjer doesn't make jeans. And for another, although the brand's clothes are very hip, they aren't particularly ""cool."" As a designer, Rodebjer wears her heart on her sleeves, as it were; her take on Scandinavian utilitarian fashion is warm, personal, and poetic.  This season, Rodebjer expanded on many of the ideas she introduced last time out, notably her exploration of nature themes. Moving to New York has made her think back on her days growing up on an island in Sweden, she explained before her presentation, and she wanted to conjure both the environment of that place and the sense of mystery she felt about nature as a child. She went about that project with a great deal of understatement, focusing on texture, subtle and suggestive tonal variations, and modest exaggeration of conventional silhouettes. There was a fanciful element here, as well as the designer noted, primeval forests often provide the setting for fairy tales, and she translated her girl's-eye view on romance and magic into fluttery pink silk organza blouses and a wool suiting material flecked with silver sparkle. The fairy-tale pieces were highlights tulip-shaped pants and a slouchy gray suit in the sparkly wool were particular standouts, and the pink organza was not only lovely but a welcome tonic amid all the earthy color. Meanwhile, other key looks proved to have just as intimate a referent for Rodebjer, if a vastly more literal one. The lambswool and sheepskin used in the collection's fringed hand-knits and curled jackets, scarves, and capes all came from a farm owned and managed by her mother's best friend. ""I was really thinking a lot about my mother and her friends, and all the handicraft they used to do when I was young,"" Rodebjer said. ""That feels modern to me now, that sense that something's been made , it's been touched . I like a human scale."""
5248,"Natalie Ratabesi, the new designer of Philosophy di Alberta Ferretti, is off to a strong start. Her debut collection for the label was pre-fall; today she began the work of articulating her vision of the Philosophy woman in earnest. Ratabesi's inspiration for this collection was a bit daft she imagined a Mongolian princess mooching around Paris at the height of the haute couture fifties but it led to clothes with a modern, matter-of-fact appeal. Two seemingly simple looks serve as a case in point: One, all white, paired a trim jacket with an architectural peplum and a lean but diaphanous wrap skirt; the other, all black, matched a pair of soft, high-waist trousers with a superb blouse with sheer stripes and voluminous sleeves. Those two looks seemed to lay the foundation for the Philosophy era to come: They retained the brand's characteristic sense of romance, but elaborated on it in a way that was free of both froth and fuss. These were real clothes, and very chic ones at that. Of course, not all the looks were so spare; Ratabesi really went to town on knit, proffering glimmering, long-haired Mongolian ski sweaters, sculptural hand-knits, and sweatshirt-shaped jumpers featuring variegated stitch details. She cuts a mean full skirt too, the best of which were done in pleated chiffon, and weighted at the hem; they had a casual hang that served to update the shape. Further updating was accomplished by means of the collection's slick outerwear: Philosophy is going to sell loads of the white, fur-trimmed, zip-off parka. The one quibble here, really, was with Ratabesi's swirly, jolie-laide prints, which seemed a little out of place. But on the whole, this was a collection full of winning pieces, with a ton of promise."
5249,"Dr. Frankenstein has become something of an unwitting mentor to Christopher Kane . The monstrous new life of Kane's Spring offering was matched by the starting point of his latest collection: an MRI of a healthy human brain, pulsing with consciousness. It was reproduced on a handful of streamlined items late in his show today, just before a final group that was intended, claimed Kane, to represent the brain exploding, literally fizzing with creativity. And that made one sharp metaphor for a collection which fueled by French luxury conglomerate PPR's recent investment marks the start of Kane's liftoff into the fashion stratosphere.  The fizz of this definitive moment in his career was captured by the exuberant excess of a 60-look show. Too much, carped the odd critic, but it was diverting to imagine that the point of the profligacy was to underscore the scope of Kane's abilities for PPR honcho François-Henri Pinault, parked in the front row with his wife, Salma Hayek. Hence, a presentation that embraced the rich sobriety of a navy coat-dress trimmed in luxuriant fox, the punky directness of a black-leather-and-camo-kilt pairing, and a dress formed from elegant swirls that suggested the Art Nouveau motifs of Glaswegian design icon Charles Rennie Mackintosh.  Kane has already visited some of these ideas, such as camo and kilts, in the past. Today he revisited his archive to reanimate a whole lot more: gothic velvet; detached hems; the appliqu'd flowers from Spring 2012, echoed here in the rosettes of feathers that studded Jourdan Dunn's sweater-and-sheer-skirt set; and, always, the punky nonchalance of the bad girls he remembers from his childhood. They may, in fact, be the presiding spirits of his career to date, and if this was Kane's way of saying ""Goodbye to All That,"" clearing the slate for a glittering future that will look quite different, it was a spectacular envoi for him, for us, and for them."
5250,"Georgina Chapman and Keren Craig mined eighteenth-century romanticism for Fall specifically, Francisco de Goya's Portrait of Maria Teresa de Vallabriga on Horseback . The aristocratic opulence associated with that era dovetailed with the Marchesa designers' maximalist tendencies. The first look out, a scarlet equestrian coat with a high collar and full skirt, set a dramatic tone for the lineup. The silk matador trousers it was paired with also suggested the show wasn't going to be all princess gowns, which the occasionwear label remains known for, particularly on the red-carpet circuit. On that note, the Academy Awards are just around the corner. While Chapman and Craig definitely kept that in mind, the duo explained that they don't pander to celebrity stylists while developing a new collection. ""It's more of an afterthought. We'll look at everything when it's finished and say, 'Ooh, that could work,' "" said Craig backstage. There's no doubt that several of these numbers will be Los Angeles-bound in the next few days. Starlet-worthy standouts included a strapless fishtail gown in a menswear-y striped silk (that could've done without the voluminous tulle underskirt) and a ""deconstructed coat-dress"" cut from fuchsia-colored duchesse satin, which had a definite wow factor. Deconstruction and construction were recurring themes here, leading to both winning and not-so-winning moments. The former concept occasionally resulted in excessive draping that didn't always flatter, while some of the corsets incorporated throughout were strangely pointy and stood away from the body (nobody wants another public nip slip). In the end, it was some of the (relatively) simpler looks that had the biggest impact. An off-the-shoulder, curve-hugging cocktail number with allover floral embroidery hit all the right notes."
5251,"One of the many compelling things about Duro Olowu is that he is a designer with relatively little interest in youth. He's not against the young, of course, but his collections express the conviction that they needn't have a monopoly on drama or fun. The clothes Olowu showed today were a case in point: A belted black coat with a fox collar was a sublimely grown-up look, and indeed an understated one for the designer, but its bell-shaped sleeves provided plenty of look-at-me oomph. Ditto the soigné full-skirt suit in Kelly green the silk-blend tweed skirt had an emphatic silhouette, not fit for shrinking violets, while the trim jacket was elaborated by a humorously oversize, mottled fox fur lapel. Sophisticated? Yes. Boring? No. Parts of this collection found Olowu working in an atypically muted key. Alongside his signature bias-cut, patchwork pattern dresses, he showed a range of pieces that ought to have a broad appeal, such as sharply cut, wide-leg trousers in melton wool, graphic mohair sweaters, and slinky, bias-cut gowns that conjured an old-school Hollywood glamour. Elsewhere, though, his designs were unusually exuberant, nowhere more so than in operatic capes done in multicolored feathers or floral embroidered silk. The looks in metallicized dévoré? velvet or silk split the difference, effectively. But overall, the message was clear whether operating at full volume or in a quieter register, Olowu made the case that polished women are entitled to have just as much fun in their clothes as girls are."
5252,"The antler candelabras lighting the runway at Ralph Lauren 's show this morning said the American West, but they were a decoy. Today, Lauren took us on a romantic voyage with naval-inspired pieces, vaguely Russian-feeling velvets and tapestry embroideries, and dramatic eveningwear. It was his most fully realized, successful collection in a while.  Military references have emerged all over the New York runways, but Lauren is hardly playing follow the leader. They've been part of his arsenal for decades probably, and he showed off his sure hand here with a cream wool toggle jacket and a black crepe tailcoat, both worn with leggy flared sailor pants. If silk frogging and gold ribbon trim on other outerwear put too fine a point on it, underneath it all was fantastic, sharp tailoring. Extending the sailor theme into evening, he came up with one of the show's best looks: a fitted fisherman sweater and to-the-floor tiered black skirt in taffeta and organza a modern mix of day and night.  An interlude of fitted knits and A-line midi skirts (thankfully brief) followed, after which Lauren really turned on the opulence. It's tempting to assign credit to the Russian street-style stars (at least one of whom was in head-to-toe Ralph in his front row) for the Cossack pants and pieces like a black velvet embroidered coat with shearling collar. They get too much attention already. And, again, Lauren's been at this kind of thing for ages.  He closed with a group of jewel-tone shirred taffeta gowns made all the more grand by the fur hats the models wore. A subtler silk velvet column with a bejeweled crystal bib would be a sure hit at the Oscars. The editorial set, meanwhile, took particular notice of a sleeveless black dress made from pleated silk and leather."
5253,"I've got my feet on the ground, but this collection is up -to-earth, not down -to-earth. While he was speaking, Karl Lagerfeld was strategically placed under the massive globe that majestically revolved, center stage, during the Chanel presentation this morning. So the only way to earth was, in fact, up. But, figuratively speaking, the collection he showed was also ""up"": one of those confident, energetic, clothes-packed epics that he could probably draw in his sleep. (Not as banal as it sounds Lagerfeld has often said he awakes from dreams and sketches a collection on the spot. He refers to it as ""automatic"" designing.)  Bouncy confidence hasn't always produced convincing Chanel shows, but here there was a sepulchral undercurrent that was utterly seductive. The globe was dark, as though night had fallen on the world. The clothes were dark, too. And lean: a favorite silhouette fitted to the hip, then flared into a short skirt over leather cuissardes (so much better-sounding than their literal English translation, ""waders""). The other key shape was equally streamlined, cut high on the thigh at the front, dipping to mid-calf at the back. This mutant redingote had a slightly libertine flair, which felt more Karl than Coco.  Even though it was night, the darkling was sparkling. ""Not depressing,"" Lagerfeld emphasized. Tweeds glittered, metallic thread brought shine to wovens. Aymeline Valade was entangled in a wonderful, shiny spirographic web. The effect was a little starlight spacey, though that impression might also have been steered by the Cardin-esque helmets some of the models were wearing. (They were, said Lagerfeld, actually facsimiles, in fur, of Anna Wintour's iconic bob.)  As usual with Chanel, the fabrics defied comprehension. Anything that looked woven was just as likely to be an artful web of embroidery, like the explosions of monochrome flowers toward the end of the show. But, unlike with the couture, we were too far away for specifics, and that sense of distance underscored a point Lagerfeld wanted to make about the size of Chanel's business. The scale of the house's ready-to-wear presentations has often seemed like a metaphor in itself, and today, with the globe that revolved before our eyes, dotted with hundreds of logo-ed flags showing the location of every Chanel shop, it was even more suggestive. If only Lagerfeld had popped out the top at the finale to straddle the planet he's not usually one to slight a subtext, and Karl-as-Kolossos would simply have reaffirmed his role as the one and only dominator."
5254,"Vera Wang 's tomboy phase is over. The designer changed things up a couple of years ago, swapping the three-dimensional volumes and jewel tones she made synonymous with her name in the mid-aughts for slimmer, garçon-ish, and often black clothes. Today, she made another switch, calling her collection an exploration of classic dressmaking in sculptural silhouettes. It wasn't a bad match. This was a pretty collection for Wang. The show got off to a slow start with graphic layers like a black twill sleeveless cocoon coat with plunging armholes worn over a stone gray canvas shift. The canvas bandeaux that she sometimes added on top are a styling idea that won't make it past the runway. But she moved on fairly quickly. Wang can't resist a bit of fur, and her black fox cape, fastened at the neckline with a studded leather strap over a jeweled T-shirt dress, had charm. Another nice outfit for evening: a white fox wrap and leather opera gloves over a black Chantilly tunic and cropped pants in metallic lavender brocade. Like most 48-look shows, this one could've used some pruning, but things really started looking up when Wang let the light in. Photos don't do justice to the iridescence of a youthful pink sequined and beaded V-neck dress. The tangerine and magenta jacquards of a pleated-neck top and a blossoming tulip skirt were especially lovely. And when those bandeaux reappeared under rose-print chiffon blouses with long trains and matching jacquard pants, they made a whole lot more sense."
5255,"Cacharel nixed the runway format this season, preferring to present the collection in its showroom with designers Ling Liu and Dawei Sun on hand to walk editors through the looks. They showed off a nicely executed coat with mannish proportions and dropped shoulders, pointing out how it offset the various floral tapestry-inspired dresses. They talked about the season's signature motif of hummingbirds flitting amid flowers how it was first hand-drawn and then enhanced and filled in digitally with contrast patterns. This delicate print appeared on a flouncy skirt and a quilted cotton parka one that happened to be lined in rabbit and trimmed with coyote. Don't forget it when you're bemoaning all the black outerwear come fall. But there was also a metaphor or two in that motif: Because, while the designers offered up a pleasing array of work-appropriate dresses and classic poplin shirts, they still have yet to spread their wings. Or blossom. Take your pick. Liu and Sun say the brand is being positioned to young women who might be starting their first job; apparently, prices have dropped to reflect this shift. Diamond tricot sweaters and gray flannel skirts will pass for the first week; the floral knit dress with black side inserts might even prompt a compliment. But once the paychecks begin, these girls will soon graduate beyond the collection. ""She has lots of style; she's not traditional,"" said Sun of his Cacharel muse. ""She's always wanting to try different things."" Hopefully this will prove true of the designers themselves. Words, meet actions."
5256,"There's only so much you can say with a beautiful sweater, but season after season, Marcia Patmos finds ways to continually stoke the knitwear conversation. For Fall, the M.Patmos designer sought to evoke ""the bourgeois, eccentric lady of the house, who borrows pieces from her husband's closet,"" with layered-up looks like an olive-green ""trench"" cardigan that was tied languidly at the waist with a satin sash and shown over a shimmery slip with allover beading in a digitized camouflage pattern. Aside from that dress, camouflage and ikat motifs popped up in a variety of fabrications throughout the collection most notably on a clingy jacquard sheath paired with a surplus-y bomber jacket, on a funnel-neck dickey, and on long fingerless gloves. Patmos rounded out the lineup with sharp pony-hair pencil skirts and a reversible patchwork shearling coat that added depth to her refined, seasonless knits."
5257,"When fur-clad walkers led huskies onto the runway at the start of the Moncler Gamme Rouge show, it was all very Game of Thrones. Quite what it became when a couple of the gorgeous creatures slipped their leashes and took to the front rows was something else altogether. But in the end, it turned out to be mostly a petting-zoo moment, which coupled nicely with the clever, family-friendly spectacle staged by Giambattista Valli to celebrate his collection for Moncler. The big picture, according to the designer, was a love story between a snowflake and a polar bear. Nature surely dictates that such a relationship would be strictly taboo on any level you could imagine, but a frisson of the forbidden and a triumph over the impossible are at the heart of most fairy tales. It's all in the marriage of beauty and the beast. And so were Valli's clothes. He patchworked real pelts and photoprint furs in substantial parkas, accessorized them with hoods, mitts, and laced-up cuissardes (remember them? Word of the week) for a look that was full-on Philip Pullman fantasy. This being Moncler, there's little doubt that the outfits that followed were the very height of high performance, but Valli gave them an agreeably cinematic flair. Cape shapes helped. So did the fact that the prettily rosy-cheeked girls and rugged boys were just the types who would emerge from a Hollywood blizzard as a prelude to a happy ending. It came when the silvered, crystallized ice princesses were united with their ursine lovers. Enchanting!"
5258,"Cite ""flowers"" as design inspiration and watch a crowd of fashion editors roll its eyes at visions of tea-party chintz. But for Alexandre Herchcovitch , the full flower stamens, pistils, multifoliate petal structure, and all provided the basis for an intellectual and intriguing Fall collection. The Brazilian designer showed a range of layered looks in which garments were not always what they seemed. The bodice on one ""dress"" was split down to the navel, so it could be peeled back and worn pannier-style over a full skirt, exposing the bustier beneath. A red chiffon blouse featured arms at both ends, with the second set tied around the waist and the redundant bodice falling to rest on the skirt below, like vestigial wings. Herchcovitch progressed this idea, peeling garments back layer by layer, so that by the end of the show, entire dresses floated around the models' hips. All that bulk and volume could get a little ungainly for a real-life wearer, all those extra wisps irritatingly extraneous, so there were more commercial pieces in the mix. A body-con dress with a chiffon peplum reproduced the layered look with all-in-one ease. Prints also provided a more palatable, 2-D way into the subject matter. Oddly haunting drawings of spider orchids and other tropical flora achieved beauty without any cloying associations. But for this designer, the experiment of deconstructing clothes with a botanist's precision seemed the chief interest let the petals fall where they may."
5259,"Building blocks. That's how Prabal Gurung describes each piece at ICB , the Japanese contemporary label he joined a year ago as chief designer. ""I want the first season to work with the current season, and so on,"" he calmly explained backstage at the brand's first runway show since his arrival. For Fall, Gurung envisioned what his girlfriends in the East Village wear on a daily basis. ""I was thinking about NYC, and real girls trying to find a solution to looking good in rain, wind, fall, winter,"" he said. The collection was sensible, cool, and entirely complementary to Gurung's namesake line, albeit much more casual. (Not to mention more affordable.) Easy urban separates included a marled wool sculpted-sleeve sweater, a gray double-faced herringbone tank dress, and some really great outerwear, including a cutaway jacket and cocoon coat, both in loden-colored wool melton. Gurung is known for his formalwear, but there was little of that here. Instead, he did flouncy dresses and tops in wool viscose, which worked well with the more structured outerwear. A swirly yellow and gray print done best in a pair of floaty pants was the most editorial thing in the collection. They're sure to pop up on market pages and in store windows come September. Contemporary is an increasingly crowded market, and Gurung is fortunate that he has the support of major retailers such as Barneys. However, if he wants to create the same fervor around ICB that exists with his main collection and the collections of competitors like Kenzo and Carven the onus is on the designer to step it up a bit, maybe with more embellishment. Customers want a piece of Prabal, and he should bring it."
5260,"Detroit-teen Anna Sui's first date was to One Plus One , Jean-Luc Godard's movie about the Rolling Stones' recording session for ""Sympathy for the Devil."" She hated it. Years later, when she was one of the young stalwarts of the Mudd Club, the monochrome look of Godard's nouvelle vague classics, like Bande ? part , and the sloe-eyed intensity of his muse Anna Karina were an inspiration for Sui's crowd of artists, musicians, and filmmakers, but she still couldn't bring herself to see the actual movies. Until last Thanksgiving, when Godard's enduring modernity finally clicked for Sui. ""We work the same way,"" she says. ""Everything you come across you throw into the mix."" But that hardly gives full credit to the fierce discipline and eagle eye for detail that are essential assets for Sui when she sets about re-envisioning a cultural crush moment from her past. They're what allow her to mash a pell-mell overload of colors, textures, patterns, and accessories into a coherent whole. That creative process was in full effect in Sui's show tonight, with a whole lot of help from Garren's high ponytail, Pat McGrath's cat-eye makeup, and Frederic Sanchez's soundtrack of y -y? French pop from the sixties. Sui's details caught the flavor of the period: the jeune fille jumper dress, the boy-watcher sunglasses, the colored tights and loafers, the kneesocks, the shift and matching helmet in Courrèges-daisy-embroidered organza. And the best example: Karlie Kloss, first on the catwalk, in a skirt, waistcoat, and jacket that were actually a trompe l'oeil one-piece that zipped up the back, just like in the olden days when the all-in-one was a cost-effective fashion solution for cash-strapped go-girls. Yes, Sui is probably contemporary fashion's most lovable archaeologist, but simple historicism can turn on a dime into a leaden nostalgia-fest. What continually steers her to safety is the fact that every collection is, in some way, the consummation of a youthful fantasy for her. You know that this is what she imagined being a fashion designer would be like when she was a Vogue -obsessed kid in Michigan. And that is the ultimately convincing quality that seeps off her catwalk. Like today, when it felt like the long road from One Plus One to Aymeline Valade as Anna Karina for the twenty-first century completed a circle for Sui. The single regret is that she didn't stick to her original intention to make a collection that was as monochrome as her Godardian inspiration. So peerless a colorist is she that a body quivers with anticipation at the thought of where a world of black and white might take her."
5261,"Staged about a month after the Paris collections end, a Banana Republic presentation is typically a crib sheet of the season's major trends translated for the masses. The new Fall collection, however, bucked of-the-moment fads in favor of clean and classic building blocks for a modern wardrobe. ""Banana Republic dresses America,"" said Narciso Rodriguez, who recently took on an advisory role at the company. While the designer's imprint on the lineup was decidedly faint, there was a renewed emphasis on back-to-basics sportswear here, evident in the bold red cap-sleeve sheaths, as well as a cluster of Yves Klein-blue suiting separates and toppers. Tailored double-breasted brass-button jackets, crisp button-ups, leather T-shirts, and pencil skirts also articulated a pared-down approach.  Despite sidestepping most current fashion crazes, BR creative director Simon Kneen couldn't resist leavening the mix with menswear fabrics, which were a common sight on the latest runways. He showed slim windowpane trousers and gave a girlish spin to the Prince of Wales checks on a trench by accenting the plaid with a bright pink color. Statement-making costume jewelry and fun accessories, including faux-mink stoles and quilted cross-body bags, kept the overall look polished yet playful. The offerings on the boys' side were equally on-point, particularly in the outerwear category. We especially liked the quilted Barbour-esque utility jackets, the Fair Isle knits, and the camouflage puffers."
5262,"It all started with Billie Holiday, Scott Sternberg reported before his Band of Outsiders show today. ""I had a mix of her songs, and I was killing everyone in the office playing it on infinite repeat,"" he recalled, a wicked gleam in his eyes. ""So basically,"" he added with a shrug, ""that got me thinking about the 1940s."" If the forties-inspired silhouettes on Sternberg's runway had a matter-of-fact explanation, so too did the collection's seemingly far-flung Atari reference. As it turned out, those Asteroids prints and primitive digital graphics grew out of a forthcoming Atari collaboration Sternberg is working on for his menswear. Strong-shouldered shapes redolent of Hollywood's film noir heyday, plus Space Invaders and Pong: Why not?  It was tempting to get distracted by the rich possibilities of Bogie and Bacall films being remade as video games. But the clothes snapped you back to attention. The striking thing about this collection was that the looks were very womanly there were menswear references in the pinstriped shirtdresses, and in Sternberg's variety of classic wool suiting materials, but atypically for Band, there wasn't a gamine in sight. These were full-fledged, curve-having, sexually confident Band of Outsiders women. ""Dames,"" if you will. Or even ""broads,"" perhaps. The dresses were a highlight of the show, particularly the nipped-waist pencil dresses with small Atari character prints; other strong looks included the slouchy pinstripe and micro-check suits and a pleated skirtsuit of patchworked Black Watch plaid. Sternberg also deserves special credit for his capes that's a conceptually tricky garment (what do you do with your arms? And your hands ), but his versions were convincing. Eventually, the rather remarkable-looking knit turban caps on all the models started to look convincing, too. You could envision the broad wearing one turning to some smirking guy on the subway, and saying, ""Wipe that look off your face, Joe, or I'll knock you right in the kisser."" Game over."
5263,"It's hard to use fishnet without it looking trashy. Yet for Fall, Reem Acra managed to incorporate the material into nearly every look without once turning down a sordid path. Acra was inspired by a recent trip to Japan ""I fell in love with it,"" she said backstage as well as the work of photographer Daido Moriyama. His close-ups of women in fishnet stockings had clearly left an impression on the designer. Traditional Japanese embroidery inspired the intricate red floral handwork on several dresses and gowns, along with a black cashmere bomber jacket featuring red and white floral appliqu's. The designer used fishnet several different ways. There was a fishnet-print silk sheath dress (cut beautifully on a bias), fishnet-print pumps, and a red crepe gown overlaid with black fishnet. Daywear is bigger than ever for Acra, and it seems like she's really getting the hang of it. It was difficult not to imagine a modern Hitchcock heroine in her ""Princess of Wales"" check wool dress, high-neck quilted evening coat, and seamed black nylons. Acra's aesthetic is nothing if not glamorous, and she amped up the glitz with a red and ombré goat-hair coat and plenty of beaded gowns in a restrained palette of black, white, and red. There were more than a few Oscar-worthy stunners, including an ivory column dress with black floral embroidery and a black bugle bead gown paired with what else  fishnet gloves."
5264,"Talking with designers about their collections is sometimes profoundly confusing. Cédric Charlier claimed inspiration from illuminated medieval manuscripts: What thuh? There was a brief outbreak of medieval embroidery, and a shade of green Charlier said he'd borrowed from Brueghel, but the toothpaste-pink he stuck next to it seemed more fundamental to the spirit of the collection. With its hard techno edges, it felt like it was a literal aeon away from monks carefully daubing paint on parchment. If anything, the retro-futuristic feel of the clothes was No Wave that tiny sliver of streamlined nihilism between punk, New Wave, and whatever came after. Astute trend-spotters are inevitably isolating that movement as watchable. Charlier was keen to emphasize the roundness of his silhouette, which seemed willful given the essential architectural angularity of the clothes he showed. There were indeed some big, beautiful topcoats, but they fought for attention against the sinuous layering of jackets, skirts, and skintight Bermudas. Precision is a Charlier signature. So is the hardware he defines it with. Copper zippers trailed down spines as an accent. When he added twee piecrust collars, it was techno's witty repudiation. That's not where Charlier's heart lies, though. The soundtrack chucked Philip Glass's classical crack-up of Bowie's ""Heroes"" all over the place, and the models walked out at the finale in a lurid red light to the brutalist strains of The Normal's ""Warm Leatherette."" Still, Charlier is at the beginning of his career, and if his promise is dark, at least it's promise."
5265,"There has been a great deal of soul-searching and introspection going on by certain designers during these collections. In France, for one, it seems that they have been asking themselves, What constitutes Paris Fashion, after all? For them, the answer is not marketing, a sole interest in profit margins, or the number of likes on Facebook, but a sense of daring, freedom, skill, and fun that quite simply connects with people who would like to buy and wear their clothes. Strangely, many of these designers are not French, yet they are intimately linked to fashion in Paris and what it symbolizes. And it was up to an Italian, Miuccia Prada, to bring Paris fashion week to a close with a Miu Miu show that was a paean to all of those things, but mainly to the notion of the freedom and fun of French Fashion with a capital F. She presented once more at the Palais d'Iena, but the venue had been altered again by Rem Koolhaas' OMA the people behind the Prada set pieces. Slicing the show space in half, raising the floor and lowering the ceiling with industrial grid-like grates this intervention in the building had an idea of ""cutting through the past,"" as the designer explained afterward. As the lights were switched off and strip lights flickered on, the Eurythmics' ""This City Never Sleeps"" was played, and with its continual rumbling of subway trains, the show began. A polka-dotted neckerchief, a jacket with a double sailor collar one in navy wool under one in black astrakhan with a calf-skimming skirt, stripy stockings and telltale shoes, all was at once old and new. That tailored hourglass shape hinted at the belle epoque, the end of the nineteenth century, or maybe the end of the twentieth, in its cartoony intent. As the looks continued those sailor collars, the building of stripes and the spots, the flashing of the tops of stockings, the inclusion of sportswear and those continuous, sinuous lines and lengths it appeared this was a reimagined Gigi for today, and also one that reminded you of yesterday. ""Those stripy stockings have different associations,"" said Prada. ""From prostitute to schoolgirl,"" she laughed. They also hinted at the last time French fashion felt truly free, fun, and full of life: when Mr. Gaultier ruled in the late eighties and the beginning of the nineties of the twentieth century this time. Yet this was most definitely Miuccia Prada's contemporary view. ""I had no time to think about this collection,"" stated the designer simply after the show. ""I worked on instinct. I had kept the idea of taffeta back from Prada we started with the fabrics here it had reminded me of Isabelle Adjani in Subway. I wanted the collection to have the feel of something sport, industrial, contemporary, tough. And that polka-dot scarf was the start of Frenchness, frivolity; the starting from sport toward a more feminine feel."" In many ways, this collection could be simply read as the pleasure of pink and the joy of polka dots the designer admitted she gets somewhat instinctively drawn to them over and over again. Yet the very joie de vivre of these clothes felt like a comment on what has gone on this season. To believe instinctively in what you are doing, and to engage with people on that level, means that business and fashion are not incompatible. ""If you are in sync and in the right time, try to sell; it means people like what you are doing,"" said Prada. ""If you want to be an artist, compete with artists. You are not completely free. I struggle for freedom, for understanding, to find the places in between."" Then again, Miuccia Prada is in charge of her own history. Miu Miu is unsaddled by the weight of somebody else's past, and with her own nickname no less. And just as she did last season, she sets her own agenda that others follow. The merry-go-round of house politics that has gone on in Paris over the last few months is avoided when designers are in charge of their own destinies. To paraphrase the noted frock fancier Karl Marx, the critics have only interpreted the fashion world in various ways this season. The point, however, is to change it. That's what Miuccia Prada does. It is what the other great designers should aim for, too."
5266,"Lisa Perry makes clothes for herself, and right now, she's very into separates. For Fall 2013, the mod-obsessed designer stayed within her aesthetic comfort zone optical prints, houndstooth, pop-y dots but mixed it up by adding plenty of slim pants, reversible coats, and even a sweatshirt to her familiar A-line shifts.  ""I want to wake up on a Saturday morning and it be as easy to get ready as if I were wearing a dress,"" she said at her presentation, referring to the collection's cropped jackets and colorful sweaters.  For the most part, she achieved that goal. There were still plenty of swing dresses the two-tier dress in fuchsia double-knit wool was a particular favorite and black jersey pants that looked like they'd flatter just about any body type. But some outfits, particularly the houndstooth looks, veered a little too referential. That's Perry's challenge: channeling her love of Courrèges-inspired clothes without getting too close.  Perry's biggest success, besides that hot-pink dress, might've been a black faux-fur coat paired with a black stretch-twill dress, also trimmed in black faux fur. It was definitely vintage-inspired, but if styled the right way, it was also totally modern."
5267,"A trip to St. Petersburg, Russia, was the starting point for Tadashi Shoji 's Fall 2013 collection. ""It was cold!"" said the designer of his time spent there. But it was also intriguing enough to get him thinking about Russia from all cultural angles: books, religion, history, film. And, of course, fashion. Voluminous backs on several dresses and tops were inspired by the robes of Russian Orthodox priests, but were fitted at the bodice to give the wearer more of a shape. There were also straightforward peasant dresses, inspired by what Russian royalty might have worn when escaping to Siberia during the 1917 revolution. We could take or leave these traditional styles they were pretty, but there's nothing more to say. Conversely, the washed-velvet gowns that followed were regal and subtle especially the dusty navy dress, given a bit of Edwardian appeal with a high neck and ""czarina"" sleeves.  Shoji is best known for his formal wear, and there were plenty of red-carpet and ballroom-appropriate options, many done in long sleeves. For the first time, the designer experimented with material-of-the-moment neoprene. Mostly with good results. A black cap-sleeve gown overlaid with navy lace worked. A pink version with black metallic lace overlay didn't, but that had more to do with the color choice than the fabric. The finale really made the day. A creamy white neoprene gown overlaid with navy metallic lace and topped off with a capelet in the same style was truly fit for a Russian princess."
5268,"Since staging its first big runway show during New York fashion week last season, Osklen has been focused on recasting its sportswear, which has built up a strong Brazilian following over the past twenty-something years, to appeal to a more urban, global audience. While Spring's Endless Summer theme conjured up sandy beaches and surf culture, designer Oskar Metsavaht returned to the mountains for Fall, specifically the snowy peaks of the Andes, where he has traveled extensively in the past. (Metsavaht founded the label on high-tech performance gear for extreme climates.) The inspiration played out here literally on a sweatshirt with a digital mountain print. There were also a few buffalo-plaid pieces, including a fluttery silk shirtdress that would fit in equally well at an apr's-ski chalet in Aspen or in front of a fireplace at some lodge-themed bar in Williamsburg. Overall, the lineup had a new, toughened-up attitude that was evident in scoop-back sweaters (an Osklen signature) with embroidered griffins as well as tapestry jackets and shearling leather vests. Styled with relaxed trousers and pointy flats, many of these pieces would translate to the city sidewalks and beyond."
5269,"Michael van der Ham 's inspiration this year was ""tough girl moody and dark."" Or, put another way, ""Lulu having a rough day,"" he said with a laugh, referring to Fashion East's Lulu Kennedy, the first person to spot his talents. Van der Ham was one of the 2013 Fashion Forward winners, and he has received plentiful industry support from his beginnings: Today there was a sense of his acknowledging that by evolving his collection much more than in seasons past. Perhaps he realized that the patchwork/collage look that garnered him attention in the first place was reaching its sell-by date.  That result was a much more polished outing than Spring, with some serious stabs at refinement especially in the shape of one Oscar-worthy black and white gown that was adorned with a hammered-metal appliqué van der Ham called ""bullion."" If it sounds rough-and-tumble, it was not: The appliqué came through on the chiffon as perfectly refined and smooth, helped along by a precision cut that was relatively new to the van der Ham repertoire.  The Dutchman used other cool sewing tricks and techniques to somehow suggest that was all one-dimensional, though it was not: The van der Ham signature of texture and depth was still very much there. Case in point was a cashmere top using a moss stitch to maintain a fuzzy look. Van der Ham's use of chenille on a few boxy coats seemed to suddenly upgrade the fabric from its usual identity as a bad sofa covering to demi couture, and his ingenious ""inside-out jacquard"" (he literally turned the jacquard inside out) was pleasantly substantial to the touch.  The printed blouses which added a surprise element to the show were unexpectedly good, especially beneath the coats that had sculpted cutouts, providing a peep into the wonderful cloud formation prints a layer under. And Christian Louboutin's tough-girl patent-leather shoes with the scary-looking ball bearings in the heels provided the first real TDF shoe moment of this season. Ikram Goldman was one of van der Ham's first fans Stateside, and after this collection, it's a safe bet he'll pick up several more high-profile admirers. It would be great if they discovered him in time for the Oscars."
5270,"Brandon Sun is a furrier above all, designing in the medium for J. Mendel and Oscar de la Renta before launching his ready-to-wear line two seasons ago. So for Fall, he felt compelled to take his fur offerings up a notch. ""It's what I'm best at,"" he said before the show, ""so I aimed to push myself."" Influenced by Kazuo Shiraga, a Gutai-movement artist who paints with his feet, collection highlights included a black-and-white intarsia-print mink, a hunter-green kimono-style blouse wrapped with a rose belt, and a back-vent checked-gray turtleneck paired with a hunter satin skirt. While fur was certainly not the center point of the collection, when it was used cut so short on a cropped jacket that it resembled velvet, or thrown nonchalantly over the neck there was a level of expertise unexpected from a new label. There is certainly a major market for Sun's specific look skinny pants, lots of leather, a bit of fur, and plenty of black. Others are already doing it, but with such confidence, he may be able to carve out a niche."
5271,"Can you have your cake and eat it, too? Preen designers Justin Thornton and Thea Bregazzi certainly gave it a go today. Like a lot of designers this season, Thornton and Bregazzi were trying to inject a dark, grubby, punk-inflected energy into luxe, dressed-up clothes. That's not an easy marriage to pull off, and Bregazzi and Thornton responded to the difficulty by making it overt and giving their looks a split personality. This was a purposefully schizophrenic show. Its dark, grubby, punk inflection had an inspired reference: Derek Jarman's New Wave cult film Jubilee . Released in 1978, this hard-to-summarize dystopian flick features such icons of the era as Adam Ant and Siouxsie Sioux, and the collection riffed on their jagged, post-punk aesthetic. Most notably, there was a lot of play with biker-jacket shapes and details, and the vast majority of the looks were in some combination of black, white, and red. One of Thornton and Bregazzi's cleverest ideas was to pick up the grainy quality of Jarman's film and apply it to prints such as a pixelated leopard and smudged silk tartan. Then there was the show's alternate personality, derived from Richard Avedon's shots of fifties couture model Dorian Leigh. In several looks Thornton and Bregazzi literally jammed full skirts together with pencil-shaped ones in wool crepe, creating dresses that looked wholly different front to back. It was an interesting idea but not altogether effective; perhaps it was simply executed with a surfeit of good taste. At any rate, the Leigh/Avedon influence asserted itself plenty in the polished finish here: Most of the standout looks interpreted the Jubilee theme in more or less straightforward ways, but they had a soigné quality you had to credit elsewhere. To wit, the red and black blouse with an asymmetric collar, worn atop a long black skirt that split to open a vein of blood red silk, or the silk maxi dresses in grainy black and white prints. The colorful crystal embellishment that appeared toward the close of the show seemed a bit out of nowhere after the rigorous elaboration that preceded it, but these pieces also managed to capture the collection's overarching tone of sophisticated and rather chilly New Wave nihilism. Indeed, the irony was that this exploration of duality was almost too coherent."
5272,"There was an interview with Tavi Gevinson on the radio a while ago, in which she described one of her favorite gifts from a teenage fan. It was a DIY bracelet, she said, and it read, simply, ""Poetry."" Amazing, that it's like a Livestrong bracelet for the community of the sensitive and the literary. ""Poetry."" There was a similar charm to this season's Markus Lupfer collection. One of Lupfer's cashmere sweaters was inscribed with the word ""Artist,"" and various of his looks incorporated a brushstroke print, and an anonymous sculpted torso, and sequin embellishment that riffed on Mark Rothko's color-field paintings. This was an affirmation of Art not any specific artist or school, but Art-in-General. With his tongue planted ever so loosely in cheek, as is his wont, Lupfer celebrated the mere existence of the creative spirit. That theme provided the element of whimsy in what was otherwise a very straightforward collection. Lupfer emphasized silhouettes that were angular and frou-free, and his preferred material this time out was a mirrorlike patent leather. Likewise, his palette ran to crisp black and white, with a touch of blood red and bruise blue thrown in for good measure. There was an unmistakable sense of toughness here Lupfer's girl may love art, but it seemed she was spoiling for a fight."
5273,"There wasn't a big theme at today's Y-3 show so much as there was an overarching preoccupation. Yohji Yamamoto was playing around with proportion this season, and that was fodder enough for a solid collection. His experiments mostly centered on toying with the length and volume of trousers, and the women's looks ran the gamut of shapes on the bottom, from the pencil leg of a wool burgundy pinstriped suit to pairs of long, balloonish shorts, to billowing, wide-leg check pants. The range of the menswear was somewhat less broad, with Yamamoto emphasizing volume below. His most interesting proposition was the baggy shorts with cinched hems, redolent of snowboarding apparel, which he showed over leggings. Those shorts seemed like a fashion-forward item that regular guys could get behind. Elsewhere in the menswear, Yamamoto proffered a few different jacket lengths: One of the strongest looks was a thigh-length blazer, mud brown, shown with a peppermint green button-down and baggy tan skater shorts.  In fact, that look characterized the other through-line of this collection, which was its marriage of gentlemanly English menswear with colors, patterns, and silhouettes fit for the X Games. A classic tailoring reference was particularly strong in the womenswear, while the men's collection stressed military-inspired looks; meanwhile, the activewear influence ran deepest in the menswear. But it was all of a piece. And on the whole, this collection had a nice unity, despite its various digressions. The tone was consistent, the experiments were thoughtful, and that sufficed."
5274,"Barbara Casasola returned to form this season. That was both literally and figuratively true: While her previous collection found the designer experimenting with silhouettes and proportions, this time out she reemphasized her signature shape, a column dress hemmed just above the ankle. But if this was a retread, it wasn't a retreat. Casasola coaxed a lot of variety of out her column dresses, cutting some of them square and tailoring others, and making suggestive use of color-blocking and sheer organza. Her best innovation here, however, was her Mme. Gr's pleats, which were done in silk and seamed into the bodice to create a bustier shape. The standout dress expanded the pleating theme, merging silver pleats into matching satin fringe; it was as if the pleats had come alive somehow, and taken flight. That dress was faced in black cady in back, as were a number of the pleated looks; as she explained, the contrast facing served both a graphic purpose and a practical one, as the matte cady was more flattering than the pleats from the back. That concession to flattery affirmed the impression that Casasola was really thinking, this season, about the women who would be wearing her clothes; when her shapes were monastic, she introduced a sexy element to the look, though never an overbearing one, and when the shapes were lean, she found ways to add fluidity, and make them wearable. Overall, there were lots of advances here, as Casasola continued to refine her distinctive voice."
5275,"Right from the start, the Timo Weiland girl has been all sugar 'n' spice and everything nice. But now, apparently, she's developed an attitude problem. That's very good news this collection benefited from its fresh sense of toughness. The first look established the change in tone: Today's show opened with a shrugged-on, mannish coat with oversize shearling lapels that suggested that the girl wearing it would sooner kick you in the shins than be accused of being ""twee."" Same goes for her friend in the quilted biker jacket, and the one in the hooded black leather bomber. Pretty much all the outerwear had that welcome hint of snarl. Not all the looks were quite as bare-knuckle, but even when designers Timo Weiland and Alan Eckstein were working in a more refined vein, they tended to keep the looks sharp and un-girlish. To wit, a lean suit of navy windowpane check and the slouchy gray marl sweater worn with a foulard-print pencil skirt. Even a look as overtly femme as a khaki minidress with exaggerated godet pleats conveyed grown-up, can't-be-fussed confidence. Not everything here worked as well; the wallpaper jacquards were a bit off, for example. But the weaknesses were made up for by the terrific show-closing look, a one-shoulder cocktail dress in navy satin that had some serious bite. Speaking after the show, Weiland and Eckstein said that they had been inspired by English Tudor houses, and imagining hip East London girls heading to the country for the weekend. As they went on to acknowledge, though, those references were refracted, as they inevitably had to be, through their ur-New York sensibility. Somehow, all of that added up to a kind of '90s-era X-Girl vibe there was the same mix of grunge and polish. If the trousers had been boot-leg cut, the effect would have been complete."
5276,"A runway made of chipboard. Fuzzy plinths to sit on. The same texture on the invitation. A trend book awaiting each guest with images of clouds, yarn, and fluff, Flemish painting from the fifteenth century, portraits of women and men, the buttocks of statues, mostly female. These were the clues for Phoebe Philo's latest show. What on Earth has the Céline woman, the character Philo has created for her collections, been up to since last we left her? You can't resist imagining the life of the Céline woman; it is quite an extraordinary one. She has some wardrobe for a start one so precise she wouldn't sit down in it until last season. Of course, she has issues who among us doesn't? and she seemed to be working through many of them for Spring. In so doing she became a far more human creation. Now, having gone through her somewhat louche period, it appears as if the Céline woman may be settling down. For one, she isn't wearing furry slippers anymore. Yet she hasn't entirely abandoned the idea of domesticity and warmth. If anything, Philo has increased the quotient this season in her collection. Yet the designer has also melded a mood of stripped-down, put-together elegance, something of the old Céline woman combined with the new. This was primarily demonstrated in the terrific fabric choices. Tactile, tasteful, and dare it be said cozy, they tethered the entire offering. This touchable aspect, the very desirability of wearing and living in such materials, is unsurpassed in Philo's output for Céline. The show began with what looked like a form of bouncy cream bouclé; the designer used it for a skirt that gently flared just below the knee and a simple band of a top. Swaddling the model from torso to shoulders, it had a combination of constriction and comfort, a play of sensual and safe. The exact same look was echoed at the very end in navy blue. On both occasions, a simple bag was clutched. It was reminiscent of a hot water bottle in its cozy cover. There was a notion of the mid-century modern made contemporary in this collection; the soft, rounded shapes, the color palette, the exaggerated silhouettes of the coats all played on this. Yet there was also plenty of room for perversity, as in the second-skin leather boots that seemed as if they might be thigh-skimming under those tunics, as well as the laundry-bag check made large on coats, wrap skirts, and funnel-neck tops. This is a motif from Helmut Lang, here applied to Philo's domestic theme, a nod and a wink to high fashion and the humdrum in one. As Juergen Teller, the photographer of the Céline campaigns, put it: ""Really elegant but weird; almost nerdy but perverse."" And he should know. And as Phoebe Philo put it backstage after her show: ""It was coming from a place of emotion and intimacy, something instinctive. There was softness and desire, to create something emotionally engaged."" Over the years there has been much talk of Philo and her output as being ""cool."" What she has achieved over her last two seasons at Céline is something far more difficult than cool: That's warmth."
5277,"There were so many intriguing tickles in Veronique Branquinho 's collection today: armfuls of wooden bracelets that evoked Man Ray's iconic portrait of the fabulous Nancy Cunard; a soundtrack that embraced Ian Curtis intoning ""Ceremony"" and Marilyn Monroe crooning ""One Silver Dollar""; clothes that married a Dietrich-precise Deco languor with the primal fuzz of the animal kingdom; an obi/chastity belt. Sit back and picture what that kind of mix should add up to. Eclectic, yes, and yet what actually came out on the catwalk had an almost clinical restraint. It did, however, support Branquinho's insistence that there was no big theme. ""I wanted to evoke sophistication,"" she said. She was loving the length of an elongated pencil skirt. Not retro a modern way to do a long-skirted look, Branquinho felt. And that was clearly a challenge she set herself elsewhere, because she scooped up a whole lot of relatively old-fashioned notions and fired them out onto the catwalk. Herringbone, plaid, animal prints, cowboy hats and studs, a safari jacket that could have been plucked from Katharine Hepburn's closet the show desperately needed an edit. And the clothes? With the camel that opened the show, Branquinho took us back to the elegantly monochrome moment in her designer past when her acolytes swooned. It's a joy to think that she had Nancy Cunard on her mind while she was designing this collection. Maybe it would help if she tied the conviction of her earlier self to the who-cares quality of that particular muse."
5278,"It was initially about a modern harem, but then this whole Sgt. Pepper, King's Road vibe started coming through, Wes Gordon said at his Fall presentation in the Gramercy Theatre. The shabbily opulent venue proved ideal for the young designer's latest effort, a louche ode to ""the girl who's having an affair with one of the Rolling Stones."" The Stones fittingly swelled in the background as models lounged about in crushed yellow-gold satin separates and super-flared pantsuits in shiny yellow, teal, and burnished orange brocade. Gordon's biggest strength might be color choice his unexpected combinations are almost always pleasing to the eye. Royal blue pindot satin was paired with the orange brocade; purple velvet boots with a winter white off-the-shoulder cocktail dress, a yellow fur shawl draped over the shoulder. There were moments when Gordon went too far or not far enough. Long goat hair coming out of suit jacket sleeves registered more creepy than glamorous, and a black lace cocktail dress was a little too shabby. Gordon is still young and learning, but one thing's for sure: He knows his girl. She's rich, and she likes her clothes that way, too."
5279,"Goga Ashkenazi has made headway at Vionnet since her debut effort last season. She threw a well-attended party in Milan last month to celebrate her acquisition of a cache of Thayaht illustrations of Madeleine Vionnet designs. More importantly, the collection she presented today was more runway worthy than what she did back in September. The thunder-and-lightning opening was corny and the Ancient Greece set, complete with metal columns, overdone, but those are beginner's mistakes, easily corrected next season. The clothes demonstrated a keen attention to our fashion times. Pants were cut high on the waist, roomy through the thighs, and above the ankle, in keeping with current trends, and she put the emphasis on strong shoulders. Hers are squared, not rounded like most of the others we've seen. Vionnet was famous as a dressmaker first and foremost, and there were some pretty numbers here that demonstrated a familiarity with the house's codes, most notably a long, softly draped black dress with a keyhole bodice and a high slit up one side. Ashkenazi's slipup came with fur. It's just hard to get astrakhan, fox, and other skins to do the kind of draping that silk does. For the time being, it might make sense for her to narrow her scope and pay close attention to the little things. One model carried a handbag all the way around the runway with its paper stuffing about to spill out."
5280,"Prabal Gurung celebrated his capsule collection for Target earlier this week with an elaborate love-themed carnival at Pier 57. Modified versions of his signature designs will be selling for three figures at the box store. So you could say this was a necessary time for the designer to stage an evolution with his main line. Gurung had seemed to be stuck in a groove the last couple of seasons, but he sprung himself loose here with a more confident collection in which he put the emphasis on structured daywear. He's become a household name dressing celebrities for the red carpet. This show confirmed what we've thought all along: He's no slouch in the tailoring department. On the contrary, there was a rigor to his jackets, even when they came with deep peplums at the waist. A strong military presence was at play. Beforehand, Gurung said he came across Ukraine's Asgarda tribe while doing Internet research. A little Googling of our own failed to confirm the authenticity of the Carpathian Mountains' all-female enclave, where women are supposedly trained in the martial arts to build self-confidence and are generally empowered to combat a culture of gender inequality and sexual trafficking. But as a colleague said, it's one hell of a backstory, and true or not, it doesn't make much difference when the results are as good as his cutaway peacoat and funnel-neck coat in navy brushed wool. The Asgarda might be called modern-day Amazons, and the metaphor clearly proved irresistible to Gurung, who draped glossy silk into cocktail dresses and gowns with exposed shoulders and cutouts at the waist, then accessorized them with heavy braided leather belts and harnesses. You'd have to be brave indeed to hit the town in a loden green long dress where most of the bodice has been sliced away. A covered-up, dolman-sleeved navy number with a split skirt was chicer for its relative modesty. Evolution, like revolution, is messy. Some of the tailored pieces incorporating imperial brocade looked busy, not badass, and a dress or two felt too derivative. In some ways, Gurung is still searching for who he is. Nonetheless, this looked like a step forward."
5281,"If there's a ""Vegas style,"" it's hard to picture it. Close your eyes and try to summon the look of Sin City, from a fashion perspective, and the effort is instantly arrested by mental images of the neon-lit Strip at night, obscenely opulent casino decor, and the odd sequined showgirl or shotgun bride. Vegas itself is such an intense environment, fashion really can't compete. Instead, Humberto Leon and Carol Lim tackled their stated theme, Vegas, by absorbing the environment into the clothes themselves. There were, they said, crystal embellishments inspired by chandeliers, and trippy checkerboard prints that were meant to evoke the pulsing lights of the Strip or the casino floor. Fur, astrakhan, velvet, and chenille were a subtle tip of the hat to the plushness of a Vegas luxury suite. A touch of wedding white, a bit of high-end latex cut girlishly. And so on.  The designers clarified that their goal was to conjure a David Lynch Las Vegas, one surreal and poetically noir. An interesting idea, but elements of this collection got at it more effectively than others. Every piece in an iridescent silk with a sheen like an oil slick was a winner, in particular the high-waist trousers. And Leon and Lim captured something genuinely weird with their rose motif. It was hard to specify what was creepy about a fitted bomber with a pair of roses on the chest, but it seemed to have vague, murderous intentions. Tr's Lynchian, tr's bien.   They had mixed results elsewhere. Knit fur sweaters fit easily into the Opening Ceremony idiom, and accessories such as hoods and mufflers were no-brainers, but a short slipdress trimmed in rabbit erred on the side of tawdry. On the whole, this was a rather odd collection for Opening Ceremony. Lim and Leon were clearly reaching for a darker mood than usual, but the tone didn't always take. Still, there was plenty of good that came of the experiment."
5282,"Given the difficult circumstances in which it was created, it's small wonder that the new Missoni collection wanted to take refuge under the covers and make the world go away. The clothes retreated into the sanctuary of the boudoir, with flowing, languid lines that echoed pajamas and bathrobes, or huge, schmoodgy blanket wraps that suggested consummate coziness, even in a shawl-collared, tuxedo-styled version. But there was another, tougher voice in the collection: fishnet tights and boots, metallic jacquards in simple sixties-styled shifts or elongated tubes, liquid leathers, and sinuous jerseys with sheer panels that randomly revealed bits of the body. Missoni's classic techniques were radically reconfigured with bold new techno-dégradé? inflections in acid colors. The two impulses cocooning and confrontation were tricky bedfellows. Missoni's current challenge is clearly to reconcile them."
5283,"Ashish Gupta's party girl has blown the budget time to get a job, and we're not talking an office gig, but rather some pretty butch construction work. ""I have been seeing building works everywhere, and it occurred to me that the construction worker wardrobe consists of some very hardworking, protective, and durable gear. Someone just needed to glam it up,"" said the designer whose calling card is his camp and exuberant use of sequins.  The tough-girl look (think Jenny Shimizu on a work site) called for pieces that were deconstructed and slouchy, with techno fabrics used to create paper bag waist skirts and trousers. Looks had safety belt/reflective tape features printed onto them as well as plastic pockets that could hold nails or screws. Patchwork denim pinafores looked like something a worker would pull on after a long shift. (OK, we cave we've now seen pinafores so many times that they must be acknowledged as a trend.)  Noteworthy looks included a fringed houndstooth blouse teamed with orange sequined cargo pants with padded knees, and a fringed blanket cover-up. A hologram jumpsuit made its fans whoop and holler with delight (mainly students and Topshop-ettes in the standing-room-only section in the back). The only variation from the working girl theme was a soigné silk trenchcoat that seemed rather grown-up for Ashish 's grunge girl, especially with that shocking wind-tunnel hair in acrid yellow and orange.  The designer took the working girl metaphor to another level with his sequined safety vest: ""In parts of Spain, it's the law that prostitutes wear safety vests to make themselves visible to passing traffic. I thought, well, if you have to wear it, may as well make it the coolest garment ever,"" he said. Cool, yes, and with that fluorescent orange, visible from space. This collection will do nothing but delight Ashish's hard-core fans. But if sequins and hard graft aren't your thing, look away now."
5284,"Vermeer's Girl With a Pearl Earring stared out from Maria Grazia Chiuri and Pierpaolo Piccioli's mood board this season. At a preview, the Valentino designers were making connections between what they called the severe yet sensual portraits of the Dutch masters and their exquisite new collection for Fall. ""We wanted to capture women in a private moment,"" Chiuri said. ""In this show, the face is very important"" as it was for Vermeer and company. Making a study of white collars, Chiuri and Piccioli added them to many of their familiar looks. The collars came in laser-cut leather encrusted with beads or in ""Calvinist"" plain cotton piqué, and they decorated the simplest pieces, like long-sleeve A-line shifts in wool and short alpaca coats, as well as more ornate creations, including a tulip embroidered lace gown, and another elaborately traced in a Delft ceramics pattern. Severity may seem like an unlikely scenario at the new Valentino. The designers' lovingly and luxuriously embellished creations have revitalized the house, which is celebrating its new David Chipperfield-designed store on the Avenue Montaigne tonight. Unlikely or not, though, a modicum of severity is the clue to what made this show feel new, and winningly so. While perhaps less spare than those Vermeers, there was an appealing austerity to a sleeveless dress in ivory and grayish blue, a strand of large pearls circling its collar. Likewise, a pair of evening dresses, one red and the other China blue, were starkly beautiful, the only embellishments their regal portrait necklines. This is Valentino we're talking about, of course, so in the end there was no lack of intricacy in the details. There were gowns galore, many of unsurpassed beauty, and some too beautiful not to bring up. We're thinking especially of the Delft-inspired embroideries and a shorter Delft-like knit. But to prattle on describing them would be to defeat the point. They weren't the news; the austere grace was."
5285,"Gaby Basora has always taken a confidently playful approach to designing her Tucker line, which attracts a youngish crowd with its whimsical patterns and uncomplicated silhouettes. The former stylist delivered on her signature novelty prints in the form of easy blouses, jumpsuits, and tunic dresses for Fall, but the new lineup had a decidedly more grown-up vibe, which was evident in the full midi skirts, as well as the slim yet relaxed trousers, which showed off Basora's tailoring skills. Outerwear was a surprising high note, with standouts including a cropped, Lurex-flecked tapestry coat, as well as a swingy leopard trench that will definitely turn heads on the sidewalk."
5286,"On the second to last day of the Paris shows, with four weeks of fashion in the rearview mirror, we thought we'd uttered all there was to say about boy-for-girl clothes. But then Paul & Joe 's Sophie Albou-Mechaly went and put on a show about androgyny. She established the masculine/feminine mood with the first look out: a lace-edged silk camisole paired with pleated wide-wale cords, topped by one of the teddy bear coats that have been turning up on a lot of runways this season. The tailoring, thankfully, got sharper from there, with strong military-inspired coats in charcoal gray or navy with big brass buttons, and nice-looking trousers in a Prince of Wales check or bright yellow wool. On the other side of the coin, printed pajama sets kept the lingerie part of the story going. Elsewhere, black and gold brocades felt a bit like last year's fixation; still, Albou-Mechaly made a believable case for hers, especially when she cut the brocade into an ankle-grazing skirt and topped it with a slightly oversize sweater. She opted out of using fur at her men's show, but showed no such restraint here. Fur tippets accessorized many of the looks, and she tossed in a patchwork fur coat and vest, too. They looked a bit retro compared to the rest, but they were still cool."
5287,"I don't want to use the word punk, said designer Sharon Wauchob after presenting Edun 's Fall 2013 womenswear collection. ""I think you're going to be hearing punk too much this season."" Instead, Wauchob and menswear designer Ricky Hendry drew from several subcultures: mod, biker, and grunge, to name a few. ""It's a cocktail I didn't feel the need to rigidly focus on one,"" said Wauchob.  The result was that Wauchob served up a concoction of styles that you couldn't quite place. Were those plaid leggings plucked from the early nineties? And weren't those pointy boots totally eighties? But wait wasn't that motorcycle overcoat a wardrobe extra from Jay and Silent Bob Strike Back ? But who really cares about references in this circumstance? All we know is that, altogether, it looked good. (Hat tip to the show's stylist, Melanie Ward, for giving the show a cohesive feeling.) From that Silent Bob-esque motorcycle overcoat (which was great, by the way) to the string of yellow tweed pieces a blazer, a vest, cigarette pants it was easy to imagine many of these outfits on members of the audience. (A real scene, thanks to the presence of founders Bono and wife Ali Hewson.) The special touch, though, was the dainty chain detailing many women's tops and jackets had several chains peppered all over, as did the men's scarves. The chains offered a clear connection between the men's and women's lines. ""It's a toughness and a softness,"" said Hendry, whose hand-dyed velvet blazer would befit any true rock star. But really, what wouldn't in this collection?"
5288,"I didn't feel like doing a heavy Fall collection, and wanted more of a pick-me-up. So this season began with the idea of a celebratory coat that would make me smile even on the darkest day in winter, said Giovanna Randall backstage during her presentation. The topper that started it all came in an acid pink double-faced wool. It had the potential to turn almost any frown upside down, as did most of the other optimistic looks here. Randall worked a heart motif throughout the lineup just in time for Valentine's Day. A carnation-colored capelet and its matching pencil skirt were embellished with heart-shaped crystals, and a long-sleeved cocktail dress was cut from a ""fleur de toro"" foiled jacquard. The motif was also incorporated as cutouts on the sleeves of a blouse. Talk about wearing your heart on your sleeve. If it all sounds as sweet as candy, that's because it was for the most part, but the Honor woman has never shied away from being overtly feminine. Randall also showed a lovely mint-colored cape coat and a comparatively vampy silk ball skirt in deep plum, which gave those customers who blanch at the thought of wearing head-to-toe pink some other options because, much like sugar, confections like these should also be used sparingly."
5289,"When Michelle Obama wore a Thom Browne coat and dress to her husband's inauguration, she sent the world a clear message: Thom Browne makes womenswear! Yes sirree, the designer who has famously built a career on re-proportioning gray flannel suits for men garbs the lady of the White House as well. But anyone who came to Browne's latest presentation expecting more Michelle-ready pieces would have been flummoxed. His shows have always offered Browne an opportunity to indulge the most twisted fissures of his creative self. He just can't help himself. So his audience today was greeted by a scenario studded with Gray Flannel Guys stretched out on army cots, wearing crowns of thorns, wrists bound in red ribbon. That's the way opera represents blood. And it was an operatic kind of day. The Pope quit. It was the third anniversary of Alexander McQueen's suicide. If Browne has always been determinedly, even defiantly, sui generis in his work, the outside world was tapping at his window today.  That can't be a bad thing. If you could choose just one critique to hurl Browne's way, it would be that his tiny patch of fashion is as hermetically sealed as Tim Burton's mini-verse of gothic grotesque. In fact, the hair and makeup of the models today vaguely echoed Burton's Red Queen in Alice in Wonderland. And, once again, Browne took us down his very own rabbit hole. It was a place of intense discipline, silhouettes strictly defined, fabrics classically sober as a judge, with the hardly minor caveat that both were exaggerated to surreal degrees. There was an obvious fashion precedent in Christian Dior's New Look, but consummately controlling Hollywood ball-breakers like Joan Crawford and Babs Stanwyck felt like a more appropriate correlative. Browne pulled off a Hitchcockian masterstroke by unhinging their control with the implied chaos of random tatters of lace and splatters of white paint across shoes and bags. (If there was a pornographic subtext in that last flourish, it only amplified Browne's peculiar ability to evoke uncomfortable associations.)  Postshow (and post-Obama), Browne was insistent that the image he was offering on his catwalk was one of female power. And he wasn't wrong. The men's show he presented in Paris a few weeks ago was all about building something. His woman today was powerful and unhinged enough to tear that building down. Given Browne's longtime predilection for perversity, his real-time message this time might actually be quite simple: Girls, it's time to man up."
5290,"The starting point for Araks Yeramyan's new collection was Hawaii, at night. Why? According to the designer, just because. The same reasoning applied to her decision to marry her tropical florals and surf and scuba motifs to Edwardian-inspired silhouettes. But once Yeramyan had made those arbitrary but not ill-advised decisions, she got rigorous. The Edwardian reference mostly made itself felt in the collection's raised and dropped waistlines; the jackets and coats with lifted buttons and pockets looked very smart. The Hawaiian theme, meanwhile, was elaborated in every conceivable way and perhaps more robustly than necessary. The magnified wave prints and tropical florals were very good, with the floral in a combination of green, brown, and cobalt blue making a particularly strong impact. Elsewhere, Yeramyan had some nice riffs on Hawaiian shirts and high-necked rash guards, and her incorporation of wetsuit-inspired zippers, seaming, and color blocking was well judged. Where things got a little iffy was in all the surfboard-inspired detailing there were dresses patterned to create a board shape in the front, trousers with finlike hems, and so on. The idea was clever, but it could have been handled with more subtlety. As it was, the recurring surfboard elements made the collection as a whole feel a bit forced. Given that Yeramyan produced such a serene and unself-conscious collection last season, the overdetermination here was a bit disappointing."
5291,"After ten years of showing at the tents and Lincoln Center, Carlos Miele opted out of an official New York show this season, and will instead present his Fall collection during Miami fashion week in March, where he will accept the International Designer of the Year award. While doing the whole Miami thing makes sense with Miele's sunny Brazilian disposition (and festive clientele), it's also a shame because the new lineup brought more urban ideas to the table than ever. Look no further than the red leather biker suit here, which was admittedly a bit tacky but also signaled a step in a different, younger direction. A menswear-y tweed tuxedo jacket with a spray of sequins, for example, achieved this in a more subtle, luxurious way. Speaking of luxe, there was a killer crocodile coat here trimmed in mink on the sleeves and hemline. Interestingly enough, the topper was nearly identical to one Miele sent down the runway for Fall '07. Two steps forward, one step back. Aside from that, he revisited other signatures like ruching and draping on evening gowns. In the red carpet-worthy category, a bias-cut crimson silk halter number with swirling embroidery stood out."
5292,"Holly Fulton , the soft-spoken Scot with a compulsion for more-is-more prints, said backstage that her collection was about ""the obsessive love that a groupie has for her rock star, all the paraphernalia she collects, and her utter, slavish devotion to her object of desire."" Fulton's appointed groupie was apparently B atrice Dalle, the French gap-toothed eighties actress who will forever be known as the bonkers title character in Betty Blue, a film that charted her character's descent into madness.  A series of Fulton's signature geometric looks opened the show, consolidating her position as a print activist. True to her DNA, there were some bold combinations: a windowpane print blouse paired with a pencil skirt covered in hearts; M.C. Escher-esque geometric cubes combined with a photo-realistic tiger; and another pencil skirt with a standout motif of gigantic lipstick tubes offset by a fuzzy sweater with a jeweled neck.  But Fulton also showed her restrained side, with pieces like an exquisite knife-pleated leather dress with intricate embroidery and cutout waist detail, and a floor-length silk skirt topped by a screen-printed foil T-shirt. The best look came near the end in the form of a luxurious powder blue chinoiserie trouser suit (surprisingly for Fulton, accompanied by a matching fur). The suggestion was that the groupie had snared her prey to become a pampered rock-star wife.   This was a confident outing for Fulton, one of this year's winners of the Fashion Forward prize. Over the seasons, she has remained true to her Art Deco, occasionally OTT prints, no matter which way the fashion winds blew. This collection may reward her with some new fans."
5293,"Christophe Lemaire says he thinks of his clothes in context, so the venue for his shows is important. Today's was an old printing works, and its perfectly proportioned theatricality made an apt backdrop for a presentation whose subtle drama had something of the stage about it. Lemaire has distilled his fashion formula for both men and women to seven key elements: overcoat, blouson, suit, pants, sweater, boots, belt. If that sounds like death to free creative rein, the designer managed to produce, within those strictly defined limits, a collection that was filled with character. Last season was so intimate that Lemaire felt like taking Fall outdoors. Outerwear oversize, mannish coats, some with a strong military caste was the spine of the presentation. The rest of the clothes, a few incongruous printed pieces aside, took their cue from the coats. Lean, high-waisted pants, strong-shouldered jackets, and Mao-ish combos defined the reductive essence of Lemaire's proposition. The soundtrack it evoked an Anna Karenina -like meeting on a train station platform, with Françoise Hardy's smoky, lovelorn vocal accompaniment drenched the whole thing in thwarted romance. And as always there were the subtly decorative accessories the tiny immaculate leather bags steam-molded by Florentine artisans to suggest the rich inner life of Lemaire's women."
5294,"Sachin + Babi aimed for the stars with a celestial-themed Fall collection that was a futuristic departure for the label. After recently taking up scuba diving, designers Sachin and Babi Ahluwalia became neoprene converts, and traded out their signature embroideries and intricate beadwork for the high-tech fabric that remains all the rage in the contemporary market. The spongy stuff added structural appeal to sweatshirts, shifts, and miniskirts featuring a striated aurora borealis print. Those pieces gave the lineup a more commercial edge, but they also suggested a deviation from the brand's consistent point of view. Ombr? tweed jackets and folded organza skirts, on the other hand, felt a bit more identifiable. The dressed-up tracksuit with allover sequins was a standout look, which captured this season's new sporty focus and also played to Sachin + Babi's established strengths."
5295,"The new Collette Dinnigan collection was a rather streamlined affair. The designer's dominant silhouette this season was a reed-slender sheath, and her palette essentially vacillated between black and shades of silver and white. But you wouldn't call these clothes minimalist: Dinnigan coaxed a subdued drama out of the surface detail here, making particularly effective use of leather appliqué and laces with an iridescent sheen. The results were atypically vixenish. That said, the signature Dinnigan sweetness remained, and reached its apogee in a look composed of a white lace T-shirt and matching tiered lace skirt; that was a winning ensemble, if somewhat out of tone with much of the rest of the collection. Likewise, amid all the neutrals, it was the bare hint of color here that stood out a cap-sleeve lace gown and glimmering A-line coat in a mushroomy green both had a nice sense of warmth. All told, this wasn't a challenging collection, but Dinnigan executed her conventional silhouettes with a lot of flair."
5296,"Fendi 's FF insignia was originally a sixties thing that stood for Fun Furs. Somehow it became codified as the corporate logo. Today, with his 96th (!!!) collection for the house, Karl Lagerfeld restored that original inflection. Which was simply one more testament to his unerring ability to mount, master, and extrapolate the merest flicker of modernity.  Admittedly, he has a brilliant consort in Silvia Venturini Fendi, a woman whose iconoclastic attitude to the verities of her family business inclines her to the extreme. So, with the fashion world surrendering this season to fur in every possible way (it's as though it could resist for only so long, just as compassion fatigue sets in in the world of charitable works), it was the moment for Fendi to boldly go where no man could go before or after. Or even in between. Simply because, as Lagerfeld so crisply declared, nobody does it better.  The fun was in the function. The Fendi show rolled by in a farrago of fur, detailed by Lagerfeld in a press-kit illustration that had fur on bags, bangles, belts, booties, and sunglasses. Sam McKnight attached Mohawks of colored fox to the models' heads. Silvia hung fur owls off her bags. ""Strange creatures on the catwalk,"" she mused. ""Like little birds."" By the time Julia Nobis closed the show in a fur coat woven in shades of pink and black and framed in barbaric shag, Silvia's ""little birds"" had evolved into a new subspecies in fashion: an elegant, extravagant, techno-barbarian riposte to the realities of everyday dress.  It wasn't just pelts. Karl conspiratorially communicated the properties of something called ""leather feather fur."" We took that to mean the skins fringed and/or trimmed to look like an exercise in pure texture. Because the collection's attention to leather was just as persuasive as its focus on fur. The notion of the natural mutated into something entirely artificial seemed to embody the essence of FF Fendi. Hybrids they are the ""strange creatures"" that Fendi has made. And today they ruled."
5297,"This season at BCBG Max Azria , the fusion of two disparate influences Istanbul and Phil Frost's gritty contemporary art brought about a collection that was decidedly more street than sweet. ""We wanted to take something that was centuries old and combine it with something modern,"" Lubov Azria said at a preview. The filmy silk slips that were the foundation of many of these heavily layered outfits had a slight gypsy feel. They were shown over casual T-shirts and cashmere pullovers, then topped with statement-making outerwear items like colorful patchworked fur vests, boxy leather biker jackets, and sporty jacquard hoodies with voluminous fox-trimmed hoods. It was refreshing when a few of the more pared-down pieces, including a clean mesh tuxedo tank, came down the runway. In general, this piled-up, coat-centric look advanced a tougher, more urban version of the BCBG woman."
5298,"Andrew Gn launched his new handbag collection on the runway today. Luxuriously made with box calf leather (the kind used by Herm's back in the day, he said) and semiprecious stones like amethyst and tiger's eye, the bags had a clean, graphic look that complemented the clothes, which were inspired by the Wiener Werkstätte and England's Arts and Crafts movement. It's a time period Gn has referenced before, but, as he said backstage, ""I'm older; I see it differently now."" Today, more so than before, his cuts and silhouettes were restrained. The brightly hued silk blouses and A-line miniskirts, and occasional black and white shift dresses, made simple canvases for rich surface treatments like velvet embroideries in patterns lifted from the artist Koloman Moser, or quilting techniques in motifs borrowed from Josef Hoffmann. Like other designers this season, Gn lavished extra attention on coats? lavish being the operative word in the cases of a black cashmere cocoon with scrolling leather appliqué, and another in Prince of Wales check with patent and chenille passementerie trimming its edges. That one got special attention from the buyers in the room. Gn's show went on too long, and he could have said more with less, but there are no other complaints here."
5299,"The luxurious room at the Savoy hotel that Roksanda Ilincic occupied for her show was transformed and disrupted by the use of carpet and plywood today. Something domestic and downbeat was provided by the set designer Gary Card in fact, the strategic use of carpets for shows is rife this season in London: Carpets are in! and it felt subversive in such a venue. A common, almost kitschy feel was provided by the kind of pink fuzzy paneling that was once used as a floor covering in suburban bathrooms; it was a pointer to the texture and feel of much of Ilincic's new collection.    Ilincic's offering felt like a cutting through of the ladylike-ness that is usually her stock-in-trade in favor of something a little more domestic and subversive. This was particularly evident in her predominant use of pink for the collection. Ilincic trained as an architect and cited this for some of the domestic interior feel that crept into the collection. ""Because I studied architecture, I always start with a structural feel,"" she said. ""But this season I wanted something unexpected for winter, and that is where the pink came in."" Whereas at one point that color might have denoted discreet girlishness, here it felt decidedly Barbara Cartland esque, maybe even a little punk in its fluffy mohair incarnations. The standout pink pieces were wipe-clean in nature another trend in London: fabrics you can take a wet cloth to and were a combination of pink PVC and high-shine taffeta. In one elegantly cut coat, the front featured PVC while the back was entirely taffeta. Another standout was a full skirt treated in a similar fashion with an unusual triangle cut that Ilincic defined as ""witchy."" In fact this witchy-ness was a motif throughout, particularly in the pointy shoes and the pointy bags. With that in mind, the pink took on the fantasy implications of Glinda the Good Witch.    Of course, where the Good Witch goes, the Wicked Witch of the West follows and she was represented in a vivid green and dark chocolate brown that permeated the next passage of the show, and was particularly perverse in a coated lace that looked like it had been covered in dark brown gloss paint.  If Ilincic's last season was essentially about looking, this season is about feeling. ""I wanted to create a feeling through both texture and structure,"" said the designer. And while this collection, with its kitsch witchy-ness, might not have the cohesiveness of her last outing, it certainly has more immediacy in color and an off-kilter coziness."
5300,"Restraint isn't the first word that typically comes to mind when addressing the oeuvre of Gela Nash-Taylor and Pamela Skaist-Levy. But in a funny way, that was the quality that defined the new Skaist-Taylor collection. The label is a year old this season, and Nash-Taylor and Skaist-Levy now seem ready to give their vast enthusiasms an edit and focus on what works. This collection emphasized a few key themes military-inspired outerwear, leather staples, sweater dressing, and, of course, gauzy, boho dresses, skirts, and tops. Within those themes, meanwhile, there was a gaudy variety of ideas the knit separates, for instance, included both a Chanel-ite, bouclé-like suit, and hippie-friendly fringed alpaca, not to mention some simple fitted dresses that were flirty enough for a party yet restrained enough for the office. Skaist-Levy and Nash-Taylor remain keenly attuned to the daily life of their clothes. That sense of realism was apparent here in lots of ways but particularly in the fabrications and finishes of the clothes a black leather kilt was made from pliant, ultralight lambskin; a long Lurex knit dress was woven with a soft wool on the inside to make it comfortably wearable. These designers are also very adroit about how they combine fresh influences with their modern-vintage aesthetic this season, their line easily absorbed some ruffled georgette pieces redolent of Isabel Marant. Overall, the focus Skaist-Levy and Nash-Taylor brought to bear on this collection served not only to help define their label's point of view, but to elevate it as well. The clothing was youthful, but not dumb."
5301,"Should you ever have the opportunity to meet Alessandra Rich , you will undoubtedly agree that she does not seem like a lunatic. But her weird and wonderful new collection of eveningwear made it abundantly clear that she must have a screw or two loose, somewhere. It was even nuttier than her last collection, which was inspired by two imaginary Russian gymnasts. This time out, Rich effected a meeting of the minds among Scarlett O'Hara, Miss Havisham, and Nancy Spungen, if they'd all found themselves working at the Moulin Rouge in Paris at the turn of the twentieth century. There were about a hundred different kinds of French lace, some of it mesh, some of it metallic, some of it leopard-spot patterned. In other words, if Helena Bonham Carter got it into her head to design a collection, it could very well look like this one. And in other, other words, it was strangely awesome."
5302,"We like a ladylike look here, but it's an evolved kind of ladylike. I'm never going to be that 'cool' designer, said Tawfik Mounayer while discussing his latest Tribune Standard collection. While Mounayer doesn't necessarily cater to the model-off-duty type, he does have a keen awareness of his customer, who is poised and polished but never too serious about her fashion choices. Using Russian Romanticism as a jumping-off point, the Fall collection featured corded frog closures on a soft camel cape as well as a hand-painted neon print inspired by Kremlin architecture, which Mounayer described as ""babushka meets Barbarella."" The most noteworthy pieces here incorporated interesting textures. Little black dresses were cut from a bubbly brocade, for example, and a silk twill cocktail number was embellished with gobstopper-size crystals that jangled with each step not the worst way to make a memorable entrance or exit. Mounayer also bejeweled the neckline of a peasant blouse similar to the ones from recent seasons that ""Oprah has been ordering left and right,"" according to the designer. In terms of sales, it never hurts to keep churning out one of Oprah's favorite things."
5303,"Given that this was only the second womenswear collection from Katie Eary , it was no surprise to find her still honing her point of view. That said, she did make some headway this season. The designer seems to have located a Katie Eary-shaped hole in the market and filled it with skintight denim corset-laced with rubber tubing, iridescent button-downs with balloon sleeves, and neoprene sweatshirts all of them produced in florid floral prints. Minimalist, no. But that's all to the good. Eary's take on sex and decadence felt distinctive and new the rubber tubing was a witty touch, and the fact that her primary material was denim made the collection feel unexpectedly grounded. It's not unreasonable to imagine a nervy girl pulling on Eary's tube-sided skinny jeans, throwing on a T-shirt and a baseball cap, and heading out for the night. (Indeed, it's not insane to imagine that girl being Rihanna.) Eary has found a niche; now she just needs to work on giving her collections more scope and dimension."
5304,"One of the great things about working in fashion is that designers are constantly introducing you to their obscure or offbeat references. Cult films you've never heard of, art you've never seen, the handicraft traditions in far-flung locations, etc. In that vein, Kinder Aggugini is owed thanks for bringing the Cottingley Fairies hoax to the fashion public's attention. Back in 1917, it seems, two girls in Yorkshire created photographs that appeared to prove the existence of fairies; a surprising number of people bought into the shots, and their loudest champion was none other than Sir Arthur Conan Doyle. Who knew? Not this reviewer. And as inspiration for a collection goes, the Cottingley Fairies hoax makes for rich material. It's a shame Aggugini didn't do better by it. There were some very nice, rather simple dresses in patchworked, Art Nouveau-esque fairy prints, and Aggugini was on to something interesting with his buttoned-up maxi dresses and knife-pleated coats. The latter looks conjured a vintage sensibility without quoting any specific look or era verbatim. Aggugini's pattern of ""escaping moths,"" in his phrase, was not only beautiful but also extraordinarily invested and witty; the moths were embroidered onto shredded organza that had been layered onto silk. You got the sense of a dusty trunk being opened for the first time in decades and the moths flying out all at once, leaving the tattered remains of a feast of dresses behind. That is storytelling in clothes. And here again, Aggugini's story got at vintage indirectly, and from a new angle. Why the disappointment, then? Frankly, the collection just seemed halfhearted, as though the designer had exhausted himself in its conceptual development and couldn't muster the energy to execute with sufficient polish or coherence. Aggugini likes his clothes to look a bit raw, generally, and that's fine; here, however, there were too many pieces that came off slapped together or just unfinished. And in the meantime, there were too many silhouettes and construction ideas to make a clear proposition; Aggugini should have spent more time elaborating his interesting pleated coats, for instance, and his dresses' long, cocoon-ish sleeves. And there were more than a few outlying looks that should have been edited out completely. There were too many good ideas here not to appreciate this collection, but as a whole, it never lived up to its own potential."
5305,"Hakaan Yildirim landed on the Paris scene during the Spring 2011 collections. And what a splashy arrival it was. Carine Roitfeld was talking him up, he'd just won the ANDAM Award, and, thanks to creative director Mert Alas, one half of the Mert & Marcus photo team, the cream of that season's model crop walked his runway. Two and a half years later, some things remain unchanged. Alas is still in the picture, which means so are the gorgeous catwalkers. But Yildirim has had his challenges. Last season, his collection was reportedly lost in transit between his atelier in Turkey and Paris, which slowed his momentum. Presumably, his sales, too. The task for Yildirim today, then, was to give himself a jump-start. Souped-up party clothes are as likely to do the trick as anything, especially in a season that's been noteworthy for its sedateness. They're also solidly in the Hakaan repertoire. Working in only black, white, and red, he showed long column gowns with a gothic sensibility, tiny slipdresses that combined matte and shine, and elaborately constructed, peplumed bustier tops worn with sheer trousers or a see-through pencil skirt plus a couple of leather Perfectos for tossing over it all. Yildirim is a fairly talented dressmaker. The long black gowns with a bit of white peeking out from a single sleeve or the neckline were special. Overall, though, the collection was a real mix, one that lacked a convincing point of view. It wasn't the clincher he needed."
5306,"Denim megalith J Brand quietly launched its apparel line a year ago with a small capsule collection. This season, presenting for the first time, the brand showed its muscle. Simply put, this collection proved what a company with a robust bank account can do, provided it's guided by a talent as savvy as J Brand creative director Donald Oliver. At today's presentation, Oliver made two points that bear repeating: First, he asserted that the J Brand woman, as he sees her, wants to look ""relevant,"" but not ""trendy""; second, he explained that his design team starts each collection thinking about denim. The two points speak to the same thing, actually. The emphasis on denim was reflected in the new collection by its focus on staple pieces not just jeans, but all kinds of items that can be used adaptively through a wardrobe. Nothing here was terribly challenging, but Oliver's reinterpretation of familiar silhouettes was fresh and incontrovertibly luxe. To wit, look no further than his terrific navy shearling biker jacket, updated by its unexpected color and material, and the myriad small ways Oliver had reshaped the classic cut. And thus, by starting with denim or, more broadly, with the idea of working with wardrobe fundamentals Oliver had arrived at precisely the spot he'd been wanting to go, ""relevant"" but not ""trendy.""  That strategy just kept working. Legging-skinny jeans were tricked out with dressy coatings. Track pants were turned out in boiled wool and leather. The basic black pant got a new, sculpturally tailored shape. Jackets were shorn of their collars or trimmed in satin, while the tuxedo was reimagined as a lean jumpsuit, or a vest made from mud satin and ponyskin. Individually, these pieces felt special; as a whole, the collection was accessible yet terribly urbane. Women won't just be buying these clothes come fall; they'll be wearing the hell out of them, too."
5307,"Pamella Roland channeled the opulence of Saint Petersburg's Winter Palace for her Fall collection. She turned memories of wrought-iron gates into wool laces that scrolled across deep green and purple cocktail dresses and spun pale gold from the Palace's interiors into metallic brocades used in capes and coats fit for a czarina. Leather, peplums, metallic tweeds, ruffles, beaded fur the clothes were just as ornate as their inspiration might imply, and often as heavy. There were some moments of lightness. Mesh panels on cap sleeves and midriffs gave the gilding space to breathe. But all that OTT luxury found a home in Roland's finale gowns. It was there in the 100-plus buttons spiraling around the body, sternum to thigh, on one forest green silk crepe gown, unbuttoning to a just-so point. And there was real Hollywood vamp potential in a strapless red gown cut to trace the model's every curve. There are a number of designers at New York fashion week sharing Roland's niche clothes for fantasy occasions rather than the everyday. Roland's points of difference are the dark glamour of her designs and a good-from-all-angles approach. If she keeps playing to these strengths in the wake of her triple credit at the Golden Globes, we can expect to see more of her gowns at red-carpet events to come."
5308,"A giant sun was suspended from the ceiling of the Lexington Avenue Armory for tonight's Marc Jacobs show, postponed from his usual Monday night slot due to delivery issues. The orb turned your seatmates' faces a startling shade of yellow, but when you looked across the enormous concrete stage, everything was in shades of gray, almost like an old sepia photo. It had the same desaturating effect on the clothes Jacobs sent out. You could make out patterns, like the microplaid of a simple shirtdress, and you could see texture, such as the mohair of snug tops, the fox fur on coats, or the flash of sequins, but you couldn't really determine their color beyond guessing whether something was light or dark. If he had left it at that, it would have been an intriguing though ultimately frustrating experience. But then Jacobs turned up the house lights and sent all 55 models, who wore matching shag wigs, out again to repeat the circuit. It was then you noticed that some of the plaid actually sparkled and that from dress to dress the sequins changed from navy to burgundy to rose to shimmering gold. This isn't the first time that Jacobs has fiddled with the traditional runway show format several years ago, he staged a show back to front. But why send the clothes out twice, first colorless, then not? Jacobs lifted the low-frequency light idea from Olafur Eliasson's The Weather Project at the Tate in London, a show that resonated with him after his newly rebuilt West Village house was badly damaged by Hurricane Sandy. ""Last season was all black and white, and life unfortunately isn't that way, it's all the shades of gray,"" he said backstage. ""I've felt out of sorts, and I wanted to see things sort of dismal and then still show the optimistic side."" ""Somewhere Over the Rainbow,"" a song we've heard at an MJ show before, was the other obvious reference point. As for the clothes themselves, they were stripped down and irony-free: cable-knit sweaters, tailored blazers and vests, silk pajamas, fox chubbies, scads of high-waisted briefs all familiar from Jacobs' oeuvre. The fact that the designer came out for his bow in pajamas of his own (Prada, for the record) offered a clue. He was after the comfort of the familiar. In a New York season strong on real-life clothes, the straightforwardness of that approach resonated. Partially led by Jacobs himself, fashion has been dominated these last few years by high-concept and often overelaborate clothes, and tonight's new direction felt right. There were terrific coats here for days, as well as neat little office-bound sweater and pencil skirt sets. For after-dark, Jacobs layered on those sequins: the most striking looks a pair of evening coats in oversize paillettes with plush fox fur draped around the neck. When the models came out for the finale, they assembled themselves into an orb of their own. Only Marc could turn a bout of melancholy and such simple clothes into the show of the week."
5309,"That's right, the lady is a vamp. Such was the takeaway from today's Guy Laroche  show, which found designer Marcel Marongiu putting a noirish spin on frank sex appeal. Marongiu's stated inspiration this season was Marlene Dietrich and her seductive and very womanly way of wearing men's clothing. For the most part, Dietrich's presence in this collection was subliminal you caught her in the suiting emphasis, and in Marongiu's range of very polished aviator jackets. But the overall vibe here eschewed Dietrich's trademark insouciance in favor of a more straightforward and emphatic femme fatale aesthetic. Draped leather and camo-print dresses with forties silhouettes featured plunging V-necks and/or slits up to there . Tie-neck blouses came with high-drama, billowing sleeves and were paired with A-line trousers with legs for days. Color and texture, too, helped raise this collection's volume Marongiu punctuated his black and navy looks with monochromatic ensembles in purple and fuchsia, and his most intriguing material here was a braided silk with the look of python. Insouciant, not so much.  And then there were the mesh dresses and the halters. Aside from Marongiu's iffy proposition that women wear leather or crystal halters plain, as tops, the really odd thing about this show was how many of the looks seemed to have wandered in from another collection entirely. The fuchsia ensembles, for example, had a clean look and sporty mien that were out of whack with the rest of the clothes, while the pieces in a black, rosette-textured technical fabric were winsome and romantic, and likewise felt out of place. Yet these were some of the stronger groups for Guy Laroche this season, which suggests that Marongiu would do well to ease up on his looks. A little intensity goes a long way."
5310,"Wren 's effortlessly feminine frocks and whimsical separates have become synonymous with its legion of ingenue ambassadors. Designer Melissa Coker has previously collaborated with fans such as Alexa Chung, Karen Elson, Gia Coppola, and Tavi Gevinson, and she's recruited indie darling Joanna Newsom to star in the label's Fall video, which features the singer-songwriter performing a folksy cover of Sandy Denny's 1971 ballad ""The North Star Grassman and the Ravens"" against a picturesque Malibu backdrop. The short film imparted the new collection with somewhat of a surreal aura, but remove Newsom's enchanting harp plucking and the giant owl from the equation, and the result is straightforward clothes that don't break any boundaries but nonetheless have commercial appeal for a broad audience. Cases in point: a leopard-print silk peplum top paired with matching cropped trousers, as well as a fluttery shift dress in the same pattern. Many of the standout pieces here had a slightly retro look. A double-breasted faux-leopard coat gave off a sixties vibe, while a cropped turtleneck worn with a kicky color-blocked skirt channeled Liv Tyler's character in Empire Records."
5311,"There's no kind of collection harder for a reviewer to grapple with than one that's predictably competent. Today's Costello Tagliapietra was a classic of the genre: There's just not much to say about a group of expertly draped silk and jersey dresses except, well, that happened again. Everyone knows that Jeffrey Costello and Robert Tagliapietra are very, very good at designing soigné, day-to-night draped dresses, and this season, that's what they did. Again. Some of the draped dresses were obi-belted; some of them came in watercolor prints that didn't quite gel. Some of them were in different colors, back-to-front. A few at the close of the show were done in satin, and consequently felt dressier and had a bit more structure. C'est tout. The more interesting stuff to reckon with, here, were the looks outside of Costello and Tagliapietra's usual ken. There was an unexpected current of quirky granny chic in this collection, evidenced in cozy hand-knit sweaters and modest alpaca skirts and trousers; meanwhile, the prints that came off as a bit much in the dresses were used to nice, eccentric effect in a couple of layered button-downs. Costello and Tagliapietra are longtime residents of Brooklyn; perhaps now they've picked up an affection for the borough's dowdy-hipster aesthetic. Whatever the influence, it wasn't fully absorbed, though it was refreshing to see some experimentation on this runway."
5312,"Pedro Lourenço opted out of a Paris show in favor of a digital presentation. It's worth mentioning, because his decision to focus on the product rather than the theatrics of the runway resulted in his most promising collection to date. Like many others this season, Lourenço looked to the forties and fifties as a jumping-off point. The key to the success of his new clothes is that they retained little of the rigid formality of those decades. ""I wanted everything soft and light,"" he said at a preview. Cases in point, cocktail dresses with heat-transferred shiny crocodile motifs so 2-D they looked like digital prints, and a red-and-black leopard coat whose pattern was likewise laser-cut and glued on. Why go to the trouble, when other designers would be content to do a print, and customers might not be savvy enough to tell the difference? Lourenço is the first to admit he's a bit technology-obsessed. Technique counts for a lot with him, too. Here, a bolero and pencil skirt made of wrinkle-proof Japanese organza ""feathers"" struck a somewhat over-the-top note, but overall his handwork was subtle. That meant that smart tailoring for example, a velvet pantsuit built for comfort with a silk crepe back could come to the fore. Pleats have become a hot topic this season, and Lourenço's were charming, especially in striped moir . This was a savvy step forward for the young Brazilian."
5313,"If Little Red Riding Hood grew up, got angry, and went on a wolf hunt, this is what she'd wear: a dotted Swiss hoodie, a no-nonsense boiled-wool skirt, and an inky black wool coat, its edges dissipating into the laser-cut outlines of spindly winter branches all the better to camouflage into her surroundings, my dear.  Katie Gallagher showed all this and more dark winter delights in a collection she called The Winter Froze You Away. The dotted Swiss ran throughout the almost all-black collection, its innocence subsumed by something stronger. It showed up sheer (as leggings and second-skin long-sleeved shirts), 3-D (cotton dots on a silk chiffon T-shirt; nubby boiled-wool top-and-skirt combo), and paneled into fine-gauge sweaters. It even ran into the beauty realm, with ombré pointillist nail art. But the biggest step forward for Gallagher in this collection may have been the relative diversity of silhouettes she included. Along with all the body-con pieces, there were garments that left space to breathe, without compromising on witchy allure."
5314,"Australian designer Kym Ellery's first claim to fame was her terrific wide-leg pants. This season, she brought them back, which is a cause for celebration not least because the world seems a little more ready for that silhouette than it was when Ellery debuted them. Anyway, trousers aside, there were a lot of new developments here to get excited about as well. Riffing on the theme of bandits, and the Vincent Gallo film Buffalo 66, Ellery turned out her most multidimensional collection yet, incorporating a new sense of fluidity and atypical elements, such as lace and floral print, into her architectural aesthetic. The fluidity was to be found in the collection's draping, and in structured yet evanescent skirts of white or pale blue organza. Ellery made her lace durable by coating it with rubber and bonding it; the material that resulted seemed to sum up this brand's particular fusion of sweetness and toughness. But the best new element was the print, a magnified floral taken from a Dutch Old Master still life. It was the least frothy floral imaginable, and it really refreshed pieces such as Ellery's tulip-skirt cocktail dress. The print also reverberated nicely with the collection's textural materials, the croc-embossed calf leather and raw-edged tweed, and with the crisp, almost monastic white shirting. Most of all, though, along with the handful of fluid shapes and the rubberized lace, the floral lent the collection a touch of tenderness, maybe even vulnerability. Maybe there's something about watching Buffalo 66 a bunch of times that makes you realize there's nothing particularly interesting about being invincible."
5315,"Henry Holland is one of the few fashion designers these days who actually seems to make clothes with young people in mind as opposed to middle-aged people who think they are young. So there was something of a cheeky about-face this season with the designer focusing on the idea of, as he put it, ""Rave Nana."" Now, according to Holland, this could mean a girl who goes to her grandmother's house in 1989, with acid house in full swing has nothing to wear to go out, and so plunders the nana's wardrobe, throwing in some dated soft furnishing fabrics for good measure. Or it could mean the nana herself decides, as MC Kinky opined in the opening track for the show, that ""everything starts with an E"" (that's Ecstasy, Americans) and ends up in a lay-by off the M62 (that's a freeway near Manchester, England, Americans) passed out with a pocketful of pills. Or, and this is perhaps a hidden message just for this reviewer (although there were more of us in the audience tonight), it means grow up. You aren't 16 anymore. You listen to way too much house music (now known as EDM, Americans). This clothing belongs to us! If this all sounds very parochial, domestic, and British, with a lighthearted view of drug use, well it is. And Henry Holland makes no bones about that. His last two collections have been tinged with a nostalgia for a time he can barely remember the late eighties and early nineties; the designer is 30 this year. That nostalgia has given his clothing an added panache and a very definite link to a musical heritage that connects with his audience in a new way. It has made House of Holland produce clothes that stand out and not just for lurid reasons such as the tunic and trouser set with paste pill appliqu's; the seventies furnishing-fabric print suit and dresses and accompanying knitted sweaters (almost a perverse take on old Prada but still with a punch of their own); the shiny vinyl pieces with dyed shearling interiors. It might just have made Henry Holland grow up that little bit, too."
5316,"Bally 's Michael Herz and Graeme Fidler outfitted their presentation space like a haute igloo today, complete with faux-sheepskin floors and a pair of real Siberian husky puppies. Those dogs ran away with the show, but when you managed to tear yourself from the Instagram opportunity, there were smart shoes and outerwear to be found here. The designers are a little late getting in on the trend for men's shoes, but they compensated by looking to the Swiss company's 120-plus years of making brogues. A stacked-heel oxford looked good. As for the coats, the designers claimed they were inspired by Lee Miller, the World War II photographer turned Vogue portraitist. The connection wasn't easy to see, but hand-painted buffalo-leather jackets with four-ply cashmere collars, as well as white minks inset with black leather to create a more fitted line, will find admirers anyway."
5317,"Having recently launched their little-sister Viva Vena line, Vena Cava 's Lisa Mayock and Sophie Buhai now have another outlet for their whimsical prints and flirty frocks, which have driven sales in the past but also cramped creative growth in a certain sense. Finding a contemporary home for those more commercial pieces meant the design duo was able to refocus on making ""future heirlooms,"" and it resulted in a strong lineup. Interestingly enough, Mayock said it reminded her of their debut collection, nearly a decade ago talk about coming full circle.  There was an emphasis on new volumes and ""extreme basics,"" according to Mayock. A snug cropped jacket paired with ultra-wide palazzo pants was a playful take on suiting; and a slim, midi-length pencil skirt with a detachable lapel detail also riffed on the traditional tuxedo. Enveloping, oversize wool coats added a polished finish to several outfits but still had that slightly witchy vibe that is identifiably Vena Cava. Speaking of, they didn't drop pattern completely, and incorporated a mystical collage with seeing-eye motifs into several memorable looks that put their progress this season into perspective."
5318,"Cristobal Balenciaga would create one single black dress each season to highlight his latest innovations in cut. He felt monochrome honed the eye to understand and appreciate his technique. A similar thought process motivated Mary Katrantzou with her new collection. Wanting, she said, to take her work forward, she shifted away from the prints and color palette that have fueled her meteoric rise, to a strong focus on shape and silhouette. Which meant that color was almost completely back-seated this season. As much as the audacity of that move might have been cause for concern, it also generated anticipation, especially when Katrantzou mentioned the early-twentieth-century photogravures of Edward Steichen and Alfred Stieglitz as guiding lights. Their painterly, impressionistic black and white photos reengineered nature as effectively as Katrantzou has done in her own work. Today, an early outfit printed with tram-lined cobblestones, a single streetlamp, misty moonlight suggested monochrome could be just as magical as last season's banknote beauties. So did the image of a blossom-laden tree that spread across one sleeve of a top while, on the other sleeve, a full moon hung suspended in the sky. Color or no, Katrantzou's fantastical, shadowy landscapes still seduced, with the added poignant allure of the melancholy that inevitably attaches itself to misty monochrome. But this time, those remarkable prints weren't the main event and that's where the trouble started. In her yen for progress, Katrantzou opted for the architecture of asymmetry, with huge obilike folds and (for the first time) drapes of fabric that suggested Japan's or McQueen's fashion avant-garderie. Stiff asymmetrical excrescences sprouted like breastplates. (One of them acted as a screen for a cascading waterfall.) Though you could say that contrivance has always been at the heart of Katrantzou's work, that wouldn't have implied criticism until today. The statement she wished to make was obvious, made more dramatic by the hardness of embossed black leather, in an austere shift or a skirt under a big slashed sweater. They were direct maybe even violent enough to make you wonder if Katrantzou felt that color has become a prison for her. She did, however, leave the door open a crack, with a handful of prints that looked hand-tinted, like turn-of-the-century postcards."
5319,"Once the Costume Institute at New York's Metropolitan Museum latches on to a theme for its annual exhibition, you'll find that notion gets major traction in fashion. This year, it's punk's turn. There's something of a disconnect in all that ardent youthful disaffection being spun into a museum exhibition, but even in its brief, heady, transcendent moment, punk was turning. Its irresistible, iconoclastic beauty infiltrated the unlikeliest corners of pop culture. Divine safety-pinned into Zandra Rhodes at One Fifth in 1978? That was hardly what Malcolm and Viv had in mind when they dressed the Sex Pistols two years earlier. You can only imagine what they would have made of Elizabeth Hurley trolling up to the premiere of Four Weddings and a Funeral in 1994, pinned into a Versace variant on the punk theme. But hey, however it comes, the house has a history with punk. And Donatella is fashion's original rock chick. So when those two threads were woven together tonight, you got one convincing statement. ""Vunk!"" she called it. The spiky edge of punk, the slinky sex of Versace. Like her friend Tom Ford's show in London four nights ago, Donatella's presentation was fearlessly over-the-top. One word: vinyl! Its beyond-the-pale fetish connotations made it ideally unacceptable in the eyes of proto-punks like Siouxsie Sioux. Which made it an ideal cornerstone for Donatella. She herself was wearing vinyl jeans. She said they made her feel sexy. But she was also taken by vinyl's stark contrast with the luxe of cashmere, or the plushness of fur. Such extremes drove the collection: a coat as elongated as a military officer's paired with a pelmet skirt; a sheath of pure white crepe bifurcated by a strip of lethal nails. Spikes and nails and bolts were all over earrings and chokers and bracelets. It was discombobulating to see the hardware of pain reconfigured as a fashion accessory, but that was, after all, what Siouxsie, et al., did back in the day. Reconceptualize! No compromise! Gianni was a master at it. And Donatella has learned. Sometimes, she is hesitant about what she's done, but tonight it felt like she was truly at home with the in-your-face-ness of her collection. And it's enchanting to think that she might have headed off home later on for a good old blast of Slaughter and the Dogs."
5320,"Jack McCollough and Lazaro Hernandez's love affair with Tumblr appears to have been brief. The kaleidoscopic prints and vibrant collages of last season, inspired, they said, by surfing the Internet, have been replaced by clothes that have their antecedents, at least in terms of silhouette, in haute couture. The duo have shown tweed bouclé skirtsuits and cocktail dresses in guipure lace before, but it was always with a wink. The guipure lace, for example, was neon. Here, they seemed somehow more serious in their ambitions. Their starting point was certainly lofty: the Zuma series of photographer John Divola, cataloging the slow decay of beachside structures. Deconstruction, however, was not what the designers ended up with, even if the color palette, mostly black and white with only the lightest touches of mint and peach, was quite reduced. The round forms of coats and jackets hinted at the work of Cristobal Balenciaga, and the elaborate fabrics must've been months in development. One laser-cut material with what looked like hundreds of heat-fused embroideries was created via a process called ultrasonic welding. They used it for slim, cinched sheaths. Industrious? You bet. We've said it before, McCollough and Hernandez might be the hardest-working designers in New York. As if to remind us that they're still edgy young dudes, they embroidered dresses in long vertical chain links a timely take, given the Costume Institute's upcoming show, on punk chain mail. Those were fun and magazines will photograph them like crazy, but the real accomplishments of this show were subtler. Backstage, Hernandez was riffing: ""It was all just soft, that's the one word we were thinking about. Softness of form, softness of color, softness of texture."" This time around their tweed bouclé jackets and skirts were actually made from woven strips of black and white leather. One word: wow."
5321,"The Musée Galliera's Olivier Saillard put a dress from Bouchra Jarrar 's January collection side by side with a Chanel frock from the twenties in the new Paris Haute Couture exhibition at the Hôtel de Ville. Jarrar's days as Paris' best-kept secret may be coming to an end. More proof of that came at her showroom presentation today a label representative reported that the coats from that runway show were particularly popular with retailers. With outerwear so well represented in January, Jarrar's new collection was focused more on wardrobe basics like high-waisted pants, contrast-trim cardigans with deep shawl collars, and silk crepe blouses and dresses. Except that nothing is ever quite basic in Jarrar's hands, least of all a ""total look"" black and white checked pantsuit that she showed with a couple of her signature graphic scarves. The designer goes to great lengths to deliver uniqueness. The geranium red of a leather shift dress was specially made for her; same goes for the camel gabardine of her high-waisted pants. With Jarrar's profile on the rise, maybe it's time to move that January show a month back and combine those highly detailed clothes with the simpler ones here, so the larger crowds of ready-to-wear can see what the fuss is about."
5322,"Los Angeles designer Jasmin Shokrian launched Draft No. 17 , a line focused on reinterpreting her signature sculptural silhouettes at a lower price point, back in 2009. At a presentation of the new Fall range, the designer explained that while Draft is commercially viable, she misses working with luxurious textured fabrics and intricate handcrafted details. As a result, she's decided to elevate the quality and construction of the diffusion collection. It paid off: The clothes may wind up being pricier, but their special feel will speak to her customers. Shokrian's intention was ""to create clothes that meet at the intersection of order and chaos."" Those contradictory concepts harmonized in pieces like midi skirts that merged sturdy canvas with soft pleats, as well as cape-sleeve jackets that were simultaneously tailored and cocoon-shaped. Shokrian breathed new life into hallmarks such as judo pants, kimono dresses, and circular blouses, which had a stricter sensibility this time around. Outerwear was a surprising highlight. The boyish double-breasted peacoat and a petal-pink cashmere vest that stood away from the body and tapered all the way down were particular standouts."
5323,"There have been times when Ann Demeulemeester 's womenswear has been inspired by real-life poetesses, artists, adventuresses. The clear, forceful vision shaping today's show felt like one of those times. So, Ann, who was the real woman behind this collection? The designer paused for one perfectly timed beat, smiled, and answered emphatically, "" Me ."" Of course. Who else? No poetess needed: This particular lineup of clothes was such quintessential Demeulemeester that it was practically a manifesto. ""I made everything I like,"" she said. And that meant, in a word, duality. Black and white, male and female, fluid and constructed, fragile and strong. All of it rolled together in one polymorphous package. If Demeulemeester has toyed with the ethereal of late, she earthed her new designs in heavy, laced-up boots. Her signature, solid layering of short-over-long waistcoats, jackets, and coats will always suggest highwaywomen and Napoleonic army deserters in equal measure, but here even the longest, floatiest pieces could have garbed both princess and parish priest equally well for martyrdom the purest picked out for death by fire. The smudged-eye makeup hinted at the penitence of Lent. There aren't many any  designers who can curry such flights of fancy, but there also aren't any other designers who set the mood of their shows with Nick Cave crooning, ""They've hung the mermaids from the streetlights by their hair."" That image alone was enough to incline you toward a fin de siècle scenario for Demeulemeester's presentation. But if it was to be a last stand, the designer sheathed her women in obis and breastplates of stiff black leather, the poetry underpinned by a core of tough resistance: ""What we need today,"" she declared."
5324,"Richard Nicoll said his approach to his latest womenswear collection was really simple: ""It's how I'd want to dress if I was a woman."" But there was also enough in the collection of how he likes to dress as a man to give the clothes a particular boy/girl frisson. Not androgyny, more the kind of polymorphous glamour that is something of a Nicoll signature. For Nicoll, the oversize men's shapes coats, jackets will always reference David Byrne in the Talking Heads tour movie Stop Making Sense. But there was also a picture of Debbie Harry in a tank top pinned to the wall of his studio, and somewhere between those two poles, the contrary conservative/rebellious spirit of the collection took shape. ""Special normal"" was the designer's own tag for his mix of luxe and casual. He talked about ""fabrics in disguise,"" like his ""denim,"" actually a cashmere woven. Which meant that a look as seemingly utilitarian as a drop-waisted ""denim"" jumpsuit was actually the consummate expression of Nicoll's hi/lo ethos.  New for him were biker details, from a jacket in orange leather all the way to subtle references like the diagonal zip on a sleeveless shift, or the draped lapel on a cocoon of ice-blue silk. Nicoll also used patterns from nature for the first time: A croc-stamped jean jacket paired with baggy ""denim"" pants, or a croc-stamped angora sweater paired with a skirt in dove-gray patent leather both offered a relaxed take on luxury. So did Saga furs intarsia-ed into herringbone patterns (more of that polymorphous glamour).  If confidence has sometimes been a distracting issue for Nicoll in the past, his new collection had the subtle swagger of a focused designer who knew he'd done good. And it offered further proof that if Nicoll starts with himself (anyone who saw his recent appearance in cult trans mag Candy will know just how great he'd look in the orange organza dress with which closed the show), he can't go wrong."
5325,"The more convincing Neil Barrett tried to be about the essential minimalism of his clothes, the more the subtly intense luxury of his new collection contradicted him. Of course, minimalism and luxury aren't mutually exclusive. You only have to use fabrics as lush as the caramel-colored pony that Barrett cropped into a precise little jacket, or the double-face rayon whose rich, dry hand turned a plain old blouson into a thing of gotta-have-it beauty. But Barrett's collection was about so much more than fabulous fabric. Minimalism be damned, there was a wealth of detail here. The hand-stitched leather ribbing on the cuffs and hem of that pony jacket; the ruff of plissé sneaking out from under an irregularly pleated pelmet skirt; the quilted leather chevrons on a blouson; the bonded velvet on a sweatshirt they were artful touches that highlighted the difference a genuine design sensibility can make to an ordinary piece of clothing. ""As much texture as I can include in a neutral, contained palette,"" was the designer's own measured rationale for a piece as complex as the biker that combined pony, leather, and wool in a geometric collage, or the fencing-vest-like breastplate in off-white python that he laid under a white coat in boiled wool. That breastplate was actually a trompe l'oeil insert that was Velcro-ed under the coat, in the same way that a trompe l'oeil skirt appeared under a cinched coat, or a lapel ""scarf"" was layered under another coat. Sounds tricksy, but it looked great. It's always Barrett's ambition with his women's collection to prove that he can literally transpose his menswear. That he succeeded so well this season obviously had something to do with the fact that he was coming off such a strong offering for men, but it ultimately had more to do with the gender-immaterial power of the pieces themselves. He claimed ""minimal"" and ""modernist,"" but ""deluxe seduction"" rang truer."
5326,"Giulietta is one of the finalists for this year's CFDA/ Vogue Fashion Fund award, and as designer Sofia Sizzi explained after her show today, the experience has made her think through the hallmarks of her brand. Giulietta will always be in conversation with the sixties, Sizzi noted, but that conversation can take any number of directions. This time out, Sizzi was conjuring a late-sixties, upscale bohemian vibe the collection was a little Jane Birkin-esque. But only a little. Mostly, this collection was just very, very focused. Over the past few seasons, Sizzi's clothes have accumulated some girlish twee, but all of that was stripped away this time and replaced with austere color blocking and understated, fluid silhouettes. Though spare, the color-blocked looks were often very pretty to wit, the cape-topped black and red dress, which winked a bit of skin in the back. In general, though, they expressed a grown-up sense of purpose. That was even true of Sizzi's elegant caped tops she should get some of kind of award just for figuring out how to make an essentially nonfunctional, silly garment seem practical and cool. This she achieved by slicing her capes open all the way to the shoulder, and fusing them to trim wool turtlenecks. The best iteration of the look paired a black and white version of the top with a well-cut pair of white trousers. Elsewhere, Sizzi introduced an attractive tile print to the mix, which broke up the uniformity of her color blocking without diffusing its impact too much. The signature Giulietta culottes in the tile print were a definite winner, though they might have been nicer without the crystal embellishment. At the close of the show, a tonal version of the tile pattern found its way into the collection's evening looks, which were substantially weaker than anything else here. But overall, Sizzi's take on the almost-but-not-quite seventies was fluent, distinctive, and modern."
5327,"Spies: so hot right now. Designers Ken Kaufman and Isaac Franco are just one of many labels claiming that espionage inspired their Fall collection. In this case, the reference was pretty clear in a trench called the Interrogator available in both distressed calf and glazed felt and several long column dresses. One, shown in a mossy matte jersey, and another in a charcoal wool were sexy and just subtle enough for a modern Miss Moneypenny. Kaufman and Franco, who launched their label in 2004 and hosted their first ever runway show today, are also obsessed with the idea of a good girl gone bad. ""Like, if Rosemary ended up being evil at the end of Rosemary's Baby ,"" said Kaufman before the show. A demonic Rosemary would love the gunmetal sequins, applied in an ombré pattern to the one dress with a sixties-mod feeling about it. While Kaufman and Franco are proud of the moves they've made into sportswear this season's offering included black leather minis, leather shift dresses, and a gazillion pairs of fairly unexceptional leather pants their vision for evening remains stronger by far. (They've dressed a number of celebrities, from Taylor Swift to Jane Krakowski to Jennifer Aniston.) The casual furs were nice, but when the fluffy stuff is coming down the runways in gobs, you have to better distinguish it from the rest. The duo was recently selected to redesign American Airlines' staff uniforms. It would be smart of them to use that utilitarian experience to inform the day clothes next season."
5328,"Gustav Klimt painted some of the most rapturous works of the twentieth century. They inspired a collection from Tory Burch that was suffused with a gilded sense of romance. Art Nouveau florals, scarab prints, and dragonfly motifs stoked that fairy-tale flame. But as much as Burch may channel romanticism, she's a businesswoman at heart. Jewelry, accessories, and eyewear are rapidly becoming cornerstones of her empire, and the ornateness of her inspirations gave her ample excuse to pile them on. There were enough dragonflies alit on shoe heels and pendants for a proper swarm. And even where beetles and bugs weren't present bodily, they were suggested by the iridescent glimmer on everything from the polarized lenses of wing-shaped sunglasses to the Lurex threads running through knit skirts and dresses. Burch's collections never stint on ornament, but this one felt busier than most. A series of strong, simple evening dresses in gazar, crepe, and georgette at the finale helped to clear the smoke and glitter a bit. And a compromise was struck between effort and ease by a series in navy and white velvet rose jacquards. Burch wore one herself to take her bow."
5329,"Did someone press play on In the Mood for Love ? Following stylistic jaunts to the Philippines and Mongolia, Josie Natori alighted on the latest destination in her globetrotting design itinerary: Shanghai and Paris in the 1930s. It was chinoiserie with all the original glamour attached to the term, and none of the accrued kitsch.  Natori expressed her theme through lavish embellishments and surface treatments. Pale gold-embroidered dragons traversed trouser legs and evening gowns. A textured, dragon-patterned jacquard based on the design of an imperial robe formed a kimonolike coat and pencil skirt. Lacquered cabinetry from the era yielded steamy floral prints, and the formal tradition behind jade carvings infused the stiff obi belts cinched over cowl-necked dresses.  The collection stopped short of cheongsams, but only just. If chinoiserie was more literally treated than past themes, it's because it's ""so much what the yin and yang of Natori is strong, sexy, powerful,"" Natori said. But the treatment and styling gave it real modern gloss right down to the models' marcel-waved hair."
5330,"Creatures of the Wind 's Shane Gabier and Chris Peters are at a crossroads. For a young brand like theirs to grow, they need to address the commercial marketplace, to sell clothes. On the other hand, they don't want to lose the outsider, punk sensibility that garnered them all this attention in the first place.  That tension played out in their Fall collection today. They called it Candy, and beforehand they said they liked the appeal of something plastic and unreal, partly in response to the artisanal folksiness of last season. To achieve that, they chose artificial-feeling fabrics like a glossy poly film, and vinyl, rather than leather. The shiny stripes were a new development from Swarovski: practically microscopic shards of crystals affixed to bands of tape. An artist friend, Aline Cautis, hand-painted the graffiti swirls on vinyl T-shirts. Artsy till the end.  At the same time, they called the collection an exercise in restraint. ""We're hoping that people will be able to see themselves in the clothes."" Quirky materials and their penchant for collage aside, the silhouettes were quite straightforward: masculine and sporty in the case of button-front smocks with stripes at the shoulders accompanied by tapered pants, or almost sculptural in the case of boyish, away-from-the-body jackets, but never complicated. The shape that recurred most often was a drop-waist A-line shift; it looked particularly fetching in a patchwork of white and orange vinyl and a jacquard they said was influenced by Ettore Sottsass' early color studies.  So where did these dueling impulses for the unreal and the real net them? When designers decide to mainstream themselves, they run the risk of looking like everybody else. There's already something in the air this week about menswear and uniform dressing. But if it lost some of the uniqueness that makes CotW special, it was also easily their most polished and sellable collection yet."
5331,"What with the string quartet with the balalaika playing at the show, and the babushka headpieces designed by Piers Atkinson that topped several of the looks, it wasn't difficult to discern where Eudon Choi had sourced his inspiration this season. Yes, Mother Russia was in the house, and in a big way. Choi is a designer who likes a theme, and this one worked for him; it introduced a richness and romanticism to his erstwhile architectural aesthetic. The strongest looks here wore the Russian folk theme lightly, diffusing it into cozy sensuousness to wit, the full skirts in organza or chiffon-backed jacquard, or the terrific pink knit jacket with a graphic panel of wine-colored leather. This was Choi's first season doing knits, and it's not surprising that his best execution was in his outerwear; his reputation as a designer to watch largely rests on his phenomenal parkas and mannish coats. Another Choi signature is his use of embroidered embellishment, which he typically deploys in a graphic way; the crystal florals he showed here weren't terribly confident, but they didn't lack charm, and in any case it was nice to see him expanding his vocabulary. All in all, this felt like a formative collection, with Choi working to add new dimensions to his brand."
5332,"Designer Saloni Lodha lives in Mumbai. But she launched her brand in London, back when she was something of a local It girl, and in the years since, she has developed its aesthetic into an adroit mix of her Eastern and Western influences. Lodha's silhouettes are rather straightforward, with an emphasis on flirty jacquard and printed jersey skirts and dresses. But as this collection affirmed, the real interest in her clothes is the surface embellishment. Here, for instance, she transformed an otherwise anodyne organza cocktail dress by covering it in color-blocked Indian cord work. Elsewhere, she created camo-like patterns on a short dress and baseball jacket, using dense thread embroidery. Those were the most interesting pieces in the collection, but there were lots of attractive looks here as well. In particular, Lodha's stained-glass print gave a kaleidoscopic kick to her relatable little dresses. She also did well with her outerwear, which was both a new category for her this season and, as she explained when presenting the collection, an especially challenging one. ""When you live in Mumbai,"" she noted, ""it can be hard to remember that there are places where it's not always hot."""
5333,"That Antonio Marras has a poetic instinct for the romance and drama of fashion scarcely bears repeating one more time. Every collection is an obsessively detailed production, from the invitations (worthy of an exhibition at some future point) to the no-expense-spared mise-en-scène and, of course, the clothes, which are usually in the service of defining the Marras muse(s) of the season. This time, for instance, it was the women of the Bloomsbury Group, the gaggle of artists and writers who dominated cultural life in the UK in the early twentieth century. Marras helped his friend Lea Vergine curate Another Time , an exhibition about Bloomsbury, and he came away obsessed with translating its essence into fashion for a modern woman. It was a subject made for him. The Bloomsbury lot were freethinkers, obsessed with aesthetics, careless with convention. Watching the way Marras played with print, collaged fabrics and textures, mixed genders, he was poet, painter, and philosopher today. The women (and men) of Bloomsbury would have eaten him on toast. And his new muses liked their gardens, so Marras' floral tributes would have helped to win their hearts. His flowers made some of the most appealing pieces in the show: a print of pinks collaged with painterly graphics, a blooming angora, intarsia-ed tulips, tapestry roses. Marras' models walked through tableaux vivants of performers doing Bloomsbury-ish things reading, reading in bed, painting, posing, making music. That established a clear historical context. In the past, overt historicism has been both blessing and curse for this designer, but here it served to emphasize a newish mood of modernity in Marras' clothes. If they were complex in conception, they were relatively simple in shape. He liked a big slouchy silhouette with rounded shoulders and a zip. He also liked the slouch of a mannish suit, paired with platform trainers. Given the inspiration (and Marras' own inclinations), some element of another time was inevitable. But when a vintage mood insinuated itself, it had the flair of the glamorous women in the seventies who alchemized their style from old clothes. Or maybe that impression was induced by Marras going for the glam gold."
5334,"Lee Radziwill is having a moment. The octogenarian (as of next month) is the cover girl of the newly relaunched T magazine, and tonight designer Fiona Cibani name-checked her at the Ports 1961 show. ""True elegance"" was the tagline on the magazine; Cibani's words were ""timeless and elegant."" There were several outfits here that qualified, from a high-waisted coat in a black and white tweed and another in bonded black leather to a long-sleeve dress in charcoal with a full, below-the-knee skirt of almost New Look proportions. A belted V-neck sheath in that same shade of gray was worn with a dickey (the dickey is another thing that's having a moment). In the end, then, the collection wasn't exactly trend-free. The sweatshirt is a sporty look that designers have taken to elevating lately. Cibani's comes in white silk sable bonded to neoprene, paired with a bejeweled black pencil skirt. Another item that's been making the rounds: the boxy oversize tee. In bonded wool jacquard or that spongy silk sable, it's not necessarily something we'd think of for Radziwill, but she might be charmed by a luxe brown astrakhan hoodie. Astrakhan also made an appearance for evening on an apron dress belted in back over a slip with those crystal embroideries. We'd call that overcomplicating things. Cibani exhibited a surer hand with a tweed skirtsuit layered over a crew-neck sweater and shirttails peeking out below the waist."
5335,"Katie Holmes and Jeanne Yang opted out of the Lincoln Center tents, where they made their New York fashion week debut last season, in favor of private appointments at the Palace Hotel today. But if that signaled a change, they didn't alter their approach to the collection, which is now three years old. ""It's a quiet line,"" Holmes said, and Yang finished the thought: ""We're about wearing the clothes, not letting them wear you."" A stretch plaid peplum bustier top worn with matching tapered pants connected with Style.com's market editor, but for the most part, Yang and Holmes are content to leave the trend setting to other labels. Among the 15 looks they showed were a couple of shirtdresses in a plaid hammered silk and a chambray denim, and maxi skirts that they alternately paired with a peplum top and a silk camisole. Instead of leather leggings, they cut pleated suede trousers in a warm shade of butterscotch. Despite their assertion that the clothes were inspired by the 1940s, there wasn't much holding the disparate elements together, which was an issue for Holmes & Yang last season, too. If they are developing a signature, it's for special details like the metal nailhead trim along the inner hem of a two-tone cape, an idea borrowed from Coco Chanel (who used metal chain in her jackets) to add body and drape. A long beaded mesh dress also caught the eye. They actually designed it years ago, not long after they launched the brand, but didn't feel they had the collection to match it until now. Slow and steady wins the race, but to grow a label, it would seem that they need more of that razzle-dazzle."
5336,"It's been ten years since Jenni Kayne launched her Los Angeles-based line of easy, cool-girl separates. To celebrate, she dedicated Fall 2013 to two of her favorite fashion eras: the nineties and the seventies. ""Think Bianca Jagger hanging out with nineties supermodels,"" she told us via phone after the show, stranded in Los Angeles thanks to the blizzard threatening the East Coast. The references made sense, but not too literally. For Bianca, there were Studio 54-appropriate cummerbunds in black and white silk, and a long black dress with a V-neck to the waist. For Naomi and co., Kayne brought back her first-ever leopard print, a more abstract version than the other animal prints we've seen this week. There were mules, too, and a kitten-heel version of Kayne's popular d'Orsay flat. The shoe is the designer's first real success in brand extensions, and it's easy to see why. Practical and elegant shoes are quicker to come by than they used to be, but still nowhere near easy. One element we could have done without? An acid green and black paisley print Kayne drew herself. While it wasn't ugly, it did look a little more like a dragon head than paisley and didn't really mesh with the rest of the collection. A strapless silk dress in hunter green silk shantung layered over cropped cigarette pants in the same color was the star of the show and could work well in either of Kayne's preferred decades. Or now. Because, after all, Kayne designs first for a modern woman, not an idea."
5337,"Sometimes, all a brand needs is a good shake. Newly appointed creative director Joanna Sykes has certainly given Nicole Farhi that: In her first season at its helm, she's cleared away all that was digressive and superfluous, and instituted a regime of rigorous focus. As Sykes explained at the by-appointment Farhi presentation today, her first moves at the house were to shift production back to Italy, as part of a general recommitment to quality and to restore Farhi's original vision of her brand as an adaptable, man's-style wardrobe for women. So far, so good. And though this collection did feel rather formative and justly so it boasted so many fantastic pieces and such a well-defined point of view that you just had to look forward to the development to come. Sykes' emphasis here was on menswear-inspired looks; indeed, ""emphasis"" may be too weak a word, as the influence was evident in virtually every piece. The most interesting looks took traditional menswear elements and exaggerated them: to wit, a button-down shirt that incorporated a kind of cummerbund, or a magnified pinstripe print, or a dense, hand-loomed knit that blew up both the pattern and texture of tweed. Meanwhile, even the more mundane looks benefited from Sykes' razor-sharp cuts. This is a designer who knows her way around an angle; the collection as a whole had a cool sense of geometry. Farhi herself, of course, was pursuing a softer course in her final collections, and it was hard not to miss some of her sculptural fluidity; that said, in Sykes' previous gig heading up Aquascutum she always managed to infuse elements of femininity and sensuousness into erstwhile mannish clothes. You have to assume that Sykes will return to that form now that she's got her Nicole Farhi principles set down. All in all, this collection was a modest success on its own terms, and augured really well for Nicole Farhi's future."
5338,"At 10 Crosby Derek Lam , the bold colors and punchy prints that have been mainstays the past several seasons were dialed down in favor of a new emphasis on texture and textiles. Design director Elizabeth Giardina said she and Lam hoped to cultivate the 10 C customer's natural yet smart approach to style with a tactile lineup full of hushed nude tones and rich neutrals. A classically tailored overcoat cut from glossy faux pony hair set a strong tone for outerwear, while a full selection of weekend knits ranged from clingy, delicate cardigans to chunky peplum sweaters. Giardina chose somewhat scratchy fabrics (they weren't half as bad as that sounds), like the nubby wool of a cummerbund-detail jacket or a long-sleeve party sheath made from allover holographic sequins with a scored, imperfect effect. Accessories are an expanding category, and the pointy, zippered patent flats and to-the-knee python boots energized a collection that was, all things considered, the contemporary line's most sophisticated to date."
5339,"Lo these several years ago, Chloé Sevigny participated in the now famous street-side runway show for Kim Gordon's X-Girl line. (She also served as the line's fit model.) Some 20 years later, with Sevigny at the helm of her own collection, Gordon returned the favor. She was one of several girl rockers whom Sevigny tapped to score and star in the presentation for her Opening Ceremony line, in what amounted to a sixties-style happening meets mini music festival: five bands, so of-the-moment you've never heard of them, rocking out in turn while models danced along. (The band names were painted on placards, but so were a series of inscrutable tags and messages. You could make a parlor game of picking out the bands from the blather: IUD , Finger Poetry , Thinner , Ham .) It was a guerrilla assault on the traditional runway show, just as Gordon's had been two decades before. And that dovetailed nicely with the stated theme of protest more or less. The hint of Occupy was in the air, but Sevigny said that that had mostly made her think of the earlier protests staged by youthquakers in the sixties. Whatever they might've been protesting for or against got a bit lost in the shuffle ( Ham  ), but Sevigny's interest is the clothes, and her medium is her message. ""I feel like every teenager that's somewhat alternative goes through a sixties obsession and a mod obsession,"" she said. Her collection juggled mod-ish styles little A-line dresses, thrifted-looking peacoats in wide-wale cord, patent leather booties, bow-front T-strap flats with pieces pulled from other corners of her adolescence, like stretch skirts and dresses printed with Egyptian ankhs, hearts, and cherries, and sweats made with Vision Street Wear, the label her brother wore to skate. It fit together only according to the helter-skelter logic native to teenagers, but that was fine for a celebration of youthful verve and fuck-it-all. The link to the past wasn't the sixties, but Chloé's own It girl nineties in other words, to the X-Girl years. She suggested as much by modeling in this presentation, too. ""Every collection is a nod back to my teen years,"" she confirmed after the show. ""It's very narcissistic."" But she said it with a laugh that asked, Is that really so bad? and it wasn't too hard to agree."
5340,"Nanette Lepore has been avidly following the images coming back from the Mars Curiosity rover over the past few months, and she cited the Red Planet as a launch pad for her Fall collection. Backstage before the show, the designer mused, ""I keep thinking, will my daughter really go there [Mars] one day? Is that going to be the new normal "" Lepore touched on the theme with engineered prints that resembled either molten lava or ""a slice of Earth,"" as she put it. The holographic leather accessories here such as ankle-strap platforms and structured carryalls were less space age and more Seapunk (ask any of the bloggers sitting in the front row about that alternative trend), but they're still bound to resonate with Lepore's contemporary customer. Ultimately, it was the simpler, down-to-earth looks that made the biggest waves. Two suits one cut with a bit of slack, the other nipped in and slim were surprising standouts. Who knew suits were such a strong suit for Lepore?"
5341,"With their mishmash of prints, textures, appliqu's and colors, Johnson Hartig's Fall 2013 men's and women's clothes for Libertine were a trip. Or they were inspired by one, anyway. Backstage after his show the designer explained that his travels to India specifically the methods of adornment he found there influenced the hues and embellishments in his Fall collection. In fact, his finale dress, an inherently simple black knee-length frock, was covered in gold, sapphire, and emerald beads, as well as metallic streamers and fabric that he had picked up during his travels. But Hartig didn't stop with India. He took us to sixties Morocco via fluid tunics and velvet silk pants, both of which were printed with collaged photographs of Moroccan rugs. Seventies punk influence reared its head (mainly in the form of skulls, which appeared beaded on the back of men's blazers and the front of women's tops and dresses) as did Stevie Nicks' vampy, sheer black dresses. An oversize-houndstooth coat in cream and caramel was layered over a tweed skirt and beaded forest green cardigan, evoking warm hints of nostalgia, and a shrunken printed jacket made with so many colors it looked like it had been finger-painted complimented a striped skirt and sweater underneath. That's Hartig's forte: combining the most unlikely, clashing patterns and concepts and making them somehow match. Men's cashmere sweaters (each of which was made in L.A. the designer is trying to expand his knit range) were playful with their eyeball and ""Neat Neat Neat"" prints (that's actually the name of Hartig's favorite The Damned song, which he used to close the show). Tartan dresses covered with beads, as well as a metallic blue frock whose floral fabric recalled wallpaper, aged the collection; Hartig could have skipped those journeys. The most wearable pieces came in screen-printed tie-dye, which appeared on jeans, sweatpants, tailored jackets, and cardigans for him, as well as fur-collared swing coats and jeans for her. He used the print on a quilted silk shift and matching jacket, which, finished with black crystals and hand-painted details, were kind of mesmerizing. ""That one's a little sixties. It looks like it was handmade in China,"" said the designer of the coat. There you have it: around the world, and back in time, in 51 looks."
5342,"Last season found Christopher Raeburn taking great strides with his womenswear. This time out, the designer was back in incremental mode, expanding on the precepts laid down in his previous collection. One look pretty much sums up the nature of the development here: The cropped jacket and track pants made from felted Teflon-coated lace closely mimicked a technical lace look in last season's show; in that case, the lace was glossy and lightweight, whereas here it was fuzzy, dense, and cold-weather suitable. Not too much to report, in other words, but then a huge part of Raeburn's charm is that he's got about zero interest in creating novelty for novelty's sake. To wit, he's been doing versions of his signature boxy bombers since he launched, and they've yet to become tedious. Today, the best-looking bomber was made from a crisp dégradé? wool; the material also found its way into a sharp mac and a straightforward military-style jumpsuit, two of the standout pieces in the show. Raeburn's emphasis this season was on graphics, a theme the dégradé? wool got at quietly. A much louder interpretation was seen in the optical black and white stripes made from Russian Breton knitwear. Those stripes packed quite a visual punch, but in keeping with Raeburn's incremental approach, they also elaborated a graphics theme he's been exploring from day one, via his trademark grosgrain-ribbon details. The most significant development in this show was a subtle one, however: There was something about the way Raeburn's shifts were draped that made you sense that he was finally getting his head around the feminine. It was a hard-to-define, barely there change, but it was also noticeable in the details of certain garments, like a toggle coat with a capelike shoulder, and it augured well for the future."
5343,"Umit Benan has had a couple of challenging seasons at Trussardi after his promising Spring '12 debut. Today he found his mojo: This outing was his strongest yet for the house. It's not that he's changed his formula, per se; Benan has been reinterpreting his popular menswear for women from the start at Trussardi. But this one was more keyed in to the way we really dress. None of the stuffy mistakes or the strange colors of his Spring show. Instead, the clothes had a relaxed confidence, and an inventiveness to boot. The double-breasted brown coat he closed the show with (one of a handful of well-cut outerwear pieces) turned to reveal a navy ponyhair inset on the back above a white leather martingale. Trussardi being a leather goods brand, there were lots of skins here. A leather pantsuit can be a tricky proposition, but Benan made convincing work of his; same goes for a chalk leather biker with a matching V-neck tee and pleated skirt. Only a leather dress with knit sleeves looked off the proportions of the shoulders were wrong. But slip-ups like that were few and far between in this 24-look collection. A windowpane plaid that he cut into a button-down and trousers then draped into a dress showed Benan's growing versatility as a womenswear designer. Should he and the Trussardis decide to part ways, as has been strongly rumored in Milan this week, that shouldn't detract from the solid achievement of this outing."
5344,"Walking into Marni 's show this morning, one change was glaringly obvious. The entire space was wrapped in a backdrop, a woodland-in-winter scene whose severe beauty immediately established a mood. ""It's a really new atmosphere for us,"" agreed Consuelo Castiglioni. ""Austere but romantic."" The austerity already insinuated itself with last season's monochrome, but here it was even more stripped to the bone. Masculine flannels and tweeds were cut into strict, angular silhouettes, diagonally zipped, and paired with riding boots. But Castiglioni softened the hard edge with feminizing details bustiers, corseting, pleating slashed to reveal organza inserts. And the clothes caught fur like a contagion. It spread from lavish stoles to gloves, bags, and boots, from a glossy band of beaver on a skirt hem to a capelet of the same on a maîtresse -stern coat-dress of charcoal flannel. The sobriety of a flapper-y gray tweed shift was entirely compromised by a huge yeti ruff. Alpaca was feathered into coats of an equally shaggy Himalaya-ness. The tension between the precise cut of the cloth and the tactile depth of the fur was clearly the crux of that ""new atmosphere"" Castiglioni referenced. If it was severe to the eye, it was soft to the touch. Maybe that was where the romance came in, as an almost surprising vulnerability. Tom Pecheux's red lip and Paul Hanlon's androgynous hair suggested as much. Even without the fur, the hard lines were softened. A boxy jacket and skirt, as plain as anything Castiglioni has ever designed, were shown in brushed mohair. And a stark black leather jacket was bonded to lush velvet. If that doesn't define the designer's hybrid of the romantic and the austere, it's hard to imagine what else could."
5345,"Consistency is a virtue. It's also the hobgoblin of little minds, as Ralph Waldo Emerson pointed out. Nicholas K designer Nicholas Kunz is no little mind, and the consistency of her label is mostly a virtue. But as fashion seasons pass, it has become increasingly clear that Kunz has painted herself into a bit of a corner. This collection was a case in point: As usual, Kunz found endless ways to re-finesse the details of her signature pieces, in particular her always excellent parkas and anoraks, but stopped short of offering any really new silhouettes or evolving the vocabulary of her urban nomad aesthetic much at all. That's not to say there was no development here. Kunz has a talent for finding rich sources of inspiration, and this season that was particularly true; her latest muse was Danish explorer and cartographer Peter Freuchen, who mapped the Arctic at the start of the twentieth century and married an Inuit woman along the way. There was a definite Eskimo vibe to her rich shearlings for both sexes, and in the women's collection, her seawater-colored dresses, with their roiling, wavelike drapes, felt genuinely fresh. The fact that these dresses were shown essentially unadorned attested to their strength. There were other strong looks, meanwhile, that deserved a similarly simple presentation, notably the belted, Brooklyn boho-esque silk jumpsuits and dresses. The men's collection was less newsworthy. There was a bit more tailored outerwear than usual, all of it handsome, and a lot more use of leather; Kunz also proffered some fine small ideas, like the backpack straps sewn into parkas and sweaters. (The straps were seen in the womenswear as well.) But overall it was hard to detect much newness, and the multilayered styling of most looks was cluttered and overwhelming. Kunz has a singular menswear point of view, which is very much to her credit, but you can't help but feel it ought to encompass more than it does different kinds of fabrications, say. A little bold experimentation would go a long way. She should take a cue from her nomadic muses and get out of her comfort zone more often."
5346,"In a Year of Punk so opineth the Met all eyes ought to turn to Jeremy Scott . Scott, nose-thumber that he is, turned all eyes back out. Cara Delevingne made the opening turn of the Fall show in a cropped cone-bra top and miniskirt printed with dangling eyeballs and a drooling, lumpy monster's mouth. Other dresses and several sweaters had pairs of googly, glowering eyes. What were they? Some saw Spongebob, melting into a 'roid-induced rage. Others thought the Garbage Pail Kids. Scott mentioned the posters and skate decks West Coast surfers, skaters, and punks used to tack on their walls. Whatever it was, it packed an infectious graphic punch here's looking at you, kid! Grungy SoCal punk 'n' skate is Scott's primal scene. ""I just really wanted to have that potpourri of all those things,"" he said after the show. ""It's very much a teenage boy's messy, puke-y fantasy."" It's his fantasy, even if, as one of his seasonal message tees ruefully noted, Adults Suck, Then You Are One. Every Scott show will have its short skirts, skintight tops, bolts of sheer. That's a given. This one also had cohesion, and not just because little bulging-eye-print bucket bags matched little bulging-eye-print dresses. Scott's may have been a messy fantasy but it was a controlled chaos. Some credit may be due to an intriguing new collaborator: the legendary stylist Carlyne Cerf de Dudzeele, stepping in on this show for the first time. The union of L.A.'s outsider king and Paris' industry queen suggested that punk really may have the ear of power this season. It was ""heaven"" to work with her, Scott said. ""She gets me. She understands the mix of the street, the high and the low which has always been my style, as well as hers."""
5347,"It takes a heck of a lot of confidence to convincingly pull off a signature Hervé Léger bandage dress. Each season, designers Max and Lubov Azria celebrate their alpha female customer by showing her new and different ways to wear the enduring classic. The Fall collection, which introduced more separates than ever, also encouraged liberal layering for a change. Ever think you'd see sweatpants on the Hervé Léger runway? A slouchy pair, still cut from the bandage scuba material, was shown with a sleek goatskin/fox fur sweatshirt. If that seemed like a departure from house codes, it was an exciting one. But let's not get ahead of ourselves. Most of the lineup was tried-and-true: stretchy sheaths that were updated in an ocelot-print jacquard or embellished with either gunmetal hardware or a matte rubberized beading that resembled bumpy stingray. Even the more covered-up looks still managed to be sexy. A high-waisted pencil skirt worn with matching leggings, for example, was balanced out with a clingy long-sleeved crop top that revealed a sliver of midriff. At the end of the day, sweatpants or not, the Hervé Léger woman likes to flaunt what she's got."
5348,"True Smiles was the counsel on the backstage notice board, with a scattering of smiley faces to reinforce the message. Issey Miyake is the happiest house in fashion, at least as it presents itself on the catwalk; a spirit of unbridled optimism is continually refracted through collections that charm and intrigue. The impish Yoshiyuki Miyamae, the label's latest standard-bearer, seems so ideally suited to his post, it's as though he were made in a lab just for the job. Would that all trains of fashion succession ran so smoothly. Today, Yoshiyuki-san was wearing a spectacular pair of jeans printed with an aerial map of Paris (they also come in London and Tokyo variants). They weren't shown on the runway, but they were part of a collection that was inspired by landscapes seen from the sky, or viewed rushing by through train windows. More specifically, it seemed to be the British countryside that shaped what we saw. Maybe that was just because the soundtrack, provided by the live-mixing genius of the Open Reel Ensemble (Google them!), started with ""Scotland the Brave"" and proceeded in a Celtic swirl. But the first outfits definitely featured glen plaid. The color-blocking that came later was equally evocative of the multicolored fields of the U.K.'s cultivated agricultural terrain. Collages of diagonal stripes looked like a deconstructed tartan. But you hardly needed to be a topographer or a Celtic specialist to appreciate a collection that was more straightforward than usual. The signposted fabric innovation this time was ""hollow fiber"" like macaroni, apparently, but woven into a cloth that was both warm and light for shapely jackets. They were paired with the voluminous skirtlike pants that were a key item. Those came slashed open to reveal checks or stripes, or matched to body-conscious roll-necks for a look that combined past and future in a winning illustration of the blend of tradition and technology that helps Issey Miyake stand alone."
5349,"In September 1961, 22-year-old factory worker Vivian Nicholson and her husband Keith won  152,300 in an English lottery. That's about 5 million in today's money. When the tabs asked her what she was going to do with it, she guaranteed herself a place in pop history by squealing, ""Spend, spend, spend!"" Five years later, with the husband dead and the money all spent, Viv was singing ""Hey, big spender"" in a tawdry strip club. With that backstory, how could arch miserabilist Morrissey not love her? He put her on two Smiths covers. Which is where Peter Jensen encountered her, when a friend gave him ""Heaven Knows I'm Miserable Now"" in 1988. It was love at first sight. So it was only a matter of time before Viv joined Jensen's roster of unlikely icons. She's the inspiration for a fall collection charged with all the designer's signature strangeness, but this time given an early-sixties er the word is not quite ""gloss,"" more ""downbeat chic"" from the plain-Jane shapes and dun palette of an early-sixties working girl and a print of the grimy streets in the North of England where she grew up, to the more graphic, dressy quality that seeps into her wardrobe when she hits the jackpot. As impossible as it is for Jensen to play anything straight, his rags-to-riches-to-rags scenario followed no conventional trajectory. When he used sequins, they were so huge and unwieldy that they were stripped of any connotation of glamour. In theory, an astrakhan coat could have implied spendy-spendy. In practice, its fauxness made it cheap chic (and politically correct, of course, but that hardly applied in Viv's heyday). The dowdiness was as deliberate as everything Jensen does, but this time, it felt like there was less wit to elevate the clothes. What was missing was Viv's verve. A sausage-dog print didn't quite do it. And Bernstock Speirs' blond bouffant hats, droll though they may be, don't quite count. It is funny, however, that Jensen should choose a muse like Viv Nicholson at the same time as Christopher Bailey was latching on to her equally scandalous contemporary Christine Keeler for inspiration at Burberry. Jensen's collection for men, on the other hand, was inspired by pipe-smoking Danish architect Arne Jacobsen. If Jacobsen himself may have been too logical to have much truck with a life as undisciplined as Viv's, Jensen gave his guys glitter shoes and the odd hint of disarray. There's a future for him there."
5350,"Paging Susan Miller. The thirteenth zodiac, Ophiuchus, is on Threeasfour 's radar. The design collective is so fascinated by the forgotten astrological sign that they created an entire Fall collection around it. On February 13, 2013, designers Gabi Asfour, Angela Donhauser, and Adi Gil showed 13 looks, each one named after a different star sign. Threeasfour's shows tend to be more theatrical than most, and this season's Hole Gallery presentation was no different. Ophiuchus, played by a ginger-haired actress named India, modeled outfit number one, a gold offering plate positioned next to her. (The room smelled like the inside of a Russian Orthodox church.) Each subsequent model Sagittarius, Capricorn, Aquarius, and so on blessed Ophiuchus in a ritual that was similar to a churchgoer kissing the cross. ""We're spiritual, yes,"" said Gil at Threeasfour's Chinatown studio hours before the show. ""But it's not about religion. It's about your inner soul."" If that all sounds a bit highfalutin, rest well knowing the designers are sincere. Beyond the fanfare, they want to create clothes people will actually wear. This season, they accomplished that with a small-is-beautiful collection of experimental (but not unapproachable) dresses, coats, and trousers. Circles, an ongoing theme for the label, were beautifully represented in curved seams on a burlap coat embroidered with tiny mirrors; a lavender dress adorned with seashells, another oft-used element; and a black jacquard and crocodile blazer, one of the collection's more commercial pieces. The real specialness was in the lining every burlap piece opened to a metallic jacquard, ""like a shell,"" said Donhauser. While Threeasfour has no intention of taking these clothes to the masses, they do want those who invest in the special pieces to get plenty of use out of them. ""Construction and fit are important us,"" said Gil. ""Practicality is key."" That pragmatism was evident in the team's ""plegging"" pant, a skinny trouser made of gray knit and corduroy, with curved seams elongating the leg. Threeasfour has designed one-offs for mass retailers including Gap in the past, and they'd like the opportunity to do more collaborations. Here's hoping it's written in the stars."
5351,"Albert Kriemler lost his mother, Ute, last December. His show today, accompanied by a small orchestra playing her favorite composer, Bach, was a tribute to her, he explained backstage. Although it was almost all black, and inspired by her personal wardrobe of turtleneck gowns, blouse-and-pant combos, and clean tailoring, his new Akris collection wasn't necessarily somber. Though in demeanor still mournful, Kriemler found interesting ways of letting in the light. Starting with the house's signature photoprints: This season, he used a dark photograph of a street, the streetlamps casting horizontal white lines across the planes of what he called his new three-piece suit a double-face cocoon coat worn over a double-breasted jacket and a tunic dress. A nubby, three-dimensional St. Gallen embroidery added shimmer to a short cape and its matching pencil skirt, while a floor-grazing skirt in unlined lamb's fur had its own sheen. Other embellishments, including gridlike patterns of jet crystals and silk fringe, lit up his evening offerings. The fringe was contained by horizontal seams; Kriemler didn't seem quite up to the cheerfulness that loose fringe might've suggested. And yet there were other intimations of a son and a company moving on. Kriemler had some brilliant sportswear on the runway today; his customer will love the look of an oversize herringbone sweater and snood worn with matching chevroned pants, or a pantsuit in a tonal plaid cut from cashmere, angora, and wool. In right about the middle of the show, he included a single white lamb's-fur coat. That bright moment served to underscore the poignancy of this season's story, and one couldn't help but be moved."
5352,"After several seasons showing couture, Rabih Kayrouz debuted his ready-to-wear collection a year ago. With today's outing, Kayrouz seemed to find his voice as a ready-to-wear designer, translating his architectural sensibility into realistic, appealing clothes. The knits were the obvious standout here in particular the sweaters with an unusual, magnified rib on the bodice or sleeves and Kayrouz's slit skirts came a close second. Knee-length, with a full shape, they had been razored between pleats with a surgical precision. That sort of technique can easily come off messy, but these skirts looked sharp; they were also surprisingly modest, given the length of leg on display. And there was another kind of modesty, too, in Kayrouz's rather simple silk gowns and knee-length dresses; fluidly draped and banded at the waist, they were just very attractive, nothing else. Although some of the other looks here were a touch mannered, those dresses and gowns proved that Kayrouz is a designer who knows when to leave well enough alone. That's a promising omen."
5353,"To celebrate three decades in the business, Dennis Basso drew Fall inspiration from his personal fashion icons: C.Z. Guest, Babe Paley, and Millicent Rogers. ""They all had a signature,"" Basso said backstage on Tuesday after posing extensively for the cameras with Coco Rocha, star of his 2013 campaign. ""C.Z. Guest always wore a sweater over her shoulders. Babe Paley took a shoulder brooch and put it on her hip."" Basso has signatures, too one of the most important being fur, the business in which he began. There might have been heightened security to ensure paint-throwing PETA supporters stayed away from the runway, but those who made it into the tents found plenty of sable, mink, and fox in colors as out-there as teal and chartreuse. A trapeze dress came in blue mink, and a gray mink and sable belted coat resembled extremely luxurious corduroy. Basso is also known for fancy dresses, and there were some pretty ones. A princess-style silhouette came in several sweet renditions, including gold tweed, taupe and cream plaid, and black tulle. Basso occasionally takes things too far, even for most lunching ladies. (It's difficult to imagine Fred's populated with green alligator vests, isn't it ) But for fans including Martha Stewart, Joan Rivers, and Joan Collins all sitting front-row that outlandishness is the appeal. After all, it's Basso's signature, and one whose popularity has now been proven over a span of 30 years."
5354,"There was a certain boyish sensibility about the latest Chloé runway show (and many of the Fall collections, for that matter). See by Chloé hit that same garçon note, but in a slightly different, younger octave. Enveloping menswear-inspired topcoats and slouchy suits came in on-trend herringbone, while a utilitarian canvas parka with a detachable rabbit-fur collar was shown with matching pleated shorts that gave off a Boy Scout-ish vibe. The SBC design team, which will officially be directed by Clare Waight Keller beginning with Resort, was careful to balance those masculine elements with signature feminine pieces, like wispy blouses and shirtdresses in a hand-drawn python print. Delicate tunics that layered sheer silk over macram? lace were particular standouts on the double-X-chromosome side of the equation. Boxy leather satchels and cool Mary Jane-esque pumps that a girl could really stomp around in completed the look. Considering this solid starting point, we're excited to see where Waight Keller takes the line next season."
5355,"If you're going to show in Paris, be Parisian. So stated Roland Mouret after his show today, and the assertion neatly summed up what was so intimidating about his collection. It wasn't that the show referenced Catherine Deneuve in the vampire flick The Hunger , or that the silhouettes suggested the techno-gothic mood of Paris in the Mugler-ized eighties. You didn't need the dread sounds of Bauhaus' ""Bela Lugosi's Dead"" to feel the vibe of horror. No, indeed, ""Hey, Hey, We're the Monkees"" could have been playing at this show, and it still would have been intimidating. For what it conjured, aggressively, was the daunting pulled-togetherness of the Parisienne woman. This was a show about style as discipline.  Everything here was edgy and angled, from the squared-off shoulders of Mouret's coats to the daggerlike V-necks on his tops and dresses. The collection's sharpness was elaborated as well by Mouret's color-blocking the designer draped and folded fabrics over one another with an origamilike precision, building in three dimensions. You'd have been hard-pressed to find an aspect of softness here there was a hint of it in the way Mouret's silhouettes hugged the body, but the overarching effect of that was viperish. These women were hunting . Likewise, the textures here, including a swirling knit jacquard and tiger-striped mesh lace, were less sensuous than animalistic. Mouret looked deep into the heart of Parisian urbanity, and found something cold yet feral. It was interesting.  At the most straightforward level, however, the appeal of these clothes was somewhat hard to discern. There will undoubtedly be takers for Mouret's taut, sexy, dresses in particular the ones with color-blocked swatches of leopard-print fabric, and a high-necked number in red and black, with geometric folds of material across the bodice. He'll also have plenty of customers for his adapted motorcycle jackets, which looked crisp and modern, and for his excellent new range of bags, which debuted on the runway this morning. But his hip flaps, a little suggestive of peplums, were a bit odd, and the trousers with built-in over-the-knee boots weren't altogether convincing. More than that, though, Mouret may simply have succeeded too well in summoning the steely chic of the Parisienne. You had to admire these clothes, but they weren't wholly inviting."
5356,"Wearable clothing has always been the end game for Sea designers Sean Monahan and Monica Paolini. They're not trying to reinvent the wheel or create art, and prefer to remain focused on making polished, everyday items that girls want to buy now. The duo achieved that again this season with a collection full of fun pieces that would earn heavy rotation in most wardrobes, including a coated tweed bomber jacket with leopard sleeves and versatile suiting separates cut from a glossy plaid jacquard. The cobalt rugby novelty sweater (with number 13 on it for good luck) paired with a hair-cow zipper skirt nicely exemplified Sea's playful approach to getting dressed. Leopard has become somewhat of a signature for the label it is consistently strong with sales and a standout here was the felted wool topcoat (worn with a leopard sheath underneath) that earned its spots. Still, it would be nice to see Monahan and Paolini push themselves a bit further to send a stronger message."
5357,"For Zadig & Voltaire 's first-ever runway show, artistic director Cecilia B nstr'm selected David Bowie as the collection's muse. Except she avoided the Ziggy Stardust era, opting instead for a more general, stylized androgyny. That B nstr'm even had Bowie on the brain was fortuitous in light of his first (unexpected) album release in ten years and upcoming retrospective at London's Victoria and Albert Museum. And go figure, she has been with the brand (founded by Thierry Gillier) for exactly that long. But no amount of coincidence or reference matters when it comes to the customer and whether she will be seduced into buying versions of sweaters and denim she likely already owns. Which is why B nstr'm was smart this season to move into more novelty pieces: skinny leather overalls, even skinnier suits in red velvet, frosted necktie silks, gold jacquard jackets, and shaggy faux-fur coats. The jackets introduced a sharper, stronger silhouette, especially for a line that has built its identity on the art of layering knitwear. Together with coated metallic jeans, they represented uncharted territory for Zadig & Voltaire: Balmain on a budget. A wolf leaped across a tube top (take note: wolves are the new skulls) and eagle wings outstretched across knickers. Deep purple velvet underpinnings and jacquard boots designed in collaboration with Laurence Dacade pushed the rock vibe even further toward rococo. It was fun to watch B nstr'm let out her wild side."
5358,"She's up to something, but you don't really know what, Rachel Comey said of her mysterious Fall 2013 heroine, a character introduced at today's runway show through models in short black wigs, many wearing progressive-lens sunglasses suitable for a Kojak-era detective. There was a whole late-seventies menswear thing going on, with loose turtlenecks under V-neck sweaters, chino trousers, and sensible loafers. ""A strong mens-y influence,"" as Comey put it. Per usual, footwear was a focus, and beyond the multiple variations on loafers, there were slouchy ankle boots, tall boots with strong heels, and T-strap Mary Janes with aggressive hardware. And that was just the first few looks. As the show progressed, the character transformed from hero to heroine, trading in her pleated and cinched trousers for slinky dresses that hit just below the knee. Unsurprisingly, Comey's body-con looks come in quirky prints. Frequent collaborator Gus Powell photographed the digital floral print, a shot of ripped- and smashed-up flowers. ""I wanted the flowers to look like they exploded in some sort of dynamic way,"" she explained, ""as opposed to just floating."" Comey's domain is daywear, and as separates, nearly every piece works. If there was one complaint, it would be that she showed a few too many styles. Pulling back a bit would have let the bright, eighties-ish denim the designer's first time working with the material stand out a bit more."
5359,"For Catherine Malandrino , Fall is about a lean, lean look. ""I wanted an elongated, clean silhouette, a light shape,"" she said the morning before her show. To accomplish that, the designer looked to the French Art Deco furniture designs of  mile-Jacques Ruhlmann. His rounded edges and needle-thin chair legs were represented in Malandrino's curved-hem jackets, funnel-neck coats, and the ivory scalloped embroidery on a black silk tulle cocktail dress.She went further with the Art Deco theme, applying geometric shapes either in black velvet or black leather to nude tulle pieces that defined the collection. The effect was graphic and flattering. On one dress, two lines of rectangles circled the waist, creating an appealing shape without hugging the body too hard. One highlight of the collection was a lightweight burgundy leather coat, which featured hundreds of Deco cutouts. Flat leather diamonds were attached like sequins, creating depth without weight. Malandrino also excelled with a couple of hip-length leather puffers, perfect with a pencil skirt and sky-high pumps for those times in the depths of winter when Sorel boots won't do. The slouchy wool jogging pants, a style that has already been seen a lot this season, were equally desirable. Where the designer went off track was in the eveningwear category. A vignette of navy, plum, and army green satin dresses was pretty, but they were a little too bridesmaid-y to really compete at fashion week. Malandrino's talent lies in her restrained French sex appeal, and the fancier stuff would have worked better if it had reflected more of that."
5360,"Women who have been fretting that their leather leggings and paint-on jeans just aren't tight enough will be happy to hear they have a new challenge before them: The latex cigarette pants at today's Felder Felder show definitely set a new standard for skinny. There were also sheer-ish latex pencil skirts and trenchcoats; taken together, the latex looks comprised the slick element in a collection that was effectively all about texture. Twins Daniela and Annette Felder mostly stuck to their signatures as far as the shapes were concerned tight, abbreviated miniskirts and dresses, and likewise short flared skirts; lean yet diaphanous long silk dresses; some trim, tailored outerwear. But they elaborated those silhouettes by, say, producing a long wrap dress with a strong forties shoulder in leopard-spot dévoré? velvet, or making miniskirts in quilted organza. Elsewhere, there was an abundance of a velvet bouclé with a texture much like Persian lamb; the material was very cool, though the Felders' use of it in a slouchy suit was somewhat misbegotten. Their hits of ponyskin were better judged, in particular the nice touch of burgundy pony on the sharp burgundy wool trenchcoat that opened the show. In general, though, the standouts here were the latex pieces; they'll be a challenge at retail, but they worked to bring an editorial elevation onto the runway, and the pieces felt idiomatically right for the brand. And in the meantime, there were plenty of other looks in this collection that will be easy to sell."
5361,"Surface to Air took a trip to the moon this season. Not literally, of course, but womenswear designer Dorothee Loerman had stumbled on a book of photos documenting the Apollo 11 mission, and she translated that inspiration into clothes that conjured, in various ways, astronaut apparel, outer space, and the texture of the moon itself. The most intriguing iteration of the theme was a black-and-white devor? in a cosmic pattern, which looked particularly cool in a pair of easygoing track pants. Elsewhere, there were crater-patterned jacquard knits, denim in a subtle pockmark print, chambray shirting scattered with stars, and a slouchy tuxedo suit in the silvery color of moonlight. Surface to Air will do well at retail with all these pieces. But the collection's real focus, and its strength, was outerwear. Highlights ranged from a natty trench with quilted shoulders, a shearling-lined parka in color-blocked khaki tones, and a bomber-shaped wool jacket with contrasting gray and cobalt-blue lapels. All told, this was a typically savvy outing from Surface to Air, a brand that has both a solid sense of the kinds of clothes streetwise girls want in their wardrobe and the wit to give those pieces some idiosyncratic spin."
5362,"Kaelen Haworth's experimentation with novelty fabrics this season yielded her most accomplished collection yet. At the Kaelen Fall presentation, the up-and-coming designer explained that she was going for a ""sophisticated grunge"" look and referenced nineties cult films like The Virgin Suicides and The Craft while developing the lineup, which was full of moody purples and inky blacks. Haworth recalled ""falling in love"" with a metallic jacquard, which looks like crushed velvet from a distance, and whipped it into slouchy biker pants as well as a below-the-knee dress with an open back. Shearling-trimmed vests and moto jackets came in a surprising, lovely shade of lavender, while laser-cut leather button-ups and pencil skirts offered a toughened-up alternative to delicate lace. Haworth used a rich grape-colored silk faille on sporty parka jackets and long culotte shorts that she paired with a peony-print organza sweatshirt. That nicely illustrated the designer's subtle, elevated approach to streetwear."
5363,"Maybe it was because we caught him in the third hour of a three-hour presentation, but A.P.C. 's always-opinionated Jean Touitou was in boisterous form today. Few things escaped his judgment. Not the current state of fashion shows: ""Just one-off pieces and party dresses, no ready-to-wear,"" he said. Not shoes: ""Women's feet are too much massacred."" And not ""the Frogs,"" as he called French men, ""who have a bad reputation with sex."" He had an answer for all of it with this concise 24-look lineup. To redress the one-off situation, Touitou showed a trio of slim, slightly mod single-breasted coats. This is a winter collection we're talking about, after all. For women's poor feet, he collaborated with Nike on new sneakers. These were meant to channel American, specifically New York City, girls in the eighties, who wore running shoes to work. America is a current fixation; in the mix was a simple white sweatshirt proudly proclaiming ""USA."" French men, Touitou seemed to suggest, might be irredeemable. In the meantime he's hoping French women can wear A.P.C.'s one-shoulder shift designed by Vanessa Seward without being catcalled in the street. We're right there with you, Jean."
5364,"Brian Wolk and Claude Morais are dreamers with a business bent. This season, for instance, they introduced a shoe collab with The Frye Company, their eyewear is by the  ber-hip old-school Moscot, and they didn't forget to Instagram the Foco coconut waters on each front-row seat. As for the dream, they called their new show Reverie, and for inspiration revisited the Bowery of the nineteenth century, when it was lined with opium dens and theaters, not contemporary art galleries, haute pizzerias, and a vibe-destroying 7-Eleven. Their romantic imaginings have sometimes tended to freeze their clothes in the past, but last season they smartly looked to their native Williamsburg for a creative spark, and their clothes seemed newly connected to the here and now. The collection landed them a dozen new retail accounts. Crossing the East River produced slightly more mixed results, but that's mostly due to all those accessories partnerships. The caps and tassels and round wire eye frames weren't necessary when a silk printed with a Coromandel-screen motif efficiently relayed their message about Chinoiserie. Those excesses aside, there were smart pieces here: a purple chalk-stripe pantsuit; a metallic bouclé zip-front coat; a fitted peplum jacket in a floral jacquard; and cropped, flared pants in the same gorgeous fabric. Wolk and Morais have an abiding interest and a real eye for traditional couture materials. Here's a business proposition for them: a side consulting gig in which they share their expertise in fabric development with other labels."
5365,"Kit Willow is celebrating the tenth anniversary of her brand this year, and to mark that milestone, she's turned her attention back to her native territory of Australia. There wasn't anything too aesthetically antipodean about Willow 's latest collection, but its emphasis on light- to mid-weight pieces and adaptable outerwear was a nod to the temperate climate Down Under. You wouldn't wish to brave the depths of the average New York winter in Willow's three-way coat, a long-line black gilet with a removable cropped leather jacket on top, but it would see you through gentler weather in considerable style. Cleverly, Willow designed a few different cropped jackets that could fit over the zippered gilet; one version that looked especially relevant for this season boasted balloon-size sleeves. Willow also made a smart calculation in focusing on marble prints she couldn't have known that Alexander Wang would make that the theme of his first show for Balenciaga, of course, but her Carrara-inspired split skirts and papery bias-cut dresses looked especially spot-on because he did. Elsewhere, the designer executed some nice updates of her signature looks, including laser-cut leather bustiers and adapted motorcycle jackets in buttery-soft rose- and emerald-colored leather. This was a measured collection with a lot of accessible, attractive pieces."
5366,"For Spring, Frida Giannini went all in with color: azalea pink, fuchsia, and a Riviera blue that conjured sun-soaked images of the Italian jet set circa the seventies. Clearly, the Gucci designer prefers the dark side, because she's back in black for Fall, name-checking Allen Jones, the British Pop artist with the kinky streak, and juxtaposing, as her program notes put it, ""a demure, couture-inspired silhouette with a subversive undertone."" She may be a couple weeks shy of giving birth to her first baby, but she isn't oblivious to the power of sex, that's for sure. Because, in the end, this collection will never quite qualify as demure. How could it, with all the shiny black python she used for little numbers like a fitted skirtsuit with a slit up to there in back or a second-skin dress? Body-con and sexy, the python pieces were hands down the strongest thing about the show. The forties by way of the seventies is a look that's gaining traction this season, and the cabans, the peplum jackets, and the hourglass dresses with exaggerated hips here put Gucci in the middle of that dialogue. But some of Giannini's tailleurs in bulky astrakhan or pony hair seemed stiff, and too much of the past. It was a feeling that the fetish-y accessories fishnets, gloves, patent oxford booties didn't quite dispel, although the black leather and snakeskin turtlenecks she layered underneath many of the pieces added a modernizing element. Long-sleeve silk sheaths, some with bib insets of delicate black lace mesh, were in her sweet spot. The softer, suppler fabrics made a difference. At the other end of the spectrum, a boxy powder blue men's coat with a deep lapel and a fur collar had its fans. The stretch lace mesh carried over to her evening looks silk cocktail dresses, gowns, and jumpsuits with peekaboo bodices exuberantly embroidered in winglike patterns with sequins, paillettes, feathers, and silk fringe. Kasia Struss' knee-length cocktail number, in particular, looked like a decadent night out. Once baby comes, Giannini can do some vicarious partying when she sees them on the red carpet circuit."
5367,"It's hard to go terribly wrong when Françoise Hardy is your reference. But Lydia Maurer went a lot further than channeling the French star's soigné style. She delivered a sharp, tightly edited collection that connected the early years of Paco Rabanne with the present, while departing from the sexpots of her debut collection last season.  Another theme that Maurer explored was aviation; the opening look, a trim suit in inky blue, upgraded a pilot uniform with a pleasing sleekness. Then she brought back chain mail, but turned it into the type of collared shift better suited to a mod ingenue than a disco queen. A closer inspection backstage revealed that the metal mesh had been flocked on the inside; mostly, Maurer explained, she did that to add comfort. But flocking also appeared on the outside whenever she sought to cast a matte shadow atop the metal grid. ""Flocking is something technical and not found in luxury so much,"" she said. ""It just kind of clicked.""  The clicking continued particularly well in the case of a long-sleeve chain-mail jumpsuit as Maurer alternated between looks that were principally solid or shiny. Eventually, they mingled on leather skirts that featured chain-mail inserts and tunics that relegated the shiny bits into a larger grid pattern. And then, just when the show seemed to reach its cruising altitude, Maurer unbuckled and gave us three black and blue chain-mail dresses that melted into lace. They veered a little too close to negligees, but they also showed a softer side that closed the collection on an unexpected boudoir note.  ""When you start in a house like this, there are so many things you can do. Last time, I was very effervescent, very new, and I wasn't able to put my point across as much as I wanted,"" said Maurer after the show. ""This time, I decided to make the collection much smaller and precise so it would read better."" It hasn't taken long for Maurer to find her wings."
5368,"Designers An Vandevorst and Filip Arickx partnered with filmmaker Dirk Braeckman to create the evocative six-minute video that played at the beginning of their show. In it, the choreographer Lisbeth Gruwez channeled some sort of wild creature, or at least a possessed woman, writhing on the cement floor of a warehouse and struggling down a ladder, her face completely obscured by the long bangs of an enormous wig. The models wore the same hairpieces when they stepped off the tableau vivant that was exposed when the video scrim dropped. According to Vandevorst, the clothes themselves told a different story than the film, one based on the novel The Time in Between by María Due as, of a couturiere turned spy in 1930s Spain and Morocco. That's a whole lot of background for a show with just 16 looks. If appearances suggested that the duo had spent too much time and energy on this season's origin story and not enough on what really matters, in the end the fashion didn't disappoint. With its dark palette, abundance of paisleys, and concentration of floor-scraping dresses and skirts, the clothes had a nice sense of drama. It was a mood aided and abetted by a pair of military jackets that featured large, slightly askew patch pockets, and fastened on the side as if they'd been pulled on in a hurry. The jackets pointed up the designers' tailoring skills, as did a wrap coat in green and navy paisley cinched by a wide leather belt. This was a vivid outing from the A.F. Vandevorst team."
5369,"Federico Piaggi and Stefano Citron's collection for Gianfranco Ferré today looked uncannily like a Haider Ackermann show. That's partly because Ackermann's flourishes popped lapels; big, looping obi-style belts; jackets tucked into pants owe a debt to Ferré's own. Since the Italian designer's death, the house has struggled to find its way, and in the meantime, another label has gone and taken its thunder. The unfairness of that probably keeps Piaggi and Citron up at night. Admittedly, the wiseness of their approach this season, with Ackermann so much in the fashion spotlight, is debatable. Still, it was clear from the beginning that the designers were feeling confident; this being the first time that they've presented outside of Ferré's headquarters. If the collection wasn't exactly the ""new start"" they billed it as, they've at least loosened up a bit. In the case of one halter top a glorified scarf, really they loosened up too much. No one wants to worry about her breasts popping out of her eveningwear. But other pieces had the right kind of drama; among them: an elongated smoking jacket with satin revers, a soft white blouse with bat-wing sleeves tucked into double-waistband pants, and a long sleeveless dress with a high slit worn with one of their croc obi belts."
5370,"After a sweet Spring, Pierre Balmain re-embraced its rebel side for Fall. The label, sister of big Balmain but designed separately, let it be known via press notes that this season was informed by a sixties spin. Emma Peel, the leather-suited heroine of The Avengers , was mentioned. And yes, there was leather, plenty of it: shirts, dresses, stretch pants. If the slinkier bits were short and tight, the outerwear trended large: wool capes (there are those sixties, then), oversize bikers, a double-breasted greatcoat for Peel's gentleman partner in crime (or crime-fighting, but the line's a fine one). The whole held together nicely, given that black usually tends to go with black, and leather with leather. Any criticism more directed than that would feel nitpicky. Pierre Balmain is fashion-as-fun. Besides, as the first of this season's Digital Fashion Shows, it's the first to do away with the boundary that once separated the critics from the public. Now anyone can watch, embed, share, and stream this show and those like it. It's everyone's collection now. Make of it what you will."
5371,"Everything is so overexposed now, everything moves so fast, Maria Cornejo said, ""it's about capturing the moment and slowing it down."" You didn't have to know what Cornejo was thinking, let alone agree with her, to find things to like about her Fall collection: raw-looking shearlings, an evening jumpsuit with a hint of sheer shine, a monochrome red outfit consisting of a cocoon coat, a silk dress, and suede booties. The relentlessness of the fashion cycle can be tough on brands of Cornejo's size. Without money for big-time advertising, she depends on word of mouth. For her that's the easy part; she's got a devoted fan base. ""Slow and steady wins the race"" sums up her approach this season. Leather is a growth market for Maria; in addition to colorful new versions of her stretch leggings and pencil skirts, she showed edgy leather ski pants, baggy all the way to the snap closure at the ankle-high hem. Texture, one of this week's buzzwords, was a talking point here, too. The lacquered black basketweave material she used for evening looks shone like moonlight hitting water. A little bolero cut from the stuff added a touch of flash to a washed silk jumpsuit. The success of her photo prints abstracted versions of personal iPhone pics persuaded Cornejo to turn them into jacquards. Gray and black for the minimal types in her crowd, and a gorgeous red and black for the extroverts. As for the silk prints, a pixelated image of people marching neatly evoked her slow-fashion theme. Time may not be on your side, but Cornejo is. A red and black jacquard coat is reversible and rainproof, to boot."
5372,"What would Stella Tennant and her aristocratic friends wear to a dinner party in the English countryside, capped off with a spirited game of charades? That was the question Jill Stuart mused on while developing her Fall collection. Judging by what she sent down the runway, Stuart had a darkly romantic vision for Tennant and company. There were tailored wool jackets and topcoats with exaggerated lapels, sculpted arms, and hook-and-eye closures that had a Victorian feel, particularly when styled with poetic bow-neck blouses. Sticking to a sober palette of black, white, and navy for most of the lineup, Stuart added interest with custom-developed, textured fabrics like a lightweight, coated raffia. It was utilized in several standout looks including the kicky A-line skirt paired with a sparkly turtleneck sweatshirt that was worn by Julia Nobis. While Stuart enjoys experimenting with new daywear silhouettes each season, her label remains a destination for frothy party frocks. She tossed plenty of them into the mix, and some were more successful than others. A handful of graphic, striped minidresses smacked of Spring Marc Jacobs and could've stood to lose a few of their peplums or ruffle details. However, those occasional slipups were redeemed by a quartet of jewel-tone satin numbers featuring laser-cut petals. The rose-colored, flouncy closer, in particular, was Stuart at her girly best."
5373,"Speaking after his show today, Richard Chai explained that he envisioned the men and women wearing his new clothes as a kind of army. ""I was imagining them marching together in lockstep,"" he commented, and that statement really did help to make sense of his show. The unifying principle here was discipline . Military references expressed the theme most overtly: Both the collections boasted a fair amount of olive drab; in the womenswear, Chai expanded on the conceit by creating a jacquard in a pattern redolent of camouflage, while his menswear featured uniform trim as embellishment. More generally, though, the discipline was witnessed in the collections' lack of slack tailoring was key throughout, and it tended to be strict. The rule applied to a woman's pencil-slim skirtsuit in lavender flock jacquard, and it applied to a man's double-breasted wool coat with emphatic pockets and lapels. Perhaps the signature silhouette for Chai this season was his short, fitted, squared-off jacket, either buttoned or zippered all the way to the throat, which he executed in versions for both sexes. Another important theme was check more angles, there and some of Chai's best looks for both men and women came in a shiny, windowpane polyester with a built-in hint of rumple. That bit of softness was welcome. Loose tweed parkas had a similar moderating effect. Overall, the collections were quite varied both the menswear and the womenswear digressed in passages, getting a touch mod here, and a bit ethereal there, and very English natty for stretches. This may have been an army Chai sold that much but marching in lockstep? Not exactly."
5374,"There's no point mincing words: This was a seriously weird Paul Smith show. Sir Paul seemed to take a ""see what sticks"" approach to his womenswear this season, throwing a plethora of ideas at the figurative wall. The ideas themselves bore no self-evident relationship to one another, with each concept working well in a few cases but not in many others. For instance, Melissa Tammerijn looked pretty terrific in a pair of lean, cobalt blue, geometric-print pants; that was the first and last time Smith had a hit with the blue print. Yet his success rate was way higher with the same print in fiery red: It came off well in a short, fitted minidress, and made for a high-impact bonded lining to a mannish black overcoat. You had to wonder: What was going on here? The same logic, or lack thereof, applied to the fluttery detail on numerous silk blouses, and to the shiny looks embossed with architectural scenery. It was interesting to see Smith experiment with technical materials and new print processes and silhouettes, and some of his architectural pieces had a lot of charm. But as a whole, they didn't seem to fit into the Paul Smith idiom at all. Naturally, Smith was on firmer ground with his menswear-inspired tailoring. There were two key trouser silhouettes this season: a cropped, tapered pant with some volume, and a short shape that was slouchier and more boyish. Neither was particularly innovative, but they worked nicely to ground the looks. Meanwhile, Smith's confidence with color really came through in his tailoring, as he refreshed similar ensembles by recombining colors in various painterly ways. The collection's other strength was its outerwear, especially the oversize navy shearling motorcycle jacket with electric blue trim and the abbreviated, boxy peacoat in white and navy. Amid all the experimental pyrotechnics here, it was the modest look that matched the peacoat with a pair of bright blue boyish trousers that set off the biggest bang tonight. It's tempting to call that weird, but as a matter of fact, it's not."
5375,"Natty English check was a big trend on the New York runways this season. And so it was reasonable to expect that Daks , an actual English heritage brand, would muster its considerable authority on the look and send a chest-thumping collection down the runway this morning. Well, that didn't happen. The use of the Daks check was more emphatic than usual, but aside from that, womenswear designer Sheila McKain-Waid kept this collection very, very understated. There were two key themes here, the first of which saw McKain-Waid shrinking her trademark sculptural silhouettes and concentrating on less obvious construction ideas, such as wrapping and curved seaming. The second theme was more ambient, but it echoed the first: In place of the dreamlike mood of the past few shows, this one found the Daks woman exhibiting an attitude of streetwise nonchalance. Both of these developments served to make this collection feel somewhat constrained in its ambition. The execution was typically assured, and there were a few knockout pieces, like the cropped jackets with doubled lapels and the twisted wool flannel jumpsuit that opened the show. But the focus seemed to be on producing conventionally proportioned, commercial looks an impression underscored by the near-constant repetition of the Daks check. Still, McKain-Waid isn't a lazy designer, and even if this collection didn't always seem scaled for the runway, the individual pieces generally repaid close scrutiny. To wit, McKain-Waid's fantastic single-breasted macs, which had been shorn of breast flaps and shoulder pads and pretty much any other potentially extraneous detail; they weighed virtually nothing. The collection was full of good ideas like that. Here's hoping that next season McKain-Waid once again gives herself room to communicate all those good ideas with a bit more force."
5376,"This season's show from the graduates of Central Saint Martins ' M.A. fashion course offered further conclusive proof of the power that an influential educator wields over young minds. Professor Louise Wilson is still fed up with a decorated dress so her students are still offering her anything but. Of the 14 collections shown in the CSM presentation, seven featured floor-length vestments, and at least another three had ascetic and/or liturgical connotations. ""Maybe they don't know how to cut patterns,"" was Wilson's typically barbed riposte, though that scarcely addressed the curious group ethos that carried over from last year. But if those earlier collections leaned toward a postapocalyptic lassitude, these could have been carrying a standard for spiritual revival. God and Louise is on our side, they seemed to be saying.  Eilish Macintosh, for instance, showed models dressed in long black shifts that were bound with what looked like enormous white shoelaces. The mood was more Joan of Arc than Fifty Shades . One model was even wearing a noose, halfway to martyrdom. But a couple of cheeky peekaboo cutouts anticipated the designer's second group, which used the same idea of binding and lacing on playful vinyl separates. The versatility was enough to win Macintosh the evening's big prize, the L'Oréal Professionel Creative Award, presented to her by Christopher Kane, a Wilson star from an era before the decorated dress was an object of scorn. Which meant his influence was as nothing beside that of the latest CSM breakouts Shaun Samson, master of the man-smock, and Craig Green, dresser of Druids, both of whose fingerprints could be detected in the work of Marie Rydland, Nayoung Moon, and Toma Stenko. Nicomede Talavera layered his men in black and white tunics, disciples fighting the good fight on this earth. And when that battle had been won or lost Hwan Park turned his men into angels, draping diaphanous wings over all-white jackets, shirts, and pants.  Heavenly choirs also awaited the women of Sadie Williams in their stiffly gilded, stiffly gliding robes, like sci-fi priestesses or, as Love editor Alex Fury rather more pithily phrased it, Disco Daleks. If the religiosity was less overt in Jaimee McKenna's and Jessica Fawcett's designs, their emphasis on pleating gave their clothes a neo-medieval (or neo-Miyake) flair that could be shoehorned into the general air of piety. Likewise, the monochrome rigor of Assaf Reeb's and Hampus Berggren's menswear, which managed the delicate balancing act of seeming to mortify flesh as it bared it.  The biggest cheer was reserved for textile designer Elena Crehan's elaborate collages of lace and tufty feathers, cut into abbreviated smock shapes and paired with fishnet tights and black oxfords. The fact that her models were men provided the same kind of frisson Matthew Bourne got with his all-male Swan Lake . But even here, boys in lace suggested something vaguely church-y.   Professor Wilson often sounds despairing when she talks about the state of fashion, so it was possible to interpret the show as a lengthy meditation on her crisis of faith, one her disciples would undoubtedly be aware of. In which case, they were sending her a resoundingly reassuring message. Faith? You gotta have it."
5377,Our review will be posted shortly. See the complete collection by clicking the image at left.
5378,"Jason Wu has gotten quite chummy with Stephanie Seymour of late. The fortysomething model, who vamped in the front row with her sons Peter and Harry today, stars in the designer's Spring ad campaign. You can Google an Inez and Vinoodh-lensed picture of Wu with his head practically in Seymour's bare-legged lap. Then there's Michelle Obama, who chose a dress by the designer for her husband's second Inauguration Ball last month, four years after she wore a Wu gown to his first, although you won't find any snapshots of the two of them palling around at La Grenouille. Anyway, those fruitful relationships could be why Wu set out to design what he called his ""most womanly, most grown-up"" collection to date. He called it Extreme Femininity, and he definitely set a glam scene at his Park Avenue venue, installing a massive chandelier in the middle of his square runway. In the past, he preferred whimsy remember those KAWS-designed prints? Here, he opted for its opposite. The shoulders of his power suits certainly were assertive; they were as strong as waists were nipped. Shirts, meanwhile, were buttoned all the way to the top, with collars just grazing the chin. You couldn't call the collection restrained, not by a long shot, what with all that fur (best as black patch pockets on a caramel brown parka) and the provocative lace-printed clear plastic trenches. But the black and white color palette, with only a few shots of red (a nod in Mrs. Obama's direction ), seemed to be Wu's way of saying, ""I'm getting serious."" All grown-up or not, a girl still likes to let her hair down from time to time. Ask Seymour. Wu was at his most convincing here when he focused on the ""femininity"" of the show's title: the swingy pleats of cocktail dresses, the polka dots of a sleeveless blouse, charming point d'esprit camisoles with long trains worn over capri pants. Those were in his sweet spot. He strained harder to incorporate the ""extreme"" into his sensibility; in the end, that part isn't such a good fit."
5379,"Chances are, you've never heard of Yang Li . But you will. This was the first collection that the London-based Li showed formally, and if you didn't know that he'd designed three previous ones, you'd have been inclined to think he'd sprung to fashion life with his brand fully formed. To put it simply, this collection was extraordinarily accomplished. For starters, Li's aesthetic is wholly his own: Though this season found him riffing on classics like the Chanel jacket, Li's way of translating such looks into his deconstructed grunge-goth sensibility made this collection feel anything but conventional. The details were telling the pockets on his Chanel-like jackets, for instance, were made of raw-edged transparent mesh, and the bouclé had been coated with resin, which gave the material a somewhat industrial texture. Elsewhere, Li came up with a really original variation on the motorcycle jacket, cutting them open in the back and lacing them with extra-long cord; as he explained, the lacing served both to update the look of that ever-so-familiar garment and to make its fit adaptable. Form and function were hand in glove here, and that is always welcome. Li impressed in other ways, as well. His silhouettes were nervy but not inaccessible if a long, broad skirt of silver taffeta came off a bit editorial, his pin-striped trousers, cut nearly as wide, seemed absolutely viable for day or night. Li is producing his clothes at the very best Italian factories, and the sense of luxury showed in the seamless bonding of two different textures of wool fleece on a top, and in the punctilious work on the leathers. At a re-see appointment after his show, Li noted that his biggest challenge has been convincing his factories to de-perfect their efforts; he said that, for him, what feels really luxurious now is the sense of specificity and spontaneity that a touch of erroneousness provides. He likened it to the experience of hearing music live, which seemed about right. All in all, this may not have been Yang Li's first collection, but it was still a pretty phenomenal debut."
5380,"At first glance, you might not guess that Cerre 's stark, luxurious separates are conceived and created in West Hollywood these clothes certainly aren't for the Coachella-bound festival set. Over the past several years, the label's Melrose Avenue boutique has built up a strong clientele of stylish Angelenos with a proclivity for dark leather and drapey silhouettes. This season, husband-and-wife design team Clayton and Flavie Webster (who met in Paris while modeling for the likes of Comme des Garçons and Issey Miyake) began wholesaling for the first time.  They seized the opportunity to reintroduce some of Cerre's greatest hits, including buttery-soft biker jackets, which they cut three different ways (oversize, classic, and slim), as well as calfskin kimonos and silk blouses with detachable snood-like scarf collars. Still, the Websters weren't short on new ideas. They showed their first tailored suit and debuted a digital print on fluid shirts and maxi skirts. Structured pieces, including felted merino wool coats and capelets, were the standouts. ""Ascension, expansion, and dissolution,"" were the keywords the couple used to describe the collection. With a lower-priced diffusion line reportedly in the works, it seems like ascension and expansion, at least, are in Cerre's cards."
5381,"Put another one in the win column for Narciso Rodriguez . The designer said a Lygia Clark exhibition at the São Paulo Biennial got him started on his new collection, a second act of sorts to Spring. ""I came back and everything in my life was about color and asking how do you mix color in interesting ways, which is sort of a different road for me."" He was just getting warmed up last season. Here, he seemed even freer, mixing a cognac coat with a tangerine top and midnight blue pants, or emerald and teal in both matte and shine on a strappy slipdress. Another slipdress, this one above the knee in front and almost to the floor in back, combined black, olive green, navy, and ivory. Oh, to see that at the Oscars. Rodriguez played it loose with silhouette, too; among the most striking looks were a trio of deceptively simple sleeveless trapeze dresses in crepe and duchesse silk, cut on the bias to increase their movement. Of course, it wouldn't be a Narciso collection without a little rigor. His tailoring is precise, maybe a shade or two closer to the body than last time around. Cutaway jackets came lapel-less, with narrow sleeves, their angular shapes highlighted by the A-line tunics worn underneath them. Pants tapered to above the ankle. A favorite look paired a sleek bustier with those slim, short trousers. His footwear collection is just a year old, but he's a quick study, and his shoes tonight deserve a shout-out, too. Pumps with pointy cap toes, high vamps, higher stiletto heels, and delicate ankle straps, they don't look like anything else on the runways this week. And the same could be said for the rest of this standout show."
5382,"Douglas Hannant claimed his Fall collection was ""stripped of all theatrics"" in favor of highlighting the craftsmanship behind the clothes. Not quite. With four-time Grammy winner Renée Fleming looking on approvingly from the front row, Hannant presented a range of genteel dresses with a few operatic flourishes mixed in. Sheath dresses remained the dominant silhouette. Updated for the season with ruffled leather peplums, gathered necklines, and autumnal fabrics a croclike emerald Lurex, for example they looked as decorous as the designer's clients demand. The less structured wool crepe dresses featured subtle shredded georgette at the seams, drawing attention to what Hannant termed the ""soft geometry"" of his cuts. Sometimes all the textures got a little fussy, as in one dress that incorporated a peacock blue slip, polka-dotted lace portrait collar, spaghetti straps, thigh slit, and satin waist sash. In fact, that polka-dotted lace was (air quotes) ""whimsical"" to the point of distracting on every piece in which it featured. But the quality of the materials and cuts can't be questioned. A turquoise gown with alternating panels of matte and shiny silk crepe, in particular, made a diva-worthy statement."
5383,"Goth opulence has a new high priestess in Sally LaPointe . The youngdesigner showed a collection fusing eighties references with a shadowypalette and intricate construction. It all started with ""In YourRoom,"" the Depeche Mode song. ""Everyone can identify with or have anemotion towards that song,"" LaPointe said backstage before the show.""It's very dark and sultry and reflective."" So were the clothes. LaPointe toyed with the meeting of modesty andexposure from the very first look: a black croc-paneled dress andtrouser combo that covered the model completely, down to her glovedhands until she turned a corner and revealed a bare back. Skaterdresses also pulled off the trick of revealing while concealing, withtheir streamlined leg-of-mutton sleeves and sharp, sexy waist cutouts.These were designs that made you lean in that little bit closer.This was LaPointe's first season using crocodile skin (apparently herfirst Bergdorf's drop is selling well). The material was used notably atthe end, on a heavily embellished dress with matte seed beads andsequins slithering into predatorlike scales. LaPointe already has adream wearer in mind: Rihanna. What would loyal client Lady Gaga sayto that? ""Gaga would say, 'Give me that dress!' "" LaPointe said. Shewon't be alone in that."
5384,Our review will be posted shortly. See the complete collection by clicking the image at left.
5385,"Oscar de la Renta made headlines last month when he invited John Galliano to be a designer-in-residence at his studio for three weeks. It wasn't long after the news broke that people began wondering if the disgraced former Dior designer would be working on de la Renta's Fall collection. We got our answer tonight. De la Renta came out for his bow, as he always does, but Galliano was in the building. When his PR chief was asked if Galliano had worked on the collection, she demurred, saying, ""Well, he is backstage."" There was that, and then there were the clothes themselves. Certain looks seemed very much to bear the Englishman's hand, especially the opening jackets with their draped necklines and flaring hips; there was something of Dior's classic Bar silhouette in them. Among the other clues that Galliano was in the house: The marcelled locks and deeply shaded, greasy eyes (one of four separate hair and makeup looks) were familiar from his Paris days. Then again, other pieces seemed more like vintage de la Renta. The 80-year-old will mark his 50th year of designing clothes in New York in 2013, so there isn't much territory that he hasn't covered. Nonetheless, it's safe to say that he owns looks like this show's white-ribbon-embroidered black party dress. The exaggerated toile prints and jacquards said America, not la France. The real question, though, isn't who did this and who did that, but rather, was it all any good? In some ways, it felt a good deal more conservative than de la Renta's Spring collection, which boasted latex skirts and tops as well as evening shorts. On the other hand, nothing last season came close to the wow factor of the two grand silk faille ball gowns with gold bullion embroidery (one shocking pink, the other mulberry) that closed the show. In theory, Galliano's residency is almost up, but if there's one thing for certain, tonight wasn't the end of the intrigue."
5386,"At last, pure French chic, enthused French Vanity Fair 's Virginie Mouzat as she exited the Herm's  show tonight. It was easy to see why a purely chic Frenchwoman such as she would feel that way after a week in which the waters of Parisian fashion had been thoroughly muddied by ugh! foreigners. Cue huge sigh of relief: The house of Herm's, paragon of all French things bright and beautiful in the eyes of the world, remains in the hands of a countryman, the subtle, earnest Christophe Lemaire.  And yet, the spirit of his collection this season felt guided by the spectral hand of the ultimate twisted Anglo, Alfred Hitchcock. To be precise, Hitchcock's Rebecca: Dark romance gone wrong. The setting for Lemaire's show was the library of the Lycée Henri IV, and its wood-paneled walls were appropriate for the governess-y aspect of mid-calf skirts, high-waisted gray flannels, crisp white shirts, and mannish overthings. That mannishness harked back to Martin Margiela's remarkable and remarkably uncelebrated moment under the auspices of Herm's. So what heaven it was to see Lemaire tapping the luxe of the house in the film noir gloss of immaculately shaped and textured monochromes, like the light-sucking sheen on the black ponyskin shift worn by Kati Nescher, or the soft-shouldered swoop of the coat that draped Arizona Muse's belted cardigan, or the croc pencil skirt paired with a zipped navy blouson. Lemaire said they were women on a rendezvous. Love seemed like their obvious destination. Loss would be their destiny."
5387,"Don't tell me the sky's the limit when there are footprints on the moon is a famous quote by Neil Armstrong that Rebecca Minkoff tweeted back in August. The late astronaut's bold call to action must've struck a chord. At a preview of her Fall collection, Minkoff claimed the lineup was an ""ode to Neil."" Of course, she played out the reference loosely, adding a few novelty tees like one that read ""SPACE"" into the mix, as well as a white biker jacket with elbow joints reminiscent of a spacesuit. The rest was quintessential Minkoff. Layers of silky plaid, distressed denim, and quilted leather created a sexy tomboy vibe particularly when paired with some of the holographic pointy heels and handbags here. The clear standout, however, was outerwear. Minkoff's personal favorite item was a rounded topper cut from a bonded mesh tweed with a shearling collar and leather sleeves. That was the one thing that set off just about every cell phone camera in the house. The finale look, a persimmon-colored sheath with sculpted shoulders worn by Ruby Aldridge, also earned high marks and seemed like a directional step forward. Speaking of steps forward, this season Minkoff created an opportunity for her customers to buy several items straight off the Fall runway. That kind of instant gratification is one giant leap for Minkette-kind."
5388,"No detail is too big or too small for Kenzo creative directors Carol Lim and Humberto Leon. Today's amazing venue, the historic Paris department store La Samaritaine, was positively enormous. Recently purchased by LVMH, La Samaritaine is about to undergo a two-year renovation and will become a luxury mall and hotel. ""This is the first and last show here ever,"" a PR rep confirmed. It definitely had the feeling of a fashion happening, but the space was a bit too unwieldy in the end; the models had so much ground to cover, they didn't get close enough to the crowd. As for the little things, there was Starbucks coffee in plastic to-go mugs and Kenzo down wraps on every seat. You'll be seeing plenty of those on the street-style blogs in the coming days. Ten years running Opening Ceremony has attuned Leon and Lim to what fashion-mad young people want. Recently, that's been color, print, and, from Kenzo at least, logos. Their peppy new collection delivered on the first two of the three. ""It all started with these grosgrain ribbons from the seventies, which are probably Kenzo's most collectible dresses,"" Leon said. That special find got them thinking about Indian temples and, he explained, ""the way they're built in so many layers."" Metallic, multicolor ribbon prints and crocodile jacquards in glossy red or royal blue evoked the maximalist spirit for which India is known. But the clothes themselves cross-draped shift dresses, skirt suits with round volumes, men's overcoats, boxy tops tucked into skinny pants owed less to the subcontinent than to the city streets where the designers and their well-connected friends live. Their pals MIA and Delfina Delettrez Fendi, respectively, scored the soundtrack and made the show's jewelry. The hits here will be a sweatshirt emblazoned with a third eye, and other pieces, like a bomber and wrap mini or a tailored coat that reproduced the motif on a smaller scale. ""It's all about protection and warding off evil spirits,"" they said of the eyes. If anything, it seems these two live under a lucky star, but it's nice they're looking out for the rest of us."
5389,"Even though L'Wren Scott knew what her clothes looked like when she booked the grand hall of the Institute of Engineers for her show venue, the symbiosis of location and collection was one of those perfect synchronicities where the whole added up to much more than the sum of its parts. The designer was nervous beforehand. In the past, she's shown in Paris and New York, but never in the city she calls home. ""I live in the shadows in London, and this is coming out of the shadows,"" she explained. But, no shrinking violet, Scott came out in a subtle blaze of 23K gold, which seemed only right in the marbled, muraled building where empires were designed a century ago.   The precious metal was tattooed on her models' necks. It was hand-painted on prints, leafed on shoes, woven into tweeds, and threaded through Scott's acute tailoring investment dressing with a vengeance. Her inspiration was the artist Gustav Klimt's gilded depictions of his obsessive love for the Viennese socialite and saloniste Adele Bloch-Bauer. Scott identified. ""I'm as in love with what I do as Klimt was in love with Adele."" Obsession has always been a distinguishing characteristic of Scott's collections the eye for detail, the attention to cut, the razor-sharp restraint. What was new this time was the sense that she has lost interest in restraint. ""Dreaming of decadence,"" was the way she described her state of mind in the show notes. And Klimt offered the perfect visual co-relative. His swirling patterns were printed on coats and capes, his embossed textures were duplicated in extravagant jacquards and brocades, and a handful of fishtail evening dresses brought his paintings to life. The coiling serpents seemed especially ready for a red-carpet snake pit. Hollywood glamour is Scott's default setting, with a slant toward the forties in the squared shoulders and nipped waists. But today it was more forties-gone-seventies, helped by Sam McKnight's clouds of disco hair, streamlined sheaths in sapphire and emerald, and a dress in gold-trimmed black velvet that could have stepped out of a decadent Helmut Newton scenario. It's not the first time this season that the excess of that era has exercised its appeal. Scott's explanation? ""I'm ready to sparkle."" So let's crown her homecoming queen of London's fall fashion season."
5390,"Today's Ohne Titel show was all about squares. That's no exaggeration: There wasn't a single look, or indeed a single piece, in Alexa Adams and Flora Gill's latest collection that didn't reference the shape in some way. Gill and Adams managed to do quite a bit with their limited theme, considering the square from every conceivable (ahem) angle. There were two key patterns here a spare grid check, and a bricklike design inspired by work in Tauba Auerbach's recent Float exhibition and Adams and Gill extrapolated them into silk prints, intarsia knits, and some very cool weaves. Gridded khaki and black jackets in a weave that fused tuck stitch and slip stitch were particularly good.  Elsewhere, the square theme was elaborated in pieces such as a coat gridded in fur, short skirts with pockets that extended from the hip to create a square shape, and looks partially covered in glimmering square paillettes. It was a bit like getting stuck in a chic Tetris game. Even the most diaphanous element here, the collection's watery organza peplums, were in fact squares of fabric, simply draped off the waist. The peplums were especially effective in the evening looks, so too the square paillettes. Evening isn't typically a strong category for Ohne Titel, but their sporty take on dress-up clothes was convincing (although the finale dress might need a bit of adjustment along the hem to make it really wearable). All in all, Adams and Gill deserve credit for taking what might have been an arid and constricting premise, and translating it into a surprisingly rich collection full of accessible, realistic clothes."
5391,"All the talk this season has been about punk, but at Preen Line , the diffusion range from Justin Thornton and Thea Bregazzi, the muse of the moment is Debbie Harry, the queen of New Wave. Either way, though, the callbacks were on the subtle side. There's no risk of looking retro in Preen Line. On the contrary, the collection's little black shearling jacket, oversize patchworked knits, and silk, print T-shirt dresses look very now. That's one reason this contemporary-priced offshoot of the British label does well. Here's another: Thornton and Bregazzi have imbued the clothes with a lot of function. One shearling, for example, is reversible, and others feature removable collars. For all that polish, though, they haven't forgotten the romance. You couldn't exactly call their bold digital floral print raw, but it was lifted from an old scrap of fabric they picked up on the Portobello Road."
5392,"Creatures of Comfort officially joined the New York calendar this season, and the quirky, casual line truly benefited from the structure a presentation can provide. ""It's nice that people can interact with the clothes and feel the mood,"" said designer Jade Lai. She pointed out that the sculptural backdrop and pineapple totems were a tribute to the late Louise Bourgeois, whose art inspired the Fall collection. According to Lai, the windowpane grids on boxy topcoats and shifts represented the ""sense of entrapment that Bourgeois' work evoked,"" while the eyes scattered on button-ups and other easy pieces were a frequent Bourgeois motif. Lai experimented with new textures here, showing quilted jumpers and flouncy poly fleece skirts that added a needed dimensionality to the lineup, which was CoC's most cohesive yet. We're hoping Lai pushes herself even further next season."
5393,"Neatly timed to fashion week as well as the brand's 20th anniversary, Johnny Talbot and Adrian Runhof have opened their first boutique in Paris, located on a side street off rue Saint-Honor . They opted to show their Fall collection here, noting that the clean, well-appointed space motivated the designs. In both store and style, there were standouts, namely the notion of a cement ""parquet"" floor and then a grouping of dresses that paired a faintly printed red cashmere tulip skirt with a netted sequin top. The designers sourced the latter material from Jakob Schlaepfer in Switzerland and explained via a quick chemistry interlude that the sequins had been woven onto a fabric, which was then treated with a solution to dissolve the material, leaving only a loose grid of spangles. There were 24 looks in total, most of them aspiring to that red-carpet golden ratio of glamour, allover sparkle, and body-skimming silhouette. For novelty's sake, the designers added a flared panel to one hip. This asymmetry proved too much for a two-tone lamé gown half copper, half turquoise. Bon courage to the starlet who tempts that fate. ""Sometimes the red carpet can be the enemy of fashion,"" said Talbot. Maybe. At least the store allows them to control their own image. Their next goal: to ease up on the sequins."
5394,"It's about the punk revolution, blah, blah, blah, Fausto Puglisi said at his presentation this afternoon. We know the feeling. With the impending Costume Institute show, fashion may have once and for all sucked every drop of meaning and power out of the modern era's most anarchic moment. Puglisi's collection touched on some of punk's most potent tropes tartan, leather, buckles, and straps. And then some. Puglisi is a bit of a magnet; the other pop iconography he riffed on in his 31 looks included Kurt Cobain's brushed plaids, Freddy Krueger's stripes, Yankees baseball caps, and Carrie  the Sissy Spacek Carrie , he wants you to know, not the upcoming remake with Chloé Grace Moretz. That's a lot of different elements, but Puglisi's signatures are strong enough that this collection felt familiar in the right ways. The miniskirts, the lavish metal and crystal embroideries, the printed silks? He's built an identity in a fairly short amount of time in the spotlight. To-the-floor dresses bejeweled with medallions and crosses, boasting matching slits up past the hip bones, counted among the newer pieces. On the other hand, Puglisi knows that not all of his clients are Kanye-rich. (West will receive the show's oversize, embroidered leather Perfecto by special delivery in Paris next week.) The designer also does unadorned, even if he doesn't get as big a kick from doing it. Compared to the rest of the collection, a sleeveless yellow crepe cheerleader dress with a hem up to there was positively understated. Puglisi debuts his first collection for the house of Ungaro next week. The fun he's having here is enough reason to be uncautiously optimistic about his chances there."
5395,"St. John's darkly glamorous Fall presentation indicated that Senior Vice President of Design Greg Myler has now found his footing. ""Sometimes people don't equate St. John with sexiness, but our customer definitely can be,"" said Myler, who brought out that side of her this season by updating the house's signature knits. Myler worked sleek, vaguely seventies silhouettes in a range of vivid ""Scorsese colors,"" as he termed them. A floor-scraping, double-breasted cashmere coat in a deep military green was paired with a tie-neck silk blouse and boot-cut trousers, for example; and a teal cape gown cut from liquid satin made a bold yet sophisticated eveningwear statement. Even the collection's bread-and-butter Milano basics stood out here thanks to playful styling. Case in point, a navy knit tunic shown over ultra-slim lace pants, finished with a luxe red fox fur collar and leopard booties. That look in particular felt elegant but fresh, and suggested a promising new chapter for St. John."
5396,"This season, Twenty8Twelve designer Elsa Elphick put a 1940s spin on her brand's eclectic aesthetic. The WWII theme wasn't expounded with overwhelming force; rather, Elphick referenced the era's key silhouettes through a few suggestive gestures, such as garment paneling that mimicked the nipped waists of those old film noir vixens' suits and dresses, and tied belts that owed a little something to Rosie the Riveter's workwear. There was also a touch of military detailing, and zoot suit inspired oversize blazers, and the occasional and inevitable raised shoulder. The clothes didn't come off vintage-y; Elphick worked hard to update. And she didn't seem to worry much about consistency there was nothing particularly forties-esque about the collection's skinny denim or leather leggings, or a color-blocked motorcycle jacket, or the slouchy blue sweater in a waffle knit. At any rate, the mix of looks here was nicely judged, and there were plenty of pieces that will appeal to the youthful Twenty8Twelve customer."
5397,"I want to remind girls that fashion should be fun and never taken too seriously, said Tracy Reese backstage after her Fall runway show. The designer has always taken a playful approach to combining lively colors and patterns, trendy materials, and flashy embellishments the busier, the better and she continued to do so this season. Animal prints were the collection's primary unifying force, and Reese mixed them together with abandon. The leopard knit pullover paired with a flared ""zebra/ocelot"" godet skirt were a little overkill worn in tandem, but a statement-making, Technicolor cheetah car coat seemed like a more viable option for Reese's youthful customer. Printed leather jackets layered over shaggy shearling vests had a contemporary bohemian appeal, while the red tartan pieces and pointy flat boots gave off more of a punky vibe. At times, the lineup seemed somewhat all over the place, but one of Reese's best traits is her willingness to try something new, put it out there, see if that works, then boldly move on to the next idea. Speaking of bold, she also pulled one of the better stunts we've seen this week, sending a model cradling a cat on a leash down the runway cue the ""catwalk"" puns here."
5398,"Don't expect to see day clothes on Jenny Packham 's runway anytime soon. ""Other people do day better,"" she said backstage before her Fall show, going through racks of beaded gowns in washed pastels and muted jewel tones. ""We've found that the more niche you are, the better off you are."" Packham's philosophy is welcome, as it resulted in a tight collection of gorgeous formalwear that was broad-reaching but not boring. Inspired by seventeenth-century Paris salons ""where strong-minded women met to discuss arts and culture"" the designer put out a line of relaxed gowns and a few separates. A red tea-length dress, beaded in the style of Dorothy's ruby slippers, was made sexy by significant sheer paneling down the front. A dusty peach organza crop top, covered in red and white floral-patterned beading, paired nicely with cherry-colored high-waist trousers. And then there were the coats. ""Everyone always seems so cold on the red carpet,"" Packham said, referring to her extensive celebrity client list (which includes Emily Mortimer, Angelina Jolie, and of course, Kate Middleton). The solution beaded wool dress coats in peach, gray, and black should belong in every opera-going girl's wardrobe. Packham may not be cashing in on button-ups and miniskirts, but her business is nonetheless growing. For Fall, the accessories collection, launched just a few seasons back, featured earrings with geometric-cut sky blue and opal stones laid in rose gold, and a fancy white clutch adorned with wing-shaped Swarovski brooches. ""It ties in well with the clothes,"" Packham said. She's right."
5399,"Let's start by stating the obvious: This Olympia Le-Tan collection was more than a little kitsch. How could it not be, with an inspiration like The Sound of Music ? There were lederhosen-inspired looks and belts that said ""Schnitzel with Noodles,"" a callout to a line in the song ""My Favorite Things."" So, yes, Le-Tan was in a typically whimsical mood this season, and bless her for that. The interesting news here, meanwhile, was the fact that this collection was not all that silly. A woman would not have to possess a well-defined sense of irony to like, and wear, Le-Tan's sharply cut loden coats with embroidered buttons, or her flattering full skirts made from sensuous French jersey. Elsewhere, a Peter Pan-collar dress in a print designed by Le-Tan's father, Pierre Le-Tan, did err on the side of the twee, which was the nature of its charm; likewise, her nipped-waist cardigans were irresistibly sweet. Even the lederhosen-inspired looks were remarkably convincing: A velvet romper, for instance, didn't come off costumey and seemed like perfectly viable partywear for a moderately nervy hipster. (A pair of leather shorts with suspenders and a heart cutout over the bum, meanwhile, would require a more than moderate level of nerviness.) On the whole, this collection was more convincingly realistic than it should have been. It got to you, like that ridiculous movie about a nun who teaches a bunch of children to sing."
