review_id,review
3000,"If you're looking for a well-priced take on the season's lacy little tops and lingerie-themed looks, Vanessa Bruno just might be your girl. She's always had a knack for sussing out the trends in an approachable way. If the styling seemed a bit much on the runway lace knee pads, anyone? the collection will be broken down at her boutiques and at department stores into risk-free wardrobe updates. The pieces most likely to make the transition from catwalk to selling floor included the perfect little boleros and bed jackets with the season's bold shoulder, which could be worn over just about anything. Slouchy silk jumpsuits with drawstring waists and white Victoriana shirts with what looked like hand-tatted lace should also do well in stores. Some pieces had too much of a bottom-of-the-vintage-bin feel, and others were weighed down with bulky bits of yarn and appliqu's, but otherwise this looked like a savvy distillation of one direction fashion's going for Spring."
3001,"Buzz can be a tricky thing: Too much, and people are bound to have outsize expectations; too little, and, well, where's the fun in that? Sam Shipley and Jeff Halmos are no strangers to hype. Since their first collection (for Fall 2008) as ex-Trovata members, they've had a legion of fashion-following fans, and this season, after a couple of disappointing outings, the duo finally proved they're capable of outfitting them. Focusing loosely on classic dichotomies hard and soft, structured and fluid? Shipley & Halmos provided a framework to explore wearable basics (a phrase we've heard a lot this season, speaking of buzz), and the results are cleanly designed pieces with plenty of sweet details and wardrobe-workhorse potential. An otherwise straightforward silk tank dress in sky blue got edgy when you noticed the black chiffon inset in the back, and their take on the classic shirtdress saw it already pinned and tucked just so, emphasizing exaggerated elements of a men's suit shirt, longer in the back but showing plenty of leg up front. From outerwear, such as an asymmetric buttery leather coat with peplum detailing, to wear-everywhere items like chiffon tops printed to resemble burlap, there was plenty to choose from in the pair's fourth collection. Now that Shipley & Halmos have earned their fans' attention, let's see if they can keep it."
3002,"Many thoughts chase through the mind while watching Marni . To start with, you're curious about what's new: This time, the girl's got a hippie head scarf tied over artfully disheveled hair; dangly flower earrings; a terra-cotta duster coat over odd, stripey leggings. You wonder if you're getting the point are the silky, floppy trousers and jackets pajamas? You fret over how difficult the muted plaster pinks, mousy beiges, and rusty browns are to name. You smile at the fact that Marni polka dot comes in spots of variegated sizes. You clock a subdued Deco twenties thing going on in the knits. You like the high-waisted, vertically striped knitted skirts, and write down ""return of kitten heels."" You note the vague link between some puffy-collared, putty-colored sleeveless jackets and the military trend. You're sure you get that dangly earring now. You get a bit bored. You perk up at the bright red and yellow blurry fifties flower prints and the sequined jazz-age chiffon bits and pieces. And then, when the finale finally comes, and the girls file out at high speed, you think, ""Oh, that looks good, all together."" In other words, it felt like a longish haul to sit through this Marni show. It could have done with a harder edit and more of Consuelo Castiglioni's much-loved summery print and color. But then again, the cumulative effects are gently compelling, and if this collection won't change the face of fashion, never mind: Its followers will like it just the way it is."
3003,"Practicing his signature brand of arty minimalism, Francisco Costa replaced the sharp angles and dark colors of his Fall lineup with soft, organic shapes and light-reflecting neutrals. It made for a Spring collection more sensuous than blatantly sexy and more youthful in feeling than his recent efforts. He opened with a white one-sleeve bubble dress that, like the needle-punched nylon coat that came down the runway a few looks later, caught air behind the model as she walked. When he wasn't experimenting with volume, Costa was creating interesting textures: smocking and puckering cotton voile for an A-line shift, or hand-pleating and pintucking an organdy dress. Playing natural off techno, and sheer against opaque, the designer sent out mohair jacquard tank dresses that shaded from black to brown to gray and revealed subtle swaths of skin. The only departure from the show's earthy palette was a group of crinkled silk-cotton tank dresses and asymmetrical shifts in shades of pale aqua, citron, coral, and jade. If there's a criticism to be made, it's that the unstructured bareness of these clothes requires the sylphlike frame of a Thandie Newton, who sat in the front row along with Eva Mendes, Rose Byrne, and Jamie Dornan. But the weightless ease of these dresses has an undeniable appeal; this was a serene beauty of a collection from Costa."
3004,"Elie Saab went in a bold new direction for Spring straight into Balmain territory. Five looks in, there it was: a black nipped-waist jacket with a modified, slightly less intense take on Christophe Decarnin's tennis-ball shoulder. The latter designer's sexy, take-no-prisoners vibe could also be seen in the zigzagging crystal embroideries of a one-shoulder dress. The Balmain effect is so widespread at this point that it might seem mean-spirited to bring it up, but it was a hard-to-ignore departure for the Lebanese designer known as the go-to guy for Hollywood awards shows. Still, Saab didn't leave the celebrity-pleasing dresses completely out of the equation. For Spring, his draped and ruched glamour gowns were shown in pool blue and cherry red. The collection's most pleasant surprises were a narrow sheath and a column gown in a digital print that combined those colors with yellow and black. They were striking, and felt more original."
3005,"Backstage, Jason Wu said he wants to keep challenging himself technically. The way he set out to do that for Spring was to take casual, everyday pieces of American sportswear and re-create them in beautiful, super-luxe fabrics. The process seemed to produce a newfound playfulness in the designer some of the clothes were almost quirky. Early on, for example, there was a sweat suit complete with a hood in navy tweed, and a roomy forties-ish romper in denim silk. Later he paired a tulip skirt with a black tee striped in multicolor Swarovski crystals. Hair and makeup that evoked Daphne Guinness added another touch of eccentricity. When it came to the evening portion of the show, though, Wu was mostly back in earnest mode. He loves a one-shoulder dress, and you can hardly fault him: Michelle Obama, of course, wore a one-shoulder gown of his design to the Inaugural Balls last year. The examples in his show today were knee-length, but they came in all sorts of fabrics, from high-drama gold faille with a 3-D sculpted sash to a younger, cheekier aqua-and-black point d'esprit. As he did for Resort, Wu really let it rip when it came to colors, mixing the blushing pink feathers of a strapless number with an electric-lime-green ribbon belt, and violet with candy-apple red on a bustier dress. The only thing challenging about these party dresses will be keeping front-row starlets like Kerry Washington from clamoring to wear them. This show was a confident leap forward for the 26-year-old designer."
3006,"Aside from a bit of front-row intrigue news of company president Mario Grauso's departure from Carolina Herrera was in this morning's paper, and there he was sitting with his wife, Anne the mood was positively decorous at today's show. But isn't it always? Herrera's program notes explained that the collection's starting point was the intricate forms woven in Japanese baskets. A rarefied inspiration, to be sure, and one that meant there was plenty of surface interest to take in on the clothes, from an intriguing vest-jacket woven in gray linen jacquard to a strapless white dress embroidered with tiny wooden tiles. Counterbalancing the clearly luxe materials was a surprising push intosilhouettes that were, if not quite downtown, then certainly youngerlooking: Thigh-baring shorts accompanied jackets for a new (to Herrera, at least) take on the summer suit. Fresh evening separates, like an ivory satin toile long-sleeve blouse and matching long skirt shared the runway with gowns and column dresses. And, yes, there was even a jumpsuit it was belted and strapless, with cropped full legs, and came in a deep brick-red gazar. But for all of the laudable experimentation with new shapes, there was a clunkiness to some of Herrera's other, more familiar looks. Therope-weave jacquard of a tea-length dress sagged in the bodice and added volume to the hips, and a rose chiffon gown with a bugle-beaded top didn't have the signature polish of the collection's winner, a bronze one-shoulder gown with parallel lines of gold embroidery tracing the outline of its model's body. That number walked the line between youth and sophistication."
3007,"Fashion East has a breakout star. She's Holly Fulton, a Scottish textile designer who, since her last tentative showing of a few Art Deco paillette-embroidered T-shirts, has made a stunning leap forward, emerging this season with the whole package: bright, embellished dresses and plastic and crystal neckpieces, earrings, bangles, and printed clutches. As a total summer look, zinging with yellow, orange, white, and peacock blue, it totally worked; there was nothing of the awkward student trying too hard about it, just a wearably chic yet quirky sixties-via-Deco look, with outstanding color sense and decoration loaded into every piece. Fulton, who said her collection had been triggered by an EduardoPaolozzi work called Wittgenstein in New York , received her M.A. at London's Royal College of Art, as did the second designer on the runway, Heikki Salonen. A Finn who has worked with Erdem, Salonen's collection consisted of young, down-to-earth tailoring pieces like vests, walking shorts, and monochrome prints, the starting points of which were English tradition and Scandinavian movies: He'd been watching Ingmar Bergman's Persona . Also making his debut was Michael Van Der Ham, an alum of Central Saint Martins, who brings the promise of a refreshing kind of glamour to the runway. Patchwork is too folksy a word to describe how he scissors away at mismatching bolts of vintage gold brocades, couture florals, and seventies Lurex and assembles asymmetric and potentially glamourous dresses from them. Van Der Ham, who is Dutch, has also won New Generation funding. Next season, let's hope he'll be back with as much polish as Holly Fulton."
3008,"Roberto Capucci is one of haute couture's most underappreciated practitioners, so it was a pleasant surprise to hear the newly minted Italian stars Tommaso Aquilano and Roberto Rimondi name-checking the designer and his achievements, along with those of other semi-obscure Italian couturiers like Pino Lancetti and Andrea Odicini. The designers turned out an unrepentantly joyful ode to the heyday of Roman couturiers in deluxe Italian fabrics, like jewel-tone brocade (used here for a slightly puffed-shouldered double-breasted coat-dress) and a lush rose and gold lamé (the basis for a strapless party frock with a voluptuous bow at the back of the waist). It got more ornate from there: The patchworked bottle green lam's of a long shirtdress and a pair of tiny miniskirts were inspired, we're told, by Monet and Gaud . To appreciate those looks, they must be studied close-up; the runway just doesn't do them justice. That was only part of the story, though. Aquilano and Rimondi also wove a legitimately sporty sensibility into the collection. Sharply tailored safari jackets, belted dresses, and vests mingled with the shiny cocktail-hour fare. Still, it was just about as far removed from Milan's drift toward rawness and transparency as you can get. Some of the looks would read as over-the-top in any season (a bustier minidress trailing a bow and topping a be-ruffled blouse, for instance), but in a Spring relatively short on full-on glamour, many of these clothes were standouts."
3009,"This season was more about how I dress, Nicole Miller said backstage after her Friday night show. And judging from the swarms of well-wishers who crowded in for a little face time and Champagne, her personal style has plenty of admirers. So, what is the Miller aesthetic? Streamlined, sporty, and sexy. Sexy was the overarching mood, with graphic cutouts and sheer paneling put to good effect (especially on a wear-with-everything black chiffon tank). This was body con that wasn't too ""body"": a marketable idea, surely. So it was a shame that some of the embellishments cheapened the overall effect. Miller's interest in opalescent fabrics was too much in evidence; they added little to otherwise sleek separates. There was an appealing versatility in a series of side-draped dresses in prints and solids they could be one thing with flats and quite another with, say, a caged gladiator bootie. But the best pieces were the simplest, like a scuba-stretch dress in charcoal gray, the designer's favorite color of the moment."
3010,"Vanessa Seward's Azzaro is a go-to brand for starlets looking for red-carpet razzle-dazzle. There was plenty of that in her intimate Spring presentation, from a relatively understated white strapless column accompanied by a gold chain-mail bolero to a swingier, short, gold fringed number with crystals strung on the silk threads. Like the rest of the collection, they looked like a good time, but they weren't exactly what you'd call unexpected. Seward did attempt to introduce some newness into her dress-focused lineup. First, she enlisted her friends the graphic artists Kuntzel + Deygas (perhaps best known for their Catch Me If You Can opening credits) to create a few drawings based on her cat Jo, and had them embroidered onto a group of short white cocktail dresses. Charming and whimsical, certainly, but presumably quite limited in their appeal. Seward's other idea was to turn slouchy sweatshirts into minidresses, in a navy and white heart print for day and a burnished gold for night. ""They're still short,"" she explained, ""but not as aggressive as something tight."" In a similar vein, she showed a silk jumpsuit with an easy drawstring waist. Yes, there were crystals at the neckline, but its otherwise sporty sensibility was fresh for Azzaro. It made you want to see Seward get better acquainted with her relaxed side."
3011,"At the end of today's Y-3 show, a net dropped from the ceiling and Yohji Yamamoto accompanied by none other than Zinedine Zidane, one of the world's most famous soccer players came out to take a shot at a goal (manned, incidentally, by a paparazzo conscripted by Irina Lazareanu). Does that mean Yamamoto is a football fanatic? Not exactly. ""Sometimes it looks to me like the supporters are like people making a war,"" the soft-spoken and pacific designer said. What really inspired Yamamoto's World Cup-themed collection was something more poetic, naturally: the movement of the net after a goal, which Yamamoto had taken note of in a movie. Netting was integrated into the collection with lots of airy (and body-exposing) pieces. These worked best when worn under tailored separates, like some great suspendered pants. But the faithful really came to see the seasoned players i.e., a good jacket and a good pant and they weren't disappointed. The jackets came with nationalistic shield patches, and pants were often of the harem variety. The combination of structure and flow, as in look five, a blazer over a long dress, or the juxtaposition of draped jersey tunics and stiffer cotton pants, was particularly effective. The tiered jumpsuits that looked like dresses were also winners."
3012,"Feeling her way toward a full-scale catwalk production sometime in the not-so-distant future, Victoria Beckham  graduated from one-on-one appointments to a small, informal runway show that she narrated look by look. The collection itself has progressed, too. A girl, after all, cannot live in fits-like-a-glove sheaths alone. ""I wanted to push myself,"" Beckham said, ""to play with new silhouettes, textures, and print."" The newness came via two double-crepe dresses with paneled shoulders and wide skirts, a couple of otherwise streamlined minidresses with peplums flaring from waist to hips, and a strapless cocktail number that looked as if the model had wrapped herself loosely in a bedsheet that might slip off at any second (if not, Beckham explained, for an inner corset structure). The collection felt alternately more girly, more fashion-forward, and more laid-back than before but always with its designer's signature sex appeal. The showstoppers no surprise were the evening dresses, impossibly long and narrow columns with contrasting bands of fabric at the waist that enhanced their slimming effects. When Beckham does want to join the big-timers on the runway, she'll probably need to expand further into daywear, but three seasons in, she's certainly established herself as a red-carpet expert."
3013,"Everything Marios Schwab designs comes about only after he's gone through several rounds of intellectual inquiry and striven to articulate something about the way we're living today. This time, his drive was to find ""a new way of looking at bohemian dressing,"" a mission that meant he was going to challenge himself to get away from the short and tight body-con dresses he helped bring into fashion, but which have now become tedious. ""I started with period costume, looking at maids' muslin skirts and suiting,"" he said, detailing how he'd then divided the body into three zones to try to invent a new proportion that didn't look retro. Schwab laid out the foundation of his thesis by sending out three ""whole"" versions of the garment templates he would then proceed to chop up: a puffy, bunchy, pale peach dress; a lavender organza pantsuit; and a vertically knife-pleated beige silk dress. After that, the essay proper started, with multiple variations on cropped tops over pleated midsections with wispy, bunchy skirts floating beneath. The intention was to find a designed parallel to the way women will mismatch, say, a man's blazer with a soft dress. ""There are no rules, no one fashion anymore this is the way of dressing now,"" Schwab said. The question is: Did his rearrangements of silhouettes work beyond the drawing board? Not wholly. Some of the torso-centered French-blind heavy satin pleating looked awkward, forced, even borderline ugly. Had it come fused onto the more diaphanous skirts to make dresses, Schwab might really have been in trouble, but fortunately the skirts are separate pieces and quite possibly will underpin his collection as next season's commercial money-spinners."
3014," Loewe is a leather house, Stuart Vevers shrugged. ""But how do you make leather work for Spring "" His rhetorical question was answered in a rolling series of presentations, where the Spanish luxury company's extraordinary technological advances in finessing skins like laser perforating, and cutting with a new high-pressure water gizmo were shown alongside tweaked signatures. Vevers' baseline inspiration was the heritage: the distinctive ""oro"" mustard-gold shade of leather, a standard since 1975, and the classic handheld Amazona bag. The challenge has been to add a believable clothing offer, and in this show, Vevers began to get on top of it. His palette of sandy beige suedes, contrasted with a dash of orange, looked punchily chic in the opening passage of easy trenches, as did the Amazona, updated with patent orange handles. Those, and an oxblood coat that looked like a serious investment piece, seemed likely to please connoisseurs of classic quality, but the surprises were all in the little dresses. Paper-fine leather and suede dance frocks were treated to perforations of such delicacy that they looked like lace one was a gilded fairy dress; another, a ballerina tutu in dark chocolate. There were also moments of humor: One model carried a clutch of brown paper shopping bags that were, in fact, made of caramel leather. Vevers also offered comparatively workaday pieces, like leather trousers and jeans with whip-stitched leather military stripes on the outside leg, but it was his ""summer"" leather dresses that marked this collection as noteworthy. Loewe may never be a collection that justifies a grand runway to frame what it's about, but this season's intimate presentation succeeded in conveying the specialness of the brand's craftsmanship."
3015,"At some shows in Paris, the seating arrangements are so cramped that you can physically feel the audience reaction in the body language running along a bench. At Givenchy , there was no possible doubt about what it was. From the very first look out a geometrically striped black and white jersey jacket over a graphic, lozenge-fronted top and draped pants everyone was on high alert, jostling and craning for the best possible view. Indisputably, Riccardo Tisci has moved up to the elite group of designers who matter most in Paris. His work has editors pining to buy and rock stars' stylists competing for first dibs and for Spring, that heat's only going to intensify. What he sent out was a fusion of Arabic influences, goddesslike draping, and, according to the program notes, the results of his new research into sixties Roman couture. If that sounds like nonsense on paper, in fact almost every garment had an intensity of proportion and detail that looked incredible: the graphic jackets; tiny kilts; attenuated drop-crotch harem pants; cool, multilayered, modernized tutus; and draped, wrapped, and swathed tulle dresses. Travel influences often lead to banality, but Tisci's referencing of the kaffiyeh scarf was pushed into allover digital patterns in ways that almost took it into the realm of zigzagging psychedelia. The prints covered blouses, jackets, kilts, leggings, platform wedges, and bags. The silhouette, with its slightly raised waistline, had the effect of making the models look even taller and more impossibly leggy the drama enhanced by the high, wrapped, wedge-heel boots. For day, the bondage-y footwear came in leather; at night, with the goddess dresses, it was smothered in white tulle. This highly resolved series of looks could only have come about because of Tisci's experience in Givenchy's haute couture. If that sounds high-flown, it is, in a way but the cleverness is that everything he's doing now has the heartbeat of youth. Even better: Tisci may be the rock world's new dream couturier, but in retail that also translates into accessible, surprising pieces that sell out the minute they hit stores."
3016,"Via reality shows not to mention the constant tweeting of a growing mass of publicists, designers, and editors (OK, guilty as charged) there's a new transparency in fashion. It's as if Isaac Mizrahi's Unzipped scrim were placed over the entire industry. Today at the Gagosian Gallery, L'Wren Scott did full exposure in her own exacting way. At the show's start, a pair of black-and-white-clad identical twins walked out to pull back long curtains and reveal the backstage area. ( Gasp! ) Of course, this being Scott, it was clinically organized with already-dressed models neatly lined up behind labeled racks. ""I'm not a good chaos person,"" the designer acknowledged postshow. It's a good thing the Internet didn't exist in the decadent era from which Scott sourced the seed of her idea. She called the collection Madame du Barry after the famed mistress of Louis XV, who, Scott explained, was an early adopter of pink. It made for the stylist-cum-designer's most colorful and light-spirited collection ever. As she evolved that rosy palette, the frivolity and frou of Versailles merged with her precise line. Scott's signature is a strict sheath dress, of which there was a chocolate-box assortment of beauties here. Still, it was refreshing to see the lightness of a chiffon polka-dot blouse spilling from a nipped fuchsia jacket, or the swing of a tea dress. Tilted, wide-brimmed hats immediately gave you Bianca Getting Married (an irony probably not lost on Scott's beau, Mick Jagger, sitting front and center), and the coolly androgynous glam-rock suit silhouettes set the early-seventies thought in place. And what would those Ziggy Stardust years have been without feathers? Though they were never seen like this: exquisitely crafted into Victorian ruffles or a blanket of articulated flowers inside the breathtaking long waistcoat that closed the show. Bravo to Scott for a beautiful evolution."
3017,"Berardi, English? I always had him down as an Italian, remarked a high-flying American editor who trooped into a church on North Audley Street to watch the homecoming parade of a designer who was actually born to Sicilian parents 40 years ago in Britain and educated at Central Saint Martins. Yet the editor was right to query Berardi's identity, because the show he put on did turn out to have more than a hint of the Italianate about it, both in style and production quality. In a good way, that was visible from the first look, a putty-colored skirtsuit opening to a nude, boned, crystal-embellished corset. After that, Berardi started adding elements of samurai armor and the kimono to the structure of shoulders, sleeves, and skirts while hammering home his love of a short, tight dress. Technically, Berardi can pull off some amazing feats with a bra-top body-dress (his best was in white with an external black balconette scooped under the breasts). Yet something in his presentation, which was less rigorously edited than others in London now habitually are, fell into repetition until it began to look like a Berardi best-selling-dresses catalog. That was a misstep, because he does have it in him to be more creative: What stood out in the final lineup was a single skirtsuit in menswear fabric with sheer panels inserted in the shoulders and along the flanks. Berardi should follow that up, offering some other way to be sexy than a dress with a three-inch skirt."
3018,"I'm an evening kind of guy, Dennis Basso declared backstage before his show Tuesday afternoon. ""Cocktail is really my niche."" Indeed it is. A furrier whose fine eye for detailing has won him a loyal uptown following the front row read like a page from the Social Register  Basso focused on what he does best, namely, occasion gowns and the furs you wear with them. Wisely, he is interested in dressing mothers and daughters, so there were both stand-alone statement dresses for the former (like a python-bustier chiffon gown with a full, liquid-bronze chiffon skirt) as well as unadorned silk jersey slipdresses and tanks to be dressed up or down (say, with a mink-and-organza cover-up) by the latter. A romantic hint of the Degas corps de ballet could be seen in the bubble skirts and molded tops that dominated the silhouettes; in fact, the first look, a short chiffon dress that was practically a tutu, was pure fantasy (what young girl doesn't dream of dancing the Sugar Plum Fairy ). Styling these dresses with Alexis Bittar knuckle-dusters and fishnet thigh-highs that could be seen peeking out from under the shorter hems, Basso is clearly making a play this season for the younger half of his charity-circuit demographic."
3019,"Long and elegant, and put together with an eye that recalls seventies Saint Laurent, Roksanda Ilincic 's collection has moved on to a different plane from the charmingly gauche fabric experiments she used to show at breakfast time in a caf . Now she's in a serious establishment venue in Westminster and designing for a woman who's reached the stage in life where she wants to be elegant for real, rather than playing at it. Ilincic's thing these days is purely eveningwear, with a strong shoulder and either draped charmeuse pants, a sinuous bias-cut skirt, or a high-impact cocktail dress. Partly, it's forties Hollywood in spirit, and her new tuxedo dress or a teal bias-cut skirt with an ice blue shell are ready for their event-season close-ups. (She's even found a solution to her former ragged edges, adding a ribbon of stretch black tulle to finish her garments, a minimal, pretty device that also has the effect of quietly branding her clothes.) The shorter dresses she does now are also much more controlled simple shapes, but cut from amazing fabric, like a gold brocade number with a hitch in the hem, or a great, deep sea green one in a kind of supple canvas with a ripple of fabric down the spine. There was, of course, an African tribal-art influence in there, which only brings the subject back to Saint Laurent again. Where Yves went with feathered and beaded dresses, Ilincic followed with her showpieces. Still, the most dramatic item in the show was free of any reference: a liquid navy-blue metallic jersey floor-length toga. Bravo to her."
3020,"Trey Speegle's giant paint-by-number canvas spelling out the word YES at the back of Stella McCartney 's runway summed up the mood of today's collection quite succinctly. These were uncomplicated, upbeat, and above all colorful clothes for women who prefer not to think too hard about getting dressed but still want to look young, sexy, and chic. It's a sentiment that McCartney, a mother of three young children and the head of a growing fashion empire, understands intimately as do her loyal customers, including front-row pal Gwyneth Paltrow. The actress, who sat sandwiched between Stella's dad, Sir Paul, and Charlotte Rampling, wore a McCartney blazer and skinny denim. Both made appearances on the runway, but these weren't the designer's signature elongated, borrowed-from-the-boys shapes. Instead, she took her tailoring in a more feminine direction. Jackets in silvery raw silk shantung came with a graceful ruffle down one lapel, or a sweet peplum, and were paired with wrapped-waist, relaxed silk pants. Denim turned up as a pinafore and as easy button-front A-line skirts, worn with a silk shirt or a lace cami and jacket. Wedge cork Linda sandals, inspired by McCartney's late mother, complemented the clothes' slightly retro seventies feel. ""Summer's not about aggression,"" the designer said backstage, and that thinking extended into evening, for which she proposed red, blue, and orange rose-print pleated dresses edged at the neckline and hem with swirls of ruffles. The collection won't necessarily situate her in Spring's big conversations about sheerness or lingerie (she did transparency and lace last season). Not that she minds. ""I wanted to teach my customers not to be afraid of the simple stuff,"" she said. McCartney clearly isn't, and it's that kind of confidence that makes her clothes so winning."
3021,"We wanted something young, something that felt fresh, so we looked to surfing and skating, the things we grew up on, Lazaro Hernandez said backstage after Wednesday's fun, energetic Proenza Schouler show. Any of that sound familiar? Hernandez and his partner, Jack McCollough, started playing with tie-dyes and scuba elements for Resort. Here, they pushed the idea: They took the notion of track jackets wrapped around waists and built those elements right into tank dresses and shirtdresses, and they teamed a pair of color-blocked track pants with a great tailored jacket for a sporty-chic effect. It's the sort of nonchalant look a lot of designers struggle to pull off; these guys nailed it effortlessly. As for those tie-dyes? There was nothing hippie about them, cut as they were into micro-mini racerback tanks or shifts and trimmed at the hem with thick layers of plastic fringe. For evening, the silhouette was short, short, short. A few of the cocktail numbers featured the bra-cup bodices the duo has made their signature, mixed here with tiers of micro ruffles. Other dresses floated away from the body in dense embroideries of beads and feathers, and still others featured the brightest, most novel animal prints to hit a runway in recent memory. Each look was perched on wedge-heel woven sandals as colorful as the clothes, and a few of the models had blue or purple streaks in their hair. There have been moments in the last couple of seasons where the boys at 28, they still qualify for the term were straining a bit too hard to come off as ""grown-up"" designers. For Spring, they found a groove with a concept so simple it should've been more obvious: designing for the cool girls they like to hang out with."
3022,"Fresh off her CFDA Lifetime Achievement Award and a collaboration with Target, Anna Sui is steadfastly in center ring and it was clear from her stellar circus-themed Spring fling that she's comfortable there. ""I'm always about optimism and exuberance. It's what I feel about fashion,"" said the designer a few days before taking her show on the road. The clothes were pure big-tent Anna Sui, with lots of references to the Pop sixties the designer's Valhalla. Models wore Mary Quant's Sassoon cut, or were transformed into latter-day Jean Shrimptons with flowered head scarves and shifts printed with circus animals, paisley, or apples. There were also ringmaster's jackets, Liberty patterns recolored ""? la Anna Sui,"" and lots more tomboyish looks than usual. Blame that on Rex Harrison: Sui had been watching the 1967 version of Doctor Doolittle , and it must have really struck a chord because the tailored pieces a flowered pantsuit on Ranya Mordanova, a voodoo-beaded denim shorts suit worn with a paillette-embroidered mesh dress had a cool sixties-take-on-Victorian-menswear feel. (Vests never looked so good.)"
3023,"Daryl Kerrigan cast all non-models to wear her Spring collection. Why? ""That's my job, really making real women feel beautiful,"" the designer said. And if anyone can claim to know women, it's Kerrigan, who spends lots of time interacting with shoppers in her Bond Street boutique. The Daryl K customer isn't every woman, though. She's decidedly downtown, likely tattooed, and almost certainly on a first-name basis with doormen at grungy but happening venues to which she might wear a stretchy satin dress or a jumpsuit in washed-out denim. There were viable options for the office, too, such as a bias-cut blazer with a bit of swing and an ecru sheath. Kerrigan-isms like slashes, button details that are decorative as well as functional, zips were worked in throughout a collection that was timely, even as it looked back at the Irish designer's body of work. Of the current trendscape, Kerrigan could say, ""Been there, done that""; the difference is that she's one designer who truly knows how to keep it real."
3024,"Rei Kawakubo is held in such awe and esteem as fashion's leading conceptualist and so well known as a woman of few words that most people wouldn't dare imagine her having a sense of humor. Yet was there a sly dig at current fashion's fast-forward consumption of trends going on in the collage of fabrics in her Spring collection? The first look she sent out had a black leather shoulder brace over a nude netting T-shirt and a patchworked skirt of brocades and red glitter. As the composites of materials continued, it transpired that chopped-up shoulder parts of jackets were appearing in strange places as if Kawakubo were casting an ironic eye over the current obsession with shoulder pads, and literally trashing it. Backstage, she didn't have any comment or explanation for that. She just said, with what may have been a flicker of a smile, ""I'm an adult delinquent, to the end.""  Kawakubo deliberately works at an isolated distance from the mainstream. Just recently, though, she'd have needed to be a hermit or a saint not to react to the way the wider industry has been cannibalizing her ideas. Thanks to her last collection alone, both military drab and the use of sheer, nude fabric are running rampant through the Spring shows, shortly to be followed by an instant mass-market response. Kawakubo returned to both points in this collection (via army tailoring and transparent beige trenchcoats) as if to flag the fact that, actually, she was the one who started those trends.  It's never wise to second-guess a Kawakubo motivation, but her soundtrack of serene music suddenly shifting to a scrambled, fast-forward cacophony, then back again, and the slow-then-quickened step of her models seemed to mirror the idea of the pace of intellectual creativity versus the voracious speed and noise of consumer culture. Still, the mood of the show didn't position Kawakubo as a woman in a funk about the state of affairs in current fashion. And if she actually was taking a sidelong swipe at the mass market's shoulder-pad mania in this collection, and declaring it over? Well, that would not just be funny, but dead right, too."
3025,"Though David Delfin is new to New York he's based in Madrid, his real name is Diego David Dom nguez Gonz lez, and this is only his second showing here this spring he actually marks ten years in the business, as well as a decade with his partner. In a mood to celebrate, Delfin set himself an unusual challenge: no black. The models would step onto the runway through a wall of fringe, clad only in green, navy, and white a palette inspired by the Polychromie of Le Corbusier. Androgyny is central to the Davidelfin aesthetic, as are one-sleeved looks. While the latter, as of today, seemed a bit last-season, the mannish looks were more successful, with strict shirts and ties and some very wearable-looking trousers. According to the program, the collection had a ""Reality gets confused"" theme, which was reflected in pants that hid behind a skirt front; a top-and-cardigan ensemble that turned out to really be a shirtdress; and, yes, the obligatory skorts. Although well-executed and interesting conceptually, these pieces might pose something of a challenge on the selling floor, especially in hospital green, not a safe color by any means. The real standouts here were the knits (like a long sweater belted and paired with a tulle skirt and fierce color-blocked Christian Louboutins) and the jersey pieces (minidresses draped in front or with an unexpected fall in the back). Although the pacing was too slow, the show was focused and had an individual point of view, and for that we say ol !"
3026,"I always feel like I need to lose weight after I see this show, remarked a magazine editor at Cushnie et Ochs . Fair enough. For their third season, design duo Carly Cushnie and Michelle Ochs' signature body-con look was served with more con than ever. There were sheer panels on razor-skinny pants and enough peekaboo on sharply constructed dresses to keep a toddler happy for hours. ""We wanted the pieces to look poured onto the body,"" Cushnie explained a few days before the show. And they did, particularly those cut with amoebic curves that clung impossibly to the models. After their strong start, with plenty of critical praise and an Ecco Domani award, the pair is looking to move forward. Their newness was in more separates, mostly in coolly polished shorts paired with blouses, but the smart thinking in a black blazer that echoed a corset in its hem was a standout. Floaty cowl backs and a peach draped silk and jersey dress were intended to soften their strict reputation. But Cushnie and Ochs showed here that they're deserving darlings. Yes, a white knit gown that betrays every extra crumb has limited life beyond the runway, but their smart, wholly un-tarty sexy look makes it worth pushing away the bread basket and ringing up Tracy Anderson."
3027,"Leopard prints and pretty florals are virtually guaranteed at Rebecca Taylor , but for Spring her flair for the sweetly feminine was tempered by stronger silhouettes. It was one of her freshest collections to date. ""I wanted to see shoulders, waists, and legs this season,"" she said backstage. Gone were Taylor's once-staple floaty peasant dresses. In their place: polka-dot high-waist denim shorts, metallic trousers with elastic cuffs, and quilted boyfriend jackets in bright tulip prints. And while there were still plenty of ruffles to keep fans happy, they were best in small doses. (A dramatic organza dress worn by Kin e Diouf, by contrast, appeared ready for liftoff.) All told, it was an engaging effort that will be well received by city girls who prefer to walk on the sunny side of the street."
3028,"Fall was about money and employment; Spring is about relaxation after all the stress, said Stephen Burrows prior to his intimate showing. Burrows certainly seemed at ease in his talent, working with lightweight fabrics and fine mesh inserts (as on a fit-and-flare dress in inky black that exposed peeks of a red underskirt). The idea, the designer said, was to create the sense of beachy calm that being near the ocean instills. In this context, Burrows' famous lettuce-edge technique (which showed up at Marc Jacobs, too, this Spring) took on the aspect of seaweed, sequins became the glint of sun on surf, and a jagged-hem minidress looked like it had been mangled in the jaws of a ferocious shark (albeit one with a superior sense of silhouette). If it was difficult to connect the dots between the color-blocked pieces that opened the show and the sequined ones that closed it, the collection's standouts were easy to spot. A crisp white ensemble with a twisted-lapel top was as sharp as a sail, and a black and seafoam jersey combo worn by house ""mascot"" Anna Cleveland swelled and draped with the liquid motion of the tide."
3029,"Jeffrey Costello and Robert Tagliapietra had no esoteric references to pull out of their (plaid-clad) sleeves this season. Gone, too, were the styling gimmicks. For Spring, they said, they were interested in simply exploring ""beauty for beauty's sake."" The boys went back to their roots with a marked focus on lovely drapes and lush color with an added dollop of Earth-friendly fashion technology this time around. For their sunset and lake prints, based on photographs Costello shot digitally in Brooklyn, they worked with a company called AirDye that has developed a way to print fabric without using water. Surface interest was also provided by a number of dresses with contrasting backs that played matte against shine or print against solid. There were also tr's subtle Swarovski details, a few mumsy elastic belts, and accomplished origami folding. The first exit featured satin-organza embroidery that magically transformed a dress into an orchid, which, in turn, made model Ali Stephens look like a (simply beautiful) walking flower."
3030,"Third time's the charm for Shaun Kearney at Cynthia Steffe . After a sophomore effort that was too dark for the brand's core customer, the creative director hit his stride with a Spring collection that brilliantly married the Steffe girl's propensity for sweetly feminine looks with the modern mix-it-up sensibility favored by cool chicks like Alexa Chung. ""It's no longer about the head-to-toe look,"" Kearney reasoned. ""Today's woman wants to take a little from here, a little from there, and make it her own."" And there was plenty to grab: a washed cotton-linen boyfriend blazer, an airy suede utility vest, and a sexy mini bedecked in swishy pearl beads. Ruffles played a key role (this is Cynthia Steffe, after all), and though elaborate folds on blouses and skirts were frankly a bit clownish, flirty frocks with cascading lapels felt just right."
3031,"Just two hours before a crowd swarmed Bryant Park in anticipation of Tommy Hilfiger 's Spring show, you could see a similar crush outside his new Fifth Avenue flagship. And inside the massive 22,000-square-foot space, partygoers packed every one of its four floors and lined the winding, sculptural white staircase. In the midst of it stood Hilfiger, happily receiving a stream of friends, celebs, and industry VIPs. ""It's a pinnacle,"" he said of the opening. ""A dream come true one that I've had for 25 years."" The designer pointed out that his peers had all set up shop an avenue eastward. ""Donna, Ralph, Calvin, Oscar, Michael? They're all on Madison,"" he added. Interesting. Well, certainly Hilfiger is American enough to raise the flag solo on Fifth. And a short while later he proved it in chic spades with an energetic and fresh-scrubbed collection, named Beachside Romp, that was meant to evoke a SoCal boardwalk but could indeed play anywhere. There was lots of smart tailoring in a nautical palette of navy and white with gold buttons. Classic, yes, but also refined and not without the occasional twist in the form of big gold grommets on a trenchdress, or the khaki jodhpurs and desert boot-sandals that a fashion girl might adore. That crispness was set off by what Hilfiger called a ""relaxed glamour"" quite lovely in the fluid tonal look that opened the show, and also in a lipstick-red jersey gown. Perhaps too relaxed, however, were the very short, strapless silk dresses that were corseted but had the look of a post-shower towel. They certainly felt beachside, though perhaps not in the way intended."
3032,"Pen lope Cruz, Diane Kruger, Kate Beckinsale, Rachel Weisz, Kerry Washington, Ali Larter, Sharon Stone, Bar Refaeli. That's a list of women who, in a single month this year, all wore dresses designed by Georgina Chapman. So why do they love Marchesa ? ""Do you know what? I don't actually know, but I'm so glad they do,"" laughed Chapman at today's Chelsea Art Museum presentation. Well, Chapman might not be able to quite put her finger on it, but she clearly knows better than to mess with the unmistakable and ultraglamorous bones of the look. For Spring, her reference was Madame Butterfly , which led in a straight line to the formal kimono wrapping of stiff satin gowns and flat, obi-esque folds. More obliquely, there was something of a set-design element to the very matte black and white dresses that almost looked as if they'd been cut out of paper. And, of course, the drama of Chapman's signature sculptural and gravity-defying ruffles of horsehair is nothing short of operatic. But, with few exceptions, that's not the dress that elicits a swoon from actresses, like the trio of Blake Lively, Maggie Q, and Emmanuelle Chriqui that lit up the gown-ogling crowd today. Rather, it's something like the breathtaking Grecian draped column partly masked with carefully beaded black lace simple but exquisite."
3033,"Things got off to a bad start at Charlotte Ronson : Chaotic planning meant that frenzied editors arriving late from earlier shows found themselves without a seat. For those who did manage to snag a spot, though, Ronson's off-duty-dancer wares turned out to be a welcome respite from the gloomy weather outside (as were sis Sam's upbeat tracks). Off-the-shoulder crop tops, acid-wash bodysuits, and powder-pink mesh leggings should surely please the designer's fun-loving fans. It wasn't all tutus and tulle, though. As Ronson put it, ""It's classical meets street"" meaning these ballerinas are downtown girls, sporting bleach-splattered army jackets and leather utility vests."
3034,"Phoebe Philo has always had a great sense of who she is. That centeredness informs her way of designing clothes that reflect fashion as it's really lived, rather than anything arty or conceptual, and it gives her work the vitality so many young women identified with during her wildly successful pre-marriage, pre-family run at Chloé. Well, four years down the line, she's back different house, different mid-thirties phase of life but with possibly even more directness and focus at Celine . ""I just thought I'd clean it up. Make it strong and powerful a kind of contemporary minimalism,"" she said. The precise lines and simple equations of luxuriously sporty elements read as a brisk mission to make classy utilitarianism sexy: not ""again,"" but for the first time for Philo's own generation. The pairing of sharp, whipcord-trimmed skirts, fine leather tees, piqué shirting, over-the-head cross-laced dresses, and modified military jackets was shot through with pragmatism and a crucial underlying appreciation of classic Parisian taste. At some points, the Chloé Phoebe was visible again. It was fully there in the super-flattering cut of her high-waist, wide-leg pant, and the genius of the wedge sandal that made every single look work. The difference was that the restrained palette of camel, beige, white, and black had the full stamp of a grown-up sensibility, one that also carried the bat squeak of Helmut Newton-esque eroticism in the semi-sheer nude fabrics and the plain yet provocative use of leather. Quite possibly that charge doesn't sizzle in the runway photographs, but every young woman in the room felt it. As the audience exited, a general cry of, ""Oh, I just want to be like that,"" was ricocheting through the crowd. And that, as we seem to remember, is just what they said when Philo's Chloé went into vertical liftoff."
3035,"In the latest round of Parisian-designer musical chairs, Peter Copping formerly chief assistant to Marc Jacobs at Louis Vuitton  has arrived at Nina Ricci , which was recently vacated by Olivier Theyskens, who in turn, not so long ago, replaced Lars Nilsson. Hard to keep up, let alone get a grip on what this house is supposed to be about? Absolutely. There's a danger, with so much change, that professional audiences, let alone customers, can lose the will to care about a brand. That, presumably, is why the decision was made to debut Copping's collection in the salon above the store, bringing the whole thing in-house and making a concerted effort to refocus the brand on the frilly femininity Nina Ricci once stood for. Copping, who is British (he joined LV with Jacobs), has luckily arrived at a time when soft and girly things in face-powder pink are part of the season's trendscape. He opened the show with a dotted tulle cardigan (bra on show) and a tiered perforated skirt, moving through cute layerings of tiny lace knits, silk dresses, and leggings, all in delicate pinks. It quickly became apparent that his 12 years designing selling pieces for Vuitton haven't gone to waste. Copping isn't a bull in a froufrou china shop. He knows how to put together a look that can break down into real, mouthwatering pieces for retail. He also proved he could lightly render the epitome of Nina Ricci-ness tiered ruffles in a pretty strapless dress that looked genuinely young. After that, though, when the show turned to black and lace and one floor-sweeping navy and black Edwardiana dress that looked like the sad shadow of Theyskens' tenure trailing through the room, Copping seemed on less certain ground. Understandably, he hasn't had enough time to fully articulate what he's capable of, or to work the Louis Vuitton-isms fully out of his system. At first sight, though, Ricci is now in a safe pair of hands but the jury's still out till next season."
3036,"It's the season of wispy fabric, ivory and ecru, off-pastels, and fraying edges. At Fendi , all that was going on, with an added Parisian lingerie twist. It looked as if Karl Lagerfeld had drawn from his French vocabulary to make a cream silk high-necked playsuit (part classic blouse, part romper) and a dotted tulle shirt with a frilled triangle bra beneath. Thankfully, it didn't slip completely into the clich's of boudoir (hypersexy is not the mood). That's because of the more rough-hewn elements say, a pale blue linen sarong, wrapped like a simple piece of raw-edged fabric around the body and the incredibly luxurious Fendi craftsmanship. The latter was apparent in a couple of pairs of chamois-fine pants and the puffy, feathery collages of leather on the shoulders of a tulle jacket. As for bags? There were a lot of wood-handled ones that came with the odd device of a snap-on fabric cover could be linen with a flower-embroidered edge, could be needlepoint. If it was hard to see the utilitarian value in those, that's nothing to the two evening clutches made of completely transparent Perspex, with beveled edges. They were, of course, empty, because it would ruin their beauty to carry anything in them. Nevertheless, they were almost the most eye-catching thing in the show."
3037,"I don't want to say it's more youthful, said Devi Kroell , surveying the models at her presentation. ""Maybe it has more energy."" Whatever the exactly appropriate phrasing, what a difference a season makes. After Fall's uptown and slightly stiff look, Kroell's colorful and quirky Spring collection was a welcome breath of fresh air. The experienced accessories wiz views her ready-to-wear, now in its third season, as an extension of those shoes and bags. Thus she approaches it the same way, focusing on luxe and innovative materials. The bone-hued trim on a lean Japanese cotton trench, for instance, is leather that's been dipped in neoprene. So, too, a pale and breezy caftan looks like crinkled gauze but is actually triple-layered chiffon. Those pieces sound lovely but also expensive. Kroell may find that people don't buy clothes the way they do handbags, and that's certainly a hitch. Speaking of accessories, most looks were paired with cone-heel platform sandals, which were chic but nothing new. Better were the bright espadrilles, including a pair in ultra-saturated turquoise worn with a purple ruffled dress. There were also terrific super-flat sneakers just barely visible under wide-leg khakis. But for the clothes, Kroell is still working out the exact raison d'être of her ready-to-wear, and as such the overall look was less than fully formed. Nevertheless, this collection is a step in the right direction."
3038,"Bringing out the guy in every girl is how Neil Barrett , he of the robust men's business, defines his approach to womenswear. And for a certain kind of suit-loving gal, Barrett's exacting tailoring and slouchy knits are perfection. He made good on his established MO for Spring while delivering some newness in the process. On-message double-breasted jackets, one or two in soft yet structured jersey, were a timely addition to his repertoire. He loves working with leather, but this season, instead of washing it and cutting it into his covetable bombers, he bonded fine layers to suiting fabric and knits. An elongated waistcoat buttons, pockets, and all covered in hide was the most interesting result of that process. Also newsworthy: A collaboration with Herno, the Italian luxury sportswear maker, produced a few weightless leather macs. Barrett fans and the uninitiated alike will find those hard to resist."
3039,"Roland Mouret found a few key ways of moving on this season. His antennae picked up the need to add something looser and more naturalistic to his line, and as a Frenchman, that oriented him toward a North African vibe. His father served in the French army in Africa, and brought home souvenirs that were part of the household when the young Roland was growing up, and thoughts of djellabas and Zouaves and jewelry from the souk occurred to him for Spring. It's a fashion theme that has a strong Parisian history, from Saint Laurent to Azzedine Alaïa through to Riccardo Tisci's Givenchy.  The addition to Mouret's canon of Berber stripes, hoods, tarnished gold-bead jewelry, and strawlike fringing (actually a viscose fiber, soft to the touch) was a timely move. Still, it was carried through in a way calculated not to scare off the body-conscious city-dwelling audience whose mentality and lifestyle he understands so well. In a season of nude illusion and lingerie effects, Mouret also came up with a practical device smartly developed from the ""built"" underpinning that was the secret ingredient in his famous hourglass Galaxy dress. Now he's selling the underlying power-mesh base as a body-control device in its own right: a skin-toned slip with a zipper in the side. ""I think Spanx are great,"" he said, ""until a woman gets home after the party. This gives a guy something to play with.""  Mouret's focus on the utility aspects of modern dressing also led him to work out a design for a top a square of fabric suspended on tapes that can double up as a skirt. That might prove a trickier sell, like some of the draped and folded pannier-shaped ideas he worked into the show. Yet Mouret's general direction the broadening of his palette to include teal, mustard, and black-and-white jersey stripes, and the new sense of texture and richness in this collection looked appealing."
3040,"Having previously shown in Milan, Pringle of Scotland has been brought back to Britain for London fashion week's 25th anniversary by its new American CEO, Mary-Adair Macaire. It seems entirely logical the company is, of course, a Scottish one. To mark the occasion, she and the designer, Clare Waight Keller, threw a dinner at the Saatchi Gallery after the runway show. Much will be written about that, and the fact that Tilda Swinton had been asked by Pringle to make a movie with Ryan McGinley in which she roams a Scottish castle, barefoot in evening gowns.  But what about the clothes? Waight Keller went all out to remind the audience that Pringle is a knitwear firm. Sound policy, but what does a knit collection look like for Spring? The answer was a mixture of chunky, open cable-knit cardigans; fine-gauge fit-and-flare dresses; and a development of the multilevel ruffled short skirt that's cropping up in a lot of places this season. Waight Keller kept color to a minimum, using white, gray, and lemon. At the end, two versions of the ""Tilda"" dress long, satin, with complex straps crossing a bare back came out. Swinton, meanwhile, was wearing a white tuxedo and silver foil T-shirt from the men's line for the evening."
3041,"When Matthew Williamson left off showing in London, he was the definitive mid-nineties king of boho, a designer whose scope could be easily described as a raspberry cardigan and a fluttery butterfly-print dress. On his arrival back on British soil, however, he presented a whole new slick profile to the audience who'd seen him grow up as a kid from Saint Martins; this is not the same guy who friends like Kate Moss and Jade Jagger used to visit by climbing a rickety staircase in High Holborn. A decade on, Williamson is back to celebrate London fashion week's 25th anniversary, transformed into a man with a brand. In his time away in New York, Williamson learned something about putting on a show. Honed by exposure to that city's demand for brevity in design, this was a much more focused, slim-contoured collection consisting of leather-inserted polished-linen sheath dresses, super-skinny pants, and paper-bag-waisted shorts. There were certainly glimpses of the ""old"" clubbing-in-Ibiza phase of Williamson's development, in splashes of fluorescent green and the blue-cast UV light captured in a sheer skirt. But the styling these days tethers those tendencies to summer citywear, grounding a lime chiffon blouse with a teal leather skirt, and slipping the tonic shirt under a pantsuit. Anyone expecting Williamson to break out a triumphal finale of flowery nouveau-hippie frocks was left frustrated. He could have made more of the opportunity to let himself go with a nostalgic parade of print-y, floaty things. In the event, there were only three draped orchid-patterned dresses, and the final one long, strapless ruched chiffon with a pouf below the knee looked more ballroom than barefoot in the sand."
3042,"Tina Lutz and Marcia Patmos understand that sweaters can be a hard sell in the springtime. So this season they worked extra diligently to expand people's definition, using stitchery, texture, and natural fibers to create pieces light and airy enough for an ideal summer day. A racerback mesh tank, a drapey sleeveless pullover, or a chalk-colored cardigan with some built-in swing should woo even come May. During resort, the duo debuted woven separates to complement their knitwear, and here were dresses of simple perfection, easy silken wrap pants, and drop-crotch shorts on offer. And if you still need enticing did we mention Lutz and Patmos' guilt-free shopping incentive? Each season, they have worked with a guest designer to create a special piece; for Fall, for instance, it was Jane Birkin. They've really broken out of the box with their latest very unique guest: none other than the Nobel Prize-winning Archbishop of Cape Town, South Africa, Desmond Tutu. ""It's a totally different collaboration,"" Lutz said. ""He's not a style icon, but a moral icon."" The duo came up with a look inspired by the peace lover's clerical robes. ""He didn't want to design,"" Lutz explained, stating perhaps the obvious, ""but he wanted to support the project."" A significant portion of the proceeds from its sales will be donated to the Desmond Tutu Peace Centre and the Hillcrest AIDS Centre Trust in South Africa. ""In these times, it felt right to use fashion to support good,"" Lutz said. We second that emotion."
3043,"In the summer, Jun Takahashi met the great German industrial designer behind Braun, Dieter Rams, at a Tokyo retrospective of his electronic products the radios, hi-fis, calculators, and shavers that have become commonplace since the fifties. Rams' dictum, ""Less is better,"" went into Takahashi's brain as a principle that should also apply to modern clothing. ""In this economy,"" he said, ""we should cut out the unnecessary."" After getting Rams' blessing, he designed his menswear collection as an homage to the Braun aesthetic of minimal detail and functionality. And for Spring, he followed through with the equivalent for women, with the same industrial gray/khaki palette, orange buttons, perforated patches taken from stereo speakers, and narrow tan leather straps found in Rams' work.  Takahashi's interest in utilitarian products isn't a whim. The designer said he's taken up running, which got him thinking about incorporating the advanced fabric of high-spec outdoor wear into fashion design. ""So, I've been naturally drawn into it,"" he said. In any case, the thought process is another step along the research path he's been following for several seasons as he's imported technological climate-control materials into clothing. On the general level, the anoraks, jackets, shorts, and dresses in the collection shed a different light on the interest in casual sport dressing that is rising this season. Takahashi's approach is one in which the scientific content aims to transcend mere styling. Still, his concentration on quiet product development, and his withdrawal from the runway for two seasons (he shot the collection images in Japan), have somewhat sidelined him as a voice in Paris."
3044,"Bryan Bradley is a designer who is much engaged in the world of politics and the arts, for that matter, and literature. You're as likely to find Lisa Yuskavage, the painter, or a Broadway star in his front row as a member of the ubiquitous Gossip Girl cast. Aiming for ""more gravitas,"" Bradley titled this evening's show Fashion as a Short-Story Collection. He was inspired by an article in The New York Review of Books by the writer Deborah Eisenberg (whose partner, actor Wallace Shawn, was in attendance, and whose expression throughout was priceless). The collection was divided into distinct parts (i.e. short stories), including a closing segment called Proposition Tuleh. Having turned his sights on the presidential election with his Fall 2008 show, and what he termed ""Western entropy versus Eastern ascendancy"" for Spring 2007, Bradley this time took on Proposition 8, the California ruling recognizing only marriages between a man and woman as valid. The lineup ended with not one but seven bridal looks, alternating masculine pants or shorts ensembles with feminine dresses and skirts. ""They're marrying each other,"" Bradley explained. The short-story concept was clever, yes, but it fragmented the Tuleh message, siphoning off some of its charm and diffusing a bit of its energy. There was less color and print than usual (here, perhaps, was some of the ""gravitas""). On the other hand, there were also enough neat knit cardigan jackets, silky cargo pants, bow-trimmed shorts, skorts, eyelet blazers, and flirty dresses to keep us turning the pages."
3045,"Marc Jacobs is tired of seeing young girls wearing black and studs. ""It's not such an individual expression,"" he said after his terrific Spring show, the underlying message of which could've been, duh, be an individual. ""If last season was a trip back in time to the eighties,"" he continued, ""this was a trip to the theater, the ballet, the opera."" But which shows? Some saw The King and I in the models' topknots, pointy upturned-toe platform sandals, and Aladdin pants, but it could just as well have been something else. The references, as usual, came at head-spinning speed. There were touches of Zandra Rhodes in the petal-y handkerchief dresses dotted with pearls, and nods in the direction of Jacobs' beloved Japanese designers, especially Rei Kawakubo, in the form of brown and navy suits tweaked with curlicue ruffles. And don't forget the all-Americanisms; Jacobs loves sportswear, both the twisted and the traditional variety. The show opened with an example of the latter, an almost conventional raincoat belted high above the waist, made strange by the model's Kabuki makeup. Later, Jacobs teamed trim military jackets with long, full skirts and others so short they looked like tufts of ruffles. But there were also zany lamé dresses; lace openwork coats and suits in white and black sequins; a retro silk satin underwear-as-outerwear moment; and sparkly, leg-baring evening numbers that looked like they'd walked right off the stage of a Broadway production and onto the street. The girls carried big woven bags on long straps, some with foot-long fringe, and a fanny pack made an unlikely appearance, too. That's what's so genius about Jacobs. He can take the most uncool accessory, spin it around, and give it instant fashion cred. Likewise, he can pull references from everywhere and nowhere, and, filtered through his febrile imagination, they have the shock of the new. This show didn't hold together the way his brilliant collection of a year ago did, but that may have been the point. In any case, Jacobs might say, it beats another tired lineup of black leather and studs."
3046,"Albert Kriemler has designed his first-ever handbag collection for Akris , and his Spring clothes served as a well-considered minimalist canvas upon which to launch it. A few coats and dresses were made from leather that was scissored into narrow trapezoids, then re-glued for a geometric effect. But for the most part, Kriemler dialed down the sometimes overwrought fabric treatments from Fall and got back to the spare, clean lines that the Swiss company has been known for. For day, that meant layered fine-gauge silk sweaters, sleekly tailored coat-dresses, and pantsuits with cropped jackets, elongated tees, and tapered knit pants. A sporty element came through via a gray laminated parka inset with athletic mesh and zip-front, blouson-back dresses. For evening, Kriemler was thinking streamlined. Long gray gowns draped gracefully from asymmetric shoulders, and a tall column of jersey came inset with inverted triangles of tulle at the neckline, front and back. As for the bags? It's a measure of the company's commitment that Akris bought a horsehair factory before launching its accessories. Logo-less save for the trapezoidal zipper pulls, the results stand apart from the hardware-heavy styles currently popular. Showing large bags can turn your runway into merch fest, but Kriemler avoided that fate by producing a range as subtle as his clothes."
3047,"The challenge of how best to show their clothes is inspiring more and more designers to spectacularly creative flights of fancy. Peter Jensen 's collaboration with the American artist Laurie Simmons produced one of the most enjoyably bizarre and bizarrely complex presentations to date. Jensen's Spring collection was inspired by a monograph of the artist's work. He made scaled-down versions of his designs and sent them to Simmons, who photographed them in the surreal dollhouse environments she's known for. These images were then blown back up to life size, and the whole shebang was installed, appropriately enough, at the Institute of Contemporary Arts, where live models walked in the clothes in front of Simmons' pictures. The event had a through-the-looking-glass quality that perfectly suited Jensen's sartorial surreality. There were elements directly borrowed from Simmons prints that came from a wallpaper or a carpet in one of her ""houses"" as well as classic American fabrics and shapes. ""I like the cleanness of American sportswear from the fifties,"" Jensen said. So he showed cotton canvas dungarees over a linen camisole, and layered dresses of gingham taffeta and cotton madras one on top of the other. A full-skirted cotton dress was covered with little yellow flower embroidery. It evoked Doris Day, but whether or not a modern woman wants to look like her is debatable. And removed from the ICA context, the human-scaled clothes will still seem challengingly doll-like, with their aprons and petticoats and na've graph-ism. A hard sell, in other words, though it might be a different story if Jensen were able to meet with all his potential customers. With his charming, good-humored manner, he'd certainly do his best to explain away the Day."
3048,"Coming off his collaboration this year with the Gap, Alexander Wang has had all-American sportswear on the brain. His resort collection was filled with denim and khaki, and he ran with a sporty theme once again for Spring. This time, Wang's subject was that most popular red-white-and-blue pursuit: football. You felt the pregame excitement of those Friday-night lights as you walked into his show space at the massive Pier 94. He drew a crowd that few young designers can command: It girls galore, important European editors, and even photographers Terry Richardson, Inez van Lamsweerde, and Vinoodh Matadin. ""We want to create clothes that are timeless and classic,"" Wang said a few days before his show. ""Our girl wants investment pieces."" Those are mature words coming from downtown fashion's pied piper but Wang's take on ""timeless"" means a classic gray sweatshirt fused with a corset, or cut short and boxy and worn over lace-up caramel leather shorts. The look here was varsity pinup, as if a bevy of cool but wayward high-school girls had raided the locker room armed with a pair of scissors. Ribbed athletic socks with sliced-out backs were tucked into tasseled wedgie loafers and rugged, zippered sandal boots. There was a wink-nudge cleverness to ""tighty whitey"" dresses and a bag that looks like a deflated football, though other bits of fun in this vein will be too costumey to appear very often outside of magazine shoots. The investment elements were, mostly, hooded and utilitarian outerwear pieced together from a variety of fabrics, including nylon and army canvas; a double-layer leather jacket worn by Angela Lindvall was another MVP. All in all, Wang's cheering section will be plenty pleased. But, remembering how fully realized his last collection was, you somehow kept expecting something more particularly in this space, and for this crowd."
3049,"A funny thing has started happening at Marc Jacobs shows: Fans, content to sit and watch the big-name models strut by, jump to their feet to get a better glimpse (and a camera-phone pic) of the designer as he comes out for his bow. He's fashion's biggest superstar, no question, and he earned that reputation all over again this week with his fantastic signature collection. Under the circumstances, it's probably no surprise that his little-sister show, with its best-bits-from-the-vintage-store mentality, can be something of a letdown. But the Marc by Marc Jacobs line he presented for Spring today was one of his liveliest in a while. Maybe that's because he borrowed some of the details from his own recent oeuvre. To start with, the models all wore bunny bows in their hair, echoing Madonna's Vuitton getup at the Met ball, albeit on a smaller scale. Then there were the jackets and coats with the still-directional forties-by-way-of-the-eighties pinched shoulders. Fall's neons made a reappearance as well; the best of the bunch being a hot pink and caution orange striped dress with mismatched belt. But not everything was reminiscent of Jacobs' previous collections. The African-inspired prints he used for easy, belted day dresses played into New York's burgeoning tribal trend. (Then again, all things tribal can arguably be traced back to the influential Spring 2009 Vuitton show.) Jacobs also showed a lot of jumpsuits the cutest in sporty blue terrycloth. It's a look that a less confident designer might have avoided this season because of its recent runway ubiquity. Not him. Self-assurance is something Marc Jacobs has no shortage of."
3050,"It's like they're on psychedelics, the way they describe things. That was Sonic Youth frontwoman and Rodarte fan Kim Gordon speaking about Kate and Laura Mulleavy before their show today. The seemingly demure sisters from Pasadena, California who studied art history with the eminent scholar T.J. Clark, the well-informed Gordon noted have indeed crafted their own baroque dream world (cue the dry ice that created a poison mist over a runway strewn with black grit). It's an imaginary world that's ferocious rather than precious, not to mention ferociously influential. And with its relentless gothic overtones, it's particularly in tune with the moment. This collection, which married primitivism to the sisters' ongoing interest in futurism, was one of Rodarte's most fully realized. If the silhouettes were familiar, the awe-inspiring construction of the garments represented the apotheosis of the techniques in knitwear, printing, draping, and pastiche that the Mulleavys have been refining season after season. Or, as Laura put it: ""We ruined everything."" In other words, they aged, painted, burned, shredded, sandpapered, and otherwise destroyed all of the materials including grungy scraps of plaid, plastic, cheesecloth, wool cobweb, crystals, macram , leather, and more until they bore only traces of what they had been originally. (Even their footwear collaborator Nicholas Kirkwood's vertiginous heels are now so extravagantly studded that they barely resemble shoes as a couple of teetering models discovered to their peril.) The idea that someone could ""be scarred and still beautiful"" was the collection's leitmotif, and it was about as far from some banal notion of ""tribal fashion"" as you could get. So where did this hallucination originate? A trip to Death Valley, and a corresponding obsession with singed land (which there is sadly too much of in California lately), sparked the sisters' imagination. That somehow evolved into a tale, part Mad Max , part Tim Burton, of a woman burned alive who is transformed into a California condor (you begin to appreciate Gordon's point). Forced to scavenge for existence in a barren, war-torn landscape, she pieces together her attire from rags that, as Laura Mulleavy pointed out, only serve to expose her wounds. It's not exactly a good-night story but it's a powerful one, and it was expertly told to a rapt and ever more adoring audience."
3051,"In a season of sheerness and lingerie, casual and military, a woman who likes a trouser suit in her wardrobe might as well be cast out into the wilderness if it weren't for Junya Watanabe . His collection was wholly about menswear for women tailored jacket, slim pants, and shirting explored in a rigorous way that deftly sidestepped the dread image of the career pantsuit. Sometimes, Japanese designers are thought of as marginal: This felt more like the capturing of a market.  Watanabe's models, with their towering, twisted head wraps, walked on flat, pointy lace-ups with a brisk dignity (no tricky footwear to negotiate, no fuss with accessories, no danger of wardrobe malfunction). The show began with a midnight blue jacket and narrow trousers in tonic silk and proceeded through dozens of variations in menswear checks with the obsessive logic Watanabe brings to every collection.  The steady processing of his theme drew the eye to the detail: the hip darts that made jackets jut slightly in front; the way he occasionally switched the grain of fabric to cut a narrow trouser on the bias. Moving on to pristine white shirtdresses over black leggings, Watanabe also added femininity and drape to the mix, eventually transposing the black-and-white graphics of checks into a riff on geometrics, including a couple of brilliant shirred, checkered synthetic tissue body pieces with a frill in the hem. The genius of the collection was that, for all of the hip experimentation, it was fully tooled as pragmatic daywear avant-garde, but completely utilitarian."
3052,"One of Fall 2010's hot tickets will be Marios Schwab's debut at Halston  it's certainly one of the most interesting and buzzy fashion ""castings"" of recent date. In the interim, a design team produced a small collection for Spring that was orchestrated to harmonize with the relaunch of the Halston fragrances. (The biomorphic bottles were originally sculpted by Elsa Peretti in the seventies, but what's in them has been reformulated with ""modernized juice."") Two of the fragrances' top notes, lavender and poppy, even inspired the season's color palette. How's that for a neat merchandising package? As for the clothes, they leaned heavily on the heritage of the house, although there were some of-the-moment jumpsuits and minidresses in trendy neutrals. Timeless was a simple, strapless, sunset-hued chiffon dress with a deep ruffle hem that just smelled of summer."
3053,"Hard times. The Great Recession we're all living through got Ralph Lauren thinking about American resiliency. ""I am inspired by the character of the worker, the farmer, the cowboy, the pioneer women of the prairies,"" he wrote in his program notes. So in place of the polo fields or any of his other tony stomping grounds, Lauren took us back to the dust bowl for Spring. Models in newsboy caps wore faded and torn oversize jeans with blue work shirts; patchwork overalls; nightshirts in mattress-ticking stripes; or sweet calico print dresses with white ankle socks and oxfords with heels. It was cinematic, like most of Lauren's collections. And it goes without saying that his vision is a romanticized one: Henry Fonda's character in The Grapes of Wrath didn't carry a lizard-skin bag. In fact, the show played like a rags-to-riches tale, a story line dear to the designer's heart. After a few white cotton organdy dresses and some thirties-esque suits think pinstriped three-pieces with cropped and gathered pants or a boxy d.b. with fuller trousers the work jackets and carpenter pants reappeared in blue ombré silk charmeuse, the nightshirts came striped with beads, and the overalls were transformed into a floor-grazing lamé dress. A pair of evening jeans, completely covered in silvery beads save for the fraying holes, took the concept to the limit. When Lauren came out for his bow, it was to the tune of Bob Dylan's ""Like a Rolling Stone."" He'll see the other side of this recession no one works harder than he does; he's the great American brand."
3054,"Tim Hamilton said he was influenced by the Catherine Deneuve movie The Hunger . That meant there was an early-eighties sensibility to the collection's draped tailoring and body-conscious dresses. A copper red blouse with padded shoulders worn with high-waisted, tapered pants with sloping pockets in the same rich shade proved he has a sense for the bigger fashion picture, as did a black leotard with a second-skin mini. But there were a few puzzlers in this modest show, like a pair of pants with fabric wings protruding from the pockets, and a scanty beaded bandeau top paired with black military fatigues. Who's the customer for those? Hamilton lives and works in New York; he picked up the Swarovski Award for Menswear at the CFDAs this June. So it's a bit of a mystery why he's decided to show his nascent women's collection in Paris (his menswear presentation there in June received a somewhat cool reception from critics). Surely he'd have a bigger fan club cheering him on back home, and he might be better served by building the brand DNA before trying to make his mark on the world stage."
3055,"If Narciso Rodriguez ventured into futuristic-warrior-woman territory last season, Spring found him embracing his softer side. Ironically, it made for a stronger collection. The vibe was still plenty sexy: A killer sheath color-blocked from jute linen canvas and black silk jacquard had front-row star Jessica Alba's name written all over it. A pair of shifts, one in white, the other pink, came with graphic cutouts on the upper back, while another dress was essentially a mesh tank with strategically placed ovals of printed fuchsia silk. All three were revealing without being vulgar, a balance other designers have had some difficulty achieving this season. But Rodriguez also loosened up the silhouette dramatically, letting the air in, so to speak, on everything from a white silk, linen, and organza bubble dress to a silk mud-cloth coat. Both were stitched together in back like pieces of a geometric puzzle, creating a three-dimensionality that was equal parts arty and easy. The show ended with a trio of short-in-front, long-in-back tent dresses that took this concept to the extreme. Chic, modern propositions for a black-tie evening, they billowed dramatically behind the models in the runway breeze. As for that burning question what will Michelle Obama wear  our bet is on a deceptively simple and, yes, sleeveless natural linen dress. Its subtle sophistication shows Rodriguez in peak form."
3056,"There was a flash of cameras in the front row at Chado . When the scrum parted, it wasn't Leighton Meester or some other Gossip Girl the photographers had been shooting, but Martha Stewart. If Ralph Rucci attracts customers of a certain age, it's partly because the clothes he designs, with their intricate handwork the sheer paneling, the braided insets are so very costly. But maybe it's time for the celebrity stylists out there to take another look. Rucci's program notes said he was inspired by Pina Bausch, the choreographer who died in June. While the silk gazar dresses screen-printed with her likeness seemed a shade much, there was an appealing lightness to many other pieces in the collection. A pale gray chiffon softly A-line dress pintucked into delicate narrow columns would make a fine choice for a starlet hoping to land her first grown-up role. And a tank dress embroidered all over with silk tulle paillettes that shaded from white through gray to black would be a kick to wear on the red carpet. That's not to say there wasn't plenty to please established clients like Stewart or the socialite Deeda Blair, who sat across the runway. A black braided chiffon skirtsuit lightly embellished with ostrich feathers and worn with a sparkling white shell looked smart. A vanilla double-faced wool crepe dress-and-coat set with geometric tulle insets, meanwhile, had Michelle Obama's name written all over it. That, as every designer knows, would be the ultimate celebrity placement."
3057,"I always have a lot of references, Mulberry creative director Emma Hill said backstage after round two of the label's four mini-shows. For Spring, her list included abandoned fairgrounds, Sofia Coppola's The Virgin Suicides , refracted light, and Tim Walker photographs. Hill set her scene just right with a runway that wound around a spooky-sweet circle of carousel horses, with the soundtrack of Air's ""Highschool Lover"" putting all present into a dreamy fashion trance. That hazy element of Hill's vision was a boon to the collection, keeping its sweet touches of big bows and puffed sleeves from becoming saccharine. The look was Coppola's Lisbon sisters crossed with your cool seventies babysitter, the one with the groovy fringed leather bag. She would have been thrilled to see the swingy strings on the stacked-heel moccasin booties that ended up being an integral part of the postshow chatter. There was fringe on bags, too, but the best was a simple, double-buckled messenger named the Alexa after New York's newest fashion obsession, Ms. Chung. Also of note was Hill's recasting of the label's signature leather jackets, the biker and the poacher. Now in washed soft hues, they're the kind of thing you want to wear every day. Now that's a fashion dream."
3058,"Hundreds of collections competing for attention, less money to throw at runway productions, and four days in which to cram London fashion week: The time-economy crunch means the city is having to come up with ways of getting it all done differently. One creative solution is the new series of presentations at the Portico Rooms of Somerset House, which provides small-scale, low-cost opportunities for designers to meet their public. No one knew how this risky operation would turn out (it could have been chaos), but on the first day, the indications were that the time-allotment system allowing designers to set up and visitors to drop in, chat, and then leave is actually perfectly suited to the needs of designers who aren't yet ready to fill a runway. Jo Sykes, a debut New Generation designer with a background at Armani and four seasons' experience in selling, took full, refreshing advantage of the human interactive possibilities. She hired models of all ages, who wandered among her guests while she explained her collection mostly minimalist, mannish tailoring pieces; charmeuse T-shirts; airy shifts; and the kind of buttery, elongated leather biker jackets over shorts that she likes to wear herself. ""My mission is to design things that are gorgeous, simple, with an edge but not ridiculous, that women of all ages can buy into,"" said the 31-year-old. She proved it by putting 81-year-old model Daphne Selfe into a pair of silver leather jeans and a nude silk shirt, while MJ (a silver-haired model from the seventies) wore a drapey white pantsuit, and Georgina (a face from the nineties waif period) modeled a gray sleeveless jacket with shorts. ""I'm just loving it that journalists are talking to them, asking how they feel in the clothes how often does that happen "" Sykes exclaimed. The designer who also has a second, lower-priced line, Sykes Silks has professionalism and a flair for a neat accessory and stealthily sexy details that will take her far. The navy suede boots and the leggings with a sheer stripe in the back, imitating French seamed stockings, have ""sold out"" written all over them."
3059,"It was a circus at Temperley London 's MAC & Milk presentation. Designer Alice Temperley skipped a runway show for the second season in a row in favor of a static installation; this time it featured a film projected from an old-fashioned zoetrope. On the video, real-life contortionists, trapeze artists, ballet dancers, and knife throwers modeled the clothes that were displayed on the mannequins. The big-top inspiration was at times quite literal: A black-and-white harlequin print decorated a roomy jumpsuit, black knit tank dresses came embroidered with buttons ? la Cockney pearly queens, and horses marched across a leather belt that cinched a red intarsia sweater dress. If all that sounds riskier than tightrope walking, Temperley has never been one to shy away from embellishments. The ringmaster top hats did add an element of costumery to the proceedings, but there were enough other pieces to ground the collection in real life. The still-going-strong body-con look was covered with a cropped black jacket and matching narrow skirt detailed with tiny black studs, and cocktail dresses with contrast-piped seams and corset lacing. And picking up on Spring's new tribal trend, Temperley showed a long net dress stitched with scrollwork to evoke tattoos. Lastly, heeding the call for lower-priced items, she's just launched a diffusion line: Alice by Temperley is doing a brisk business, she said, back in her showroom."
3060,"Sharon Wauchob is one of those designers who flies under the radar of most big editors but who gets plenty of respect from top retailers. ""You get a lot of value for your money, and it looks special without being complicated,"" said Sarah Rutson of Lane Crawford, the chic Beijing and Hong Kong emporium. For Spring, Wauchob, who's Irish, brought the special via handmade lace spliced onto drapey, deconstructed jackets with volume at the shoulders, and tops with ruffles spilling down the front. Paired with silky drop-crotch pants or slouchy shorts, these wispy looks in white, black, and gray positioned her squarely in the Spring fashion mix: A lot of houses are exploring handcrafted traditions right now, and, of course, sheer is just about the biggest thing going. Don't cotton to broderie anglaise? There was a white party dress and a shorts suit or two that got the sparkle treatment, with metallic beaded shoulder pads or thick chain necklaces. This was a pretty show for girls who take their pretty with a helping of edge."
3061,"With everything that's going on, it had to be about what's essential, Kris Van Assche said backstage before his show (referring, of course, to the economy and its effects on fashion, in general, and on his own business, specifically). For the Belgian designer of Dior Homme, what's essential is the menswear element. For Spring, he decided to drape his suits and to approach dressmaking with a tailor's hand. The opening L.B.D., for example, came in a crisp cotton with short sleeves puffed stiff below pinched shoulders. A pair of suits, by contrast, were sashed at the waist with the tails of the shirts worn beneath. A soft, swagged feeling came across via jackets tucked into trousers and pants with smocked elastic sweat-suit waistbands. As ideas go, it was a small one upon which to base a collection. And in just three shades black, white, and gray it didn't make for a sizzling runway show. But there may be customers out there for Van Assche's minimal approach, especially in a season when few others are focusing on tailoring."
3062,"Looking sun-kissed and surf-ready, Laura Blokhina walking the runway in a loose vest, slashed top, and pajama-easy shorts was the very epitome of the Yigal Azrouël look which, surprisingly, wasn't otherwise very much on view this season. Azrouël (currently training for a marathon and, apparently, thinking streamlined) was aiming for something more ""structured and much less layered than it has been in the past."" He attacked his garments like Edward Scissorhands. With a ""scalpel-like"" cut, as he put it, he sliced out stark appliqu's, binding them over sheer fabrics (for an effect that was occasionally too much like a Léger bandage) and floating them over T-shirts that looked like a punk rocker's DIY project only in much nicer fabric than you'd find in any Hanes six-pack. (Under the tees were sexy, slivered bandeaus that didn't look like you could make them at home.) Azrouël's use of negative space was most effective, however, on the dresses, like a white jersey gown with back slashes that looked like spinnakers and a short number with ""porthole"" shoulder peeps to wear for a night on the town. Among all these jagged geometries, the signature Yigal Azrouël pieces (especially the jackets: a moto topper with studs and zippers, a loose leather-and-cotton parka, a linen blazer) were as welcome a sight as an old friend. If Azrouël's latest creative impetus didn't move the collection forward a full pace, it at least functioned to make the signature pieces sing."
3063,"It was hard not to read between the lines at Giorgio Armani 's exuberant Spring collection. As reported, the designer was ill with hepatitis earlier this year, but he's on the road to recovery now, and he sent out a colorful, youthful lineup that veritably shouted, ""I'm feeling just peachy."" The show started off predictably enough with a jacket: a sharp, narrowly cut red, blue, and white houndstooth number, worn over a deep plunge-front top, loose-fitting pants cropped above the ankles, and flat sandals. Lots more jackets followed, some with origami-like pinches and folds at the upper arm (a subtle way to do the bold shoulder). Others were woven together from delicate ribbon, and still more glinted with allover crystal embroidery. They were worn with that casual (not-quite-a-) sweatpant or baggy pleat-front skorts. It was mostly after-dark where the color came in. In tune with the season, Armani kept everything above the knee, adding panels of multicolor sequins to the bodices of fuchsia and royal blue taffeta numbers and beading every square centimeter of others. That should please the party set tremendously. They'll simply trade in the flat sandals the models wore on the runway for spiked heels. This wasn't the classic, elegant, timeless Armani that his customers love him for; the designer was after something else here: a good bit of fun."
3064,"Don't give Gwen Stefani any guff about the validity of celebrity clothing lines: Not only has she been successfully plying her trade for seven years now, but she pointedly didn't name the label after herself, because she wanted people to buy the clothes for their own merits and not ""because of me."" (But, really, who wouldn't want to look as good as Gwen does in clothes ) Spring found Stefani mixing African and eighties-pop references (think Bow Wow Wow and Bananarama) with some rock-chick edge, natch. Besides the requisite biker jacket (in white leather), there were lots of zippers and tarty (in a good way) off-the-shoulder dresses and tunics, and one very mini pleated kilt (can you say Harajuku girl  ). Harem pants, washed-silk cargo pants, and diaper dresses added a softness and ease to the line and demonstrated that it does indeed have relevance beyond smoky, poorly lit music venues that smell of stale beer and can stand on its own outside in the bright, daylight world."
3065,"What is my message for Spring? mused Gilles Mendel in the crowded confines of the Lehmann Maupin Gallery, where his models stood about, giving everyone time for a close inspection. ""Specialness, preciousness, and value with a little something to make you dream."" Spoken like a true Frenchman. Close up is indeed the best way to admire Mendel's handicraft, especially the sculptural tulle and organza sunbursts that were like the sartorial equivalent of a biomorphic sculpture by Tara Donovan. There were enough frills and cascades to keep Mendel's charity-circuit regulars happy, but there was another welcome dimension to Mendel's lineup: structure. It was there in an unexpected and playful shorts suit, a smart ivory panel jacket and pegged pants, and a knockout citron double-faced satin structural dress that romanced the ongoing body-con trend with finesse."
3066,"David Neville and Marcus Wainwright have been in major expansion mode, adding a Soho store to their New York City retail mix, launching sunglasses, growing their accessories collection, and, on top of it all, they both recently became fathers for the second time. Who has time to think about designing clothes? In fact, this season the duo decided against using any tricky themes or making some overwrought reference in favor of going back to their design roots if a four-and-a-half-year-old label can have them, that is. ""With the economy where it is right now, we're focused on what we're about as a company,"" said Wainwright after the show, ""which is our English, military-school heritage mixed with a utilitarian, made-in-America ethos."" Simple enough. And that was the strength of this collection: uncomplicated pieces like a cargo-green army parka layered on top of an easy, oversize tuxedo shirt and a little dagger-print skirt; or a gray silk cropped jacket thrown over a couple of drapey cutaway tanks and leather pants that somehow managed to be skinny and slouchy at the same time. You could complain that drop-crotch long johns are a little heavy for spring, but why bother when they look so right? Indeed, by the looks of Rag & Bone 's backstage well-wishers the top brass from Saks, Bergdorf, and Macy's Neville and Wainwright are definitely onto something with this back-to-basics approach."
3067,"The vibes were groovy at Erin Wasson x RVCA . Gang Gang Dance played underneath a big screen that projected an evocative movie shot in the California desert. The models sported beach hair and deep, golden tans. And then there was that ""Keep It Neil"" T-shirt. This is Wasson's third season at the brand, and the show, held in Bryant Park's biggest venue, was a major step up production-wise from Fall's static presentation. The collection was more hippie girl than last season's rocker chick, but the overall feel was still pure Wasson in the way it closely mimicked the model-turned-designer's own SoCal-cool, vintage-loving sensibilities.  First up was a silk blouse dotted with metallic paillettes that exposed the better part of Freja Beha Erichsen's washboard abs above a pair of low-slung faded blue jeans. Happily, for those of us without six-pack stomachs, not all the clothes require a catwalker's physique. But if you want to wear them, it helps if you don't have to go to an office for a living. In the mix were a ribbed-knit short jumpsuit with coin-embellished straps, a leather T-shirt dress, a boxy sweater with punched-out holes worn over a miniskirt, and a Victoriana dress cut away to reveal a pair of embellished denim cutoffs. If you were wondering whether jean shorts will be hot again next summer, you have your answer."
3068,"With transparency and visible lingerie shaping up as a couple of Spring's biggest trends, An Vandevorst and Filip Arickx are, for better or worse, in their element. They didn't invent innerwear as outerwear that somewhat dubious honor probably goes to Madonna and Jean Paul Gaultier but it is a significant aspect of their oeuvre, and tonight they worked it like nobody's business. Pausing at a wind machine at the back of the runway, the models' sheer, blousy nude shirtdresses and slips fell off one shoulder to expose the body casts they wore underneath, while flesh-toned stockings left their briefs visible. The casts, which were bolted, not sewn, together from stiff, papery fabric, gave structure to the collection's soft, floaty fabrics, but they were a strange motif: You wondered what place, if any, there is for them in real life. The way the models' pants were stuffed into the tops of sheer hose was a bit of a puzzle, too. Why hide your work? From a two-tone wrap trench with a trio of substantial leather belts to a soigné blue chiffon blazer tucked into a narrow pencil skirt, there were some timely pieces on the runway. Unfortunately, they were mostly obscured by heavy-handed styling tricks."
3069,"Madonna and Lady Gaga may have been on the soundtrack, but Michael Kors ' show was decidedly not meant for the pants-less set. Explaining that he was thinking about architectural shapes, he sent out a sleek collection that, save for a few missteps, played like an ode to the city in springtime, along with its high-powered inhabitants. The strong yet rounded shoulders of his jackets and vests put the power in power suit. Overall, though, he was more interested in sleeveless shift dresses, a favorite of his most high-profile client of all, Michelle Obama. They came in silver crinkle lamé, crushed techno taffeta, draped jersey, and glove leather, but the most interesting was a radzimir number in sky blue with origamilike folds. Kors created surface interest elsewhere with zipper accents that zigzagged around the torso of a mint green asymmetric-neckline sheath, or with bold cutouts that exposed a flash of rib on a cocktail dress. Occasionally, Kors' enthusiasm got the better of him. Dresses with graphic plastic insets might pinch, were some gal to wear them longer than it takes to make a circuit of the runway. And a further detour into deconstruction and high concept via cashmere knits with slashes at necklines and hems, along with a trio of sweaters with extra sleeves was off-key. But the show ended on a high note, with a pair of trompe-l'oeil sequined dresses, their graphic shapes evoking a nighttime skyline."
3070,"It's interesting to chart the rise of the one-look show this season. The content and intent of the runway parade if not its format, which is the same as ever is beginning to change. Some designers and companies, it seems, are gambling that the communication of a single unmissable message, repeated over and over, might have more impact than a ""collection,"" in the old sense of the term. Christopher Kane did that with his gingham checks and ivory thigh-split pleats; Burberry did it with its trenches and draping; and now Alberta Ferretti has done the same, in a show that left no doubt that her thing is the romantic chiffon dress. For Ferretti, it's a marketing policy that has merit. In a season when drifty, gauzy things are a topic, she's smart to claim the territory. After all, even when chiffonery isn't the general trend, that's what women go to this label to find an accessible, feminine dress for a special occasion. Her fluttery frocks came in this season's pale palette of lingerie pinks, ivory, and cloudy beiges (embroidered with flowers or a bit of sparkle, to taste), but fragile as they may be, they actually constitute one of Milan's more robust fit-for-purpose fashion products. Not that there wasn't a little variation: As well as the young-nymph-in-a-vintage-nightie option, there were taffeta trenchcoats (good for a summer cover-up) and even an ivory suit with crinkle-pleated panels in front ideal, perhaps, for a wedding, the second or third time around."
3071,"Luisa Beccaria is diversifying. No, she didn't suddenly send a string of black dresses down the runway or do anything as drastic as add pants to her parade of pastel-y party frocks. Instead, she's launching a range of hand-blown Venetian glass and collaborating with Citroën on a car covered inside and out in a rose print from the Spring line. Both were on display at her show. The collection itself had a 1950's thing going on. The strapless, shirred blue and white polka dots gave you early Brigitte Bardot; a silk shantung number with a flaring skirt was more bunny hop. Scattered throughout were new versions of the designer's tried-and-true hits: a strappy sundress in a wallpaper floral, frothy occasion dresses in densely ruffled two-tone tulle, and a maxi dress in cream eyelet. More than a few reliable one-shoulder looks turned up, too. It was all perfectly pretty, and some of it easily imaginable on Nicole Kidman or Eva Mendes, two stars that Beccaria's show notes touted as clients. But it'd be refreshing to see her step out of her comfort zone, and we're not talking about vases and a tricked-out hatchback."
3072,"Double respect is due to John Galliano this season. First, it was he who entered the subject of lingerie at the top of fashion's agenda. Back in July, he showed his tailoring-with-underwear Christian Dior couture collection, and since then swaths of designers have being going at it with the visible frillies. Second, for ready-to-wear, he seized his advantage, melding a soft, delightfully thought-out version of the idea into a show with a forties film noir theme. Galliano said he found the cinematic cue while thinking about Lauren Bacall. ""She was a great Dior client; there are amazing photos of her in the salon with Bogart. It was that and Arletty in Hôtel du Nord ,"" he said. That central character a provocative, smoldering femme fatale with a side-parted, over-one-eye hairdo and red lips gave him free reign to script a wardrobe narrative. It started with abbreviated wartime trenchcoats, flipped through silver lamé dresses, arrived at a sequence in which the heroine is seen in her scanties, and then followed her out to make a drop-dead entrance in some nightclub or other. Galliano turned the skimpies French lace-trimmed cami-knickers and satin teddies into a contemporary version of this summer's shorts and playsuits, following through with a trousseau's worth of pretty boudoir baby dolls and tiny, fragile flowered chiffon dresses. Cleverly, the transparencies such as a purple satin bra-and-knicker set, apparently seen through black tulle were an illusion created by stretch, paneled underlayers, so that the pieces are actually slipped on in one. Stocking tops seen through the sheer panels in a copper lamé dress, and bras and panties glimpsed under a semitransparent tiered blue gown, were actually shadows stitched into underslips. By night, the glamour was amped up even further, as Galliano put his heroine into a flesh pink corset and a long draped mint green sequin-sprinkled skirt, a Chantilly-smothered basque and black ruffled skirt, and a vamp red satin gown. For perhaps the first time, it meant that Galliano had captured the romantic essence of his Dior couture and made sense of it as fully resolved ready-to-wear. It'll be expensive, of course, but oh so seductive."
3073,"Looking at almost any piece in Erdem Moralioglu's Spring/Summer collection is to be drawn into a world of surreally intense color and decoration. Take his opening dress: a flower garden of minute overlapping 3-D embroidered violet and yellow pansies on a bed of green. Or a china-blue taffeta puff-sleeved, bell-skirted dress overlaid with scattered fragments of black French lace. Or a pair of matching silk shorts and a ""samurai"" T-shirt with tablike pie frill at the neck and shoulder, covered with another multicolored pansy print on a lime background. ""I really didn't want anything blurred this season,"" Moralioglu said. ""I wanted it to have a surreal focus."" He attributed some of the feeling to the visual jolt he felt at being immersed in Japanese art and culture on a trip to Kyoto and Miyajima island this summer. Mostly, he traces the mood of his show to looking at twenties illustrations of modan garus (a Japanese phonetic translation of ""modern girls""), who rejected the kimono and started wearing Western dress. ""Although,"" he shrugged, ""I never really do theme. I always think it should just be like reading the next chapter of the same book."" Moralioglu's shoes, a fusion of Mary Janes and geisha wedges, also smothered in printed flowery fabric, ended up being the only overt clue to the designer's Asian sources, not that it mattered very much. The main point is that he is moving forward, at the right speed. He's not leaving his signatures behind (like the lace-covered mackintosh trench) but adding simpler items, like the silk T-shirts, while becoming ever more recognizably exceptional."
3074,"Now in his fourth season showing on the runway, Adam Lippes is clear on his ""mythical muse,"" as he puts it: the gyp-setting girl who's equally at home in New York City, Paris, or a tiny hut on the Indian Ocean. For Spring '10 she traveled to Lamu, Kenya (where the designer vacations). Lippes trimmed a miniskirt in raffia and wood beads and worked a mud-cloth embroidery pattern on a laid-back organza tank dress. At the heart of the collection, though, were his city-girl staples: draped twill shorts, sporty rompers, and slouchy tees, all in bright, saturated hues. Clothes women will wear, to be sure but, unfortunately, modern basics don't make for the most exciting runway show. Lippes might want to flex his creative muscles a bit more with his next effort."
3075,"There was a surprising new face at Oscar de la Renta today: Zac Posen was sitting in the front row for the first time, not far from thesocialites who wouldn't miss one of the master's shows for the world.""It's a dream to see the pinnacle of embroidery and luxurious fabricsfrom the best mills in the world treated in the most magnificent ways,""Posen said afterward. If this wasn't the most lavish of Oscar shows,there were still more than enough rich details to go around, GreatRecession be damned. And he didn't skimp on color, either. A vibrantteal safari suit updated with wide sleeves and cropped pants, a smartsilk crepe dress with a draped neckline in pale melon, and a bronzelinen twill trench with pushed-up sleeves stood out among white broderie anglaise and creamy tweeds. And as for those embroideries, one of the most interesting was a threadwork fitted sheath in white, hyacinth, and peridot. The presentation could've benefited from less heavy-handed styling(Heidi braids with fabric woven through them and felt hats? headsswaddled in lace ). But minus the distracting extras, there were lookshere to make his customers' hearts go pitter-patter, especially forevening. A belted nude column with lavish silver embroidery, a blackChantilly lace embroidered dress, a white silk gazar and black silkcrepe one-shoulder gown if your celebrity stylist hasn't alreadycalled them in for the Emmy Awards in Los Angeles this Sunday, sorry,ladies, it's probably too late."
3076,"Emmanuelle Chriqui, who attended Reem Acra 's Spring outing sans entourage, said she was ""obsessed"" with the jumpsuits. ""They're so feminine,"" she gushed. Not to mention unexpected coming from a fancy-frock designer with tendencies toward overstatement (note the heavy-handed princess jewels throughout). In Acra's hands the jumpsuit was transformed, through soigné draping, from a tomboyish article of daywear into something for a seductive evening in a modernist Neutra setting. The label skewed younger than before with shorter lengths, luxurious pajama pants, and lace T-shirts and this was a welcome development. ""Fashion might be a serious business,"" the program proclaimed, ""but it is also about joie de vivre, celebration, and fun."" The pieces with a vivid field rose print were especially strong, as were the simple and airy first two looks. True, some of the draping was a bit, well, drapery-like, and the designer certainly could have made her point with about half as many looks as hit the runway. But Acra succeeded in communicating a festive mood."
3077,"The Just Cavalli rocker girl has gone grunge. But don't think plaid flannel shirts. She's taking her cues from Courtney Love circa 1993 and layering lingerie slips some with great big swags of fringe over slouchy cotton tanks and tees. And she's throwing the occasional vintage-looking pointy-cup satin bra or lacy bustier into the mix. The look came down the catwalk every which way there were short and long printed chiffon slips for day, along with evening versions patchworked from black lace, midnight jacquard, and tulle. Well before ""Smells Like Teen Spirit"" came on the soundtrack, we got the message, thank you, Bobby (presumably Roberto was referring to himself on the ""Just Bobby"" slogan tees). But it wasn't entirely one-note. When she feels like sexing it up a bit, the Just Cavalli girl will have body-con shirred silk dresses to pour herself into, as well as slouchy black sweaters with the snags and mothballs built in and ripped and ravaged jeans and denim minis. If the multicolor leather motocross jacket was a disconnect from a mostly on-point collection, put it down to a revved-up Cavalli's enthusiasm about being back on the runway now that he's signed a new five-year production and distribution contract with Ittierre."
3078,"Everyone says to back off aesthetically, said Phillip Lim, days beforehis show. ""But that's not what's selling."" Clearly, that counselingscript should be flipped, and ""everyone"" should instead be heeding Lim, he of the stellar sell-throughs. The designer said he had been thinking about recasting basics, and working on a kind of primitive collage concept inspired by a visit to the Picasso: Mosqueteros show at the Gagosian. But unlike Fall's collection, with its bohemian rock-chick vibe, Spring wasn't about an overarching theme or look: It was about giving them a reason to shop, and as such, there were many arguments here for a girl to unfreeze her AmEx. Lim set the stage with a jaggedly geometric red runway and opened with a lipstick-red suit. You might have mistaken it for a jumpsuit, but that's because the jacket was unlined and light enough to be tucked in. Lim called it ""the new suit."" It's machine-washable. The new dress,meanwhile, is a swingy, heart- and purse-string-pulling collage withpanels of knife pleats, leather, and sequins, arranged in variouscompositions perhaps a few too many. An iridescent sequined top and shorts will also send the Lim-ings off a shopping cliff. There was yet more specialness in a basic navy knit spiffed up with a crocjacquard, or the miss-it-from-the-second-row subtle lizard pattern on ablush trench the result of the designer's recent reptileobsession. In short, this was a collection to sell, sell, sell, nomatter what the prevailing wisdom."
3079,"The British Fashion Council, celebrating its 25th anniversary, lured many Brit designers home this season but not Preen . ""We love New York and we love London,"" Justin Thornton and Thea Bregazzi explained via e-mail shortly before their Spring collection hit the runway, ""but showing in New York has vastly increased our business internationally and in the U.K."" Like any smart concern these days, Preen focused on profitability as well as its core values which the program summed up neatly, free-association style, as: ""sectioned, graphic line, lingerie fragility, Corinne Day early 1990s."" With the starting point of ""a piece of cord wound around the body,"" it came as no surprise that there was also more than a touch of soft bondage, too. We're not talking whips and fetish shoes, though. This dress-heavy collection was very romantic, infinitely more sophisticated than kinky. It featured many marvels of sculptural construction, with single pieces stitched from up to ten different fabrics and/or featuring topiary frills that weren't especially inviting of touch. Where the piecing and ruffling worked best was, respectively, on some fierce silver pants and broad-shouldered blouses. The suiting, some in a square-embossed silk, was another high point of the show. There were also shoes a new category for Preen this season with cordlike details that should have some fashion types positively tied up in knots."
3080,"Art brut, favelas, the forties, the eighties, ""un peu de now""? Véronique Leroy had a lot of jumping-off points for Spring, so it's sort of ironic that there wasn't enough variety on the runway. Jackets came a couple of different ways: The coated-raffia styles at the beginning of the show seemed stiff and maybe scratchy, too, but a couple of others were rendered in a soft, dense knit that still had the strong shoulder all the girls are wearing now. Leroy put them over pencil skirts in stretch jersey with sexy center slits. On the dress front, the designer worked a narrow, ruched silhouette to the knee to the exclusion of much else. This slim dress came in a nearly sheer nylon in vibrant, pretty shades of lemon and violet that Leroy belted and accessorized with large gold-dipped flower necklaces; a black and white diagonal-striped version had a strong, graphic appeal. This collection was an improvement over last season's, which was overworked with too many fussy details. Next season she would be wise to diversify."
3081,"Plus  a change, plus c'est la m me chose? Non. That was not the order of business at Hervé Léger by Max Azria today. Sure, some things had stayed the same: the venue, for one. And the front row was as starlet-heavy as usual (albeit an uncanny amalgam ranging from Hilary Duff, Mischa Barton, and Tinsley Mortimer to Lissy Trullie, Jen Brill, and Leigh Lezark). But the collection has evolved this season, becoming not only more nuanced, through the use of unexpected fabrics and homespun techniques like braiding and crochet, but dare we say it  just a little bit country. ""Dusty sands and desert skies"" inspired the neutral palette, and tonal embellishments were effectively applied to sandy, nude, and cream-colored dresses, giving them tactile interest. Dimensional ribbon work on flared dresses had a real horse-opera appeal. And we're absolutely sure that no cowgirl could get the blues wearing one of the holler-for-more denim pieces."
3082,"You can take the boy out of the country, but you can't etc., etc. Josh Goot 's Aussie roots are always there in the beachy underpinnings of his clothes. For Spring, that meant a scuba subtext: precisely engineered prints, bonded seams, body conscious all the way. Short dresses were high in the front, cut out at the back, like a Bond(i)-girl bathing suit. The footwear was influenced by surfboards. And the elongated T-shirt dresses and tanks felt like the kind of easy pieces you'd throw on after a day on the sand. The color palette, with its acids and its airbrushing, had the confident optimism of the eighties, as did the broad-shouldered black-and-white-patterned jackets Goot draped over his little dresses. He was born in 1980, so any echo of that decade was clearly fantasy on his part. But maybe that's what gave the collection its appealingly dreamy, graphic quality. Compensation enough for its lack of breadth or depth."
3083,"One thing's for certain: There are going to be an awful lot of beige jackets and pants, khaki shirts, and colorless chiffon things to choose from or possibly shy away from when Spring deliveries arrive. Watching Chloé made one realize how risky it can be, in competition terms, to be on-trend, and exactly what discriminating choices store buyers will have to make between one designer's take and another's, if their selling floors aren't going to stretch like an executive dust bowl as far as the eye can see. That is not to say that Hannah MacGibbon doesn't have a personal point of view. Her take on the roomy jacket and easy trouser and the khaki button-down shirt is more boyish than most, and her girl has a refreshingly natural look all recently washed hair and un-made-up skin. She also dispenses with the agony of high heels, preferring the comfort of flat leather walking sandals (a choice Marco Zanini, too, made at Rochas). That was fair enough, and the occasional long skirts that came with the tailoring offered a cool, different way to put things together. But then came a puzzling passage of ponchos and jodhpur-ish stirrup pants that threw up the question of which season MacGibbon was thinking about, and when the floaty, fluttery side of Chloé was going to show up. It did, eventually, in some really pretty plissé flyaway layered chiffons (of the color-free kind). Meanwhile, MacGibbon also did her duty by the house by sending out some looks, like a generic flea-market outfit of denim shirt and jeans, that trained the eye on the Chloé leather goods on offer: to wit, a series of chestnut crocodile vintage-y bags with brass turn-key fastenings, slung on long straps across the body. In all? It was a generally serviceable collection for the brand, but in a slightly minor key."
3084,"There's a reason Victoria Bartlett's Spring theme, anatomy, felt so right. ""I probably should have been a doctor,"" she said. ""I'm obsessed with anything related to the human body."" After all, the designer's aesthetic is heavy on bandaged jersey dresses, spliced knits, and sheer fabrics. Her current collection didn't stray from these VPL staples but built on them with the addition of prints a first for the brand. Don't expect florals here, though: Bartlett used an X-ray of her skull she had blown up into abstraction. Elsewhere, gauzy vests and cardigans hinted at the motif while adding a lightness that's emerged as an early trend in the New York collections. The diagnosis? Many standout pieces Bartlett's fans will want to further examine."
3085,"What do a Hollywood soundstage, a rain machine, and a golf cart have in common? Isaac Mizrahi . Today the designer proved, yet again, that he is New York fashion's consummate showman (live or taped). Mizrahi has always loved to expose the behind-the-scenes action with his theatrics (cue Unzipped ) and with his clothes (remember the corset dresses on the cover of Vogue , March 1998 ) and for Spring he unveiled raw edges, hints of deconstruction, and jackets with unfinished lapels in his let's-put-on-a-show. Despite the rain and the appearance of a Gene Kelly umbrella, the production was titled Astaire Case or Obstacle Course, and the menswear-ish elements were informed by fifties-era Fred, Mizrahi said. It was the eveningwear, with hints of postwar Charles James, though, that stole the show. Sequined minidresses might be suitable for dancing the night away and a hirsute tinsel coat might be just right for a premiere, but the spotlight rested on the pieces with airiness and flou: the tulles that looked like they hadn't been sewn but just wrapped about the body, the floaty watercolor chiffons, the chic black and white numbers destined for Palm Beach. Mizrahi described the collection as an evolution from his Elsa Schiaparelli-inflected Fall outing, and indeed there were subtle tributes to ""that Italian artist who makes clothes"" in a Lucite lobster appendage and cardboard hats. But the real link between the seasons was the designer's perennial enthusiasm: ""I still believe,"" Mizrahi said, ""that fashion has to be gorgeous and colorful and fun."" That's entertainment."
3086,"Gabriele Colangelo had a tough time slot 8:45 on a Friday night but he had a big hometown crowd cheering him on and a smart collection that was cohesive and well-made enough to potentially encourage some of the out-of-towner no-shows to book a studio appointment. Before it got started, the 34-year-old designer said he was inspired by an exhibition of paintings by the late German-French artist Hans Hartung. For the uninitiated, Hartung was known for his gestural, abstract style; the hand-painted scratch motifs on a fil coupe dress and the same design rendered in Swarovski crystals on a micro-beaded evening coat were cribbed from one of his works. It wasn't necessarily the embellishments that impressed, though. The lush, asymmetrical volumes of Colangelo's shift dresses had a clean, unfussy appeal. They were minimal yet still sexy, a tough combination to pull off. And with their sloping, saddled shoulders and pushed-up sleeves, his jackets which he paired with tapering, cropped pants or narrow Bermuda shorts looked very right-now. Colangelo comes from a family of furriers, so there were also a couple of oversize short-sleeve jackets in sheared mink a teaser, maybe, of what he might push further next season. The sleeper hit of Milan? Could well be. This designer is definitely someone retailers should be paying more attention to."
3087,"Underwear has become a dominant theme this season, and you couldn't expect Jean Paul Gaultier to just ignore it. Not when he practically invented the concept with his partner in crime, Madonna. Gaultier fully embraced this latest lingerie moment, naming his Spring collection ""The G Spot."" (Nothing like putting it all out there.) Madge's notorious cone-bra corset appeared in many guises: as the bodice of satin engineer-striped overalls during the opening gang-girl sequence, later on in the military section underneath a green-drab skirtsuit, and again with a pair of shorts during the finale's panty parade. One of the models, who wore padding at hip and derriere to make her appear more voluptuous, looked visibly embarrassed when she took her tour in her scanties. Among the audience, the burlesque queen Dita Von Teese, Katy Perry, and Rihanna (who, as we all know by now, is in town shopping for clothes for her next tour) probably ate it up. But to the initiated who've been following Gaultier since his Madonna days in the late eighties, it felt like territory he's explored many times before, and a heck of a lot more subtly."
3088,"Amy Molyneaux and Percy Parker's PPQ is one of those brands with a big London pop-brat social network going on around it. These designers aren't intellectual or edgy, nor members of the cohort of new professionals who've earned international attention, and they've been going for the best part of a decade. Yet somehow, the city's young tabloid-fodder (and those who would kill to be counted among them) love the ritual of jostling into a PPQ show and hoping to be photographed. Alexa Chung, Peaches Geldof, Natt Weller, and a horde of excited, dressed-up under-25's packed the bleachers to watch the theatrics. The designers cast a group of black models, putting their hair in big Nefertiti buns, and the girls were clearly enjoying their turn on the runway in front of an audience of young celebs. The clothes mid-priced, slightly retro cotton printed sundresses, pink silk polka-dot play suits, cheeky swimsuits and bikinis came with the occasional ""P"" pinned on as a branding device. Cute-ish to a point, but also on the sloppy side. Clothes that don't fit, and trousers with a gaping broken fly-zip, don't justify a place on a runway, so if PPQ fancy being classified alongside contemporary designer labels like Marc by Marc Jacobs, Alexander Wang, or 3.1 Phillip Lim, they've got a lot more work to do."
3089,"If there were a medal for fashion creativity under fire, Michael Herz should get it this season. As he was designing the Aquascutum collection for Spring a tight and focused vision of army-surplus fatigues over soft, long dresses the Japanese owners of the British trenchcoat-and-tailoring brand put the operation on ice and announced they were selling the company. To his credit, Herz continued working with fast-dwindling resources and with personnel leaving by the day. In the nick of time, just days before London fashion week, Harold Tillman, the chairman of the British Fashion Council and the entrepreneur owner of Jaeger as well as a string of restaurant concerns, bought the company, so the show (or rather a series of presentations in the flagship store showroom) did go on.  Strangely, working against the odds seemed to bring out the best in Herz, who said his way of dealing with the stress over the summer was to get out more, go to music festivals with friends, and, with nothing to lose, only design what he believed in. He edited that down to a personal inspiration: a khaki shirt belonging to his father, who was in the army in Guyana. From there, he extrapolated a series of slim washed-canvas trenches, printed gauze and washed silk forties-inflected summer dresses that had a youthful throw-on ease, and some belted jackets and pants for more grown-up daywear. What it lacked in breadth, it made up for in believability. Aquascutum's new backing ought to give Herz the ability to do more next season, but in the meanwhile, struggling through adversity might have done him a favor: The lesson is that having a big budget to fill a runway isn't necessarily the best way to demonstrate what a designer's made of."
3090,"The curtain parted at Dsquared? to reveal a woodsy scene, complete with a pair of tents lit by chandeliers and mirrors propped against the trees. Camp is always an element at Dean and Dan Caten's shows, of course, but for Spring, the twins took the camping theme quite literally. Not that you could call their take on the great Canadian pastime roughing it, despite the Budweiser 40s the models toted down the runway and the Band-Aids that presumably covered their bushwhacking wounds. Their cutoff shorts, tees, and jean jackets came tarted up with sky-high neon patent-leather platform booties and gray hiking socks and were tweaked with plastic coverings the better to stay dry in the wild, presumably. Other outdoors gear also got the Caten treatment: A fly-fisherman's overall bib was spliced onto a T-shirt and decorated with the brand logo, while an evening dress was whipped together from a plaid wool blanket stitched to nude satin. Also in the mix: a few party dresses that looked like prom material pinned here and there with dragonfly brooches and some smart signature outerwear. Only loosely inspired by the season's theme, the latter included a cropped butterscotch leather jacket and a color-blocked parka. Aside from items like those, it was hard to take much of the above seriously, but as usual, it was a heck of a lot of fun."
3091,"It's always hard not to slip in an obvious pun when describing a collection Jean Paul Gaultier has his hands on: So at Herm's , it was a case of Love All. Tennis, you may have guessed, was his theme, and he delivered like a pro to give a topspin to Herm's' timeless classics. In a Spring when little kilts, black-and-white graphics, and easy sportswear are all newly desirable, Gaultier served up variations on tennis skirts, longline cardigans, dressing gowns, and club T-shirts (the latter grown into long, fluid jersey evening columns). A creamy lizard Birkin even came with a matching ball bag attached. Joking aside, it's a rare skill to be able to pull off a trend without being that horribly disposable thing, ""trendy."" If a woman goes to Herm's, it's with the intention of buying something that will stay in her wardrobe for years. This collection faultlessly delivered on exactly that point, covering haute necessities from beautiful daywear (caramel leather dresses, a blue suede ""umpire"" blazer) to chic-casual looks for early evening (a black chiffon blouse, jacket, and knife-pleat skirt with sheer inserts) and sinuously simple navy or white ankle-skimming dresses cut to knock the competition dead at any number of indoor or outdoor summer events. Quietly, the show also established Herm's' supremacy in discreet jewelry. Fine strands of silver-link chains, worn as pendants or as belts, were a styling choice so compelling they might even shift the current aesthetic away from gold. Clever, witty, and perfectly timed, this collection reaffirmed the position of the leather and accessories house of the rue Saint-Honor? in the Parisian top league, exactly where it belongs."
3092,"This is my favorite collection so far. It's the most me, said Araks Yeramyan in the charming environs of the General Society of Mechanics and Tradesmen Library, where she showed a dozen winsome Spring looks. ""I'd live in those pants,"" she remarked, indicating the rainbow-heather athletic pair she said had been inspired by a woman she spied on the street one day who was very dressed-up on top but in sweatpants below. The lingerie turned ready-to-wear designer delights in that kind of scatterbrained quirkiness. Other off-kilter moments included an asymmetrical pleated floral-print dress and a paneled navy number made of different fabrics and worn over the thinnest imaginable linen jersey sailor top. This was a very day-centric collection a patterned, beaded bolero with organza trim was the fanciest piece and we're sure that its unstudied wearability will feel very ""me"" to very many women."
3093,"On the same morning that Karl Lagerfeld took pains to emphasize the un-brevity of the shorts he was showing, Ennio Capasa paraded the most impossibly tiny variants of the same idea. His premise was ""tender heart, tough exterior,"" which possibly explained the biker-chick combo of jacket and shorts in a rich, vegetable-dyed leather. Maybe the same woman would also be galvanized by the brocade bib or the embossed tee that offered a more elaborate accompaniment to her truncated nethers. But Capasa's heart really seemed to be in the outfits that dissolved into trailing lamé threads. OK, it may be an effect he's used before, but still, the floating shimmer created a ghostlike effect. In fact, Ghost (as in the currently revived English label) was a timely reference point for witchy, thigh-slashed dresses that would be entirely suitable for the contemporary vampire queen's closet. A potential catch being, how many of those creatures actually exist?"
3094,"She started as a textile designer, and for a while it looked as if Louise Gray 's scope was limited to a shift dress with dingle-dangle patchwork on the front. This season, though, the Scottish up-and-comer finally filled in the whole picture of who she is (a punchy young girl with a rebellious streak) and who she might appeal to (like-minded types with an eye for something off-kilter and vivid). She called it Oh No Babe the words scrawled in handwriting on bustiers and coat linings in honor of her graffiti heroes of the eighties. Best, though, was the fact that Gray had a total look going on, from the brilliant arty-naïf makeup she'd devised with dabbed-on finger paints (genius idea to paint an ""earring"" spot on each lobe) down to coats and peg-top pants made from quilted fabric burned out to reveal bright contrast linings. There's an energy and originality here that has further to go, but Louise Gray is in her groove now, and like a street Pied Piper of London's East End, she's going to be pulling a lot of followers with her."
3095,"The Ann Demeulemeester show began, as it almost always does, with a passage in black. This time it was tailored, slightly oversize jackets worn with slim cigarette pants topped by leather cummerbunds no shirts. It wasn't until a few looks in that you could crack her Spring code. Cue the gulls on the soundtrack, the black wing print on a white cord motorcycle jacket, the delicate chains draped from the models' hair bands, and it came to you:caged birds. The nature-versus-man conceit produced one of Demeulemeester's most seductive collections ever. There was a lot of bare skin underneath that moto jacket with lapels made of draped zippers; shrunken leather waistcoats, some without backs, didn't leave much to the imagination, either. The effect was never vulgar, though, thanks to leather bandeaus that covered the bust. Speaking of excesses, the bird prints were certainly plentiful for a designer who made her name in the minimalist nineties. They looked best solo, as on a long evening skirt with a train (worn with a black vest). So, was this Demeulemeester's way of adding to the general conversation about exposure and sex? She'd probably say no. ""I always start from an emotional place,"" she explained. There's little doubt that her fans will connect."
3096,"Expect some new choices at Carlos Miele next spring. ""I really wanted to focus on separates this season,"" the designer said backstage, ""and I also used a lot of black."" Say what? In fact, Miele, who has built a global brand centered mostly on dramatic gowns colorful ones, at that did not stray too far from his signature look. There were plenty of floor-length chiffon numbers, in bright prints based on photographs he captured on the streets of Rio de Janeiro in his native Brazil. But the sheer blouses, cropped wool trousers, and little vests decorated with silk ""dreadlocks"" proved the designer is more than capable of producing sophisticated daywear. As for the emphasis on darker hues, Miele was frank: ""It's the main color selling for us right now."" Economy-related or not, it's smart to offer customers more diversity these days."
3097,"Blumarine 's eye-popping psychedelic leopard-spot collection of last Fall pure over-the-top, ridiculous fun sold so well in America, the company was almost shocked. What would the follow-up be the same sort of exuberant, sexy, borderline funny nailing of a current trend? To get to it, you need to flick to the middle of today's show, past the colorful tie-dye, glitzy hippie dresses and body-con knits, to the moment the camouflage hit. Military drab this wasn't. Out came the fluoro-splashed olive and green prints, camo-print platform sandals, Rasta-stripe bags, and finally a delightfully hilarious full-length army bustier dress. It was followed by a small laugh, rippling along the front row. The exuberance of Blumarine is full-frontal devil-may-care Italian. In its knowing, put-together, highly commercial way, it captures the Southern European attitude to holidaying in the sun (obviously, this season, in St. Bart's, Jamaica, and thereabouts). The range might be a little limited there's only so much tie-dye the eye can take but the energy of this well-priced line looks as though it's beginning to steal a march on the likes of Cavalli, Pucci, and even Versace."
3098,"Watching Tao Kurihara's melding of craft, punk, and young femininity is one of the minor, semi-hidden delights of Paris (she still shows in a small way, off-schedule). This season, she said she'd set herself the task of making clothes without sewing a project that had her wrapping, binding, and safety-pinning together strips of brocades, tulle, lace, tie-dye, and strands of spidery, lacy knitting. The charm of it lies in the almost childlike freedom let a class of 7-year-olds loose on these materials with no sewing machine, and they might come up with some of the same solutions. Yet there's nothing in the slightest amateur about the bricolage of bits and pieces Kurihara assembles. For one thing, the transparencies, the draping, and the tie-dye, as well as elements like the sheer leggings with spidery embroidery, are in sync with the general direction of fashion and for another, when the layerings are separated out in the showroom, there are dozens of quirkily cool items that are easy to buy. Kurihara's ability to hit that happy balance between free-form artiness and commerciality is a special talent."
3099,"As a model put on a pair of cat-eye, upswept sunglasses to finish a Versus look a ""ballerina"" dress in black with a silver chain-mail bib covering the breasts Christopher Kane stood back and, in mock awe, exclaimed, ""Look out, she's going to slay you!"" Kane was dressing girls backstage before his first presentation in the Versace Teatro in Milan, where models were being placed on plinths to display the 25 wool, lace, and laser-cut neoprene dresses he's designed for his Versus ready-to-wear debut. Donatella Versace herself was walking around looking over the group of black, mushroom, and sizzling red dresses, one detailed with slashes held together with pink, red, and green aluminum safety pins a junior reinvention of the dress that famously made Elizabeth Hurley's career in 1994. ""It's sexy without being over-sexy, and that's difficult to do,"" said Ms. Versace, heaping praise on the young London-based Scot who worshipped Gianni Versace, watching him on satellite TV as a kid. The dresses, constructed with Chantilly lace stretched over cutouts, some with fan-pleated skirts and neoprene trimmings, aren't literal revivals, though Kane's heroine sent him to study her brother's work, and her own, in the family archives. Kane's favorite detail is what he calls an ""arm support"" a cutaway sleeve so technically tricky he says he'd never have been able to make it back home in East London. ""The pattern cutters here are amazing,"" he marveled. ""I just have to do a sketch, and the dress comes back perfect."" (Only the sunglasses are vintage Versus, retrieved from stock made in 1999 and certain to be a big seller.) Despite numerous requests, buyers had not yet seen the results of the relationship that started in 2006, when Ms. Versace donated chain mail to the student who was desperate to source the hard-to-find material for his master's graduation show. There's plenty of chain mail in a couple of the Versus dresses, too, but the boss swears prices will be reasonable. ""It's a young collection,"" she growled. ""I make it a young price."""
3100,"Like so many others this season, Frida Giannini opened her show with white a taut, multi-strapped dress that put Gucci on a glam, athletic, almost sci-fi path that she kept to with energy and conviction. It was a modernist streak she's avoided in the past, preferring to take her girl into the realms of hippie and disco, but the change of direction gave the show a turbo-charged shot of adrenaline, ranking it as the best Giannini has done yet.  The program notes said she had started off thinking about a little black dress, but for some reason that didn't appear until the midsection. What came first was actually better: jackets and high-waisted stretch leggings, inset with sections of sports mesh and lashed through the torso and outside leg with crisscross lacings of rubber piping, bristling with silver hardware. Motocross and minimized parachute jackets and crocodile bikers all came out the sort of thing a Gucci girl loves. As it developed, Giannini stepped it up, laying on more harnesses, opening the backs of blazers to reveal bare skin, adding more metal, more sparkle the kind of Gucci-glamour sensationalism that had somehow slipped out the door in the past few years.  Midway came a drop in speed when the show took a detour around ikat print an odd thing to add, and probably a hedge against losing the customer who has gone for the folkloric side of Gucci recently. Still, Giannini got back on track when the color disappeared and the pattern of the ikat was transformed into silvery needle-sharp embroidery on short black body-dresses. At the end came a robot-woman dress that was totally encased in a tubular web ofmetallic and crystal beading as rock-star performance-ready as anything that's been shown so far this season. It had absolutely nothing to do with the drifty, bucolic, romantic themes that are wafting up and down other runways, but you could see exactly who'll want it."
3101,"Particularly in New York, one learns to approach with trepidation a fashion show hinging on a highly conceived theme. This is why Juan Carlos Obando gave us pause as his models marched out to the peppy theme from The Magnificent Seven looking as if they'd just been tossed off a bucking bronco. Obando's message, however, wasn't camp in the least. Instead he pondered the macro idea of new frontiers and the micro one of imparting the patina of history and natural forces to textiles. The result of the latter, or actually of both, was tailored peplum jackets, sexy front-slit skirts, and coats cut in a mottled silk with a beautiful depth. Now seems like a good time to let editors and retailers know that the ""dust"" isn't part of the look, ? la tacky denim, but merely smudged makeup. Barneys buyers, you may now breathe. Obando's new frontier is how to use his wicked old-world skills to make clothes that say something for today. His jackets certainly hit the nail on the head, with perfect hand-finishing inside and out elegant enough for lunch uptown but so innovatively crafted that they can be crumpled like a jean jacket with no consequence. Needless to say, these were a great leap forward from last season's stiff and stuffy ladylike silks. Obando also advanced his signature twisty, pleated dresses, now in a rainbow of gorgeous muted jewel tones, with cutouts. The sole detraction here was Obando's penchant for repetition, but then again, better a clearly made point than the alternative."
3102,"Like many (or at least some) Americans these days, Christian Cota is feeling guardedly optimistic and he expressed that mood through the metaphor of an urban garden. ""You're still in the city, but you can see something growing beyond the gates,"" he explained at his jam-packed presentation Tuesday. (Rose Byrne and Amerie were among the crowd.) Blossoms popped up all over the place, from gorgeous saturated prints seen on a long dress with a fitted bodice, as well as on a slim A-line skirt to the flowerlike shapes of the clothes themselves. ""I wanted the woman to look like she was blooming,"" Cota said. But not everything was roses. A silver lamé bandeau and knee-length skirt were meant as an alternative to all the super-short after-six dresses out there, but the idea didn't quite work. (What the look lacked in leg, it more than made up for in midriff.) For a young designer starting out, though, Cota has an impressive number of admirers, and they should be able to glean enough good stuff from this collection to hold them over until he finds a surer footing."
3103,"With its new hot-ticket status, it was appropriate that Phi should have a last-day slot on the calendar, alongside Calvin and Ralph. But the show's timing was actually happenstance: Phi stuck with the slot it has always had, and the calendar changed around it. The same could almost be said of fashion. Season after season, Andreas Melbostad has quietly but powerfully carved his signature into the raw material of body-con dressing. The result? Sellout pieces and uncountable imitations. The clothes Melbostad sent down the runway as Erin Wasson, Lauren Santo Domingo, Fabiola Beracasa, and assorted Trainas watched from the front row were unmistakably his own. Uniforms and lingerie, his two evergreen interests, were combined in them and it looked like Melbostad had declared war on the corset. He moved elastic straps from shoulder to slash-exposed thigh; delicate and decorative smocking became a textured carapace on a side-laced dress; and a brassiere became a plate of armor. All of this was executed in a stark palette of black and white, with lots of surface interest created by the choice of materials, including linen and suede. ""I wanted to take tactile and natural fibers,"" the modest Norwegian said, ""and put them into an urban context."" You could almost hear the personal orders being mentally rung up as a metal-encrusted biker jean, a chain-mail jacket with a peaked lapel, and the famous panel pants and biker jackets followed, one after another, down the runway. Despite the economy, Phi has had to go back into production with some of its highest-priced Fall pieces. It might have surprised Melbostad but not us."
3104,"Maria Cornejo already has Michelle Obama's blessing, of course. And at today's show, there was another ringing endorsement: artist Cindy Sherman sitting unassumingly front-row. The support is testament to the fact that Cornejo, a self-described reformed fashion victim, lays out her task simply: making clothes that are ""interesting but make you look good."" In other words, real fashion for intelligent women.  For Spring, Cornejo divided the collection into four elements (urban white noise, wood, grass, water) to explore the tension between architecture and nature. It's a fitting push-pull topic for someone who approaches design seriously. The question: to work with the body or against it? Cornejo's contemplation began in the stark lines of an off-white linen dress but soon softened into cowling jumpsuits and body-shaping leather. Ultimately, the designer was betting big on nature. ""It's the stronger force,"" she explained backstage. It made for a collection that not only imparted increasingly refined fluidity to her signatures but seemed more about the body than ever, from a fab zippered knit jacket with exposed shoulders to wedge-heeled sandals cut out to expose half the foot. Perhaps due to the debut of swimwear, there was also a new sexiness and more skin, like a bandeau top paired with a leather skirt. So, too, a matte jersey dress with a double belt had a touch of va-va-voom, setting off extra flashes from the photo pit. Well, even the brainiest of gals wants to plain knock 'em dead sometimes. This collection is evidence that Cornejo's evolution is moving ahead at a nice clip."
3105,"Christophe Decarnin is the man on whose glittery, highly padded shoulders rests the success of the whole of the mass market as it currently stands. It's a known phenomenon that the cost of a single one of his jackets ($9,000 or thereabouts) could pay for an entire wardrobe of Balmain knockoffs for ten teenage girls, but no matter: He is hot. His models are scorching. And if what he does is the opposite of intellectual, it's also so clever it's simultaneously fueling spending frenzies up-market and down-. In terms of the general sequins-for-day trend, Balmain's influence is visible almost every which way you care to look in a chain store.  For Spring, Decarnin brought out another whammy of a no-brainer blockbuster: disco cavewoman goes to the front. His army of sizzling, sleek-limbed supergirls strode out with huge-shouldered, metal-epauletted military tailcoats. Their T-shirts were tattered; bullet belts were slung around artfully ""destroyed,"" stained, and holed jeans or, yet more sensationally, minute, hypersexed, raggedy suede and leather loincloths (the term ""skirt"" hardly covers it). Patching together seventies M*A*S*H and early Versace chain-mailed goddess-dressing, the show moved from camouflage to sequined camouflage to patchworked gold-sequined camouflage without a flicker of irony or the slightest fear of treading on politically sensitive ground. Some schools of thought will condemn that outright. Others will argue, purely on taste grounds, that wearing a belt with bullets arranged in a flower pattern or a military shirt with shrapnel holes filled in with gold patches is a fashion misdemeanor worthy of ten days in the slammer. And yet, none of that is likely to have the slightest effect on the runaway success of this Balmain collection."
3106,"Last season, Nicole Farhi was talking about toying with eccentricity, confronting the downturn by messing with things a little. If this show's opening outfit a lilac taffeta trench, teal bandeau, and pink shorts wasn't truly eccentric, it was a promising start, as though maybe Farhi was still feeling the same for Spring. She cited German Expressionist Emil Nolde as an inspiration, which meant color-blocking was a key element in the collection. In fact, it was almost as if Farhi thought she should let nothing get in its way, because the shapes were simple nearly to a fault. Shifts, shirtdresses, shorts they were canvases for the color. There was some of Farhi's signature artisanal craft here in brushstroked organza or a raffia top. Though these pieces didn't help the show deliver on its initial promise, they also didn't distract from its proposals for the easiest warm-weather wear."
3107,"Chanel was up at cockcrow for a gigantic fashion romp in the hay. A huge barn had been conjured up in the center of the Grand Palais, and the models emerged from it, wheat ears clinging to their tousled blond Bardot beehives, straw stuck to their clothes, and a little smirk and stagger in their step as if just caught out at you-know-what. Naughty, naughty! Between them, the Chanel country coquettes managed to flirt their way around every rustic reference in Karl Lagerfeld's extensive repertoire of craft-y couture skills, from hopsack to basket weave and cane work to aprons, dirndls, peasant-y poppy prints, and fantastic wooden double-C clogs. It was a bumper harvest of everything that is chicly tattered, beribboned, and gloriously made about Chanel, as well as the season's sole experience to make the anxiety and earnestness around fashion evaporate, to make it seem like fantastic fun again. Never mind the hay, Lagerfeld was on a roll. Digging into a theme can sometimes throw up some embarrassing puns, and the effort to be youthful has occasionally had off-beam results at Chanel. But with this collection, Lagerfeld's summing up of the season's tendencies beige, ivory, and black; rough textures; transparency and lace was spun into a collection so masterfully balanced between classicism and current fashion affairs that the whole thing felt delightfully sure-footed. The knack was that he didn't rush it just let the thing keep bouncing out in a sustained variation of caramels, taupes, and ecrus, all logically adapted to the house's nubby tweed suits, frothy blouses, and fluttery chiffons. The editing of everything to short lengths looked sweet without being chichi the test being that every teenage girl looked naturally at home in the little thigh-split skirts (that's what has happened to the bottom half of the Chanel suit), as well as in the mini-crinis and ruffled dance dresses. Prince and Rihanna were competing for attention in the front row; there was a surprise turn from Lily Allen, who rose out of the floor on a hoedown platform to belt out a saltily worded country number; and at the end, Freja Beha Erichsen, Lara Stone, and Lagerfeld's constant companion, Baptiste Giabiconi, were literally rolling around in the hay together. And yet, remarkably, the clothes never became a sideshow. In a season when celebrities, concepts, and a lot of forgettable mediocrity have got in the way of seeing why luxury fashion should merit the price, this was a Chanel triumph."
3108,"Conceptual and Cavalli aren't words usually found in the same sentence, but this season he shelved the high-octane, ultra-sexy glamour he's famous for and replaced it with something more unexpected. Calling the collection ""a hymn to a simpler lifestyle, far away from the limelight,"" Cavalli layered floral-print sack dresses with elements borrowed from the boys: boxy pinstripe jackets and low-slung trousers that exposed the waistbands of boxer shorts, and silk button-downs topped by scarves wrapped snugly around necks. Trompe l'oeil apron dresses featured calico florals in front and sheer black chiffon that exposed bra straps in back. In some cases, he replaced the mannish pants with transparent ones. There were shades of both Jean Paul Gaultier and Marc Jacobs in the mix-and-match, masculine-feminine pull of the clothes. But as one editor put it: Does anyone really want to wear two outfits at once? More to the point: Do Cavalli's customers? He simplified for evening, showing one vintage-looking pink nightgown with ruffles cascading down the back and a few others in washed silk or bleached denim that were pieced and swirled around the torso above full skirts with asymmetrical hems. They weren't overtly sexy, but Cavalli's limelight-loving city girls will be able to relate to those."
3109,"Back to the land. For reasons that are purely instinctual, the emotional fallout of last year's economic crash seems to be leading a lot of creative people to think fundamentally about the vast outdoors, landscape, the elements. That fascination has been cropping up in many style magazines lately and has caught the imaginations of Proenza Schouler and Rodarte in recent collections. In Milan, it has affected Raf Simons, too. ""I find myself going back into nature,"" he said. ""It's quite simple, as well as intellectual."" That was why his clothes took on a rough-hewn edge dresses in which layers of fabric were peeled back and left hanging in patches; linen and gauze tailoring patched together in sheer and opaque zones; and knitwear manipulated into complex conceptual surface patterns to conceal and reveal skin in unexpected ways.  If that sounds ""rustic"" (which is another way this trend can take people: see Ralph Lauren) wrong impression. Simons' look was far more conceptual than that and was inspired by looking at the work of land artists and Antonioni's 1970 film Zabriskie Point. We knew this because Simons spelled out his sources beforehand on multiple video screens showing clips of work by various artists, including Christo, Gordon Matta-Clark, and Richard Wilson grainy film of land being wrapped, buildings being demolished, and so on. When the show started, all the screens switched to the famous Zabriskie Point sequence of couples rolling in the dust of Death Valley, while the movie soundtrack played in the background. As a performance in real time, it was all a bit didactic, not to say distracting to watch, especially as there was already so much too much, really going on in the clothes.  What's discernible at first impression is that, aside from the showpieces, there are still plenty of the regular, neutral-toned city daywear options a businesswoman wants from Jil Sander . The navy pantsuit with a wider leg and a belted blazer looked modern-minimal in the house tradition, and there were many jackets, such as those in glazed hopsack linen, to service customers who can't go to work in a piece of art. Otherwise, what came across in this show was that Simons has gotten his way in insisting on the freedom to experiment with Jil Sander. (There was a moment last season when the shuttering of the Hamburg atelier made it seem like that era was drawing to a close.) That's a good thing, of course, though there's still a sense that he could convey more by condensing what he has to say."
3110,"John Patrick boiled down his feelings on Organic Spring 2010 as follows: ""Art for art's sake? Well, this is fashion for fashion's sake."" In spite of a setting the 124-year-old Keens Steakhouse that threatened to overshadow the delicate wares on display, Patrick's steadfast commitment to the heritage of American sportswear yielded some solid looks, including a pretty forties-inspired floral frock with a nipped waist and a menswear-style shirt in nude chiffon paired with pleated silk pants. Much of the fabric had been washed, creating a lightness that had been missing from past seasons. These more sophisticated, refined silhouettes, coupled with the talent on hand (Odile Gilbert and Gucci Westman were backstage on hair and makeup duty, while pal Shalom Harlow acted as guest bartender), suggest the designer is honing his vision and stepping up his game. A good thing, since John Patrick's unique, eco-focused approach stands out in an overly crowded fashion-week calendar."
3111,"Perched in the front row were the likes of Becka Diamond and Byrdie Bell girls who manage to exude a pedigreed polish with a sliver of downtown edge. If Brian Reyes designs with a muse in mind, it's this modern woman. ""I wanted the collection to be really balanced,"" he said backstage. ""All the things I love are here."" There were prints (a beautiful shagreen pattern as well as Rorschach-like ink blots), pretty ruffled dresses, a smattering of Reyes' popular lingerie (Diamond sporting a visible black bra should be impressed), and gowns ready for a starlet's next red-carpet outing. Reyes also introduced denim this season, but in the case of an elaborately tiered skirt, it was anything but casual. All told, it wasn't what you'd call a deep collection, but it demonstrated Reyes' ability to bring sophistication to younger customers while keeping his more mature clients feeling youthful."
3112,"It takes a lot a gilding of genius, in fact for a designer to drag several hundred tired, hard-bitten professionals to a bleak industrial shell on the outskirts of Paris, and then send them away feeling ecstatic. That, though, is what Alber Elbaz did in a show that was a bombardment of emotional and visual pleasure. It climaxed in an overload of color, glitter, and originality: the sight of dozens of girls marching, with a furious glamour, along a runway so long it seemed to stretch into a foggy infinity. The collection was a triumph of breathtaking technical achievement: drapey, pleated jumpsuits in polyester (""like collapsing fabric,"" Elbaz said); a candy-store array of pink, salmon, peach, and vermilion; a dash of extraordinary fine leather (an unforgettable carnation red dress); and a buildup of encrusted gold sequins and jewelry. The designer didn't really have words to sum up the powerful, slow-building impact of the vision he'd created. All he'd talk about were the technical difficulties of handling the polyester, making spirals of ruffles, inventing a soft, puffy form of quilting for coats, and how he'd ended up layering one dress on another to make a whole. And, in fact, it didn't open all that promisingly. The first passage Elbaz fielded was in black, with ruffles the familiar Lanvin aesthetic that is visible in stores worldwide. Only when he got past the tailoring and into the intense passage of developments of plissé (a kind of modern, abstract Fortuny pleating), as well as the navy and mushroom jumpsuits, did the mood lift and the audience realize that something incredible was transpiring. In the end, as the girls headed by the crop-haired Iris Strubegger and a rivetingly intense Karlie Kloss walked back into the darkness under a giant Art Deco chandelier, every head in the crowd strained to take in the last glimpse of a collection that will be remembered for a very long time."
3113,"When Paul Smith laid eyes on Gentlemen of Bakongo , a vivid new celebration of the fashion-obsessed Congolese dandies called sapeurs , he was too inspired to wait for his next menswear show. He immediately modeled his women's collection for Spring 2010 around Daniele Tamagni's photos. In fact, the book's cover was reproduced for the first look: a scaled-down pink suit, orange striped shirt, and red shoes, topped off by an orange bowler. That vivid sapeur-iste palette juiced up the show, and the menswear theme kept circling around, in a banker-striped shirt extended into a full dress, say, or the tan suit worn over checked waistcoat, collar, and tie. Artfully swagged dresses in checks and ikats, often with bras or bandeaus worn on the outside, looked like the sort of pieces a sapeur 's date might wear (they were also reminiscent of old Westwood). And cardigans were tied with equal art around the body to form shape-conscious silhouettes. It was very cute and very young but quite what it has to do with the eccentric Englishwoman Smith has been courting recently was difficult to see."
3114,"In a season in which designers are distilling their more creative impulses into practical (read: sellable) options for potential shoppers, how does Chris Benz justify the massive rainbow-hued marabou shrug enveloping one of the models at his Spring presentation? ""It's time to have fun again with fashion,"" the designer declared. ""I just wanted to make great clothes for going out."" In the playful spirit of the Memphis Group, Benz offered a forties-style peplum dress in a giant polka-dot print, separates dripping in dime-sized sequins, and a baseball jacket with matching miniskirt. Hemlines ranged from fingertip-length down to the floor. There were plenty of pencil skirts that would work for daylight hours at the office, but at heart this was a free-spirited collection for gadabout night owls. No, there wasn't something for everyone, but Benz's posse will find plenty to party in."
3115,"Fantasy is one theme of the Spring collections, and Alice in Wonderland was the muse Collette Dinnigan channeled. It took a while to get to the fun part, though: The designer opened this dress-focused show with a passage in pre-rabbit-hole black and white. There was a little lace, some tulle, and rhinestones galore, but no organizing theme to distinguish these frocks from those of another designer on the occasion dress floor of a department store. After Alice took her notorious fall, however, things got more interesting. The boldly colored, painterly floral prints of Dinnigan's ruffled and tiered dresses the models wore them shrugging off of one shoulder had a real personality. Of course, we all have to come back to terra firma sometime, but it was a bit of a disappointment to see the designer return to the safety of black and white in the long evening looks at the end."
3116,"What Bruno Basso can't do with digital print probably isn't worth doing. Neo-pop, the theme of Basso & Brooke 's Spring collection, gave him a tailor-made opportunity to duplicate on fabric (and micro sequin) the wildly lurid work of Jeff Koons. What's more, it neatly trailed back to Basso's psychedelic exploration of the natural world last season. New for Spring was a stronger interest in black and white, apparently inspired by the photos of Herb Ritts and intended as a counterpoint to all the color. It looked dramatic in a coral print and in the streak of lightning that zapped one half of a bifurcated graphic (the other half was a riot of pink). It also made its presence felt in the beading that covered the body of a dress with printed fan pleats below the waist. That item was an excessive little thing, but it worked. Elsewhere, the never-enough notion was tested to its limits. The Lurex jacquard was a little de trop, especially when it had the bad luck to be paired with a metallic leather jacket in lurid yellow. The shapes, which Christopher Brooke had been streamlining so that the prints could shine, felt tricksier, more froufrou than usual. And a pouf dress printed with the names of fashion magazines was an oddly literal misstep. Better editing would have helped."
3117,"I haven't done a bias-cut slip in years! But it felt time for something light and clean, said Amy Smilovic, echoing similar sentiments expressed by other designers this week. And the Tibi collection was indeed a breath of fresh air, with strikingly simple spaghetti-strap blouses and dresses in solid colors accessorized only with nude sandals (no jewelry). To continue the 1990's theme of her bias-cut dive into the archives, she offered buttonless silk jackets with matching shorts in sherbet hues. The show wasn't a total throwback, though. Bustiers and draped silk peg-leg trousers, for example, are very now (having been seen in kindred incarnations on many a Spring runway). And there were plenty of Smilovic's signature prints, bright florals splashed here and there. Though it was the sleek finale slip gown, we must confess, that had us wanting to party like it was 1994."
3118,"Sophia Kokosalaki 's instinct for steering her talent according to the mood is a sure one. Where last season she was rocking her own version of epauletted glam biker leather with the best of them, this time she intuited the fact that something gentler, creamier, and breezier was needed. It's a credit to her that she carried it off without a lurch: All she did was tune in to the serene side of her Greek sensibility to find a personal route into pleating, draping, and a delicate palette of barely-there color. Kokosalaki's appeal as a woman designing for women is that she can pull off a young interpretation of ""feminine"" without being cloyingly girly. Her plissé dresses including one in vertical pleats with sheer, flippy under-layers and a pristine white pique shirt with shorts looked fresh, with a kick of sophistication provided by elaborate cross-laced shoes. (They had started on the drawing board as Greek sandals and ended up with sculptural ""draped"" copper heels.) Where Kokosalaki really scores, though, is in her sensitive but sexy evening constructs of crinkled silk and draped netting: dresses that turn to show beautiful back views of knotted tulle on bare skin. To end, she added a section of thorn-embroidered flyaway white chiffon dresses that had the cool edge her fans love."
3119,"Who'd have thought the meeting of technical sports gear and glamour could be managed quite so slickly by Julien Macdonald ? Perhaps it was his competitive streak, sharpened by the knowledge that London is full of returning designers and the fact that he has a deep-pocketed backer, Jamey Hargreaves that pushed Macdonald to put on a show that displayed all of his accomplishments. His tensile collection of scuba-influenced, modern-looking pieces was presented in a sandy mise-en-scène, around a specially built fountain for good measure. ""Controlled"" and ""tight"" were two apt words Macdonald was coming up with backstage. ""I went scuba diving for the first time at Sharm el-Sheikh, and I felt so good in the suit, I thought, why wouldn't a woman want to feel like that in her clothes? I thought of her diving in the ocean during the day and on her yacht at night."" Macdonald was smart to limit his palette to red, black, beige, and white, and to pare his statement back to cutting and piecing jersey, and splicing in sheer inserts. True, there are others working around the same sort of ideas this season (lace-sided leggings are everywhere, for instance), but Macdonald, with his experience in Parisian haute couture, has a head start on them. By holding back his urge to complicate and decorate, he showed the best of himself though he did indulge in one silver-pailletted mermaid dress for old times' sake. Allowed to shine on its own, it looked all the more special. That's an experience Julien Macdonald can take away and be proud of."
3120,"Talk to Matthew Ames about his designs, and the transplanted Midwesterner will invariably get around to their roots in American sportswear. There's absolutely nothing rah-rah or even sporty about his sophisticated work, but he is indeed part of a continuum that stretches back to Halston and Geoffrey Beene. What, after all, could be easier, more basic, than one of Ames' color-blocked silk T-shirt dresses? Spring's brights inspired by the minimalist paintings of the American artists Ellsworth Kelly, Agnes Martin, and Brice Marden were set off against a counterpoint of graphic black and white. Light as his touch is, wearable as his garments are, Ames has a serious attitude about what he does. He continues to be preoccupied with ""organic architecture"" and ""the idea of purifying the form."" His goal is to interfere as little as possible with his fabrics, and with few seams and a lot of liquid draping and wrapping, he produced a sharply focused show that wowed with its clarity and color. The only thing it lacked was a sense of play and that's nothing a peppy tune and a smiling model couldn't fix."
3121,"Betsey Johnson , uptown girl? She is, patently, the quintessential downtown designer; Edie Sedgwick was even her fit model at one time. But lately Johnson's commuting to work on Seventh Avenue from a new abode on the Upper East Side. Accordingly, she held her Spring presentation in the Palm Court at the Plaza. It turns out that she is redesigning Eloise's Room at the famed hotel. Aside from one model dressed in a sex-kitten version of Eloise's pinafore, the clothes weren't actually inspired by the messy imp but their designer was as irreverent as the impertinent 6-year-old, titling the show Betsey's One Night Stand. (Pouring water down mail chutes isn't the only hanky-panky that goes on in fine hotels; have you heard about the more adult antics at the Standard ) The lineup was a bit posher than usual. Georgia Jagger worked a white skirtsuit, while Ida Maria (whose song ""Oh My God"" was featured in promos for Gossip Girl ) performed. ""I think the psychological and visual elegance of the Plaza helped move us in a new direction,"" Johnson said. She didn't ditch the bodysuits and leopard prints, but she offered them in neater, more refined silhouettes. A little jersey number was made up in a Liberty-style floral, while pretty red-and-white party dresses with crinis, of course featured an almost traditional toile. If you looked closely, you could make out the skulls hidden among the foliage and fauna."
3122,"Backstage before his show, Derek Lam said they've had to reorder the sexy matte jersey dresses from his Fall collection for his new Crosby Street store, so he brought one back for Spring, but in a bright shade of purple. Everything about this collection felt bolder than its predecessor: That has something to do with the places Lam went looking for inspiration Asbury Park, Rehoboth Beach, and other East Coast summer destinations, rather than the interior of Coco Chanel's Paris flat. ""I haven't done full-on color for a while,"" he said, ""and it feels like the right moment now.""  It would've been impossible for Lam to know that the subject of next May's Costume Institute exhibition would be the American woman when he started this feel-good, almost downright patriotic collection, but it's a swell coincidence. Channeling the forties by way of the disco era, he showed a sweet little floral-blouse-high-waisted-shorts combo, one great-looking dark denim zip-front jacket, and retro ""deck-side"" one-pieces (you lounge in them, you don't swim). Stars were everywhere. Small, they looked like polka dots on a belted crepe de chine dress. A bigger multicolor print was used for a sleeveless blouse tucked into corseted trousers. And then there was Lily Donaldson's sundress, patchworked together from black and white poplin: It had a big star front and center. All that was missing was the cotton candy. It was enough to make you nostalgic for a summer by the beach that you never had, and that's the emotional hook that will lure the gals into Lam's store."
3123,"Might Tory Burch be capable of saving the economy single-handedly? Editors were acting like kids in a candy store at her Spring presentation: They didn't just like what they saw, they wanted to buy it. Reasonable price points partly explain Burch's outstanding success, yes. But, reaching beyond that, her appeal is also founded on her ability to ""make ordinary things seem extraordinary."" Burch actually used those words herself, to describe what she appreciates most about the photographer William Eggleston, one of her creative touchstones this season. Like Eggleston's seemingly mundane subjects, Burch's designs are always familiar; her DNA, after all, is the American staple. What she does is reimagine it, sprinkle it with some fashion dust and a pinch of fun. Tory Burch clothes are desired by the girl next door and the hipper-than-thou blogger. The current collection had a Native American inflection, featuring moccasins, tie-dye, and snake print. But there were also leather and studs, gingham and eyelet, and denim and khaki not to mention sequins, of course. (""Everyone wants to preorder the sequined minidress,"" she tweeted, about an hour into the event.) There was a diverse, democratic, something-for-everyone quality to the collection, but in this case it was a strength. ""It's about depicting the American lifestyle in a different way,"" she said."
3124,"Lyn Devon took a well-worn reference? Roman Holiday -era Audrey Hepburn for her Americans Abroad collection, but she worked it with a light, fresh touch. Consciously or not, the mood read Geoffrey Beene. The American master's legacy of optimistic ""optic play"" could be traced in the pairing of a bias-skirted dress with a striped drawstring-waisted topper, and there was something balletic about the tea-length dresses. ""There's romance in this collection that hasn't been there before,"" Devon explained. This designer's hardly interested in frilly femininity, though (a digital rose print on acid green had bite), and while she succeeded in softening things up for Spring, she did so without abandoning her trademark sporty elements or the tomboyish tailoring she introduced last Fall. In fact, Devon's toppers almost stole the show. How to choose between an organdy windowpane balmacaan, a smart waterproof poncho, or a classic rain slicker reworked in papery yellow leather? Take one of each. The economy will thank you."
3125,"Martine Sitbon's Spring show was a homecoming of sorts. Not only did she leave her traditional sixth-arrondissement venue for the space above her Rue du Mail store in the second, she also returned to what she likes to think of as her signature look: soft little dresses with hidden constructions that hold you in. The accent was definitely on the waist, but these were woman-friendly frocks, not so much corseted as gently curvy. A fire-engine red silk number with a draped and slit skirt struck a sexy note, as did a body-loving L.B.D. with a white beaded neckline that looked like angel's wings. A delicate, silvery white silk duster worn over a matching slipdress with a swirling appliqué down its front was more ethereal. Ditto the tank dresses in pale washes of watercolor pastels. This was a narrowly focused, somewhat repetitive collection. It could've used some more looks along the lines of the gray blouson, racerback tank, and high-waisted cropped trousers that slinked out toward the end. But it wasn't all frocks. Sitbon also did some great-looking trenches that the girls wore buttoned to the throat and firmly cinched. Perfect for those days when your dresses are at the cleaners."
3126,"From the negotiations for clothes fresh off the runway that were going on backstage after Giambattista Valli 's show, this much was clearer than ever: The designer has struck upon a look that suits the twentysomething jet-setters and actress types in his front row exceedingly well. After Fall's long, almost clerical lengths and the fifties ball skirts of the season before, he went short and leggy for Spring. The recurring silhouette was a drop-waist frothy minidress reminiscent of the twenties. Smothered in dense fringe or feathers (both real and represented in trompe l'oeil prints) or swirls of jeweled embroideries, these jazzy numbers were interspersed with the egg-shaped dresses and cocoon coats that have become a signature of Valli's nearly five-year-old collection. This season, those came in graphic color-blocking or overscale prints and embroideries inspired by antique carpets. Bold leopard-stamped ponyskin was also in the mix; a short-sleeved jacket and shorts suit in the stuff seemed to attract particularly strong interest from his socialite fan club. Backstage, Valli name-checked early-twentieth-century artists like Brancusi, Picasso, and Man Ray, explaining that he was also thinking about ethnic art and tribalism while designing. If the origins of this newly youthful yet still sophisticated collection went straight over the heads of the bright young things it seems so perfect for, who really cares? The zhoozh factor is what counts, and this season Valli's got it."
3127,"Goodbye, feathers and fringe. Hello, studs and spandex. After a Fall collection inspired by groovy seventies rock chicks, Jill Stuart clicked up the hard glamour quotient for an eighties extravaganza. The look here was sexy and aggressive dare we say a little slutty with booty-skimming and tight dresses, some inset with sheer panels and metal mesh. It would be very generous to call a white leather corset with laser-cut lace sides a ""dress."" And an animal-print sequin cocktail number could probably fold up into a party girl's clutch. Some looks came layered with spandex tights that offered a bit of decency, but not much. At times, Grecian-inspired jersey softened the look, either draped on body-con dresses or as a white fluttering top paired with second-skin jeans. But there was still enough hardware to make IBM nervous, with big, fat, glossy silver balls trimming nipped-waist jackets and covering a strapless peplum dress. If it all sounds like a bit much, it was even taking thematic eighties excess into account. Stuart's look isn't about a minimal runway, but here things got a little messy. As for the designer's girlish fans, they might have a hard time pulling out a favorite. Perhaps for Spring, they'll have to settle for the designer's booming beauty collection, launched earlier this year, which harks back to her romantic, vintage roots."
3128,"John's something more abstract. The 1970 quote from Yoko Ono with which Charles Anastase labeled his latest show will surely stand as the season's most impenetrable reference point. That's the way Anastase likes it he shoots down the tuppenny interpretation. But there was one obvious entry point for his latest presentation: Spring 2010 is Anastase's tenth season, and he wanted the milestone to put a cap on everything he's done to date, thus clearing the decks for the next stage of his career. In other words, he simultaneously celebrated and waved goodbye to his past. ""Na've, spontaneous, abstract, gothic,"" was how he defined it all. There was naivet? in the girlish pink cheeks and loose chignons of the models, and in their ballerina tulles. There was spontaneity in the seemingly random way cloth was draped, gathered, and layered. An abstract chord was struck by a hint of black tulle poking out from under an innocent smock, and the huge hopsack dress that looked like a Balenciaga gown might if it were sewn by dressmakers in a lunatic asylum. As for the gothic quality, that was in the general Tim Burton-ness of Anastase's clothes; the weird dislocation that came from a matching jacket and skirt (both box-pleated) that made no effort at all to fit the girl wearing them; the silvery moir? jacket over the red ballet skirt; or the voluminous transparent plastic wrap that covered a little pink dress. Outfits jumbled like they were from a dress-up box, combined with a fetishist's eye that just about sums up the narrow aesthetic of Anastase's first ten seasons. But if he untangles his twisted point of view for the next ten, will he lose his odd little niche?"
3129,"This was Marco Zanini's second collection for Rochas , and after last season's arty installation, it was time to show his stuff on the runway. He ramped up the entertainment factor accordingly, adding a lot more color and print to a lineup that, like Fall's, was built on slip dressing, tailoring, and knits. The starting point, loosely speaking, was a French woman in the colonies. ""I wanted to explore everything that feels French apart from the Tour Eiffel experience,"" Zanini said backstage. Translation: You'll find his girl in Indochina, where she wears ripe shades of aubergine, paprika, saffron, lemon, turquoise, and mint and never, ever goes out without a flower at her waist. A belted white silk slip, accessorized with a boater, sandals, and ankle socks, looked straight out of Marguerite Duras' The Lover . But Zanini's expat might also pair a sheer sleeveless blouse (retro bra fully visible) with cropped lamé trousers or choose a seriously short knit dress with a flaring ice-skater skirt, or even forgo getting dressed entirely and lounge around in a navy polo and matching briefs. Zanini proved he has a bold eye for prints with the acid yellow and green duchesse satin jacquard he used for a long-sleeved sheath, as well as a kimono floral pattern that appeared on a shirtdress. If the collection didn't deliver the high-fashion thrills that Olivier Theyskens' shows for the French label once did, it did look like it'll have legs on the selling floor. These days, as well we know, that's what counts."
3130,"Four months ago, Louise Goldin 's inspiration board was filled with tear sheets from Gianni Versace's mid-nineties advertising campaigns the ones with the original tawny-limbed supermodels working gladiator kilts, shot by Richard Avedon. That's where she started, while factoring in a dose of baroque curlicues gleaned from a V&A exhibition and a sidelong look at the pointy bras Jean Paul Gaultier made for Madonna's 1990 world tour. To her credit, this knitwear dynamo made none of that research overtly obvious when it came to sending out a collection honed for her twenty-first-century audience. The Versace-derived pastel tones lavender, baby blue, pink, lemon, violet, and mint green were mixed with gold Lurex and engineered into a look that managed to include baby-doll silhouettes and leather bloomer shorts and still didn't look tacky. The skill and imagination are in Goldin's techniques. She transforms knitwear into what she thinks of as fabric, which she drapes and pleats into multilayer skirts, or wraps around the torso of a dress as dreamy, whisper-fine layers of tulle. The minutiae, too, are also knitted using computer programs written by Goldin down to the black ""lace"" edging on a fondant pink dress and the sheer tulle inserts in a gold cyber-bodysuit. Perhaps even better, though, is the news that Goldin is responsible for a new capsule collection for Ballantyne. She's a talent who started off raw and became sophisticated and lauded in double-quick time. Next, she needs to convince buyers that she has a selling collection of simplified skirts, crop tops, and leggings that have the runway attitude but can be donned without the wearer feeling like a sci-fi movie extra."
3131,"A sophomore collection can be a tough test for an up-and-comer still establishing his identity, but Prabal Gurung passed with flying colors. In an economic climate that must make it tempting to cut whatever corners you can, it's clear that this is a young designer devoted to the craft of making clothes, and to making them with some of the finest materials out there. The starting point for Gurung's 26-look lineup was a bottle of his mother's YSL Rive Gauche perfume from the 1970's. ""I loved it,"" he said, ""and I love product design, so I thought about playing with the idea of packaging."" There was one double-faced charmeuse dress wrapped with spiraling horsehair like, well, a package, but that bit of tongue-in-cheek aside, Gurung is deadly serious about the business of looking chic. He drapes a mean dress. It's the attention to detail that separates his one-shoulder cocktail frock from the next guy's. Apparently, Gurung spent three days with his patternmaker making sure the brush-painted rose on one such number appeared just so on the bodice. Other highlights included a white matte jersey off-the-shoulder goddess gown and a white tropical wool and silk duchesse tuxedo with a bow-tied lapel. If some of the looks bore too close a resemblance to pieces from his first season, Gurung gets a pass this time around. That's the risk in having such a razor-sharp focus."
3132,"Backstage before his show, Albino D'Amato said he was inspired by photographs of his grandmother on safari in the twenties. If that has you thinking Meryl Streep as Karen Blixen in Out of Africa, think again unless you can picture Streep in a toile de Jouy jungle-print gazar, cut as a blouse with matching full trousers. That was a bit in your face, as was another questionable print used on pajamas, but for the most part Albino displayed a soft touch. The desert-hued short-sleeve oversize mackintosh that opened the show, for example, looked timeless without being retro. Of course, Albino's savanna adventuress doesn't actually need to negotiate sand dunes or any other natural obstacles; his killer metallic Art Deco wedge heels are designed for city gals with limos, not beat-up Land Rovers. And talking of getting around, a girl's all but guaranteed a lot of mileage from his drapey jersey zip-front dresses with cowled backs. As sexy as they were easy, they made a simple, elegant canvas for Albino's bold ethnic-Deco necklaces. This show traversed some bumpy terrain, but those accessories were a highlight."
3133,"The theme of Iceberg 's Spring collection? Mickey Mouse on safari. The cartoon mice that appeared as emblems on loosely knit sweaters and as a jacquard on a miniskirt seemed to please the children in the Saturday afternoon audience tremendously, but how a grown woman might rationalize such a purchase isn't quite clear. And as for the mouse-ear shoulders on coats and jackets, they were too close to the Dolce & Gabbana collection of a year ago not to notice. The safari portion of the show, on the other hand, produced some viable pieces. Epauleted coat-dresses in black or olive drab linen looked sharp and gimmick-free, and leopard-print camouflage dresses had a slinky vibe. A cropped, fitted jacket laced together from squares of leather was cool, too. The takeaway: Next time, skip the kids' stuff."
3134,"Osman Yousefzada has always wanted to do an all-white collection, but it wasn't until his recent signing with an Italian licensee that he felt he could truly do the idea justice. As he pointed out, ""White leaves you nothing to hide behind."" Which makes it a perfectly pure canvas on which a designer can bare his essence, as Valentino and Rifat Ozbek's all-white collections did to spectacular reputation-making effect. So what is the essence of Osman ? After the show, he called himself ""an ethno-architect."" His somewhat obtuse rationale was ""Mrs. Simpson"" (did he mean Marge or the sexual adventuress Wallis before she married the Prince of Wales ) paying a visit to President Nixon. Osman took this figment of his imagination on a trip round the world, creating for her a wardrobe that referenced the North African djellaba; the Japanese kimono; the sack shape that always suggests French couture; and the trapeze, the T-shirt, and the polo that say ""American sportswear."" All of it was as pure as the driven snow, except when Osman dip-dyed a smock top in gold, or layered panels of gold down the front of an A-line coat-dress, or down the back of a textured jacquard tunic. When he threaded sashes through big gold eyelets running along shoulder seams or down the side of a dress, the nautical effect evoked a hostess on a giant yacht moored off Capri. In fact, it was easy to see how Osman, as a native of landlocked Afghanistan, might have nursed just such a fantasy in his younger days. But if white gave him nothing to hide behind, it eventually gave us little to look at. The showroom promised a wider palette of fire red, midnight blue, black, and taupe. Most of what we saw would have benefited from the added oomph."
3135,"The ants that scurried around Daniella Issa Helayel's invitation to her latest show for Issa were a witty appetizer for one of the show's themes (tropical paradises), and they were also one of the key motifs running through the clothes. Those trails of ants were printed or embroidered on a handful of the party dresses that have made Issa the go-to label for good-time girls, Naomi Campbell included she stalked the catwalk in a silk jersey halter. Rain-forest exotica also inspired an anthurium print, which Helayel covered with sequins. For the finale, she duplicated the flower in a green column lined in red. The designer's chiffon caftan, mini djellaba, and cape-backed shift dress were uncomplicated yet sophisticated shapes, tailored and colored for a glamorous life. Hey, the same notion built an empire for Emilio Pucci."
3136,"Making good on the promise of his sexy debut, Peter Dundas turned out a sizzling collection for Spring/Summer at Emilio Pucci . It is, of course, the season the house was made for, having been established on jet-set Capri in the 1960's, but it also doesn't hurt that Dundas is an avid scuba diver. The underwater universe produced some aqueous prints that also formed the basis of allover-sequined dresses. Neoprene diving suits informed a few long-sleeve minidresses with curve-enhancing mesh insets. And there were some gorgeous shades of blue, like the bold royal of a suede cocktail number with metallic beads arching over one shoulder, and a cropped beaded jacket worn with pirate pants in deepest midnight. Some of the hottest swimwear of the season strutted down the narrow runway. One or two in snakeskin aren't advisable for actually getting wet; and with their signature prints and cutouts galore, the others might have made the house's founder blush (that is, if it weren't for the glam cover-ups). But Dundas was thinking beyond the beach: A couple of leggy dresses with sequins and feather trim looked destined for the Croisette in Cannes. He also extended the warranty on the short-in-front, long-in-back evening look, showing one in gold lamé and another in billowy white silk. The season's all-important jacket? He cuts a mean one: cropped, fitted, with lean arms and a flippy hem. Backstage, Dundas said he had wanted to work with easier volumes and loosen up the silhouettes a bit, but there's little doubt that his Pucci girl remains a predator-shark type."
3137,"American sportswear with an edge. That was Jenni Kayne 's assessment of her latest effort, and while it's not the most original manifesto we've ever heard, it's an apt summing up of the brand's direction over the past few seasons. Kayne has made a name for herself with leather separates, and fans will enjoy Spring's bounty: the perfect black sheath, a cream crop top and cuffed-short combo, and for the daring or just plain gaga cheeky briefs and a bustier. Despite the prevalence of animal hide, the print-free collection came across as light and easy perhaps a subconscious effort by the new mom to keep life as clutter-free as possible. But while pleasing, these clothes didn't feel like a departure from past efforts; it wouldn't hurt to see a little more of that edge the designer mentioned. The shoes, however, weren't lacking. On the heels of a successful foray for Fall, the designer amped the offerings for Spring. Her sophomore effort included covetable studded mules and strappy perforated leather flats (the latter suitable for chasing after little ones, we assume)."
3138,"For the second season in a row, Vera Wang showed in the intimate confines of her Mercer Street store, and you didn't need to read the name on the door to know whose designs these were. Crystal necklaces, densely embroidered necklines, tulle and net overlays all the Vera signatures were here. But something was different: Call it a sense of ease, or a dressed-down (relatively speaking, of course) casualness that looked new. It came across early on thanks to a loose-fitting black crepe de chine jumpsuit topped by an incredible beaded spiderweb necklace, and it continued throughout the show via the biker shorts that she paired with everything from a basketball tee and organza skirt combo to a metallic gauze halter tank and poufy ballerina skirt. For the client who isn't going anywhere near a pair of shorts despite evidence to the contrary on this week's runways; their numbers are legion she showed bias-cut rocker pants or slouchy silk leggings. The collection pretty much reflected the way Wang herself dresses: luxe and pulled together but somehow sporty.  All that's not to say the designer abandoned after-dark. A pair of pleated tulle dresses, one mini, the other long, looked ready to party, as did a circular sequin tank dress in shades of midnight blue, blush, and silver. That was one of the show's few shots of color; the others came via the tulip and poppy prints that appeared on the delicate gauze of a hand-smocked tank dress as well as on a coat belted over a jersey tee and Bermuda shorts. But in keeping with the realities of the new economy, Wang smartly decided to toughen up her trademark romantic vision."
3139,"Wolfgang Joop named his Spring collection ""Hurt and Heal."" His program notes explained that ""after a time of opulence and carelessness, healing has to come."" He's not the only designer thinking along those lines; unfortunately, Joop's Wunderkind show took the sentiment way too literally. Rendered in red or blue toile de Jouy, his blouses, high-waisted pants, peasant dresses, and coats had a country charm that ought to have put him in good company Karl Lagerfeld himself went bucolic at Chanel. But there was a major disconnect between these clothes and the futuristic knits they were layered upon. Inspired by medical compression body stockings designed to enhance circulation, the unitards came in graphic color-blockings: red, white, and black, with large yellow arrows pointing at the bust or the nether regions. The metal back braces that accompanied some of the looks just added to the head-scratching effect."
3140,"Whatever is going on in fashion, Sacai somehow manages to jumble all the best bits into a delightful microcosm of it. In her inimitable Japanese way, Chitose Abe has softened, detailed, and miniaturized the utilitywear, shirtdresses, sporty gray marl, raw edges, tulle, frills, and metallics in the air for Spring. Prime example: In a season of kilts, her fresh, preppy madras-checked cotton skirts with multiple layers of fan-pleated fins at the sides are potential qualifiers for Best in Class. Abe's knack involves subtly combining fabrics. The front of a garment is rarely the same as the back (knits with sheer chiffon panels), and a piece that begins as one thing at the top often becomes something else at the bottom (a shirt ends up with a tutu-ish skirt, a trench turns into a shirt, etc.). This approach means that her things cause comments of the ""I can't believe I've discovered this"" kind at stores like Dover Street Market. She learned her methods at Comme des Garçons, specialized in knitwear working under Junya Watanabe, and has patiently been building up a following over ten years. Given those kilts, though, maybe next season won't be quite as quiet as before."
3141,"I used to dress musicians who really move in the clothes, Elise  verland explained backstage before her Spring show. ""A stagnant presentation didn't make sense."" So, after just two seasons of more informal showings,  verland delved headlong into a runway debut. It certainly made it easy for onlookers to get an orderly inventory of her fashion-loving front-row fans like Lynn Collins, Becka Diamond, Lauren Santo Domingo, and Yvonne Force Villareal.  There were no Steven Tyler high kicks, but it speaks to  verland's sure hand with her materials particularly her signature leathers that the overwhelmingly body-defining clothes moved and fit with such ease. The designer aimed to expand her go-to palette of black and bone with ""color that doesn't seem like color."" Meeting this koanlike criterion were flesh tones. They ranged from the quiet calm of a gorgeous rose-nude perforated lambskin dress high-necked but back-baring to the glam attitude of a peachy metallic leather blazer and silk trousers.   verland pushed out even further with the odd shot of red in a strapless dress set with nude panels, a subtler take on her Mexican wrestling mask inspiration. But of course, despite lighter moments like a cream spotted crepe jumpsuit or a white leather jacket and dress, there was still lots of black, seen not only in leather but also in glazed organza with sequins. That's likely not a problem for  verland's girl. At any rate, her strong and sexy collection was easily worthy of the runway, even if it didn't exactly scream spring ."
3142,"Last season's impressive debut stocked the front row at Joseph Altuzarra's Spring show with retailers. They must've left happy, because he delivered on the promise of that first show, and then some. Sensing it was time for a break with the 1980's, which have been so popular lately among young designers, he went in a more 1970's direction. Patchwork and ""taking clothes apart"" were his fixations for Spring, he said backstage. But we're not talking about any old hippie-dippy patchworks. Altuzarra mixed expensive white eyelet and Swiss dot with brown suede and swatches of basket weave into fitted apron dresses that didn't leave a lot to the imagination. He worked the same materials into jackets, vests, and pants that were more covered up but no less sexy. Altuzarra designed at Givenchy under Riccardo Tisci, who's about as hot as it gets in the fashion world right now. There are clearly similarities in the hyperfeminine sensibility of both designers' clothes. But Altuzarra is no copy artist. What's such a turn-on about him is his confidence. A pair of white ponchos, one hip length, the other long, with diamond stenciling at the hems, were pretty sensational as gutsy and cool as the Heart song playing on the soundtrack. We're betting they made the It girls in the audience suddenly rethink all of the body-con clothes currently hanging in their closets."
3143,"Behnaz Sarafpour 's starting point for Spring was Edward Steichen's iconic lace-veiled portrait of Gloria Swanson. But that's not quite news. In fact, the reference is a sign of Sarafpour circling the wagons around her core aesthetic a ladylike elegance ever so slightly subverted. On the more literal side, it was an indication that the designer would indulge her abiding love of lace. Sure enough, the stuff was everywhere. It was best seen in a dress of nude lace set into black satin. A shirtdress, however, had inevitable shades of Prada, and a pair of frocks that played the fabric off strips of neon felt somewhat forced. Therein lies the downfall of this collection. At times it seems as if Sarafpour is reaching to evolve her vision in a Goldilocks manner of trying on various trends to see what sticks. There was ample prettiness here, such as a lovely dress with a just-exciting-enough flourish that a woman would love to chance upon at Neiman Marcus. But Sarafpour's foray into trends du jour, like the glam eighties draping or the aforementioned neon, ultimately detracts from the collection's strength."
3144,"When a model trots by carrying a bag that reads ""Fashion is full of chic,"" you know you're not in for an intellectual exercise. Or maybe it was the giant pink backlit heart from which the girls emerged that said young, feel-good, fun. Rosella Jardini's Moschino Cheap & Chic collection took its inspiration from that era in the sixties when the mods were mixing with the flower children. To start with, there were floral prints: little daisies on a short ruffle-neck dress and big ones on ruched chiffon numbers; a couple of straw hats even came with petal brims. Inspired by the American artist Jim Dine, Jardini added patchworks of bright Pop colors orange, blue, red, and yellow to the story line, as seen on an A-line double-breasted jacket as well as a wrap blouse worn with black-and-white checked bloomers. Keeping with the youthquake theme, hemlines were either ultrashort or grazed the models' satin flats. And the other accessories were just as cheeky. In addition to the aforementioned tote, there was a bag in hot pink with ""Shocking"" scribbled across it, and a nameplate necklace to match. The collection might have been as light as the giant organza carnations that decorated the models' shoes, but that would seem to fit with the prevailing mood. When it comes to having escapism on the brain, Jardini has plenty of company so far this young fashion week in Milan."
3145,"It's Alexa Adams and Flora Gill's moment in the sun. As CFDA/ Vogue Fashion Fund award finalists, the young Parsons grads have all eyes focused upon them. And today, with a confident and accomplished collection, they proved they can stand the heat, thank you very much. Egyptian wall paintings from the New Kingdom were the designers' touchstone. This was most obviously reflected in the color palette of neutrals punctuated with black and red, and in the lace-up shoes by Cesare Paciotti (certain to be in high demand). Some of the graphic knit pieces featured intricate mummy bands; others had laced neck braces that marked another step along the dark bondage continuum that had colored Ohne Titel 's Fall lineup. But as dramatic, well-constructed, and photogenic as these pieces are, they'll compete for editorial pages with other members of the body-con school, a class that includes Phi, Preen, Rodarte, and Joseph Altuzarra. More interesting was the tailoring, which has been the cornerstone of the label since its launch. The imposition of draped asymmetries culled from the ancient Egyptians upon Adams and Gill's modern suiting produced phenomenal results. As seen on model Iris Strubegger, the final look a silk blazer worn over a draped, embroidered, and feather-festooned dress that was nearly Belgian in its purity had a romance and urbanity that belied the designers' age and experience."
3146,"Kinder Aggugini once referred to his work as an unholy marriage of Coco Chanel and Sid Vicious, which signposts his own special brand of sophistication superchic, somewhat unsettling. His Spring show was called ""The Loss of Innocence""; the invitation featured a battered Snow White figurine; a music box tinkled as the audience filed in. So far, so macabre. And that impression was subtly compounded when the first models emerged. With hair ringleted and lips reddened, they looked like dolls, and their clothes were dolls' dresses that had been taken apart at the seams, then reconstructed with inserts of racy adult fabrics like black lace and pin-dotted tulle. Aggugini created an exaggerated hourglass silhouette with full overskirts that flared off the waist like a bubble, forming aprons and bustles and panniers. There was something of a Fragonard milkmaid about the result, like Aggugini's ex-employer Vivienne Westwood or maybe even Marie Antoinette playing country girl in her Petit Trianon. Either way, the volumes didn't play to the designer's strengths as a tailor, so it was a relief to hear him set them aside as showpieces. ""I sell more jackets than dresses anyway,"" he said later (though he also noted that the post-show response to the full skirts had already been so positive he might consider production). And he'll likely be selling plenty more of his jackets, especially with standouts like the silvery number lined in gossamer-light pink tweed, the cropped houndstooth, or the topstitched swallowtail based on a military jacket from the Crimean War. His evening dresses also shed the fairy-tale frippery in favor of an entirely grown-up world. A python-printed gown in laser-cut nylon, hand-painted in neon shades, floated down the catwalk, an edgily graceful collaboration of man, woman, and machine."
3147,"Limi Yamamoto's invitation was one of the season's most charming and most enigmatic. Amid the numbered but mostly blank pages of a small book, a few questions were posed. The designer insisted it was all a joke, but one ""C'est un peu de Yohji Yamamoto "" seemed especially relevant. There wasn't a little of Limi's father, there was a lot , in a collection that was more respectful of her heritage than anything she has designed to date. At the same time, it felt like she was making a statement about Japanese fashion in general. As one of the prominent figures in Japan's next wave, Limi has said she is keen to keep traditional techniques and suppliers afloat while defining her own identity. In the past, she has injected an idiosyncratic, almost frilly take on femininity into the more predictable androgynous, asymmetric vocabulary her father and his peers have made their own. Not so much this time round. Androgyny was the core of the collection. Emblematic menswear details collars, lapels, pockets were exaggerated, sometimes to spectacular effect: The sleeves of a crisp white shirt were as wide as a kimono's but still had buttoning cuffs. The androgynous point was reinforced by a handful of male models all shapes and ages wearing the womenswear. Asymmetry was emphasized in skirts that were gathered at one ankle. A chambray with indigo dots felt like the kind of artisanal fabric the grand masters of Japanese fashion would be drawn to. They'd also surely approve of the swelling volumes of the dresses that closed the show. Like the rest of this not entirely typical Limi collection, those looks left an odd but not unappealing sensation almost as if the designer were selflessly saying, ""Let's win this one for my dad, for my country."""
3148,"Imagine you're an executive woman searching the London catwalks forclothes that will dress you efficiently for the many demands of yourday, from school run to business meeting. Jaeger London ought to be one of your first ports of call. Its history positions it as a label that really understands such a woman's lifestyle, but the brand's current design director, Stuart Stockdale, who joined just under a year ago, hasn't yet fully grasped the heritage. At least that's one explanation for a collection that seemed dogged by a singular lack of coordination. Suede and print dresses looked perfectly OK, but they were surrounded by some of the strangest pants of the season: loony, flaring banana pants and dhotis that were somehow hobbled round the hem. Jumpsuits and haremlike silk trousers tied at the ankle evoked disco dressing in the late seventies, maybe on the same Mediterranean island where the skimpy knits would have been wrapped around bikinis. Not denying the Jaeger woman a bit of adventure, but she'd probably have preferred a well-tailored jacket. There was scarcely a one. And the looming challenge is that there are plenty of other high-street brands that are effectively filling that particular gap."
3149,"Life is a bowl of cherries at Moschino , to judge by the collection Rossella Jardini sent out for Spring. First Lady Michelle Obama may have worn the label on several occasions, but there wasn't much FLOTUS material on today's runway. Reworking some of the familiar house tropes, Jardini's focus was playful, not presidential. The de rigueur trompe l'oeil and surreal touches were all there: White topstitching traced the lines of a classic trench on a simple black dress, while the sparkly straps of a cocktail number formed a peace sign on the model's back. And one cropped jacket came with miniature, well, jackets for pockets. The cherries came in during the second half of the show on a baby doll, among other barely-there frocks. There were also scribbled sunflowers and prints of ceramic dishes. For the finale, they were all patchworked together onto party dresses that were encrusted with bibs of crystals and colorful stones, not to mention accessorized with bangles on both wrists, gold hoop earrings, and heart-shaped hats. It was predictably, almost relentlessly, upbeat. Seeing Jardini get in touch with her serious side would've been the welcome surprise."
3150,"Vivid pastels, geometric prints, baroque curlicues, short-short skirts, and slinky, sexy chain mail: Where else could this be but Versace? For Spring, Donatella Versace was telling everyone who went backstage that she'd been inspired by Tim Burton's Alice in Wonderland (which comes out next March). ""I loved the idea of that fantasyland,"" she said. Really, though, you didn't need to know that to appreciate the fact that this was Versace redux the Gianni heyday of the early nineties retooled in a gloriously confident way. Good timing for it, too. Donatella might have spent the last few seasons concentrating on making her collection look grown-up, but now that so many others are making the most of thigh-skimming lengths, busy prints, and glittery glamour, it's an opportune moment to drop all that and show them how it's done her way. She did it classily, seeming for the first time to have overcome any tentativeness about reveling in the territory her brother famously carved out. In their tiny pelmet skirts, jazzily printed dresses, and super-fitted suitings, the girls were all legs and glossy hair quintessential Versace women (though, it has to be said, still quite a lot thinner than they used to be in Gianni's day). That's a powerful sight to see on any runway, but somehow none of it came across as too slavishly reverential or in any way vulgar. Part of that is down to the Versace way of making things, in an atelier that is as superb as it's always been. When she sets about adding silver metallic embroideries, using perforated and studded leather, or draping a pink chiffon evening gown, Donatella has the technical effects completely under control. The result: a sure-footed, happy collection guaranteed to pique the interest of her daughter's generation."
3151,"Milan Vukmirovic debuted his first women's collection for Trussardi 1911 at the brand's newly opened Piazza della Scala concept store today. He's been showing his menswear at the label for a couple of years, and he used elements from that side of things as a starting point here, explaining he'd had girlfriends buying pieces from the guys' stuff. His Spring line for men was partly inspired by the American West, and here he used colorful Native American beading on the shoulders of cropped washed leather jackets, as well as a beaded photo print on a slinky jersey cutout dress and a ruched pantsuit. That last look might be a tough sell with the designer's gal pals, but there was plenty more that meshed with the edgy rock 'n' roll sensibility that the fashion world is vibing on at present, from a buff suede bondage-laced sheath and a denim bustier dress (handmade using patchworked faded jeans) to an easy jumpsuit and second-skin sweaters and leggings for layering. The shoes and bags take their cues from the collection, so they're embellished with fringe, hooks and eyes, and tie-dye detailing. Trussardi may be just shy of a century old, but there's nothing stodgy about the direction Vukmirovic has in mind for it."
3152,"Something's going on with squiggles and ruffles and fris e-edge frills this season, and one way to diagnose the influence is to point the finger at Zandra Rhodes Marc Jacobs, for one, has already quoted her. Danielle Scutt certainly appeared to have taken a shine to the odd Zandra-ism when her Amazonian women turned up in a mixture of prints with black wiggle graphics and upstanding chiffon lettuce ruffles outlining the leg-of-mutton sleeves of a few tight-waisted peplum jackets and puffing out the shoulders of a flounce-skirted housecoat. Backstage, though, the designer came up with a different reason for the wavy lines and not-far-off-flamenco ruffles. ""It started when I was looking at seventies souvenir postcards with pictures of ladies with flounced polka-dot skirts collaged on in fabric,"" she shrugged. ""Zandra Rhodes was not in it.""  True, there were draped tube and flippy skating dresses, too, and other details (strange translucent aprons, for example) that didn't fit the Zandra thesis. Still, in the case of a designer with antennae as finely tuned as Scutt's, trend atmospherics are bound to impinge, if unconsciously. Her collection is an indication of which way a certain strand of fashion is going."
3153,"Touted as an ""ode to postmodernity,"" this subtle Max Azria collection provided a stark counterpoint to the exhibitionistic sexuality of Max and Lubov Azria's Hervé Léger show. Here, the interest was in what lies beneath. Minimalism from the Azrias? Believe it. Rather than binding the body, fabric fell around it, exposing bits of skin only in peekaboo fashion. Azria slashed dresses like Lucio Fontana piercing a canvas; metallic cages glimmered under semisheer knits. Some really smart tailored pieces among them a mushroom-hued suit added a balancing sense of soft structure. The best looks were the sparsest. The fussy beading that appeared with increasing frequency toward the finale distracted from the well-focused sense of purity but that didn't seem to trouble Mickey Rourke (no angel), seated front-row and surrounded by a bevy of beauties."
3154,"The lights went down, and 23 models walked out. Twenty-two carried stools and planted them at a few points along the runway, then took their seats. One wore a spiraling dress loosely basted together and carried two pairs of silver shears. The Threeasfour trio used Yoko Ono's dot drawings in their collection, played music from her soon-to-be-released Plastic Ono Band album (which was produced by her son, Sean Lennon), and re-created her famous art performance Cut Piece. One by one, the models stood up from their stools, did a circuit of the catwalk, then snipped away at the spiraling dress, until the model who wore it was in nothing but a white bandeau top and briefs. Ono and Lennon sat in the front row, watching the action along with the rest of the audience. The spectacle inevitably distracted from the clothes, which were made using the curvilinear construction that has been the group's signature since the beginning, and which were somewhat underwhelming compared wth Threeasfour's usual arty fare. The show opened with a simple tank bodysuit, followed by a unitard in black with arabesque insets of mesh. As it progressed, the cuts and construction became more elaborate, culminating in cocktail dresses in chiffon embellished with three-dimensional curlicues of horsehair, just before the Ono dot-drawing section arrived. Other than a cool wrapped and belted jacket with sleeves that unsnapped all the way up to the shoulders, the prints were the most wearable and want-able part of the collection, especially the drapey kimono in silk de chine. It's good news the kimono and dresses will be part of the label's just-launched lower-priced contemporary line."
3155,"Lily Parker and Ben Grimes are part of London's new wave of young women designers with something to say. Grimes is a model and Parker a trained pattern-cutter who worked with Richard Nicoll until the two friends set up LP.BG together. Showing under the New-Gen umbrella, they presented their collection on models standing on white cubes in a room shared with Jo Sykes; the relaxed atmosphere allowed time for the girls to point out their influences and favorite pieces. ""As a brand, we just want to be modern and fresh, and not too extreme so we'll wear everything,"" said Grimes. Most charming were the little bias-cut tap shorts, a tangerine and cream flared ""tennis dress,"" and some slim, pieced dresses Grimes said were triggered by her memories of Cubist works in the Fondation Maeght, right near Saint-Paul de Vence, where she grew up."
3156,"Action: Reaction. That's fashion's circle of life. And so, after last season's heavy coats and complicated construction, Alberta Ferretti was looking to inject some lightness into her little-sister line, Philosophy di Alberta Ferretti . Her Spring collection was so light that at times it almost floated away. The designer summed it up as ""romantic, pop, and sporty,"" and those elements were layered, often literally, using blocks and strips of bright, athletic colors; a photo print of lips; and sugary, gauzy fabrics. A tomboyish vein served as a necessary counterweight to the many baby dolls. All of the above are a lot to ask of one look, but it all came together nicely in a shrunken blush blazer over a sporty sheer tank and little printed shorts. Still, with so much at play, it's not surprising that the standout pieces were the simplest of the bunch say, a nude tank dress with a sprinkle of appliqu'd lips. Even if a few dresses made Ferretti's concept seem a bit convoluted, for the most part the look was cute, clever, and kind of fun."
3157,"Antonio Marras is one of fashion's congenital romantics, given to grand gestures that stir the emotions. The backdrop for his latest collection for Kenzo was a huge golden disc the sun hanging heavy over the Sahara. At the finale, it literally exploded in a shower of gold filaments that rained down on the catwalk while models walked in juicily shaded chiffons aqua, peach, hot pink with heads wrapped like nomad princesses. It was a spectacular conclusion to a show that took as its starting point the Middle Eastern excursions of the early twentieth-century English adventuress Freya Stark, then stirred in a little of Bertolucci's film The Sheltering Sky . So there was a Europe-meets-ethnic vibe to the clothes, which was so perfectly in tune with the ethos of the house that it underlined how appropriate a choice Marras was for this job. You could pair the striped drop-crotch pants with the madras trench and you'd have a consummate update of the Kenzo code. The designer's own inclinations toward a darkish glamour were evident in the floral print he matched with a man-tailored jacket in black lamé, or a draped dress trailing threads of old gold Lurex. His theme of the desert explorer also inspired much easier pieces: big shirts cinched with wide belts, army shorts belted with rope, a natural linen shirtdress. The sheer shift with a sequined camo pattern might be a stretch for the Sahara, but it artfully elevated this season's military mood."
3158,"Converse high-tops on the runway at Anne Valérie Hash ? It was a departure, for sure, but the designer had a simple explanation. ""I felt like the clothes had become too 'madame,' and I wanted them more cool,"" she said. Organza-wrapped basketball sneakers and all, the collection did have a younger feel. Hash opened with tailoring, but the shorter-in-back, longer-in-front jackets; tuxedo bib shirts; and low-slung, flowing pants looked light-years away from the structured, bourgeois suits that she was showing a couple of years ago. Take, for example, the second exit, a jacket made from cotton bonded to high-tech aluminum fabric with a ""memory"" scrunch up the collar and it stays scrunched. It's a fine line between slouchy and sloppy, and Hash crossed it a few times. Loose-fitting, sheer-bodice jumpsuits with cropped full legs? Count us out. But long cotton jersey dresses with subtle ruffles cascading down the front or tracing the sleeves were effortless in exactly the right way. And we can think of plenty of cool girls who would jump at the chance to wear her T-shirt and mini (made from two layers of nearly weightless metallic-shot organza, black on top of copper), to say nothing of those high-tops."
3159,"Sophie Buhai and Lisa Mayock are tired of all things ripped, torn, and distressed. ""It's nice to see somebody our age dress a little cleaner, with more elegance,"" Buhai said. To help make their point, they enlisted Tiffany & Co., Persol, and Robert Clergerie for their bangles, shades, and shoes, respectively. For the clothes, they took inspiration from the bright, graphic wall murals of South Africa's Ndebele tribe but they didn't interpret the theme too literally. There was a mask print on a long chiffon dress, and their signature looped neckline, as seen on a simple black shift dress, was a bit like a tribal collar in stark red and white. The focus instead with an eye to the economy was on wearable day pieces. They offered a very cool collarless blazer with matching pants over an orange laser-cut chiffon blouse, a metallic gray cardigan worn with a shoulder-padded tee and high-waisted star-print shorts, and a sash-waist jumpsuit in an acid-wash print (it was subtle, we promise). The collection had a new polish, but Buhai and Mayock haven't completely grown up. As if to prove they haven't lost their Brooklyn street cred, the duo enlisted their pals Eleanor and Matthew Friedberger of the Fiery Furnaces to play during the show. And they showed a safety-pin camisole that will go over big in Williamsburg."
3160,"There's no big theme, nothing intellectual, but I am pronouncing the end of this bloody recession, Andrew Gn said backstage, pointing out that sell-throughs in the States have been up since Labor Day. Fortified by that little bit of good news, he sent out a Spring collection with as many lavish embellishments as ever. There was no scaling down here, or in the client-heavy crowd. The only thing that rivaled the colorful gems and metallic embroidery on the runway was the bling on Gn's socialite customers in the front row. Jeweled embellishments accenting the waist or the shoulders were the through-line of a collection that embraced everything from white guipure lace and organza tops (youthful with a pair of silk faille shorts) to a sleek black moir? le smoking (less louche than the YSL original, but still sexy). Slender sheaths in ""patio prints"" based on upholstery fabric from the fifties and sixties should appeal to the designer's artier fans, while the gowns in notice-me shades of violet, teal, and jade were no doubt made with his party girls in mind. There was an almost random, something-for-everyone quality to this unrepentantly luxe show. These days, though, that's probably smart business for a small brand like Gn's."
3161,"In a serene and beautifully judged collection done almost entirely in shades of cream, Tomas Maier put the individualistic way we use clothes at the center of his thought process. ""I think of it as a collaboration with women,"" he said. ""The clothes are meant to be a backdrop, a blank canvas, so the wearer can play with color and accessories to change the look and make it her own."" The concept of the neutral background came when he saw a group of children being dropped off at a karate class in Florida, where he lives: ""I liked the look of the canvas, and that became my color card white, cream, straw. And the idea of the soft belt."" The relaxed sportiness surfaced in the second look: the karate jacket, made into a halter and wrapped over shorts, followed by a drapey fine-gauge knit jogging suit and all-in-one. Yet his takes on simple sheaths, strapless dresses, a cotton fifties-flavored sundress, the corset, and an impactful evening dress were all securely melded into the sequence. At the core of the show was an impressive array of daywear that, as Maier promised, became the foil for outstandingly desirable accessories and the occasional splash of turquoise, green, and magenta. Lightweight jackets and rolled-hem shorts, elegant T-shirt-cum-sack dresses, and tunics with asymmetrical raised seaming were shown with a sophisticated Bottega take on country-peasant craftsmanship: high wedge sandals with woven espadrille soles, delicate string macram? slingbacks, and an amazing translation of the house leather intrecciato bag into something resembling a soft straw basket. It was one of the best summations so far this season of the feeling for sport, pale color, and the textured aesthetics of humble materials but with a surprise contrarian kicker. At the end, three extraordinary evening dresses in boldly colored iridescent polyester tissue walked out. Nothing to do with the rest of it, except that in Maier's hands, even the synthetic can become the epitome of sophistication."
3162,"Sophie Théallet is living the American dream: The Brooklyn-based French expatriate and CFDA/ Vogue Fashion Fund award finalist is one of Michelle Obama's Chosen Ones. ""The First Lady has helped my name to be known,"" the designer modestly admitted a few days ago. That kind of attention comes with a lot of pressure, though, and today it sometimes felt that she was too conscious of being watched rather than relying fully on her instinct. The show opened with a bang. Eugenia Mandzhieva in a liquid chocolate satin gown with print trim and a trailing sash had us at hello. What followed was a collection that swung back and forth between romantic Gallicisms and more pragmatic American pieces. ""I try to make beautiful and functional clothes that a woman can work and travel in,"" Théallet explained and she delivered with apparently simple pieces, like shirtdresses and wrap dresses, that were exquisitely finished. Dressmaker details like smocking and pleating are what Théallet is known for, and they're what make you fall, coup de foudre , in love with a dress. Théallet trod some familiar ground this season, however, and what stood out among the more evergreen silhouettes were the dressier pieces. Draped, haltered, and closed with lingerie buttons, some of them snaked around the body with a sari's embrace while others seemed to drip from it. Who but a Frenchwoman could have designed such seductions?"
3163,"What price fashion? In the past year, the topic has gone from occasional buzz to positive din as designers and retailers attempt to adapt to the new financial order. For this reason, Richard Chai 's timing for the launch of his secondary collection was rather spot-on. Chai chose to show his new lower-priced line, named Richard Chai Love, on the runway today in lieu of his high-end wares. Though his reasons for doing so were put down to Love's debutante status and the fact that it's the ""girlfriend"" to his contemporary menswear, shown right afterward, it's surely a sign of our times. The designer range will be shown only in appointments, and may or may not be back on the runway. But the look of Love, in fact, hews closely to the main line, drawing from the sportier end of its spectrum for a streamlined version of Chai's coolly modern and polished downtown girl. ""It's about pieces,"" said the designer. ""The perfect anorak, the perfect blazer."" And there they were, layered into a breezy masculine-feminine mix of slightly rumpled tailoring and pretty-but-not-sweet silk dresses and tops, touting their perfection in subtle tweaks of proportion and cut. But these weren't basics. It's a look that's uniquely Chai's, with a point of view that's not well represented in that market. That's likely the reason that the front-row retail sector headed backstage armed with big smiles and hugs."
3164,"At Graeme Black 's show a year ago, he spun an atmospheric backstory that the subsequent catwalk presentation didn't live up to. It happened again for Spring 2010. Black imagined a world where the extravagance of the maharajas hybridized with British colonial culture in an Art Deco hotbed. There was scene-setting aplenty in the birdsong-and-sitar soundtrack and the wafting dry ice that suggested dawn over the Ganges. The extravagance was taken care of by the real jewelry (by Moussaieff), which required 20 bodyguards. But, inspirations aside, Black always seems to picture a woman dressing for life on a 24/7 red carpet. If the Raj was reflected in jewel-toned silks and there was a khaki hint of the military Brit in epauletted jackets and jodhpurs, the heart of the collection was really a heyday-of-Hollywood glamour. That meant dresses shirred or draped or fishtailed and jersey gowns trailing trains or worn with sandals for that at-home-with-the-Selznicks look. If that sounds casual, it wasn't. Black doesn't really do ""relaxed."" The daywear that accompanied this glam slam, for example, was exemplified by his first outfit a white croc jacket, lean white trouser, and maroon silk blouse tied at the waist. The luxe is strictly old-school bodyguards need apply."
3165,"You'd be hard pressed to find a more unassuming designer than Thakoon Panichgul. He might not be in it for the spotlight, but he can't seem to escape the high beams. Not only has he received Michelle Obama's blessing, he also landed a cameo in The September Issue . Oh, and did we mention that Amanda Brooks and co. can't seem to leave home without his label on their backs? "" Thakoon is just so easy to wear,"" Elettra Wiedemann was heard enthusing to a friend at the show today. It certainly wasn't hard to take a shine to Panichgul's Spring lineup, which included lots of the crowd-pleasing print dresses that have become his signature. Some of them felt a little bit like sequels but there were new ideas here: strains of Japonisme in the kimono cuts and so-called ninja pants, a scuba-inflected athleticism in the techno-twill seamed pants, and armoring (though some of the shield dresses looked a bit, well, stiff). Most interesting was the manner in which Panichgul carried forward and developed concepts from his romantic and wildly popular Resort collection. The plissé pleats that had fabulously swelled like souffl's for pre-collection were controlled for Spring, as Panichgul married this surface treatment to the soft bondage that he's toyed with before. ""I wanted to evoke loose and tight together,"" Panichgul explained, ""sometimes in one silhouette."" The upshot? Another guaranteed season at center stage."
3166,"Dusty pretty colors, simple unforced shapes, and enough quirky detail to make it interesting: All these summery qualities came together on Richard Nicoll 's runway. ""I was looking for that balance between urban dressing and escapism,"" he explained. ""I looked at early photographs of Tahiti for the prints, but really it just felt like a consolidation of everything I've done."" A good self-assessment: In the past, Nicoll has quietly put out good pants, jackets, and shirts, but they've often been presented in ways that don't quite work with the rest of his show pieces; or he'll go off on a tangent and appear to be a different designer than he was the season before. This time, partly because of his choice of floppy silks, the continuity flowed. Between the pants, the breezy square-cut dresses, and the sarong skirts, it all conveyed a grasp on real dressing with a pretty but not saccharine edge. That understanding of ease in daywear is something too few designers have, and it looks as if Nicoll, an Australian, has discovered the confidence to put into action something he knows innately."
3167,"Heigh-ho and away we go. Domenico Dolce and Stefano Gabbana took us on a wild and sexy romp through the American West for Spring, with wagonloads of faded denim snap-front shirts and holey boyfriend jeans, creamy lace blouses and tiered maxi skirts, laser-cut suede bloomers and minis, a saddle-leather bustier dress or two, and eyelet for just about everything. It all came accessorized with bandannas, fanny packs, mail bags, and studded leather cowboy boots; the only things missing were the lassos and the spurs. The duo has gotten their D&G collection down to a science. Pick a theme, then whip up the familiar leggy looks in the appropriate fabrics (when they went to the opera last season, it was brocaded silk corsets and pannier skirts). Still, there were a few surprises here, notably in the form of boxy pinstripe suits with western lapels and cropped, cuffed pants. And formula or no, eyelet, suede, and blue jeans are shaping up as important Spring looks. Dolce and Gabbana haven't so much jumped on the bandwagon as they have presciently branded a few of the season's key trends."
3168,"Despite the fact that Duro Olowu had a lot of other things in that early collection, one lucky item effectively launched his career: the patchwork, multi-print, short, caftanlike Sally dress. Through being loved and worn and spoken about by the Vogue editor Sally Singer, it gained a reputation that spread across the fashion networks of two continents. Now the Portobello Road-based designer could be in the same position again. Though he has many other pieces in his Spring collection (inspired, he says, by the painterly palette of late Picasso), there was one dress editors were buzzing around as soon as they walked through the door. The new shape is more sophisticated but just as feminine as the last, constructed with a wrap belt, ripples of ruffles, and a soft collar that falls away into a hood. The genius is that it comes in short and long and looks like a completely different dress according to the fabrication something like a modern tea dress in chiffon florals, and in plain purple crepe, more like an Ossie Clark/Biba/Halston-era nightclub number. The provisional name for this design, Olowu says, is the Harlem dress. But judging by the amount of editor interest it was attracting, it can only be a matter of time before someone wears it so much, she puts her name on it."
3169,"Remember back to grade-school art class, when you used a pencil and ruler to create vanishing points? Jeremy Laing does, and he used the drawing technique as his jumping-off point for Spring. One print was composed of perpendicular lines that converged prism-style at the model's hips. Laing also draped his chiffon dresses so they were seamless, effectively wrapping around the body into nothing. Though mummylike in appearance, the treatment was actually functional, causing the fabric to move freely with the wearer. Laing favors a more avant-garde silhouette, and in that vein he offered a hybrid short-cum-legging that could be a tough sell, particularly in this economy. But a great taupe perforated-suede cap-sleeve jacket is a fine choice to reel in more conservative customers."
3170,"Newish creative director Raul Melgoza has been the force behind much positive change at Luca Luca . The days of Paris Hilton dressed in pastel tweed, preening as the star of a circuslike front row, seem like ancient history. For Spring the designer was taken with the louche Rive Gauche glamour of the seventies. It's not quite one of the decades that's currently trending in the fashion world, but, hey, we can always be convinced. However, Melgoza fell a touch short of making his argument, which didn't offer a clear new way of looking at the reference. Wide-leg jumpsuits and even high-waist trousers had an almost costumey feel, while awkward funnel-neck suits seemed wholly out of place. Dresses in tiered silk and a chiffon animal print were undeniably high points, worn as they were with wild, loose curls and M.C.L.'s kaleidoscopic enamel jewelry, but they didn't fully redeem or refine this seventies show."
3171,"Walking into Martin Grant 's Marais atelier, you were greeted by a glam occasion dress a strapless red taffeta number with a grand bow at the waist and a sweeping train that's destined for awards-show appearances. But in a season when transparency has become a fashion-wide preoccupation, the real appeal of this collection was that Grant came up with chic clothes for real life. No visible bras and panties here, just a well-edited lineup of little dresses, pantsuits, and trenches that, without ever inching into humdrum workday territory, will appeal to a working woman one who puts in time at the office and goes out at night. A fitted dress and a jacket with notched shoulders had the bold proportions still in vogue, but for the most part Grant pushed draping, not structure. The one-shoulder silhouette dominated. It came knee-length in red washed silk crepe or silvery charmeuse, and long in a more substantial black silk twill. The last was actually two pieces, a bustier and a dramatic wrap. Platinum-plated brass jewelry, sometimes integrated into the strap or belt of a dress, was eye-catching, too."
3172,"Backstage, Bruno Pieters said he wanted to work on two aspects of French couture: flou and tailoring. The Belgian designer opened with the former a sheer nude tube dress with draping and folding below the waist that protected the model's privacy. Building up from there, he added more tucks and pleats to the bodices of body-con dresses in makeup colors and wrapped ribbons of pink chiffon around the torso of an abbreviated little white frock. When tailoring entered the equation, it followed the same geometric lines as in Pieters' recent collections: Cropped and fitted jackets had hexagonal short sleeves; miniskirts and rompers came with standout pockets that echoed the shape of the shoulders and gave his girls a perplexing X-shaped silhouette. A pair of crystal-encrusted sleeveless V-back dresses were bright spots; still, the whole thing came off a bit like a graduate student's exercise. The collection displayed a real devotion to craft all that sheer fabric put the rigor and discipline of Pieters' cutting and pattern-making on display but in the end, there wasn't enough that a girl could really wear."
3173,"St. Vincent performed covers throughout Rachel Comey 's rooftop show, with mop-topped singer Annie Clark looking every inch the designer's ideal woman. You know, a clog-loving type with what Comey likes to call ""artistic sensibilities."" For Clark and co. there were button-back cardigans, cheery prints, and multipurpose pieces like a taffeta anorak blazer with removable pockets and a hidden hood not to mention lots of the quirky (and this season, somewhat boyish) footwear that the designer is known for. (We spotted quite a few Comey shoes in the crowd.)  Inspired by coastal Maine, where she vacations, the designer had functionality and an active element in mind. That might explain the plethora of skorts in all sorts of variations that dominated the show and made it feel, at times, repetitive and in need of further editing. Still, there were plenty of covetable daytime separates, some with a vaguely fifties camping feel. Comey was cheered on by the sun, which obligingly came out halfway through her alfresco affair though a trio of smart raincoats demonstrated that she was prepared for any contingency."
3174,"Raffaele Borriello is now a solo act; his partner, Julien Desselle, left the label recently to pursue a career in architecture. But the change in personnel didn't do much to alter the dressed-up sensibility of the Requiem brand. The collection, Borriello explained, was inspired by the elegant women he met at a party in Buenos Aires, Argentina, while on holiday there this summer. Aside from the tango-ish polka dots on a short-in-front, long-in-back dress, though, this was still very much a ladylike French look. That's why Borriello set up his mannequins around a table at the Hôtel Le Bristol. Requiem's ladies who lunch will fight each other over a black coat-dress with diagonal pleating that puts an emphasis on the attenuated waist. After dark? They'd vie for a pair of one-shoulder cocktail dresses, the first in white and lavender with jeweled embroidery on its single capped sleeve, and the other in faded blue ruched silk with a dusty rose strap. This was a slight collection, bordering on inconsequential, but presumably Borriello will have more to present next season, when he's become accustomed to being a one-man show."
3175,"It was all blue skies and sunshine at Lacoste , where models walked the planks of a boardwalk the kind you'd find at a resort town in France elevated above an ""ocean"" of carpet. You can't get more straightforward than artistic director Christophe Lemaire's stated focus this Spring: ""simple, sporty chic."" And he aced it. Naturally there were tennis references (among them micropleated miniskirts, airy mesh sneakers, and a cable-knit sweater dress), but there was also a beachy aura of languor and leisure that harked back to the work of the early twentieth-century photographer Jacques-Henri Lartigue. Renée Perle, the Parisian coquette who was Lartigue's muse, was the obvious source of, for example, a floppy hat and wide-leg pants. Still, there was nothing retro about this collection. Its smart focus on upgraded basics, rather than trends, gave it legs. Peaches and Pixie Geldof, Alice Dellal, and Ruby Stewart were in the audience: Yes, the front-row coterie did seem a strange match (pun intended). But you could almost imagine that even these night-crawling celebutantes might be tempted to lighten up their dark, distressed, and body-con wardrobes with a bright, sporty piece or two."
3176,"Fall was strong and moody, Bibhu Mohapatra said of his debut season, ""and this time around, I wanted everything to be light, airy, and wearable."" For the most part, he succeeded. The designer (who put in time at J. Mendel before going solo) became intrigued with X-rays after being subjected to a series for his new green card. In turn, he began exploring the armature of bodies and playing with the idea of visibility. A white linen blazer with a delicate spinelike lace-up back was beautiful, as was a cropped jacket trimmed in layers of sheer organza. But Mohapatra was heavy-handed at times, as in the case of an otherwise lovely chiffon gown weighed down with an explosion of square appliqu's. Additionally, a rubberized anorak felt out of place among all the eveningwear. One gets the sense that the designer is still finding his footing, but Mohapatra's assured technique and penchant for special-occasion dressing should ensure that his star continues to rise."
3177,"Donna Karan had a hit on her hands for Fall. Why mess with a good thing? Tweaking the fabrics and the color palette, she sent out another wearable collection of soft skirtsuits and body-loving draped dresses. She explained that she was ""inspired by the power of the elements,"" namely, from the looks of things, wind. The hem of the opening stretch linen twill jacket, for example, was molded as if the model wearing it had just encountered a stiff breeze on the runway, while the bottom of a linen burlap top worn with a slim pencil skirt was permanently upswept. The effect was a sense of movement and a pretty femininity not always easily achieved in tailoring. Twisting around the body, Karan's dresses had a weightless, easy appeal. There were stretch matte jerseys in blush, and wrap styles with more volume in gray and white. Among the many pale neutrals she sent down the catwalk, the bold reds (a holdover from her great-looking resort lineup) stood out. The simple lines of a folded envelope dress provided ample opportunity to show off a striking coral belt from Gerda Monies. Some of the other accessories were a bit much; those Stephen Jones hats looked like deflated clouds. The show could also have used a stronger edit, but overall, this was Karan at her modern, unfussy best."
3178,"Color is not a new topic of discussion in the house of Lela Rose . This is a woman who named her children Grey and Rosie. For Spring, the designer built her collection from the palette up: a baseline of sun-faded colors borrowed from Alex Katz paintings, layered with sharp notes of saturated summer brights. The first look out, which played the grass green of a boxy anorak off an acid-hued tank, had you hooked, and the second reeled you in with luscious blocks of color unexpectedly stacked up on the back of a seemingly neutral cardigan. Rose added depth with patterned jacquards and prints that were mostly subtle enough to jibe with her sophisticated composition. The standouts were a ghostly batik, supremely covetable in a pair of shorts, and a painterly metallic tweed in sunset hues.  Rose sought to impart a beachy quality to her silhouettes, with flat and folded or fluttering ruffles on cocktail frocks, and gowns echoing waves. These are, however, clothes meant for Fifth Avenue, not Montauk. Well, mostly. There was more of a sporty element here than ever, which is always a treat to see in Rose's hands. Now that she's more than adept at keeping her base excited, evolving that side of her work might be the key to snagging new fans."
3179,"Journalist Colin McDowell was inspired by American Idol when he launched Fashion Fringe six years ago. As with Idol , Fringe has had a few champs like Erdem and Basso & Brooke who have come out on top, and others who have well, does the name Taylor Hicks ring a bell? The 2009 Fringe finalists paraded their collections in front of this year's honorary chair, Donatella Versace, before Jenny Holmes and Dimitris Theocharidis, who design as Jena Theo, were announced as the winners. They showed lots of tiering, swagging, and classical Greek draping in tops and dresses that occasionally scooped as uncomfortably low in the front as they did in the back (hence the need for a black leather pasty in one outfit). Serbian duo Lidija & Dejan also used pleating and draping for a classical effect. One dress had a gathered front that fell away from a breastplatelike bra. Another was draped in silver slave chains. Yelena Smirnova's aesthetic was more softly sculptural, her organzas and chiffons formed into organic shapes inspired by Henry Moore. Her deep red and cobalt blue were effective counterpoints to a pastel palette. Elliot Atkinson made tiny little dresses out of collaged colors, cutouts, and sheer panels. His blurry floral prints echoed previous winner Erdem. Collate the commonalities between the finalists and you'd be drawn to these conclusions: Pink is the world's favorite color; daywear is dead; and Versace is the most influential fashion house. We'll credit that last one to the presence of the honorary chair."
3180,"Let other designers have their springtime florals and pastels. Milly 's Michelle Smith is going for something darker. ""It sounds funny,"" Smith, best known for her bright sixties-inspired shifts, said backstage today, ""but basing a whole collection around the color black felt really fresh and unexpected."" Smith stuck with her tried-and-true silhouettes sheaths, minishorts, and swingy elbow-sleeve coats with oversize buttons giving the ebony versions a touch of whimsy with dramatic gold embellishment around necklines and hems. The real story today, though, was the debut of Milly's costume jewelry. A longtime collector herself, Smith weighed down her models with tangles of chunky chain necklaces and stacked bangles that, even worn solo, are standout statement pieces priced well at $200 to $400."
3181,"Natalie ""Alabama"" Chanin does good work(s). She compiles oral histories of Southern textile workers, salvages old quilts, and is striving to make her business zero-waste. All of the stitchers who create Chanin's (quite literally) homespun garments work from their own houses and live within an hour-and-a-half radius of her family and business base of Florence, Alabama. And they use organic materials grown and produced in the good ole U.S. of A. a fact proudly announced on the Alabama Chanin label. Is it any wonder she's a Fashion Fund finalist? This is actually the second time Alabama Chanin, the person, has been in the running. The last time was when she was a partner in Project Alabama (with which she is no longer associated). ""It's tight and succinct,"" the designer said of her Spring collection, which came in hues of doeskin, earth, blush, ruby, and midnight blue. ""It's very clean."" You won't find bandage dresses or miniskirts at Alabama Chanin, but that doesn't mean she's not offering something more than just folksy charm: Witness a wrap top with a flyaway back train that offered a peek of skin, for instance. But it's the handwork, of course the couching, the reverse appliqu's, the ""Alabama fur"" (really strands of thread)  that keeps fans rooting for the home team."
3182,"Veronica Etro picked up on some of the trends of the season, but managed to weave in a sense of her family's heritage in print and exotic fabric. She started with a floppy duster coat over a pair of pale pink patchwork pants in unpressed silk, and from there found ways to work in the house paisleys on satin, chiffons, and voiles, which she used on everything from pajamas to jumpsuits to long, multitiered halterneck dresses. Her palette of mushroom, dusty pinks, and violet provided a baseline to tie it all together. There were some things that were spot-on trend, like a striped black and gold Lurex sweater or a little pair of army shorts. But then again, why would a woman go to Etro , over anyone else, for that sort of thing? What really will sell is far more likely to be the romantic, early-seventies-influenced printed gypsy blouses, multitier halternecks, and long dresses, items in which to breeze around on a beach. All in paisley, of course."
3183,"What's inspiring to see from Jonathan Saunders is a vision of how clean, modern print and color can contribute to a wardrobe. Back in London from showing in New York, he seemed to have both lightened up and learned a lot about polish, range, and speed of showing. He took command of a pure palette of white and frosted pastels, added the odd brushstroke of fluoro lime and orange, and overlaid graphic shapes with transparencies and sporty textures. As part of the season's general conversation about pale color and the need for something forward-looking, Saunders' show was both a contribution and a return to form. He said he'd been looking, as he built up his ideas, at the color in the Swedish vampire movie Let the Right One In ; the materials, plastics, and packaging of pharmaceuticals; and the purity of early-nineties minimalist fashion photography. Then he went back to getting his hands dirty by personally screen-printing fabrics. Some of the best pieces combined movement with slightly strange color choices: a couple of dusty organza-layered shifts with rectangular prints, and a veiled layering of white chiffon over lime, floated beautifully away as their models walked by."
3184,"As Paris winds down, one of the city's big stories is its designers' fascination with youth. Leave it to that Italian iconoclast Miuccia Prada to crystallize it in an oddly captivating collection that combined short, high-waisted Lolita dresses with na've animal prints (and one not-so-G-rated lounging-nude motif). ""I was questioning innocence, questioning youth,"" Prada said backstage. ""What do they mean today in a world that's the opposite "" She is a designer who's always embraced the perverse, so about halfway through, the cat and bird and dog prints got some company in the form of holographic paillettes and crystals embroidered on sheer nude mesh insets. These, along with cutouts that bared skin on the torso, upped the provocation factor on the little-girl frocks, but it was still hard to imagine fashion sophisticates like Kate Moss and Renée Zellweger, who sat opposite each other in the front row, finding many occasions to wear them. In the end, Prada's final judgment on our age-obsessed culture wasn't entirely clear, but it's interesting to note that the best looks in this quirky, challenging collection were the pantsuits. With their sophisticated, narrow lines, they didn't quite fit into this season's naïf narrative. But they did make playing grown-up look like a lot of fun."
3185,"It could be that Alexander McQueen  oh, and Lady Gaga, remotely crashed through a whole new frontier in the projection of fashion shows as worldwide live entertainment Tuesday night. McQueen's collection, Plato's Atlantis, was live-streamed on Nick Knight's SHOWstudio.com, intercut with the photographer's premade video footage. That was the plan anyway, until 30 minutes before the show, Gaga Twittered that McQueen was about to premiere her new single. She has a million followers. Inevitably, before the crashing of the frontier could quite come about, SHOWstudio itself crashed. Which may have replicated, in a whole new audience, the sensation of a young hopeful stuck outside a McQueen presentation, waving a standing ticket and being unable to get in. Seen from on the spot, it was a big-budget production, for sure. There was a sparkling, illuminated runway in which two sinister, robotic movie cameras on gigantic black booms ran back and forth, while a screen played Knight's video of Raquel Zimmermann, lying on sand, naked, with snakes writhing across her body. Then the models came out, dressed in short, reptile-patterned, digitally printed dresses, their gangly legs sunk in grotesque shoes that looked like the armored heads of a fantastical breed of antediluvian sea monster. McQueen, according to an internal logic detailed in a press release, was casting an apocalyptic forecast of the future ecological meltdown of the world: Humankind is made up of creatures that evolved from the sea, and we may be heading back to an underwater future as the ice cap dissolves. The consequences, in fashion terms? Well, it was a one-note, unmissable formula of the kind several other designers have decided is the way to communicate this season. McQueen's message throughout was essentially sunk into the short dress a steady development of his engineered sea-reptile prints, worked into a nipped-waist, belled-skirt silhouette. The colors first green and brown, moving to aqua and blue were exceptionally executed and swagged, and molded across panniered structures. Each dress was a work of computer-generated art crossbred with McQueen's couture-based signature cut. In a section in which it looked as if McQueen was envisaging a biological hybridization of women with sea mammals, there were trousers whose bulbous flanks mimicked the skin of sharks or dolphins. A reminder of his taste in Savile Row tailoring came via a few looks in which formfitting gray men's fabric was cut away to reveal ""portholes"" filled with turquoise (an effect akin to the view from a glass-bottomed boat). Finally, then? Although there was nothing to show McQueen breaking out from his set design mold, the way he's embracing new computer technologies and the drama of the moving image puts him at the leading edge of change."
3186,"It's a measure of Miuccia Prada's reputation as one of fashion's great intellectuals that we can be thrown into a mild tizzy when she's being (relatively) light and straightforward. For Spring, there weren't any of the brooding, disconcerting undercurrents we expect from her; no hard-to-read subtextual brain teasing. Instead, Prada did ""business to beach,"" a representation, she said, of ""how life is today. High and low, palazzos, and the popular,"" and, she smiled, ""I really liked it.""  Her girl was chic and together looking, with a teased, side-swept hairdo and shiny vermilion lips, making her way through a high-tech fantasy set on which projections of sumptuous Italianate interiors checkered marble floors, pillars, chandeliers alternated with fragments from touristy beach scenes. The merging of modernity and classicism played in the fabric of the opening ""business"" section: precise, angular gray duchesse satin and nylon coats, jackets, vests, and Bermudas that had been scissored off to leave raw edges. Manipulated photographic prints showing palm trees, beach umbrellas, and lounging holidaymakers were then applied to jackets, short shorts, and panties seemingly an evocation of the fifties and sixties, though actually, according to Prada, drawn from images of a man-made resort in Japan. ""It took me ages to find the right one,"" she said.  In other words, there was plenty of the wearable Prada in there (ignoring the panties and the section of semi-sheer cloque baby-doll things), pieces to appease both the seekers of minimal daywear and the collectors of her decorative print-y things. In the finale, too, there were offerings of the embellishment overload that is also an essential part of Prada, including silver- and crystal-embroidered tops and showpieces made of strung-together chandelier components. No existential-political angst about the state of the world, then? Not at all and that, Prada concluded, is just her point. ""When things are bad, you have to come out from that. Optimism,"" she declared, ""is a choice."""
3187,"Nanette Lepore was thinking about color for Spring, and she ended up with a palette of highlighter hues. Acid yellow, neon orange, and hot pink lent the season's long and fluid silhouette a bit of heft (not to mention some of the energy that was missing last season). ""I wanted the colors to give the clothes a more powerful look,"" Lepore explained backstage before her show. The result was a playful mix of airy, printed dresses and striped knits that would work on a summer day in South Beach or Southampton. Lepore's chunky wedges hybrid booties and strappy sandals in prints and patterns as eye-grabbing as the clothes offered a grounding element to the lightness on top."
3188,"Sonia Rykiel turned her shop on the Boulevard Saint-Germain into a dance club with disco balls, silver confetti-covered floors, and models who sashayed and shimmied down the narrow aisle between the chairs, blowing kisses along the way. The clothes, no surprise, were thirties by way of seventies. Among the knits were striped black-and-gold Lurex tank dresses, popcorn-stitch cardigans belted over thick ribbed biker shorts in poppy colors, and a blue-and-white S.R. logo maillot worn under a clear plastic trench trimmed in black. They shared the runway with black suits covered in little gold studs, pink silk tops and dresses inset with black lace, and a flirty floral-print dress with peekaboo cutouts in the bodice. It was vintage Rykiel, but less retro than recent collections. There may be something about showing in her store that makes Rykiel and her daughter Nathalie design more realistically: The only things you couldn't imagine strolling down the street outside were the quilted satin looks in candy colors. By the end, those exceptions were forgotten. The girls were so sexy in their clingy striped sweaters, high-waisted leggings, and heels, the crowd would've gone home happy even without the flowing Champagne and Michael Jackson tunes."
3189,"Ferragamo announced this summer that it would be replacing designer Cristina Ortiz with Massimiliano Giornetti, who currently heads up the company's menswear. Before her departure, though, Ortiz had the no-doubt difficult task of completing a Spring collection. She smartly decided to stick to the more covered-up, sophisticated path she established last season, and while this show wasn't as strong, it was still an improvement on her misjudged earlier efforts for the storied Italian house. Africa was Ortiz's reference point. That led to some rather unflattering jodhpurs cut very generously at the hips, but jackets, blouses, and full skirts in crocodile jacquard were a positive development. The show's highlights were a number of pale coats in crocodile, python, and laser-cut leather. A black gown with concentric circles of beads at the neckline that called to mind the Masai was also striking. But in the end, it was a case of too little, too late."
3190,"The idea is something that's both scary and pretty, Cynthia Rowley said of her Spring concept. ""Things are out of focus and starting to unravel."" The disintegration theme could be seen very clearly in the clothes. There were blurry floral prints, ink patterns that bled down the front of dresses, and slashed-up grosgrain pants. Prim cardigans, bobby socks, and fit-and-flare dresses gave the proceedings a retro feel, too. The Tim Burton-ish fairy-tale music that segued into white noise and the massive drop cloth that plummeted from the ceiling of Gotham Hall to form an impromptu runway didn't seem at all out of place or distracting here: Rowley has always been whimsical. And since the clothes aren't exactly what you would call newsy  her entertaining touches did help to make this a more interesting show."
3191,"A healthy front-row bloc of PYTs du jour at BCBG Max Azria usually sets off the fashion season's first paparazzi swarm. Today it was sister act Theodora and Alexandra Richards happily braving the flashes alongside Leigh Lezark, Solange Knowles, and teen queen Amanda Bynes. Appropriately, the clothes on the runway could have gone by the name of the latter's breakout movie, What a Girl Wants . What does a girl want? Well, for many, particularly the sector that follows the It-party-girl lead, the checklist is still short, body-con, and sexy in the eighties vein that has made stars out of Alexander Wang and today's Balmain. The husband-and-wife team of Max and Lubov Azria worked the look like a collage, piecing and tucking bright abstract florals into solid blacks, navies, and the odd Pepto pink. Ruched silks and tulle were tightly bandaged around the body, the effect made sexier still with sheer black insets. On the looser side, dresses that riffed on the T-shirt made a coherent and welcome counterpoint. Every model carried a glossy metallic clutch, as if poised to stay out all night at a moment's notice. Sure, their proposition wasn't quite new, but the Azrias' trickle-down timing is right on. And after last season's concept-heavy offering, the show was a youthful breath of fresh air."
3192,"With his first boutique now open at the Plaza, Douglas Hannant is not about to let a little credit crunch get him down. The quality of his collection is ""staying very high,"" he said and, presumably, the price point is too. ""That's me,"" he explained, just before his presentation in the grand old hotel's Terrace Room. ""That's what I do."" What Hannant does is make a mean dress for a woman with room in her budget for another evening gown or two. Because he was going for a sculptural quality this season, he showed his gala looks on mannequins mounted on pedestals; it looked as if a fabric fiend had draped his way through the Met. ""Venus,"" the 1986 hit by Bananarama playing in the background, was Hannant's bow to the goddess, and there were shades of the toga in the beautifully ruched and shirred matte jersey dresses. Not everyone can pay Park Avenue prices for their finery, but because Hannant constructs his work with such care as a layered dress made from individually laser-printed swaths of basket-weave organza proved he will always have admirers north of 59th Street."
3193,"To claim that a 26-year-old designer has gone back to his roots would sound like describing a dress as vintage because you bought it last year. So perhaps it would be better to say that, in his latest collection, Henry Holland the affable designer behind the winkingly named House of Holland  returned to the garment that made his name back in ye olden time of, um, 2006: the slogan T-shirt. But life moves pretty fast in the world of the twentysomething, so whereas back then Holland made couplets out of fellow designers' names (""Do me daily, Christopher Bailey"" being a particularly memorable one), this time the T-shirts featured acronyms that were incomprehensible to anyone over 27. Of course, they make perfect sense to the OMG LOL kids, and few designers are more a part of that generation than Holland. Even his front row reflected this, clogged as it was with the paparazzi-friendly likes of Alexa Chung and Pixie Geldof. Why are these people famous? Ask a teenager. Nonetheless, they nearly caused a fight among the overexcited paps. Whether Holland is a mere youthful flash in the Zeitgeist remains to be seen. This collection was definitely fun, but then, so is Topshop. Taking downtown New York as inspiration (possibly influenced by the designer's best friend Agyness Deyn, who now lives there), the clothes were sporty and sparky. A bandanna-style print was repeated throughout, and the wedge shoes by Charlotte Olympia sat atop platforms with stripes so thick and bright they looked like Neapolitan ice cream. As is always the way with Holland, details stood out more than the whole, such as the cute gray knee-high socks topped with gold-chain prints, or the stiffened bandannas that affixed the high side ponytails. Nonetheless, la fille Geldof was entranced throughout, taking photos of each outfit on her iPhone and in this crowd, there is surely no clearer sign of success than that."
3194,"I always wanted to live a man's life in a woman's body. That quote, which appeared at the top of her show notes, is something Diane von Furstenberg has said before, so it's perhaps surprising that men's suiting is somethingshe hasn't explored much in the past. Its appearance here today helped makefor one of the designer's more satisfying shows in a while. To start things off, von Furstenberg threw a bolero densely embroidered with chiffon rosettes over a heather gray felted wool double-breasted pantsuit with short, cuffed trousers. It was a novel concept that she repeated later with an ivory silk cord cardigan worn over a satin black tuxedo jacket and matching evening jumpsuit, though it's not as believable a look as, say, a corduroy jacket with leather elbow patches slipped on top of a ruffled chiffon minidress. But it wasn't all about playing the hard against the soft. Frocks, the wrap dress in particular, are this designer's bread and butter, and there was no shortage of feminine frills here. Some of the more interesting offerings included a simple black shift with chain mail inset horizontally below the hips, a twenties-ish belted chiffon tunic dress worn over cropped pants, and a vibrant panne velvet number embellished with a giant glittering beetle, not unlike the dress von Furstenberg wore to take her bow. This was her right-hand man Nathan Jenden's last show; he's leaving to focus on his signaturecollection. No doubt they were both pleased to be ending their relationship on a positive note for their victory lap."
3195,"PPQ was the perfect show to close Saturday at London fashion week. The dressed-up, dragged-up crowd was primed for a night out, so they weren't going to be picky about fashion nuances like fabric and fit. Not important when Amy Molyneaux and Percy Parker have cornered the market on good-time party dresses, like the strapless black velvet peplumed number with the bordello-worthy gold trim, or the tiered dress with the ruffled neckline that looked like a Zeta-Jones pick for Zorro 2010. Molyneaux and Parker have an instinct for the suburban femme fatale. She sported gilded talons to go with keyhole necklines, golden harem pants, and leopard-print Lurex. And when the mercury drops, she'll be wearing a parka trimmed with a huge swath of fur black, of course, unless she makes an exception for the gold leather trench. Otherwise, the PPQ finale looked like a parade of pretty mourners at a rock 'n' roll funeral."
3196,"Alberta Ferretti has whittled her brand proposition down to the things she does very well: fluttery chiffon, a dressy princess coat, and a quietly pretty event dress. There's no harm in that focus. Part of the battle in fashion is reaching a point of clarity where people know what you're about and why they should shop with you and then sticking to it. As far as dresses are concerned, the show began where it ended: with trompe l'oeil jewelry in the neckline of a nude, vertically pleated number. Ferretti navigated the current vibe for barely-there color and covered arms, sometimes with crystal sparkles planted on near-invisible net, the way you'd see in figure-skater outfits (had she been thinking Winter Olympics ). The coats, too, had the fit-and-flare silhouette that has been developing somewhere along the line this season as a mainstream, feminized response to the rigid A-line look that is taking hold in many collections. Still, with the Academy Awards imminent, Ferretti's section of long dresses could be up for more public attention than the rest of this collection. The way she showed them, with natural-looking makeup and downplayed hair, struck a note that could look refreshing on that red carpet."
3197,"Whoever does Marc Jacobs' research for him is a genius, with an ability to nail a mood that is pure gold. The new Marc by Marc Jacobs collection perfectly captured the moment when stylish boys and girls were picking up Iron Curtain army surplus after the Wall came down. The khaki melton coat with the red trim? The black fur hat? The big wool coat, patched and roughly belted as a dress? It was all spookily close to the source, which was kind of in keeping with the theme of Jacobs' signature show on Monday night: There's no place like home. In that case, ""home"" was a serene, almost dreamlike reminder of timelessness and enduring value. Here, it was a distillation of the thrift-shop spirit that has shaped the Marc by Marc collection from day one. Not just the surplus, but a strapless tartan prom dress (with petticoat) for the girls and washed-out black felt cargo pants with matching jacket for the boys. It could seem a little listless, except that everything about Marc Jacobs is a package, so the soundtrack was a relentlessly upbeat modern surf sound (the Drums were featured). That shoved the energy levels skyward and underscored Marc by Marc's fundamental charm and prettiness, both assets clearly highlighted by the fresh-faced and bed-headed cast of models. The pie-crust frilling on blouses and pants might have been a little obvious, but a blanket-striped sweater dress over leggings was girlishly cute. And the military references were artfully tweaked: Freja Beja Erichsen in a little-drummer-boy jacket, Cole Mohr in a big black trench worn over long johns all reasons to like this collection more and more each season."
3198,"I've always loved to see what my sister is wearing when she goes to the barn, Jenni Kayne said before her show, explaining Fall's strong equestrian bent. Turns out both Kayne girls ride Jenni's horse, Cupid's Valentine, has a birthday coming up and the designer called upon personal experience to craft a polished collection that isn't likely to see the inside of many stables. Although only 15 looks were shown, more variety wasn't really needed, because the numbers presented were so strong. Jodhpur shorts, in reindeer and wool, were perfect cuffed and worn a bit loose. Up top, a sheared-rabbit shell had a gorgeous tactility. Posing a lovely contrast were the slim, silky trousers Kayne envisioned as an alternative to cocktail dresses for after six. A simple T-shirt dress in forest green leather was a stunner, but the real showpiece was a mud-cloth anorak. Deceptively lightweight, the jacket had oversize pockets and exposed stitching that lent it a workmanlike feel and a patina of age. Still, utilitarian as it was, it's destined for city life, not country labor."
3199,"Karen Walker approaches each season almost like a jazz musician. She introduces an idea, evolves it in a few directions, and then loops it back around to a fully formed composition. She called the Fall collection Salzburg, USA an imaginary place where an American take on old-world European wardrobe traditions resides. She opened with a matched look of puffy jacket, blazer, button-front shirt, and skinny cuffed pants all cut in a faded floral that looked like a descendant of the Von Trapp children's curtain couture. The looks that followed seemed to ask, ""Just how would Americans dress for the Alps "" Well, if they had Walker's quirky-smart sense of chic, in oversize sheepskin collars, matched jacquard sweater-and-skirt sets, or a kicky, boyish loden suit. Or perhaps they'd turn the tables with a college sweatshirt, corduroys, and a balaclava that approximated either an old-school football helmet or a medieval hood. That last look is from Walker's brand-new casual line, called Runaway, which now encapsulates all her denim, T-shirts, and, from Fall, corduroy pants and sweatshirt pieces with wild, woolly fringe. About half the clothes on the runway were from Runaway. But this isn't Walker's only bit of business news. She recently opened an alternative department store in her native Auckland, New Zealand, that stocks her collection, among others, as well as beauty and housewares. She's also looking to open a second store in Asia. This being her eighth season in New York, perhaps the next stop is Manhattan."
