review_id,review
800,"Vera Wang sustained the coolly wistful feeling of her spring show with a lovely Asian-tinged collection for fall.  Although best known for her evening looks, Wang has clearly been putting some thought into daywear, opening her show with a slim black coat whose three-quarter sleeves and low belt whispered an early  60s elegance. Other sportswear pieces, like a great ivory goatskin coat, or a black cashmere shell and slim skirt, were judiciously embellished with a glimmer of beads, a bit of swinging passementerie or a bar of origami-folded ribbon. Some were topped with adorable shrugs made from fur or cashmere, or knitted with popcorn. Wang also did long and short versions of sexy silk jersey dresses, including one strappy number she called a bondage dress although if that's bondage, Debra Messing is a dominatrix.  The modern dilemma for eveningwear, as recent red carpets have made all too obvious, is how to achieve glamour and sophistication without falling into old-and-fussy or new-and-weird. Wang has that problem solved: A pale-gray chiffon gown, cut in the time-honored plunge-neck style, gets a fresh treatment via raw seams; a high mandarin collar makes a satin dress stand out; and a taupe gown made from the webbiest open-work lace enhances without overwhelming which could well be this designer's motto."
801,"If you're going to invest in a major coat, why should it be boring? That was the question that MaxMara, the Italian powerhouse that founded its fortune on making outerwear for generations of women, answered for fall. The collection offered lots of tempting topcoat propositions, featuring modern cuts that looked current without trying too hard to be trendy.  MaxMara's strategies for a new but wearable fall look were in step with ideas instigated in New York at Narciso Rodriguez and Proenza Schouler: either base everything on skinny leggings worn mid-heel with slingbacks, or pull on the season's crucial over-the-knee boots. Shapes that go over that slim line can then assume new volumes and textures without overwhelming the body.  The newest concept on display was a caped jacket or coat, sometimes done in leather, chicly fused with a speckled tweed lining. In a canny nod toward menswear-for-women (another key notion emerging for fall), the classic double-breasted coat was eased up and oversized, while more sporty looks came courtesy of cashmere bombers with ribbed welts, leather gilets and big, orange down-filled parkas. Low-slung, egg-shaped hipster skirts and a hugely oversize gray knit sweater worn as a dress, meanwhile, offered around-town options that just for a change made absolutely no reference to the  60s. And for that, working women of the world give thanks."
802,"Nicolas Ghesqui're decided to show his fall collection in New York rather than his home base of Paris. And given the terror alerts, bloodless economy, looming war and frigid winter the city is enduring, the timing for his broody, sexy presentation couldn't have been better. Ghesqui're held the show in a severely minimalist art gallery (with an audience that included two of Hollywood's darker starlets, Chloé Sevigny and Asia Argento), the better to focus attention on the intriguing shapes, fabrics and colors.  There aren't many who play as fearlessly with proportion as Ghesqui're, and in this collection he staked out two strong silhouettes: First came slim trapeze looks, like a spare black tunic coat over white leggings and a pretty mint-colored sweater; then he sent out a modern hourglass, made by way of jackets and tops cut with balloon sleeves and often cropped at midtorso. Worn over skintight pants or derri're-hugging minis (including one witty version that looked like a kilt caught in a wind tunnel), it was sleek, tough and cleverly sexy the kind of uniform a secret agent might wear in Matrix: Reloaded.  The designer's fabrics, substantial and with surface interest, demanded their own attention: chunky shearling, nubby wool felt, ribbed jersey and slick nylon. Chiffon turned up in a few evanescent pink and white tops, sewn with meandering ruffles and brought down to earth by glossy gray thigh boots. Ghesqui're excels at pushing his medium to its limit, as shown in the variations he did on his beloved patchwork pieces. But he's also a master of the classics who can toss off a perfectly cut black blazer to take its wearer through any crisis in style."
803,"Anna Molinari is one of Italy's suppliers of twentysomething style, a collection that typically picks up on vintage ideas and tweaks them to suit the current mood but always with a Latin nod toward sexy femininity. No prizes, then, for guessing that the  60s were the starting point for Rossella Tarabini, the line's designer (and daughter of its eponymous owner). Tarabini took Jane Birkin as inspiration for the collection, which began with an image of a girl in a short, black bouclé Empire coat, banded in fur and worn with high-heeled Mary Janes and thick black stockings. Innocent? Not really. As she moved, she showed a wicked flash of thigh, playing sweet against knowing and that was the show's theme in a nutshell. Dresses made from slight, fragile fabrics were worn layered or showed up as a fluttery frill under long, skinny ribbed knits. Tarabini dipped into the faded, barely there hues fugitive shades of lilac, beige and champagne that are turning up as Milanese favorites. Her structured daywear centered on peacoats and shorts, cropped sailor pants and little fur jackets. For evening, she picked out a ribbon-and-bow motif in diamant? on a charmeuse trapeze, which looked pretty, but then she sent out endless variations on tiered shimmy dresses, which pushed the collection just a fringe too far."
804,"Hair ratted into an insane mane, body poured into a multicolor repertoire of spray-on pieces, the Versus chick has morphed into an outrageous cyber-biker on speed. Donatella Versace calls her protégé s look  sophisticated toughness with couture references and a nod to Hells Angels and motocross daredevils.? She's out there high-stepping through the fall trends leggings, cycle jackets, anatomically-constructed patchworks of color in bright leather and satin spiky boots laden with chains.  Her revved-up day-time wardrobe runs to sculptured jackets with second-skin jersey leggings or tight microminidresses with patches of turquoise, royal blue and white, or clashes of orange, pink and cranberry pieced together like a speed cyclist's suit. Sometimes she'll throw in the odd alternative moment via a few pseudo-proper black bouclé coats, but that's just a passing fancy. This girl hits her stride somewhere way after midnight, and a silver leather coat banded with yellow fur and matching gauntlets will get her exactly where she wants to be: way, way beyond."
805,"It's a label that was built from the ground up, literally. Yohji Yamamoto's Y-3 line started with those perpetually sold-out, incredibly cool sneakers. Now in its second season as a fully head-to-toe collection, Yamamoto's collaboration with Adidas (the Y is for Yohji, the 3 for the triple stripe that trims the athletic brand's classic shoes and tracksuits) is proving something that Venus and Serena Williams have been trying to tell us for years: tweaked properly, sports clothes can be fashion.  This season's collection was full of track pants that were tailored like trousers (miniature pleats and all) and black leather-and-wool baseball jackets, cut just slightly too large to be considered standard issue. The white-on-black Adidas stripes were twisted around pant legs and morphed into gold military-officer-style Vs on the sleeves of great toggle coats and slim black hoodies. Cargo pants, which we thought we'd seen the end of after the Spring collections, looked entirely fresh cut full from silky parachute fabric and cinched at the ankle to form a soft balloon shape.  And yes, there were brand-new trainers to lust after, this time in mirror-bright silver and glittery ruby-slipper red. Yamamoto said he was inspired by the young people who show up to work at his atelier every day in sporty street-chic clothes. No wonder, then, that the collection artfully summed up that hip-hop-meets-skater-boy-meets-old-school-prep aesthetic that fashion-obsessed under-30 types can't seem to get enough of right now."
806,"As a follow-up to last season's Devo-meets-Thierry Mugler collection, Jeremy Scott staged an elaborate fashion/cinema performance at the Tribeca Grand Hotel that could best be described as Steven Cojocaru-meets-Pierre Cardin.  The Beverly Hills based designer's presentation was a spoof on a Hollywood awards show, as Scott (in a Gucci tuxedo and bandana) greeted each model in the style of a cheesy red-carpet commentator. Asked what she'd like to see more of in Hollywood, Anouck Lep're, in a silver coat with a radiating ring collar, responded  more Belgian movies,? while Croatian model Natasha Vojnovic advocated ""peace, no war!"" Lisa Marie and Liz Goldwyn were among the celebrities who walked the red carpet and also appeared in Scott's movie, which premiered after the arrivals show and featured Asia Argento, China Chow, Monet Mazur and Tori Spelling. What did the models wear? Glamour dresses with stencils reading ""icon,"" ""bombshell"" and ""goddess"" and featuring the requisite sequins, marabou and lamé. New developments included denims with the designer's face embroidered on the back pocket and Oscar statuettes on jacket sleeves, as well as custom lamé and leopard-print Adidas/Scott sneakers.  While designers like Imitation of Christ try to dissect fashion, Scott takes a literal, good-hearted and adoring approach. For him, it's all about  looking fabulous, darling.?"
807,"Emma Cook builds her collections around a time-traveling character named Susan, who, in her few seasons on the periphery of the London scene, has assumed the guise of everyone from Joan of Arc to Barbarella. It's a cute way for her inventor to comment on current trends, and this time around ""Starboard Susan"" drifted naively to Earth as a sweet-toothed, girlie version of the space-age look. That meant jersey aviator helmets, cutout minidresses and jumpers with white tights, and clunky, low block-heeled patent pumps attached to ankle socks. Some of Susan's dresses and A-line skirts were pieced together with leather and suede into a pattern of the planets. Others were in a black and white shell-and-starfish print done on jersey, a couple of which were cut with wings of fabric attached to her wrists by plastic bracelets. At still other moments she appeared ready for countdown in bibbed overalls and hooded jumpsuits. The starship trooper's more charming escapades came when she switched from monochrome into pink or yellow and decorated her shifts with real shells and a necklace of mother-of-pearl. All the same, though Susan was one of the first to go  60s-futuristic last season, her wardrobe this time had a limp quality and never really took off."
808,"Lars Nilsson continues to put his imprint on the house of Bill Blass, merging his own intellectual and artistic impulses with the spirit of one of America's most influential design names.  In the two years since Nilsson became the house's creative director, he's made it clear that he loves sophisticated color combinations and traditional handcrafts, using them to give new life to the elegant sportswear that Blass's customer craves. For fall, he put some dazzling hues on the runway, starting with a group of piney-green separates that included a dyed sable coat. He sent out a scarlet satin shirt and wool skirt that radiated its own heat and a creamy ivory jacket cut like a duffel coat worn over honey-colored suede trousers. The handwork showed up on an inky blue coat, embroidered with silver and worn over a navy satin skirt and black cashmere sweater.  Nilsson showed a few looks that echoed the founder's delight in irreverent juxtapositions: a motorcycle jacket cut in black satin, for example, or a simple hip-length sweater worn with a chiffon and lamé skirt for an easy nighttime look. There were prime examples, too, of the American designer tradition that sees no shame in luxurious practicality; a black cotton twill parka with a black sable hood, for example, or a navy velvet jacket that works for daytime or as an evening piece."
809,"Important client lunch? Electroclash rave? Eighties night down at the local dive bar? D&G has them all covered, with a far-reaching collection that mixes the brash sexiness of its parent and its own youthful verve.  For its fall show, D&G brought in British DJ Princess Superstar and planted her, turntables and all, in the middle of the runway. It must have felt just like another night in the club, as troops of women and men streamed past her in outfits ranging from absolutely-proper business wear (slim, sexy dresses with jackets, pantsuits, crisp shirts) to New Romantic/punk combinations huge, dripping-off-the-shoulder blouses, miniskirts and pants so tight they should be reclassified as hosiery. The rollicking neo-Edwardian and pirate-y looks recalled Vivienne Westwood's outfits for Adam Ant, while graffiti-printed neon-bright pieces seemed to be desperately looking for someone named Susan. It was a cheerful, fast-paced look at the closet of a woman whose motto could be ""life's a VIP list and I'm on it."""
810,"Even before the show started, there was a lot of cross-generational action on the Missoni runway. Seventies supermodel Pat Cleveland and her 13-year-old daughter Anna Van Ravenstein both dressed top to toe in wiggly Missoni knits cavorted for photographers with Margherita, daughter of designer Angela Missoni. It all signaled the recharged energy of this family-owned house, which is getting ready for a 50th-anniversary celebration.  The  60s are in the air, and there's no harm at all in revisiting them especially when you're a house that has some direct experience with the decade. It's perfect timing: Angela Missoni, who is preparing a fashion show of her parents' designs for September, said, ""I was looking through all the things in our archive, so I was thinking that way anyway."" For fall she took swirly browns, blues, yellows, emeralds and turquoises and styled them into Cardin-esque minidresses and the patterned knit coats that are giving Missoni a rejuvenated relevance.  Angela Missoni is smart enough to contemporize the label's appeal beyond the signature jazzy pattern. She showed how the knits and print satin blouses can be worn maybe with a great boot-leg pant in bright yellow or look fab with a pink fur thrown on top. She also sent out a hit from the archives: a minidress knitted in overlapping petals of colored Lurex, first done in 1966. Not great for the grannies and mommies, perhaps, but just perfect for those leggy teens currently making the Missoni scene."
811,"Hamish Morrow is the last of the conceptualists to have come out of London or maybe anywhere. Of the same generation (and Central Saint Martins schooling) as Hussein Chalayan, Morrow approaches design as an academic restructuring exercise, taking on the challenge of assimilating scientific and sport technologies into clothing. His defining twist and what makes him interesting is that he also has a taste for gorgeous old-world ornamentation.  Morrow said his thought process this season had been triggered by looking at the structure of parachutes used for dropping freight and by a pair of anti-G-force pants used in military aviation. No matter. What the audience grasped was what counts: his ability to make things like a great white satin-bound coat, skinny pants in rich gold silk jacquard, and narrow, inventively cut cashmere cord blazers. The two-inch-wide nylon tape used in parachute construction was incorporated in tailoring and interpreted as strips of ribbon running across a turtleneck. Layerings of mesh tanks and sweaters looked effortlessly cool over derivations of military pants.  Morrow has a strong sense of color, meaning he's one of the few who can mix purple, sage green, peach, metallics and even the season's potentially heinous royal blue with aplomb. When he circled round to end where he began, showing looped-up parachute tape bunched into dresses and tops, he landed firmly in the zone of avant-garde experiment. But, though it may pain him to hear it, it's his more straightforward, wearable pieces that save him from the dead end of  90s art-house clothing."
812,"Sprinting ahead of the rest of the pack by showing his Fall/Winter 2003 ready-to-wear line during couture, Yohji Yamamoto took a few graphic, classic motifs and skewed them with his vision of what he calls ""couture that could be worn on the street."" Working mainly around black-and-white houndstooth fabrics, varying from bold checks to finer menswear wools, he used this collection to merge masculine tailoring and feminine shapeliness into layered silhouettes. The result: daywear with a soup on of the Dior-esque '50s and a dash of punkish detail, cut with Yamamoto's original twists on pattern and structure.  Generous checked coats with voluminous sleeves hugged the waist and ended in shaggy fringe. Skirts pleated like kilts came layered over punky leggings in print chiffon and flat, pointed leather boots. Large checked scarves were wound around necklines and trailed off with a certain Parisian dash. Yohji's enduring tastes for Edwardiana and rocker styling showed up too, in sculpted peplum jackets, trenches and black leather motorcycle jackets. But it was the leanest, simplest pieces, like a slightly padded black jacket wound with a matching scarf, that proved his argument for clothes that can walk coolly off the runway and out onto the sidewalk."
813,"Is it possible that Hussein Chalayan is thinking the same way everyone else is? For fall he showed small, drapey cutaway dresses; skinny, skinny pants; and some great utility/patchwork jackets and coats, decorated with embroidery and zippers. Add in a miniskirt with D-ring garter tabs, glove-leather formfitting dresses and high heels, and the descriptions begin to read like a roundup of the season's most important fashion headlines.  As always, though, the genius is in the execution. Chalayan came at these ideas from his own distinctive direction, elevating the collection above mere trendiness. For several seasons he's been influential in cutting abstract layers into clothing and superimposing elements of ethnicwear onto urban materials. Now all that experimentalism has come together to form cool, downright wantable stuff. Dresses, jackets and coats came with pieced-in jigsaws of plaid, zones of military drab, the odd patch of shearling and fragments of olive branch patterned embroideries derived from Turkish folk costume. Sound complicated? It wasn't.  It looks much less conceptual,? beamed Julie Gilhart, fashion director of Barneys New York, after the show.  The jackets and miniskirts are great.?  Nevertheless, the burden of Chalayan's allusions is impossible to ignore. His complex performance-art presentation plumbed the foreboding imagery of religious guilt and impending war but ended with a group of girls popping open inflatable pockets as they stood next to a wooden boatlike installation. The designer said it symbolized Noah's Ark: hope for humanity after the deluge."
814,"Only one man on earth could possibly whip up a collection of fetish queens in Kabuki face paint, going crazy in multicolor Asian-slash-eighteenth-century clothes. Hello, John Galliano! Up to his canny method madness at Christian Dior yet again.   It was hard-core romance! Sex robots!? was the sound bite Galliano delivered backstage to describe his ready-to-wear version of the conceptual mayhem he wreaked at Dior's couture collection in January. Back then he'd just come back from a trip to China and Japan, scandalizing many critics with the extra-outsize scale of his box-shaped, 3-D cutting experiments and mind-blowing kaleidoscope of East-West references.  But now we see how it all trickles down to the level of wearable, wantable clothes. Take a pink, crystal-embroidered duchesse-satin coat, extravagantly ruffled with layers of organza, or a fragile chiffon dress patterned in mint, yellow and magenta who wouldn't? Rubber leggings, cross-laced up the front, came with a peach-colored, gold-embroidered satin jacket, edged with a multilayer explosion of organza ruffles. A massive fur in three shades of lilac rode on a tiny, slinky minidress. The stripes and numbers of football jerseys got thrown onto wispy chiffon; the black-and-white fish prints from Chinese kites were dramatized into voluminous gowns. This was a collection studded with innumerable delicate, richly beautiful pieces.  Above all, the wearability factor is proven by Dior's results. For those turned on by financials, the house just announced operating profits of $36 million for the last season. Meanwhile, Galliano fanatic Gwen Stefani displayed her own enthusiasm for the Dior bottom line.  Just how do I get my ass into that rubber skirt ? she wanted to know."
815,"Rei Kawakubo is a lone traveler on an aesthetic journey, during which she occasionally throws out oblique reflections on the state of the world. For Fall, Kawakubo sees her woman quite literally as a person in transit, walking toward her destination with what look like bundles of possessions slung about her body. In one sense, the designer arrived at those tied-on fabric slings and knapsacks by developing the bunchy forms that were knotted into her Spring collection. Now, though, they've acquired different associations, which, Kawakubo said, emerged from the idea of a pilgrimage.  Oddly enough, that idea didn't send her collection wandering too far off the beaten track. Returning to work with her beloved tartans, Kawakubo created jackets and pantsuits that addressed the subject of traditional menswear from a different angle. Platform-soled loafers had the rock-and-roll cool of brothel creepers, while molded rubber Wellingtons had the air of biker boots about them.  Kawakubo doesn't usually spell out her political beliefs, but this collection included a section of printed fabrics bearing slogans standing up for individualistic thinking. One was Kierkegaard's  The majority is always wrong,? supplemented by a couple of one-liners written by the designer's collaborator Gene Krell:  Conformity is the language of corruption? and  Viva the one-percenters.?  The last pilgrim exited the show wrapped in a flaglike cloak, pieced together in the form of a black cross. Though Kawakubo said the religious symbolism was coincidental, the image was disturbingly poignant."
816,"Extraordinary cut. Dramatic silhouettes. The sound of an audience bursting into spontaneous applause after an atmospheric build-up. Sounds like the good old London we used to know. It took Boudicca, the reclusive East End based duo, to stir up the city to a level of excitement that's been mourned since Alexander McQueen departed for Paris. Zowie Broach and Brian Kirkby's collection, crafted entirely in black with the exception of one dress, was a beautifully considered sequence of darkly feminine glamour, with extra sparkle provided by the original use of Swarovski crystals. Boudicca is not an overnight student phenomenon, and that's a good thing. Shaking off a five-season reputation for cryptic presentations in dank venues, Broach and Kirkby seized their debut appearance in the official British Fashion Council tent as an opportunity to hold their talent up to the light for the first time. What was revealed had an accomplished, distinctive, sometimes couture-like quality that showed through in striking lace dresses, taffeta skirts with deep knife-pleat flounces, slithery asymmetric jersey, deluxe blousons and puffy down jackets. The detailing showed all the ingenuity and skill of a couple who have devoted years to questioning and refining their vision. Dresses often came overlaid with lace tied on like an apron; skirts were crisscrossed with ribbon in back or exploded at the hem with extravagant godets, one decorated with giant black silk roses. Amid all the layers of black, the models? limbs and faces were adorned with crystal transfers, an effect building to a finale of a girl who appeared in a sparkling silver jacket and headpiece. And that was when Boudicca won the London season's first ovation."
817,"Who is the BCBG girl? For the past few seasons her identity has been murky at best, but this season she seems to have hit her stride. Music maven Michael Gaubert hinted that ""she's groovy"" when he opened the show with White Sport's song of the same name, and Max Azria's clothes lived up the soundtrack. Curbing his enthusiasm for chiffon in favor of canvas, corduroy and cotton twill, Azria showed a series of solid, workwear-inspired jackets and coats with interesting pockets and decorative studs. These smart basics were shown with more romantic and, yes, floaty, blouses and dresses, some of which referenced the  30s by way of the disco  70s.  Who is the BCBG girl? She's young and yes, this season she's even a bit groovy."
818,"If bad times are a-coming, Helmut Lang is the man to outfit the brave. For fall he issued multifunctional layers for the urban warrior to strap on, carving everything to an athletic body line to help his army of followers stand tall in the face of geopolitical meltdown.  Soft armor for the corsetry militia. Leggings done in cross-laced layers. Form-hugging felted coats and knits, cut and sliced in flaps to secure with Velcro and magnets. Jersey holsters, girdle skirts, gartered stockings, harnesses and sexy zones of stretch. If it all sounds a tad busy and tarty, trust Lang to douse things with the impeccable colors of austere chic. Using black with navy or gray, a touch of dusty pink and then transparencies of ecru and white for night, he made clothes that stalk a fine line between his signature obsessions and a clean new silhouette.  Lang continued his splendid record of conviction for producing a covertly perverse luxury. The evidence included wedge-heeled boots, sometimes done in patent and trimmed with shearling; plissé chiffon chopped into minidresses; and leather stamped into a suggestion of high-tech military camouflage. His much-loved deluxe parkas and menswear coatings went missing from this Winter collection, but perhaps they're being kept in the back now that so many have copied them. He certainly hasn't abandoned his minimalism-with-a-gorgeous-kick: when he sent out Natalia Vodianova wearing a men's shirt, skinny sweater and plain short skirt with a fringe of goat fur swinging from the front, his fans all but fainted."
819,"With Beyoncé and Mariah Carey lined up as her front-row celebrity focus group, it came as no surprise when Donatella Versace trotted out an eye-popping spectacle of color and print. Versace's multihued petal power overflowed with hothouse citrus, turquoise, pink, and violet all those shades that look best in the sun, on utterly bodacious bodies.  Using a combination of stretchy draped tops, thigh-hugging pedal pushers, and a huge rush of floral gowns, Versace reprised something of the exuberant eighties optimism for which her brother Gianni was known. (Linda Evangelista walked the show as a reminder of those high old days.) There were halternecks, bra tops, and flouncy rumba blouses. A turquoise suit if a jacket and a pair of micro shorts qualifies for such a description came printed with magenta daisies. Tiny chiffon ruffles trimmed everything from plunging necklines on trailing evening gowns to provocative bikini bottoms. There were some calmer moments, like white suits and a couple of tooled leather, frill-embellished jackets and coats. But as the models strode up and down, big hair bouncing and curves outlined to the max, this looked like a collection aimed directly at divas."
820,"It takes a showman like Alexander McQueen to get the lifeblood pumping back into fashion performance. His show staged in the Salle Wagram, a nineteenth-century Parisian dance hall was an exuberantly hilarious reenactment of Sydney Pollack's Depression-era film They Shoot Horses, Don't They? Choreographed by Michael Clark over two weeks of intensive rehearsals in London, the narrative involved dancers, models, and audience in a visceral celebration of exquisitely glamorous clothes.  In the opening scene, the girls entered dancing for all they were worth on the arms of muscle-bound sailors and hunky hopefuls dressed in fishtailed silver lamé, figure-hugging cha-cha dresses, and show-stopping gowns with spangled bodices and huge feathered skirts. Other competitors whirled on wearing pink corseted tulle tutus over gray ballet sweats; mint satin tap-suits; or a slinky confection of gray checkerboard chiffon. A Billie Holiday look-alike, dramatically vamping in pink charmeuse and ostrich, vied for attention as flashy bodysuited showgirls were energetically twirled aloft by their partners.  McQueen's signatures elaborately pieced tailoring (now beautifully softened with delicate inserts of lingerie) and body-hugging denims spliced onto nude tulle also did star turns. The pace picked up even further in the elimination race, in which morphed-together fluorescent chiffons and sports pieces ran hell-for-leather (on impossibly high heels) in a hotly contested dash around the room.  There was even an opening for daywear. Blue-collar marathon survivors staggered out wearing plaid shirts, coats, and skirts made from quilts and recycled patchworks of shirting material, all crafted to the McQueen sex-bomb template. The show reached its climax as a lone exhausted dancer in a silver sequined gown mock-expired center stage. As she was carried off by the designer and his choreographer, thunderous applause rocked the hall."
821,"Graphic effects! exclaimed the designer backstage before he was swamped by well-wishers. Right. And there were plenty of them in his Spring collection, from the waspish silhouettes to the laser-sharp pleated dresses and bold prints.  Lagerfeld flitted from one theme to the next in his quest for a striking statement. Tough-shouldered jackets and stiff little skirts in croc-stamped leather were swiftly replaced by a fleet of sinuous, slithering sheath dresses some with Grecian folds, others that clasped at the shoulder with a silver buckle. Next up, a couple of bikini-clad beach babes, whose jersey robes fell to the floor at the pull of a strap. Then came the faded denim: a natty cropped jacket here, a curvy pinafore there. These were hotly pursued by dainty chiffon dresses in chocolate, black, or coral given a graphic twist with shoulder straps and waistbands cut from sparkling shagreen.  Of course, the proceedings wouldn't be complete without the designer's obligatory strict black suits, worn with crisp white shirts, high starched collars, thin black neckties, and super-svelte skirts of both the mini and pencil persuasion. Nor would the show be the same without one of Lagerfeld's witty, self-mocking edicts: T-shirts, as slender as the designer himself, were branded with the message ""4 Slim People."" As if there was any doubt."
822,"As she watched the parade of models sway down the runway in Narciso Rodriguez's sexy spring show, Julianna Margulies turned more than once to her front-row neighbor Stephanie Seymour and rolled her eyes in delirious delight. She wasn't the only one. Inspired by Brazil, and especially the wild abandon of Carnival, Narciso Rodriguez sent out a collection that married his meticulously cool elegance to a steamy new sensuality.  What's become his signature look skintight dresses, molded to every curve was still the heart of the proceedings. But this season, Rodriguez warmed it up with earthy, textured fabrics like linen, washed silk, and crisp white cotton. He inserted sheer panels of tulle or simply cut out bits of the bodice for a glimpse of skin, and made a lattice of lingerie straps across the back. Slim pants were worn with trapeze jackets or tops whose swingy peplums perfectly emphasized the model's own curves. True to form, the designer sent out a wealth of lovely evening gowns, made from fluttering parachute silk (a welcome change from the season's ubiquitous chiffon) in black, violet, rose, white, and nude, gently detailed with pintucks, tulle, or a bit of beading.  There may not have been any huge departure from the look he's made so clearly his own, but Rodriguez designs according to his convictions, not the prevailing trends. Combined with his formidable talent, that relentless focus will keep his faithful customers very happy this spring."
823,"Veronique Branquinho resists categorization. Though a citizen of Antwerp, she's never been a Belgian Goth but neither does she quite belong to the sunny, frilly side of fashion. Her focus, instead, is on making clothes that will allow young women to enjoy their femininity without somehow compromising their dignity. Her summer centers around just a few sound, unfreakish ideas: plain satin shift dresses and lace-trimmed slips, fine decorative camisoles and pleated wrap skirts.  Branquinho's sensitive details include wing-shaped beaded motifs on the front of T-shirts, sheer trimmings at the base of scooped-out backs, and lace bandeau bras as underpinnings. She methodically offers those pieces, without fanfare or conceptual presentation, in black, cream, or vibrant vermilion. The mixed black-and-white striped print, or the occasional trenchcoat and ombré-dyed dress shading from brown to red varied her message. It didn't qualify as one of the blockbusters of Paris fashion week, but when it comes down to summer wearability, Branquinho's contribution on the subjects of lingerie and dresses looks appealingly practical."
824,"Scattered around the room during the party that preceded the FrostFrench show were Kate Moss and Jefferson Hack, Sam Taylor-Wood, Dan Macmillan, sundry It girls, lots of babies on knees, and some cool grannies (Kate's mom among them). On the white tablecloths, sugar-iced cakes sat side by side with killer cocktails a juxtaposition of the sweet with the wicked that typifies the taste of the FrostFrench London girl in more ways than one.  Sadie Frost and Jemima French opened the proceedings by sending out Jacquetta Wheeler in a cherry-sprigged white swimsuit all fifties innocence with a pink rubber Mackintosh shrugged on top. That knack for meshing the pretty with the perverse is what they're all about: less a complex design process than the act of whipping up some fun with what happens to be in the wardrobe.  I don't have the time to think out what I wear every morning,? said Sadie Frost.  But I always like that mix of feminine and tough, things you can pull on day or night.?  On the ingénue side, the girls offered forties-inspired sweetheart puff-sleeved print dresses, balloon-sleeved chiffon blouses in Ossie Clark like seventies swirls, and outsize wooden-handled purses in the shape of granny's knitting bags. Watch how they sex it up, though: adding perverse black inflatable arm-bands to an evening outfit of a sheer black camisole and silk knickers; or imagining how a lace-trimmed satin romper would do for daywear when pulled over a striped Lurex sweater. Throwing in some grounding pieces of rumpled cotton khaki the odd jacket or cropped pant did no harm, either, steering the show away from theatrics and making it simply a practical inventory of useful stuff.  We don't want to be overshadowed by gimmicks,? said Jemima French.  We've moved on. We want the clothes to speak for themselves.? Even the much-publicized breakup of Frost's marriage to Jude Law hadn't disrupted their focus.  Sometimes,? said Frost in the face of a barrage of TV reporters? questions,  You just have to get stronger and face situations.?"
825,"In spring, wrote Tennyson, a young man's fancy lightly turns to thoughts of love. In the case of quirky knitwear designer Pierrot, that sometimes means more of a triple-X affair than a tender, courtly romance.  Pierrot presented his collection on the soundstage of The Maury Povich Show , where he'd built a flimsy movie set, and had his models pretend to be making a porn flick, complete with roving film crew and cheesy props. It didn't have all that much to do with the clothes, but there was a good-natured, low-budget charm to the performance. And with the exception of some disturbingly enthusiastic cameo appearances by Mimi Rogers (who, incidentally, looked pretty good in Pierrot's clingy knits), it was all pretty G-rated.  As was the collection. Flippy skirts in delicate pink or white crochet, colorful little sweaters with humorously suggestive flower motifs, and pretty sweater dresses all make perfect springtime fare. Those who see knitwear as largely a winter category should take a closer look at this designer's handiwork, with some caveats:The black knit chaps and the tops depicting very explicit sexual acts should probably go right back to wardrobe."
826,"Get on the gold aviators it's sizzling out there. Giambattisa Valli has taken Ungaro to some steamy equatorial zone where all a certain girl needs in the way of clothes is a wardrobe of swimsuits and scarves to knot about her hot little bod in various ingeniously-revealing ways. Valli explored that idea by turning every poolside appearance into a dressy occasion. Using hot pink, orange, jade, and absinthe jersey and a cache of exotic printed georgette, he set to with the wrapping, draping, and the trailing ruffles.  In Valli's hands, a swimsuit can come with an attachment of a peony-printed chiffon scarf for winding across the body in a fetching way. Others had thick ropes of plaited jersey circling the neck and running between the breasts to anchor strips of clinging fabric. Even the jackets, with their cutaway fronts and slashed lapels, were tethered with crisscrossing scarves.  For evening, Latina ruffles, squiggly rose prints, smatterings of sparkle, and crystal strands continued the theme of dressing in as little as possible but for maximum impact. All the slashing, wrapping, draping, and floating asymmetries may end up melting the distinctions between sundress, bathing suit, and evening gown but in a heated Ungaro climate, why stand on ceremony?"
827,"Fifties-era American bad-girl teen-kitsch at the diner: that was where Dean and Dan Caten headed for spring with their Dsquared 2 collection. Three of their pinup heroines, all ratted bouffants, stilettos, and eyeliner, set the show's mood by roaring onto the set furnished with classic cars and a gang of Dean and Brando look-alikes on the backs of a trio of Harleys.  The Catens? Killer Kittens were a roll call of trashy minxes, from biker chicks in babydoll leathers to Playboy Bunnies in overflowing corsetry to tiara-wearing beauty queens. Underpinning the collection was a commitment to cropping: cropped pants and jeans, slung low and cut provocatively in the back; cropped jackets; and cropped skirts and shorts snipped way, way up.  Judging by the vast crowd that surged into the hangar-like space on Milan's outskirts to bear witness to the Dsquared 2 show, the Caten twins are the latest, greatest designers to hit the Italian scene. Sure, this collection didn't add anything to what has been said for years by the Versaces, Dolce & Gabbana, and Roberto Cavalli; but then again, there's no denying the buzz."
828,"Hussein Chalayan showed off his pretty side for spring. Stripped of stagy effects, his presentation threw no baffling obstacles in the way of his audience, allowing it instead to appreciate the extraordinary complexity and refinement of the clothes. Building from a beginning of casual canvas workwear, Chalayan progressed into florals and then on to an ending of ruched, ruffled dresses with a touch of the fifties, in what seemed to be Hawaiian prints.  If that reads like a severe case of personality change, don't be misled. When Chalayan applies his mind to a pair of cotton drill overalls, they end up abstracted and femininized, maybe with a drape of muslin in the bib. His gauzy, faded florals appeared intercut with sporty gray jersey pieces. And when it came to the girly summer-holiday dresses, with their ruffled peplums or stiff frills curling around the neckline, it paid to zoom in on exactly what was going on in that cheery ""Hawaiian"" print. Mixed up in the pattern is an ancient battle, fought around a modern-day hotel swimming pool, with a plane in the background; Chalayan described it as an exploration of his own ethnic background as a Turkish Cypriot, with the fifties feel alluding to the decade when Cyprus's political troubles were at their height.  Still, like everything else in the collection, those dresses carry their symbolism with a youthful lightness. And the fact that Chalayan's radar has also led him, this season, to explore themes that are preoccupying other designers, only goes to show his ingenuity at its best."
829,"Consuelo Castiglioni's early Marni collections sometimes looked like the artlessly lovely results of a girl's home dressmaking classes, but she has moved on from all those seasons of na've rosebud cottons, evolving to a point of graceful accomplishment. And while her work has always been distinguished by her affection for vintage-style fabrics and love of color and print, she also knows how to work those feelings in the right seasonal direction. For spring, she conjured a delightfully easy, nonliteral look out of the current obsession with the fifties.  A salmon pink-striped three-quarter sleeved coat opened the show, worn over a silky skirt in beige with white polka dots. Another coat, this one in lime, came with the polka dots billowing out from a loose lining. The deft color mixes teal, turquoise, mint, raspberry, biscuit, and silver looked mouth-watering, as did the prints: amusing versions of scribbly fifties curtain material, made into witty plastic swimsuits and canvas duffel bags.  The Marni twist quite literally came in the curved cutting and piecing techniques Castiglioni used to skew the retro silhouette, producing intriguingly puffy, rounded sleeves and dropped shoulder lines in jackets and coats; sexy, narrow bias-cut striped pants; and subtly rethought T-shirts and knits. But for all the experimentation which also showed up in the technically enhanced, laundered couture fabrics this was a collection that made summer dressing look beautiful and effortless."
830,"A year ago, Betsey Johnson was in a reflective mood; she'd just turned 60 and, with a new vacation home in Mexico to tempt her, was hinting that she might be ready to step back from the day-to-day fashion grind. Yeah, right. In the intervening twelve months, Johnson has launched a secondary label called Betseyville; signed a deal to license her name for pajamas, loungewear, and lingerie; and continued full tilt with her schedule of raucous, fashion-show-as-entertainment presentations.  This season, the designer configured her show space as a cabaret, setting up tables and chairs and serving drinks to create the right giddy mood. The clothes showed her usual mix of influences: a little bubblegum, a little bondage, a little punk, and a lot of ruffles. There were baby-doll dresses, skinny jeans and cropped tops, tiny T-shirts, minis and slip dresses. But even by Johnson's cheeky standards, items like a little nightie that said  Fluffer,? and T-shirts printed with the slogan  Guys love B.J.? ratcheted up the raunch factor just a little too high."
831,"Having shifted his main collection to a slot during Paris's couture week, Yohji Yamamoto has deputized his secondary line, Y's, to represent him at the ready-to-wear shows. That didn't deter his audience, which was sitting up straight, pens poised, raring to see what new crimp the great innovator would be putting on the season. How about gauzy, droopy white knits and what looked like sweaters, dangling upside down from suspenders, worn as pants?  Legs in sleeves notwithstanding, Yamamoto's floating, A-line asymmetries had the easy, nonaggressive air that has characterized his work from the beginning. Yet as model after model in neutral, wrinkled layers of crispy knit and floppy satin kept wandering down the runway, it became clear that there was not a lot of incisive new thinking going on. Things perked up when he sent out a shot of intense red washed satin, and a gentle version of the season's shirt-dressing theme; otherwise, underwhelming was the word for it. Sure, Yamamoto is being realistic in showing his accessibly-priced collection now. But in the Paris spotlight, the world still expects more from him than a routine dilution of house standards."
832,"Helmut Lang based his collection on dragonflies. What set him off, he said before the show, was ""the lightness of structure, the iridescent color."" Whatever his references, they always become meshed into the recognizable House of Lang signatures: pared-away structures; straps; bits and pieces of T-shirts; and tailoring. That was all apparent in an opening section of layered beige and white, with delicate bandages loosely wrapping pants, and holey T-shirts under a few of his slim suits.  Last season's shadow of militaristic strictness and aggression has lifted. In place of the darkness, there are complex but abbreviated shapes and a concentration on working with color brick red, beige, purple, and green, with sudden flashes of reflective materials and slithery, synthetic translucencies. Some of Lang's abstracted forms have become far removed from any recognizable function. Odd hip-slung devices came with metallic protrusions on one side, tied on with jersey wraps. Other garments looked like upside-down sweaters, dangling in place of skirts.  His best silhouettes were tiny, formfitting knit dresses with a contrasting underlayer of sheer, shiny fabric that escaped in miniscule gathered flips. In the end, though, for all the lightness and sensitivity of color in this collection, Lang's imagination has drifted into obsessing over aesthetic details. In the old days, grown women used to cry over how his pants, tanks, jackets, and coats offered such coolly simple solutions for everyday dressing. Now, for all the vision of beauty he presents, there's a sense that they're left on the sidelines, pining."
833,"Tensions ran high during a lengthy preshow wait for Jil Sander's highly-anticipated return to the runway. What would this former exemplar of nineties minimalism have to say to a world so drastically altered from the one she left three years ago? Would her reputation for rigor and abstract inventiveness still stand up? From her opening look a delicate white cotton full-skirted dress with a tracery of sepia flowers printed on the bodice it was obvious Sander has changed, but without losing herself.  Her many faithful followers were always attracted to the fact that Sander designed clothes for an intelligent female sensibility, creating a practical laundry list of those most-difficult-to-find simplicities: a great white shirt, wonderful sweaters, a well-cut pantsuit. Coming back with a collection that emphasizes delicacy and femininity isn't necessarily a contradiction of all that. ""I feel I've grown up since I've been away,"" she said, ""and at the same time, I've become really interested in the joyful idea of being a woman. Stepping out for a little to watch the world has made me feel lighter."" That means good-bye to too much overwrought seriousness; Sander, like many of her working constituents, is conscious of the need to strike an emotional balance in life. But that hasn't shaken her belief in the integrity of the white shirt, or the perfectly-flattering V-neck sweater. It just means that what she puts with them now might be a crinkly semi-sheer silk skirt, or a refined version of a flounced petticoat. Sander's legendary insistence on using experimental fabrics and techniques is still very much apparent in her use of print, which turned up here as paint-rollered effects on dresses, some with their seams inverted and pressed flat. Her refined taste was present too in the colors she chose: cloudy gray, watery lemon, pale sage, and matte gold amid the predominant white. Miuccia Prada and her husband, Prada head Patrizio Bertelli watched from backstage; afterward, Bertelli, who owns Sander's company, said, ""It was a very positive, serene collection. It's wonderful to welcome her back to the family."" A sentiment likely to be shared by Sander's loyal customers everywhere."
834,"Derek Lam said that he designed his sophomore collection ""with a woman , not an ingénue, in mind,"" and the names he gave his pieces drove the point home. There were ""Sophia"" and ""Ava"" dresses, as well as a ""Marilyn"" camisole that referenced Ms. Monroe, one of Lam's main inspirations for the season (the other being the film In the Mood for Love ). But for all their grown-up sophistication, the clothes were more gamine than sexpot. The well edited eighteen-piece show featured a carnation print in slipper satin, a linen brocade shot with silver thread, and a vivid palette, worked into pieces like a cerise paper taffeta shell coat and a turquoise silk/cotton faille trench. Satin bra tops paired with Jacquard skirts were worn with heels for real sizzle; if put together with flats it would make for a flirty look. Pretty daytime options like box-pleat skirts and boyfriend sweaters gave way to the understated glamour of strapless evening dresses. Produced in Italy, Lam's collection looks and feels expensive and totally worth it."
835,"Christian Lacroix, genius colorist and lover of all things patterned, is the designer in charge of raiding the Pucci archives in order to make the company's style relevant today. For Spring 2004, Lacroix took purple, absinthe, lime, orange, and turquoise prints and shook them up in his fashion kaleidoscope to make little chiffon or satin dresses with asymmetric trails, funny combat-cum-harem trousers, Zouave pants, and scarf-like half-pant, half-skirt notions for tying on over swimsuits.  More than any other, Pucci is a label that comes into its own in high summer, and some of Lacroix's swimwear was stellar one stunning, yachtworthy number plunged from the shoulders to be gathered at the navel in a sunburst of color. There were plenty of delightful midsummer-night party dresses, and the multicolored Pucci dolly bags in soft silk were irresistible. But the collection didn't quite hit all the high-glam spots it could have especially in a nostalgically inclined season like this one that's crazy for romantic prints. Lacroix could have happily edited out all the black, and a closer look at Pucci's fifties and sixties heritage might have yielded yet more gems that were ready for a twenty-first century revival."
836,"There was one model in the Chloé show who was a dead ringer for the house's designer, Phoebe Philo. That may have been an unconscious fluke of casting, but the clothes look like Phoebe, too. Now that she's moved to Paris, the London girl's references have acquired a French accent. ""I went through my mum's old fashion magazines she had a garageful, from when my parents were living in Paris in the late seventies. That's when I was born,"" she said, ""and I just thought the girls looked so gorgeous, fresh, and happy.""  So picture a time when French mags showed endless sunny, energetic spreads of models skipping about, laughing in accessible ready-to-wear. When wide-legged bottom-hugging trousers and jeans were cut up to the waist, wedges were in, and cheap-chic fluorescent jelly sandals were paired with short shorts, sporty striped rugby shirts, washed cotton overalls, and sloppy rolled-up work pants.  Philo recaptured a lot of that feeling quite literally, in what looked like a natural reconfiguring of her knack for sexy designer denim. She also worked in the dressy, Frenchified eyelet and lace that has underpinned the label since the sixties, along with Fiorucci-era jokey banana prints for off-the-shoulder tees and swimsuits. The shoes which under Philo's tenure have become a house moneymaker were a cool composite of Lucite wedge, slivers of silver leather, and macram? toe strap. At the end, Phoebe herself made a runway turn for photographers in Chloé jeans and a gauzy blue top a far cry from her usual brief, cool, self-deprecating, British wave. Perhaps that's a sign of her growth in confidence, but it also gave Chloé's worldwide fans their first opportunity to get a good look at the personality who drives the brand. Cute move."
837,"Giorgio is forecasting an easy summer. Catching on to the light breeze of the twenties that's blowing through fashion, he charted a course for the season using playful, nautical stripes as landmarks, guided by his career-long true north the play of masculine and feminine styling.  Of course, Armani isn't one to take a sailor theme literally, even when he's using navy-and-white stripes. His distinctive hand shows in his taste for floppy, supple fabrics; and his small jackets and delicate layerings of sheer and opaque project the effortless, cheerful vibe that's becoming a main message of the season.  In his lightened-up mood Armani has come to terms with showing some skin, as with slouchy, midriff-baring pants and leggy little dresses (the standouts came with sequined stripes). And was that a sense of whimsy peeking through in the embellishments the Schiaparelliesque starfish, crabs, and lobsters sprinkled on tanks and bags? The collection navigated that touch of surrealist humor, too, without sailing off course."
838,"Justin Thornton and Thea Bregazzi, one of several double-headed design labels in London, have good antennae; their Preen collection always manages to tune into the prevailing trends without losing its streetwear-inspired authenticity. For spring, the duo reconfigured used leather bomber jackets and cotton T-shirt materials into a body-conscious, lingerie-influenced collection that retained a gritty urban edge.  Preen worked puffy, asymmetric pieces of second-hand leather into jackets, jumpsuits, and outsize shoulderbags, and embellished with stretch beige foundation garments, garter belts, and falling-down bra straps. Vestiges of former garments, like the ribbed cotton welts of eighties blousons, or a trompe-l oeil leather stocking-top, added an extra element of intrigue to the mix. Thornton and Bregazzi said they had been inspired by  glam-rock, David Bowie, and comic-strip superheroes,? and the resulting look though it marches alongside that of Helmut Lang and Rick Owens has a distinctive swagger all its own."
839,"Over almost a decade of ground-breaking experimentalism, Miuccia Prada has explored everything from irony to deliberate ugliness to intellectual subversion. She's been there, done that, and has the souvenirs to prove it. For Spring 2004, the designer turned her attention to the stiffest fashion challenge of the day: how to make feminine, happily nostalgic clothes without rehashing the clich's of vintage?   It was about tourism and craftsmanship, many things,? she said of a show that revisited the optimistic fifties to bring back a full set of densely packed suitcases. Out tumbled every possible variation on the classic touring wardrobe: circle skirts printed with illustrated Mediterranean scenes, shirtwaists and Capri pants, sundresses and bathing suits, button-through skirts and lovely evening frocks, silk madras bras and little tulle full-skirted dance dresses.  What set the collection apart were the subtle twists, like the way Prada will gently mess up fabric with dip-dye and tie-dye, turn seams inside out, or leave edges raw. Something in the proportion of her neat little tops, belted slightly above the waist, to the fullness and length of her skirts, to the height of her T-strap shoes or pumps, inexplicably excuses the silhouette from the frumpiness of the literal fifties line. Meanwhile, students of Pradaology will note that her sight-seeing tour also revisits some favorite landmarks of her own career: the silk pleated goddess dresses, fur tippets, and grosgrain ribbons tied as belts, all of seasons past. Just another layer of complexity in a beautiful collection that will have women all over the world clamoring, once again, to go where Miuccia leads."
840,"Seismic shifts seem to be a trend this season, and it's not a hemline movement. Anne Klein, in the process of changing ownership, named a new designer after Charles Nolan announced he was leaving to campaign for Democratic presidential candidate Governor Howard Dean. His replacement, Michael Smaldone, debuted with a spring collection that added a bit of edge to his predecessor's aesthetic, without veering off wildly in a new direction.  Smaldone's theme was  urban nymph,? and he set the mood by paving his runway with wood chips (not the best surface for high heels, as the models soon discovered). Working with a limited palette white, yellow, black, and khaki, with a few plum-toned accents he kept silhouettes simple, with pencil skirts, tailored jackets cropped above the wrist, and full-cut white shirts tucked into slim pants or shorts.  The designer attached a high leather waistband to a few pants and skirts, used hook and eyes up the back of a skirt, and lavished silver beading in unexpected places on a khaki tunic over cropped pants, and on an A-line skirt paired with a yellow striped shirt. While he may have chosen classic lines, clearly he likes a vivid detail."
841,"Roland Mouret, a Frenchman who has become something of a star in the London fashion world, brought his collection to New York for the first time this season. He came to the attention of the press over three years ago when he began to show what has now become his signature seamless draped dresses held together with just a pin.  For Spring, Mouret reprised the themes of his Fall 2003 collection, which blended mod-style tailoring with Barbarella -inspired accents. Exploring the clash of hard and soft, he translated Fall's patent-leather harnesses into knit bathing suits a new category for the designer and showed a softly draped gown with an unexpected breastplate embellished with pieces of antique mirror. There were beautiful coats, like the strong white structured one that opened the show and the bathrobe-style piece in white satin, and several marvelous draped and layered tanks some produced via extraordinary feats of suspension, others featuring beautiful embroidery. Dresses combined Grecian drape with flapper flow and came out short and sexy or with long, languorous, mermaid-like trains.  Less successful were Mouret's attempts at raunch zippered, leather proto-punk/biker vests and jackets and gimmicks like Noel Stewart's Mickey Mouse hats, which detracted from the focus of the collection. Overall, however, the show lived up to its title: ""Smiling in the Bright Lights."""
842,"A runway collection inspired by a furniture movement: Is this a first? The Versus line for Spring 2004 was a fashion version of Memphis, Ettore Sottsass's early eighties design company. Donatella Versace applied the group's graphic blocks, striped bands, and screwy clashes of primary and pastel colors to all things tight and short, strapping clothes onto the body with stretchy harnesses or wide elasticized bands. Meanwhile, a mammoth screen at the back of the set showed lithe silhouettes dancing against the offbeat patterns one like a print of medicine capsules that appeared on the clothes.  The result may have been cleaner and more athletic than Versace's usual trashed-up, rock-chick vision, but it was a sharp departure from the sweet and girly message the rest of Milan has been putting out. On the other hand, the odd bizarre item (like a teal-and-salmon printed leather anorak; or a pair of crazy multi-striped, color-blocked wedges) might strike a girl as just the thing to break up the monotony of next summer's wall-to-wall prettiness."
843,"It's virtually impossible not to get swept up in Oscar de la Renta's confident vision of the luxurious life. The designer played to all of his strengths for spring, showing more of the pretty dresses, chic suits, and slim coats that have made him a touchstone of relaxed, modern elegance.  Judging from the cuts and colors of this collection, de la Renta has Palm Beach on his mind. He opened with a series of brightly colored dresses and skirts, some cut in a swingy, ballooning silhouette, others slim and paired with silk sweaters. The designer knows how to keep things young by roughing up the edges of a turquoise silk skirt or tossing a boxy yellow alligator jacket over a slim white skirt as well as how to dress those whose daily routine includes cocktails on the yacht (answer: a group of simple black dresses, each more Hepburn-perfect than the last, or a spangly pink pencil skirt worn with a cashmere top to fend off ocean breezes).  Turning up the volume for evening, de la Renta progressed from a long, cool pour of pink charmeuse, to a giddy yellow satin strapless dress covered in nosegays of silk flowers, to embroidered and embellished showstoppers guaranteed to make it a memorable night red carpet or not."
844,"John Galliano didn't go on one of his extensive research trips to come up with the Christian Dior concept for spring; perhaps he just popped across Paris to an exhibition of Marlene Dietrich's clothes that ran this summer. ""It was Marlene,"" explained the designer. ""But then I thought, who would she be today? Marianne Faithfull, Janis Joplin, Courtney Love, Patti Smith!""  Marlene was clearly behind his opening series of curvy gunmetal satin suits with a forties air; the fox-fur jackets that swanked through the show; and the beautiful bias-cut dresses, in silver or gold lamé tissue, that starred towards the end. In between, Galliano mixed up her influence with tattoo-print body stockings, suits with pieces of corsets and garters dangling from the skirt and jacket hems, and some hip-hop influenced silk sportswear. There were enough items in the melee to satisfy the faithful: his signature print chiffon dresses, some ultra-sexy swimsuits, and the new twist on the Dior bag (it comes with a fox stole attached to the strap). But anyone looking for Galliano's next great leap forward will have to wait till next season."
845,"Sometimes the most inspirational fashion doesn't come as an in-your-face design statement, but as a suggestion like spotting a girl on the street who really knows how to put herself together. Watching Miu Miu's collection for spring was just like that: a gentle mix of vintage and new, casual and decorative, anchored with the perfect accessories.  Miuccia Prada knows, for instance, exactly how to make one of those vibrant pink sixties cocktail shifts the sort that come encrusted with jewels at the neck wearable by throwing on a plain sage-green cardigan, pulling it in with a leather belt, and accessorizing with a pair of cute but grounding suede pumps. Voila, easy.  That kind of eclectic, offhand charm pervaded the entire collection from the little rumpled linen jackets and coats, to the denim shirtdresses and high-waisted pedal pushers, to the fifties dressmaker style evening frocks. Better still, it was a show of irresistible accessories. In the hair, feathery fifties headbands. On the feet, printed plush-velvet high pumps or flat moccasins. In the hand, soft leather bags with bamboo handles or brilliant orange versions encrusted with beads. It all amounted to an idealized inventory of the lucky finds millions of girls spend their Saturdays seeking out at flea markets. Next season, no need to waste time: It's all there, ready and waiting at that clever Miuccia's stall."
846,"Alessandro Dell'Acqua has always fixated on the fragile interplay of chiffon pieces and lingerie, rustling up the kind of outfits a cooler sort of girl would assemble for going out. With that idea front and center this season, Dell'Acqua is in his element and it's come at just the right moment, as he's hit a new high in his business.  His treatment of summer's favorite (but inherently tricky) shades of beige, nude, and vintage-boudoir pink came as pretty little sheer ruched camisole tops and tattered, asymmetrically-ruffled dresses. Dell'Acqua has developed a neat strategy for making sheerness wearable: His fine-knit underpinnings create an opaque base over which to layer and tie all those chiffons, a blush-saving trick that turns a certain light eroticism into a realistic proposition.  Dell'Acqua said he was inspired by actress Monica Vitti, and the cream lace shifts sprinkled with crystals at neck and hem that he showed for evening were a modernized, attractively offhand version of her sixties glamour. The outfits using black tulle layered over jewels looked too close to the original idea by Alber Elbaz to pass critical muster, however. For the most part, this was a confident collection that shows Dell'Acqua growing up. As the creative mind behind La Perla's ready-to-wear, and with a new backer for his own line, chances are there will be a lot more Dell'Acqua in the shops soon and that's something to look forward to."
847,"Sometimes you can go home again. Sebastian Pons was born in Majorca, graduated from London's Central Saint Martins College of Art and Design, spent some time working with Alexander McQueen, and then moved to New York to join Miguel Adrover's design team. Yet it was only after Pons returned to his native island that he debuted his first collection here, following an intensive period of research about the early history of fashion. If your idea of early means vintage, think again; his collection, called Itaca, was a sartorial excursion through the ancient civilizations of Greece, Rome, and Southeast Asia, with some contemporary Spanish spice sprinkled throughout.  Opening in ancient mode, Pons showed a one-shouldered toga in a natural tint, followed closely by another in Roman purple. He used linen, a fabric with an appropriately venerable past, for a series of marvelous dresses: one with simple decorative stitching, like a converted table cloth; another embroidered in blue; yet another painted by hand with a pomegranate motif. Some of the most chic pieces in the collection were the suits a kind of campesino take on Chanel, with drop-waisted skirts and embroidered cardigan jackets that laced up the front and at the wrist. The concept was repeated to more bohemian effect with rustic Ikat prints and added fringes.  As the show progressed the clothes became more decorative, moving through knits in Arabian-inspired patterns and hues to end in a souk-like riot of color: pink and green chiffons stitched with semi-precious stones; a chemise entirely embroidered in colored threads and pieces of mirror; and simple dresses with floral prints and pretty ribbon trims. Overall, Pons achieved an impressive balance between the classic and the decorative, launching his fashion caravan on what looks set to be a thrilling journey."
848,"Victorian dolls and Brooke Shields in Pretty Baby : Those were the not-so-innocent fancies that caused John Galliano to get into cream puffs and frills for summer. His first model teetered out in a bustled-up romper confection with overblown transparent sleeves, white stockings and suspenders, and a two-foot pompadour. Her girlie cohorts followed, gussied up in itsy eyelet tutus, marabou-trimmed rosebud-print corsetry, fluttery panties, white knee socks, and all manner of coquettish bows, rosettes, and ribbons.  After the puff sleeves and baby dolls, Galliano sent out some of his more familiar nineteenth-century bordello denizens in fuchsia corsetry and long Moulin Rouge cutaway flounces. Backstage, the designer insisted that his bubbly summer follies are there simply to explore a new proportion. ""It's something I had to do to get to the next phase,"" he explained, ""like the cardboard cutout show I did a few seasons ago."" Meanwhile, Galliano analysts know to search for those tantalizing signs of the delicacies he reserves for commercial release like a fragile white lace blouse, or a lilac camisole suspended loosely from bow-trimmed ribbons. And as for the teensy colored purses, swinging from grosgrain straps? Immediately, deliciously consumable."
849," It's about color,? Tommy Hilfiger said a few days before his Spring 2004 show.  Color and fun.? He might have added  ease,? too, because there wasn't a stiff fabric or a tricky cut in his cheerful, carefree collection.  The show did have a few anxious moments: There was a rock star worthy crush at the door due to the presence of Pharrell Williams, who performed the runway music. But once the beat kicked in and the clothes streamed out, the tension evaporated. Who could be stressed by a pair of light-as-air drawstring pants worn with a tummy-grazing silk pique tee, or a clean white taffeta dress with brisk orange grosgrain ribbon? Hilfiger has made his name and considerable fortune by dusting off preppy classics, and he repeated the trick tonight via hot hues like apple green, neon pink, orange, and blue, all played off white basics. He loosened up the silhouette, too, with full-leg jeans, billowy sheer hoodies, and silky pleated skirts.  While most of the styles were daytime-specific, the designer didn't completely neglect the nightlife. A fluttery pink gown, or a hot-pink chiffon dress, its bodice wrapped in multicolored ribbon, kept the mood upbeat right to the end."
850,"Zowie Broach and Brian Kirkby knew they had to put on their very best performance to live up to their new standing as the latest great white hopes of London fashion. After winning the support of American Express, the pair, known as Boudicca, is literally following in the footsteps of Alexander McQueen, the last son of the avant-garde to tread the hard road from East End starvation to fashion stardom.  If the audience expected major McQueen-style theatrics along with the new funding, they were disappointed. Broach and Kirkby don't want any storyline to distract from their extraordinarily precise, almost molded tailoring, with its geometrically exact inserts, flying pocket flaps, fanny-hugging curves, stiff pleats, and voluptuous, rolling flounces. And while there's something in the rigor of these clothes that marks them as belonging to the same school of craftsmanship as McQueen, the details like pleated grosgrain edges and cross-lacing are pure Boudicca.   The label's best feats for Spring were performed in lustrous white heavy-grade couture cotton: sculptural, high-waisted dresses underlined with insets of black; or an intensely curvaceous white skirt suit with the seaming picked out in flat grosgrain ruffles. Sporty, space suit-inspired jackets, some in crunchy metallic silk shot with Lurex, came with zippers diagonally splicing the front. But the highlights were Boudicca's skirts. Contrived to offer amazing views from the back, they came tightly fitted over the rump in mathematically exact piecings stamped with studs, or with fan-like tail feathers made of stiff pleats, like some strange modern take on a bustle. Close up, all that classy workmanship is a marvel to behold; but viewed with a less technical eye, it also spells S-E-X. That's a strong step in the right direction along the rocky road to recognition outside London."
851,"Bryan Bradley's first runway show as the sole name behind Tuleh (he and partner Josh Patner split earlier this year) was brief only 27 looks. But it was a perfect demonstration of the skills that make him the go-to designer in the socialite stratosphere.  Bradley sent out lovely chiffon dresses in garden-party colors like lime, lilac, rose, and lemon yellow, and incorporated witty tailoring touches like extended cuffs and geometric topstitching on a trench coat. This designer has an unusually sure hand with colors and prints: He paired a pink silk polka-dot dress with a pink-and-white silk brocade coat; put silver lace over a pink gown; and paired a khaki trench with an aqua lace dress. It wasn't all about chiffon, either. Bradley worked in some nifty new fabrics, like a khaki tweed shot through with silver thread for a boxy little jacket, and a black silk faille with white pindots for a mod coat.  Perhaps most importantly, Bradley knows the answer to a very important question: Just how much sexiness do his high-profile customers want? Answer: more than a hint, but less than a salvo. He strikes just the right balance via fluttering ruffles (fashion's way of saying  yoo-hoo! ) in all the right places; lingerie details like seams picked out in attention-getting black leather; and a figure-friendly cut that flatters the female form, but never makes unreasonable demands. Just like the ideal man."
852,"The Emporio Armani Spring collection is essentially a briefer, perkier version of what Giorgio Armani showed for his main label. Armani's design team (whom he now sends out to acknowledge the applause before taking his own bow) reworked the season's nautical theme and came up with an alternative take on summery stripes, using fine-gauge knits to make flippy sweater dresses and cardigans in red, black, and white.  Those younger, go-faster stripes also appeared on the models? swim-cap headgear, making an abstract link to the tight, stretchy dresses that were almost brief and clingy enough to compete with bathing suits. The athletic streak surfaced too in zippy, scuba-inspired bustiers and prettified racing shorts made of high-tech synthetics. It came as something of a surprise when the collection switched to a fluorescent palette, with bright multicolored bikinis followed by lime and pink dresses decorated with sixties-style plastic paillettes. But the show ended back on track with a simple, slick-to-the-body black beaded sheath dress a much simpler option for speedy girls on the go."
853,"I wanted to take couture elements, like bows and flowers, but do them in a spontaneous, modern, comfortable way, explained Martine Sitbon. Hardly the torturously intellectual talk of a respected French modernist, but then this is Paris, Spring 2004, and designers everywhere are lightening up their acts.  Sitbon was no exception. For a section of clothes made from parachute silk, she raided the colors from the makeup counter powdery blush, baby blue, a highlight of lime, lipstick magenta. But while the sweatshirts, ruched-sleeved parkas, and ice-skating skirts looked pretty, easy, and undemanding, some of the repetitive dresses did not: Loose cummerbunds bulked up the hips and large silk flowers were plonked on thighs, a little too spontaneously. Will the Sitbon customer really want to wear dresses so sugary sweet they resembled upside-down tulips? Will even her die-hard fans snap up the aprons covered in chiffon blooms?  Fear not, all you Sitbon lovers. Her alternative a play on masculine/feminine tailoring gave the collection balance and rescued it from the saccharine realms of cotton-candy couture. Crisp white frock coats, backless waistcoats, and wide cream trousers looked smart, imaginative, and sexy, as did the last few slithery black satin sheaths with twisted velvet straps just the sort of strong signature pieces that her customers know and love."
854,"Sachiko Okada and Aaron Sharif of Blaak make casual streetwear out of floppy, worn-in fabric. But what sets the line apart from a humdrum jeans collection is its deceptive simplicity a lot of thought goes into creating that impression of easy, low-maintenance hipness.  For spring, Blaak took pre-washed, overdyed cottons and made them into crinkly shirtdresses and circle skirts with crazy animal prints and zigzagging, African-inspired patterns. Okada and Sharif even tackled that most formal of classics, the Chanel-inspired suit, fraying the edges and running zippers up the back of the skirt. (Close up, what looked like lightweight tweed turned out to be hand-perforated cotton, run through the washing machine several dozen times to give it a great, worn-out, messed-up feel.) Another standout was a red-and-white printed anorak, with elastic creating bunchy effects through the torso and sleeves; it turned out to be made of paper. Okada described this season's look as  Random borderline mad!? But the collection made perfect sense for seekers of cool, one-off pieces to amp up a summer wardrobe."
855,"Miguel Adrover, one-time messiah and part-time pariah of the New York fashion world, returned to the tents with a collection entitled ""thesurrealrealworld."" Divided into nine sections, the show opened with a face- and body-painted model who walked down a darkened runway to the sound of cicadas and the artificial lightning of a corps of paparazzi. From there, Adrover took his audience on a continent-hopping jaunt, finally returning to his aesthetic roots: tailored prep-school looks and uniforms, daring feats of drapery, and ingenious trompe l'oeil constructions.  Some of the show's kookier experiments included a UPS man's exit onto the runway (thank you, sponsor), a model whose cape was actually a banner calling for  world peace, please,? and a man who carried the weight of the world on his shoulders (via a Tom Sawyer stick from which hung a cloth globe). Mixed in among these, though, were some moments of genuine euphoria. Adrover used shredded cloth and ribbons of lining tape to make beautiful, African-inspired, plume-like capes and jackets and skirts. There were draped, dress-like jumpsuits; dresses whose back panels tied in front, apron-style; and lots of classic American prep--impeccably tailored suits, coats, and elbow-patched blazers, paired with oxford shirts and khakis and wonderful knits.  Adrover himself took to the runway in what looked like a top, a vest, and two coats, but was in fact all one piece (there was also a female version). The most memorable exit perfectly illustrating both the designer's extreme lyricism and his technical expertise was a dress that was also a ship: long, hand-painted with masts, and with a white sail/train rigged to the back."
856,"Donna Karan's designs have always been aimed at the independent woman who negotiates her way through the jungle of contemporary urban life. In Karan's terrific Spring collection, the designer took that idea literally, showing a range of great clothes that could have come from the closet of a sexy Amazon.  Windblown, and gleaming with iridescent bronzer, the models stalked on the runway in gorgeous nutty brown leathers that were cut in variations on the bomber/motorcycle style; worn over coppery silk jersey pieces; and stitched into leather  belts? big enough to double as miniskirts (on the models, anyway). Karan used silk jersey, one of her favorite fabrics, in everything from asymmetrical fitted dresses to a charming ruched retro  swim dress? (which returned later, paired with a long skirt, for evening), all in desert tones of peachy terra cotta, bone, and papery pale green.  Karan is nothing if not versatile. After the savage chic of her opening looks, she switched effortlessly to cityfied sophistication: fitted jackets in crinkly viscose, tobacco-colored silk tweed made into a suit and a slim coat, and a lovely ivory blouse with a deep ruffled collar, all accented with artisanal but feminine details like little drawstring pockets, pintucking, and frayed grosgrain ribbon. She closed with a series of ethereal dresses and gowns, some scattered with oxidized sequins, others woven from bands of fluttering shredded chiffon. Vibrant, sensuous, and wearable, it made for a celebratory closing chapter to Fashion Week."
857,"Emma Cook, a young London designer, likes to do a lot of research for her seasonal theses; but as she progresses from a sophomore to a junior she's learning not to lay her themes on too thick. She described her Spring 2004 presentation as inspired by  old-fashioned ideas about futurism, Rodchenko, the constructivists, and 1920's statues of ladies.?  What it meant was that Cook had worked machine-age cog motifs and photoprints of butterflies and flowers into flat cutouts that formed straps on dresses, neckpieces, and belts. Other details, like geometric, Deco-inspired leather inserts, also picked up on the Jazz-Age references that are currently preoccupying twenty-something designers the world over. Cook was aiming for a harder edge than usual, via slick black chintz coatdresses and some ultra-cropped boleros, but these served chiefly as garnish for the things she's happiest doodling every season: little jersey dresses with a certain nonintellectual innocence about them."
858,"Suede pants laminated to the body. Leather jackets that fit like a glove. Hemlines that leave little, if anything, to the imagination. If this is what turns you on, then Costume National designer Ennio Capasa is your man.  The collection wasn't all about steam, though. It takes a confident hand to stitch a web of seams into a pair of skintight blush-pink suede pants without making them look either clumsy or banal. And there was plenty of skill evident in skinny hand-brushed leather jackets and cotton macs, with sheer side panels, that emphasized the designer's beloved hourglass silhouette. Or wispy chiffon tops whose butterfly-shaped sleeves fluttered as the models glided by.  Capasa also served up some surprises with color: Combinations like lemon and powder pink (!), mint and mauve (see the suede accessories), and lilac and pale blue suffused the raunchier pieces with a fresh, upbeat spirit. Which is not to say there wasn't plenty of his trademark noir, spun into curvilinear satin micro dresses, or long evening gowns in what else  transparent chiffon. This is fashion that favors the brave."
859,"Seven days a week, British tabloid papers run multiple pages of local TV stars, popstrels, It girls, lad-mag models, and soap actresses posing on red carpets (and, later, falling out of nightclubs and whatever microscopic garments they might have selected for the occasion). This is celebrity, Brit-style, a realm in which the name of Julien Macdonald figures as large as legends like Versace and Roberto Cavalli.  His opening look Naomi Campbell in a white jacket, black cutaway swimsuit, and sky-high leather laced-up boots has a good chance of being replicated, literally, by British girls in the clubs of Ibiza and Rhodes next summer. His minute spangled cobweb dresses, sprayed-on white pantsuits and multicoloured chiffon beach cover-ups (a fashion tautology if ever there was one) will be in heavy demand from every competitive celeb-bod in Britain. In a way, then, Macdonald is far more famous and influential than any of his indigenous peers who aspire to change the course of fashion.  Whether his idea of glamour will ever cut it on an international stage is of course, another question but one that appears to trouble him not a jot. His celebrity status has brought him business, including multiple sponsorships and a new deal with Pretty Polly to translate his signature knits into cobwebby tights. And he's certainly not suffering from lack of attention. Backstage after his show, surrounded by a posse of adoring models with red-vinyl lips and a mob of TV crews, the designer declared:  It's all about having a good time.? Macdonald clearly knows his audience."
860,"Amazing anatomy: that's what one needs to acquire before even thinking about Balenciaga for spring. Nicholas Ghesqui're's hourglass suits are all rump-hugging to-the-knee skirt, cinched torso, and assertive shoulder, with raised seams running over every contour. High-collared, multi-buttoned cadet jackets, in glove-smooth putty leather or pristine cream canvas, come nipped at the waist, or with the shoulders shaped on the curve and doubly emphasized by tiny boleros. ""I wanted to contrast structure and fluidity,"" he said. ""Things that give power to femininity.""  This sculptured, futuristic/militaristic silhouette marches to a beat not heard since Thierry Mugler and Claude Montana stalked the eighties Paris runways. But there was more: Ghesqui're followed his couture like, neutral tailoring with short, flounced cutaway dresses in vivid colors and flower prints, delicately suspended over neoprene bras. A highly feminine conflation of his previous experiments with patchwork, some of these pieces were collages of powder-pink corsetry and fluted fuchsia chiffon, floating over, say, a lime-green bra. Others, in old-fashioned flower prints, ended in curly ruffles, weighted with zippers in the hems.  Whittled down to twenty-six outfits, this was a small but perfectly formed design statement. None of Balenciaga's beloved pants and T-shirts made the edit, but hopes are high they're somewhere in the back."
861,"It was woman as dandy, declared Tom Ford of the sinuous twenties and thirties feel he melded into satins and chiffons for YSL's Spring collection. The designer narrowed and lengthened Saint Laurent's original boxy, hard-edged lines, opening with louchely draped powder-blue satin suits. The jackets closed with wide hip fastenings over a new-shaped pant that was cut loose to the knee, then caught tight with rows of tiny covered buttons.  Ford's skew on House retro synthesized masculine and feminine elements: a low-belted, gold-buttoned trench was paired with rib-cuffed jog pants, while petaled jersey skirts flew out from under skintight black leather jackets. Reruns of the classic smokings included tuxes, white vests, and mannish dressing gowns, cut floppy and liable to fall open at the breast at any moment. Together with the major frizzed hairdos and sexy high-heeled spectator shoes in leather and canvas, it added up to a new silhouette for the tall, sexually-in-control woman Ford envisions as the spirit of modern YSL.  She's just as powerful-looking in a dress, of course. Karen Elson (who, with her alabaster complexion and ginger hair, is making a comeback as the perfect pre-war muse this season) symbolized that strength, striding out in palest pink bias-cut jersey, pieced in a twenties diamond-pattern at the hip and with handkerchief points flying from shoulder and hem. There followed a line of equally individual gowns in satin and chiffon, worked with curving scalloped layers and plissé skirts and held up by the finest shoulder straps.  The visions of pared-down, re-imagined Deco glamour kept coming. There were more sober options in black, with strands of jet beading moving over dark georgette, but they were finally upstaged by a sensational misty blue chiffon gown, delicately suspended from strings of crystal and swinging sparkling fringe, and a white dress smothered in gold coins with delicate pleats fanning out in the skirt. The details in this deluge of gorgeousness were equally unmissable: the new horn-handled pony-skin bags, and the enticingly luxe diamond jewelry. That turned out to come from Boucheron, not YSL but since they are sister companies in the Gucci Group, it made for a clever piece of borrowing."
862,"Sophia Kokosalaki is a Greek designer who's growing into the idea of letting her classical roots show. For spring, she used goddess-y draping and Fortunyesque pleating in tiny, sexy dresses and tops crafted to clasp around a perfect body. Working with a lightened-up palette of shell pink, pale terra cotta, and muted aqua, and an occasional sparkling underlay of Swarovski crystal, she also cast off her customary dark, new-wave influences for the time being, anyway.  Kokosalaki has always had a knack for adapting elements of her cultural background to suit the mood of the season. When fashion was in a folksy moment, she made her reputation with Empire dresses that had a Cretan peasant feel. Now that she's been selected to design the costumes for the Athens Olympics, it should hardly be surprising that she's celebrating the beauty of classical Greek sculpture in a form that a modern girl might wear clubbing. Was it a long, hot summer working in the Olympics office that also influenced Kokosalaki to cut her daywear down to a few pairs of shorts and the odd cropped leather shirt? If so, that's a bit of a shame. The dresses will look fabulous in photos, but a little more in the way of daily clothing for mere mortals wouldn't have gone amiss."
863,"One of Italy's oldest ready-to-wear companies, MaxMara made its name in the fifties, mainly as a purveyor of quality coats, and is still motoring on that business today, selling stylish outerwear and tailoring to women all over the world. The challenge faced by the label each season is how to spin a trend around its solid brand franchise, and build it into something that makes a sustained statement as a runway collection.  The core idea for spring was easy enough to spot: soft, washed materials like canvas and leather, made into slouchy-pocketed jackets, trenches, and short, puffy bombers; plus a handful of masculine vests, some floaty, Stevie Nicks type dresses (a few done in Zandra Rhodes like prints), and a palette of muted, sanded-down, tea-stained colors. The collection included some of the fine-gauge cropped knits that are emerging as a seasonal essential, and touched on the current feeling for stripes and for lightened-up masculine dressing, featured in a pale blue-and-white seersucker three-piece suit with cropped pants. It was less successful in catching on to another key virtue of modern fashion: the art of the edit. Brevity is the soul of any strong statement, and this one was weakened by too much repetition."
864,"In the late 1990's, Daryl Kerrigan's famously skinny trousers and cool post-punk vibe made her a downtown darling with real crossover appeal. After a two-year absence from the runway (following business troubles, the closing of her stores, and the birth of her second child), hers was one of the week's more eagerly anticipated shows.  Maybe Kerrigan was rusty from all that time off, but her spring collection was a low-spirited affair. She made the layered look specifically, cut-and-slashed T-shirts and sweats the core of her show, sending out dozens of variations on the theme of ripped, stitched, and ruched tops, worn alone as minidresses or over those signature slim-cut pants. The palette was resolutely urban, in shades of gray and black with occasional flashes of pink and red. A few tailored pieces, like neat jackets cut from sweatshirt material, a sharp-shouldered black cotton jacket, and black satin vests and parkas showed some of the label's erstwhile, sexy spark. But overall, the audience was left craving the variety of Kerrigan's former incarnation."
865,"Bold. Brilliant. For spring/summer, Junya Watanabe took us on a tour of the body, mapping out new territory on the torso, exploring new lines beneath the waist. As might be expected from the Comme des Garçons protégé, models resembled otherworldly creatures all sporting identical high, sleek, black wigs and alabaster skin, the ideal canvas on which to build his layers of inventiveness. He started with a series of sporty, second-skin undergarments cropped tanks and cycling shorts beneath tailored jackets cut from whisker-fine polyester. But then Watanabe's experiment truly began to develop. Layer by layer, piece by piece, the body was eventually camouflaged by squares and diamonds and dots that spiraled in ever more complex confections. There were white dots the circumference of espresso cups dancing across black dresses, and polka dots of all dimensions were sliced and scattered across fluid, paneled skirts. Sheer gray bird's-eye check jackets clung to the ribs, their intricate seams tracing the bones beneath. (Diagrams should be offered to Watanabe-wearers, as the point of entry to some of these was hard to detect).  The only respite from the stark black, white, and gray came in a single trapeze-shaped silky dress covered in diamonds of tan, chocolate, and cream. One could only wonder what this collection might have been had the designer indulged us with his kaleidoscopic sense of color. Maybe next season."
866,"Go, team! With sports-inspired clothes becoming ever more firmly entrenched in the every person wardrobe, Y-3 Yohji Yamamoto's collaboration with Adidas is practically a fail-safe proposition. For spring, the project hit its mark with a high-energy collection that went from simple jackets and warm-ups to sleekly sexy swimsuits. As might be expected from a line that celebrates the sporting life, the tops, trousers, and skirts were mostly kept lean, while anoraks and sweatshirts were oversized and slouchy, meant to be worn slipping off the shoulders. There were some specific references to track and field: referee stripes on maillots, for example, or plastic panels inspired by motocross boots attached to jacket sleeves. Mostly, though, Y-3 concentrated on making over generally utilitarian pieces like trim jackets and skirts with high-tech fabrics and sharp color combinations: black, white, and gray flashed with hot pink and electric blue. Yamamoto's sense of irreverence could be felt throughout. Logos were blown up to cartoonish proportions; men sported hot pink hoodies; a strapless one-piece sweatsuit was supersized way beyond the realm of the sporty. He also worked with Japanese artist Saeko Tsuemura on comic book style graphics that were printed on tank dresses, fluid jersey pants, and generous wraparound leather jackets. Overall, it was enough to lure even hard-core couch potatoes into a shopping trip preferably after a visit to the gym."
867,"When the rest of fashion is running in the direction of color, glamour, and lighthearted frilliness, where does a woman who believes in black, androgynous layering, lived-in leather, and symbolic slogans go? She could just keep on walking with sister Ann. Ms. Demeulemeester is not about to renounce a lifetime's work just because of the season's dominant trends. On the other hand, Demeulemeester is a sensitive designer who recognizes a change in the air.  For summer, she added white to her favorite spectrum of darks, and searched for a way to express the tendency toward shortness and flounce in skirts. One solution had her adding puffy cargo pockets to her favorite hip wraps and coats, letting them trail floppily beneath the hemline. She also made her signature leathers as airy as possible, slashing them with concertina cuts until they were as fine as paper mesh, and layering them among the washed satins and chiffons.  As a nod to optimism, she sent out an enlarged rose print (done in black and white) and T-shirts with ""'Til Roses"" written in mirror-image graffiti. She even forced herself to send out a single outfit in a muted, sanded orange, though she admitted backstage that it had been a struggle. ""I searched for a long, long time for this color,"" she laughed. ""I was afraid it would be too much."""
868,"Once again, Yohji Yamamoto chose to show his Ready-to-Wear line during Couture, a full two months ahead of the usual schedule. This Spring collection, he said, was an exercise in  doing something graphic.? That meant working squares of fabric, linked Paco Rabanne style with metal rings, into many variations of bodices, which came attached to long, flowing skirts. The surprise was the sense of body that came through literally. Though he stayed almost entirely with his habitual black, cutting pinafore dresses and overalls suspended from complex straps and ties, the torso beneath was naked, save for body paint, applied in chalky blocks by Shiseido.  The focus was mainly on evening, save for a series of arty takes on that most American of classic looks: the white tee and jeans. Skintight gauze T-shirts, again stretched over painted torsos, were paired with baggy, low-hanging, washed-out denims, a cross-bred version of hip-hop pants and Japanese workwear. The one shot of color in the show arrived in the footwear: chunky foam platform flip-flops some attached to toeless, heel-less neoprene socks in bright red, leaf green, turquoise, and yellow, that came over as a sporty take on Japanese geta. Naturally, all were emblazoned with three white go-faster stripes, in a nod to the designer's ongoing collaboration with Adidas."
869,"There's still a boyish quality to Paul Smith, even though he's a ""Sir"" now not to mention the most financially successful Brit designer ever, and something of a national treasure to boot. Smith's ability to play games with old English classics deflating pomposity with color and wit, while never looking like he's trying too hard is what's made him a worldwide hit in menswear, and guess what? That's exactly how it works best for girls, too.  In a season when crisp shirts and V-neck sweaters are news again, Smith is in his element, having fun with stripes and ties, and turning school uniform-style fine-gauge knits into skimpy dresses. Cut close to the body, his suits, with their bracelet-length sleeves and their skirts caught up in a ruched detail in the back, are just naughty enough to avoid any teacher's-pet primness. The designer also worked his blue-and-white shirting stripes into little camisole-top cotton dresses, and made printed silk scarves that other bastion of ladylike dressing into bright camisoles and strappy shifts. It added up to a happy, easy-to-shop collection that worked best when Sir Paul seemed to be designing off the cuff."
870,"Who is the Gucci girl this season? ""She's eye candy!"" Tom Ford laughed backstage. Of course she is. Glamour and provocation are at the core of the sex machine Ford has built at Gucci and, in a time when the pleasure principle is driving fashion, he knows how to push all the right buttons. He kicked things off with a little contradiction: silky track pants with a sporty ribbon running down the side and sloppy, semi-sheer tees, put together with exquisitely classy jackets and high gold sandals. Call it casual/couture, revved up with a flash of gotta-have-it trash in the all-important accessory department.  Over the last few seasons, as Ford has immersed himself in the culture of couture at Saint Laurent, his focus on cut and detail has become intense. That heightened awareness showed up in the delicious Gucci spring jacket a feminine, body-hugging number with tiny, pleated fans forming a peplum in back and in the minute waffles of tucks and pleats inserted into nude satins, which turned up in pants, jackets, and dresses.  But back to the eye-candy issue. For after dark, Ford produced a parade of red-carpet cuties, snuggled in feathery swan's-down boleros (in pristine white, egg-yolk yellow, or fuchsia) over curvily constructed knee-length chiffons. For the less sweet-toothed, he sent out the glitter snakes serpentine crystal motifs wound around the torso or up the arms of black dresses. That's all strictly for high-flying candies, of course. For the rest of us, there are always the bags: madly excessive constructions involving purple, green, and bronze metallic snakes writhing decadently over signature GGs more temptation than any girl can stand."
871,"With glitter on the floorboards, dry ice in the air, and trees bursting through the great arched windows, Dries Van Noten transformed the nineteenth-century study hall of the  cole des Beaux-Arts into a magical hothouse and filled it with an artist's vision.  First he sent out a series of angels in simple white cotton long smocks, waistcoats, and wide trousers. Then he shifted up a gear, with dresses that spilled ruffles and pleats galore. Next came the taupe, interspersed with beat-up silver jackets and trenchcoats. As the color seeped down the runway from the palest lime to anthracite, putty, and every blue under the sun so too did the fabrics. Gauzy layers, swishing silks, and sturdy linens were soon oozing decoration. Exquisite embroideries trickled down sleeves or burst over the backs of shrunken jackets. Prints became bolder, in purple, emerald, and lime, blossoming over circle skirts and fragile slipdresses. Even the accessories looked inviting: Lush silk opera capelets were slung over shoulders the spring alternative to the fur tippet? Silver satchels curved around the hip or the derri're.  When, at the end, Van Noten's model army surged toward the cameras, all thirty-five outfits appeared to have been dipped in ink: a complete spectrum of blue-blacks. It has become the designer's trademark to use his genius sense of color in this way, much to the delight of his faithful clientele."
872,"Here's what fashion people expect of a Viktor & Rolf show: surreal twists on convention and mind-bending sculptural exaggerations of normal clothing, ending in a crescendo of all-out applause for the quiet genius of the straight-faced Dutch duo. In a week when the two have celebrated their ten-year collaboration with an exhibition of their impressive body of work at the Musée de la Mode, the anticipation of the Spring show was ratcheted even higher than usual.  Strangely, though, this collection somehow failed to rise to the occasion. The well-established signatures masculine/feminine tailoring, denims, and details like big, overblown bows ranged the runway in many variations, but a high concept never quite materialized. A lot of audience second-guessing went on as the show progressed. Was this Viktor & Rolf's statement of post-conceptual commerciality? Were all the big white shirts and softened shapes their new ironic take on bourgeois ordinariness? If so, many of the pieces were rather too literally banal to jolt a reaction.  The designers' eveningwear picked up strength, with versions of tuxedo jackets cut so as to hang off the shoulder (a dangling motif that is recurring throughout the Spring collections). More promising still were the interpretations of grand 1950's tulle evening gowns, their skirts morphed onto men's dinner suits. At a time when young avant-garde designers are reinvestigating the beauty of traditional Parisian couture, that was a tantalizing contribution to the season. But it left Viktor & Rolf's fans longing for more."
873,"For her Spring 2004 show, Anna Molinari designer Rosella Tarabini imagined a romantic girl putting together a look for Glastonbury, the English summer music festival which these days is less about mud and sleeping bags than it is about VIP tents and paparazzi. Tarabini dipped into granny's attic for a haul of lacy, vintage-style dresses and lingerie layers, cut off at the thigh and worn with flat fringed moccasin boots. Done in fragile cream and dusty pink, these pieces were embellished with precious flower embroideries, crystal beading, or the odd little layer of feather cropping up among the flounces in the skirts. Cover-ups came in the form of tweedy, beige, Chanel-like coats and jackets that appeared to have been run through the wash several times in order to look suitably secondhand.  Tarabani added a touch of grit to the mix with what she described as  tribal? accessories (shell-festooned leather belts and crafty necklaces) and a section of black, Patti Smith inspired washed leather jeans, suede tabards, and oversized chiffon tops. But for the most part this is, as always, a collection of dresses for pretty young things, with a seasonal twist to keep it all current. The sheer repetition made for something of a trance-inducing performance, but it's a sweet enough groove for a summer night's fantasy."
874,"Road trip! For her spring collection, Donna Karan sent the DKNY woman on a little cross-country jaunt from her New York home all the way to Malibu, armed with a suitcase full of easy, versatile, sexy looks to get her there and back again in style.  Ms. DKNY has a practical bent, so she packs light: neutral tones of khaki, gray, and navy, in easy fabrics like washed silk and cotton, jersey, and lightweight wool. Since traveling beyond the 212 area code counts as exotic in her book, she might grab a safari jacket or perhaps the loose silk trench that doubles as a dress. A few pairs of soft, low-slung pants, a slim skirt worn with a tiny yellow chiffon hoodie, or a snug silk tank (cinched with the thinnest snakeskin belt) will take her at least as far as the first rest stop.  For exploring the nightlife options across America, our heroine will throw in a couple of colorful little silk dresses, or shock the natives in a hot-hued chiffon dress or poncho which, conveniently, becomes a beach cover-up when she finally stops to admire the sunset over the Pacific."
875,"Call it destination dressing. For his spring collection, Michael Kors created a wardrobe with a specific locale in mind: the tiny Mediterranean island of Capri, where pleasure-seekers spend their days yacht-hopping in the harbor and their nights table-hopping at the caf's.  The designer excels at giving classic cuts a sexy edge and a sly spin of luxe, and this season's jet-set theme gave him carte blanche to pile it on. He added bright gold zippers and contrast stitching to slim jeans; cut miniskirts and motorcycle jackets out of supple suede; and wrapped a prizefighter-size gold belt around a suede romper. Typical Kors hallmarks included leather luggage straps in place of ties on a halter dress, nautical references, and his signature mix of high and low fabrics (silk and canvas, for example). He used white, black, and khaki as a backdrop to set off colors like vivid orange, yellow, cobalt, and green which were far more intense than the muted tones generally in favor this season.  For a major designer, Kors didn't offer much in the way of full-out evening glamour, just a few simple gowns and one beaded dress as blue as the Mediterranean. But his color-blocked cashmeres, swingy silk jersey skirts, crisp organdy shirts, and dresses in blue-and-white awning stripes will certainly make his customer feel ready for Capri even if she's stuck in midtown."
876,"Sure, the current mood may have turned to optimism and femininity but who's going to dress all the tomboys out there who will never feel pretty in pink? Hopes were high for Jens Laugesen, a Danish-born designer educated in Paris and at Central Saint Martins. The impressively organized Laugesen has already delivered two on-the-money collections full of pieces that fit nicely into the military/utility tendency.  Sad to say, those who turned up eager to witness a new fashion visionary or even find a sharp new angle on a well-established subcult went away nonplussed, if not exasperated. Laugesen works in cut-up, monochromatic T-shirts, sweats, knits, and deconstructed tailoring. But his first look, a loose jacket over leggings in layers of cream and gray and festooned with hanging straps, carried a distinct air of déjà? vu. As he progressed into canvas leggings heavily cross-laced at the back, the comparisons with collections shown last season most obviously, the work of Helmut Lang were painfully unavoidable.  There may have been some oversized knits and overgrown vests that stood out among the layers, but however well Laugesen is capable of executing individual pieces, he can't escape the expectations that face every young designer who ventures onto the runway. Next season, Laugesen should work out what he has to say and articulate it in a voice that is his alone."
877,"Peter Som will probably never have an avant-garde moment, and that's a very good thing. His vision of cheerful, pretty sportswear has been picking up both momentum and fans over the last few seasons, and this latest collection will surely add a few more members to the club.  For Spring, Som connected fall's mod mood to the light-and-lacy trend that's been dominating the runways. Inspired by the wide-eyed optimism (not to mention the daring fashion movements) of the early sixties, he shortened hemlines, cropped sleeves, and raised waistlines, with happy results. Som combined airy, pale blues and pinks with white, gray, and green, and mixed up textures chiffon, lace, satin, washed cotton, and a glittery blue-and-silver cloqu? to keep things interesting. Trailing satin ribbons and squashed silk flowers upped the femininity quotient even further.  The past may have provided the inspiration, but Som's mind is very much on the present; his trim canvas jackets, slim cropped trousers, and skin-baring minis are clearly aimed at the toned twenty-first-century girl. Fortunately, this designer knows where to draw the line: The sweetly sexy guipure lace babydoll that closed the show balanced then and now in one seriously charming package."
878,"We used paper to research new shapes, said An Vandevorst backstage after the Spring 2004 presentation. ""But we liked the effect so much we decided to use it in the show,"" added her husband and design partner Filip Arickx. And use it they did, opening with a simple brown paper mac followed by a series of increasingly complex concoctions in the same ""fabric"": a jacket whose sleeves were hoisted up with leather straps, a skirt with layers of jigsaw-puzzle pleats. The experiment was then echoed in more-accessible white cotton.  Super-luxurious materials may not be A.F. Vandevorst's thing, but clever construction certainly is and that needn't mean stiff and complicated. Witness a pristine white cotton shirtdress, or a pair of super-skinny, zippered pants in the palest suede, or a simple chocolate canvas trench. A chiffon dress printed with plumes was, quite literally, as light as a feather; a pea-green jersey dress was sliced down the back to reveal a flash of bare spine. Even their print, in the form of an arty, abstract paisley looked heaven forbid! almost chic."
879,"With the Carpenters in the air, it was clear before a model set foot on the rustic flagstone runway that this was not going to be one of the disco glitzfests Julien Macdonald habitually throws for his own label in London. Sure enough, the first girl out was wearing a drifty, seventies-era tiered cream cheesecloth tent banded with inserts of macram? and tasseled shoulder straps, followed by a dusty-pink crinkled petticoat dress pulled in with crisscrossed lacing under the bust.  Macdonald tightened up his romantic hippy theme with a section of shrunken washed cotton bellhop jackets and biker leathers sweetened in tan leather and cream canvas, sometimes layered atop long blouses and cropped pants. Other modernizing touches, among all the airy gauze and ombré-dyed silk, were the eye-catching Givenchy bags outsized shoulder-slung satchels loaded with heavy-duty straps and chunky leather braids, or giant wooden-handled semi-circular bags in squashy skins.  It made for a pretty summer collection that showcased some of Macdonald's talent with knit (loosely crocheted fishing-net cardigans, for example) and included the sort of luxury details French women like when summering around the Mediterranean. The season-to-season continuity of brand image remains a point of confusion, though, as this collection seems poles apart from the strictly constructed homages to Audrey Hepburn that Macdonald has been producing for Givenchy Haute Couture."
880,"Tap, tap, tap went the tips of their toes, as the Antwerp Royal Ballet School ballerinas modeling Tim Van Steenbergen's collection pranced down the runway en pointe  an apt choice for his collection of balletic workwear.  Van Steenbergen is part of the new generation of Antwerp designers currently sweeping Paris. Coming from fashion's creative petri dish, it's to be expected that his clothes would be anything but literal; in other words, Swan Lake it was not. There were dance references aplenty: asymmetric hems cut from fluid layers, workout trousers with elastic cuffs, shrunken wrap tops, V-neck tanks with runs in them, and knitted leggings. But there were also bright green belted trenchcoats, voluminous bubble-shaped skirts gathered with rope at the hem, and dainty dresses embroidered with satin flowers and trailing ribbons.  And what on earth was that jacket with puffed wrists, embellished with great gobs of crystal and sequins, and dripping with beads? ""I wanted to mix costumes that a dancer might wear onstage with her workout gear,"" explained the 25-year-old van Steenbergen, confiding that he spent many an evening decorating said jacket on his sofa in front of the television. The costume element also explained a great white skirt layered over thick lace petticoats, like something worn by an antique porcelain doll. Romantic, yet original; it will be interesting to see where this young designer's imagination heads next."
881,"There is something about the grandeur of conceit involved in a Gianfranco Ferré presentation; it belongs to an order long gone from fashion. Ferré will take a theme, often inspired by travel or art, and systematically work into it, color by color, pattern by pattern, showing every ingenious angle on the subject in exhaustive sequence.  For summer, his influences were a meld of the graphic works of Italian secessionist artist Vittorio Zecchin and a vague impression of South America. The associative link between the two is, apparently, a graphic pattern of circles, which Ferré treated in a multiplicity of laser-cuts on everything from organza to leather, and used to make abstract references to Latino costume. Not that Ferré's females are remotely related to the au naturel peasant; stiletto-heeled Amazon is more his style.  Ferré's woman is at her most impressive in his simplest offerings. The lean gray or pale-blue silk pantsuits with which he opened his show are masterfully cut, and with a big-collared shirt (another genre he has perfected over a lifetime) look absolutely pertinent. From there on, though, the experience of watching Ferré's thoughts about the many possibilities of laser-cutting is like taking a trip to a parallel dimension. Occasionally an item like a cardigan smothered in mother of pearl and edged with dark bands of caviar beading will pique genuine desire. But otherwise, what with the costumes and the prolix arias on various sentiments, a Ferré show has become more akin to a long night at the opera than fashion."
882,"Maria Cornejo designs for women who prefer sleek and spare over pretty and perky, and her cool, even-tempered Spring collection was a refreshing counterpoint to the season's plethora of lace and ruffles. Cornejo opened with a series of clean, narrow dresses and skirts in black and white jersey, gently enlivened with inserts and sashes made from pale blue silk.  She limited herself to four colors, but kept the outfits interesting by juxtaposing fabrics like Ultrasuede and charmeuse. Even when the jolts of red came out, in a gently ruched dress, a stretch mini, and a pair of cotton shorts, they seemed more studied than outright sexy. Cornejo's proportions owe a debt to Japan in general, and designers like Issey Miyake in particular, but she puts her own stamp on things by way of body-conscious cuts and modern fabrics."
883,"London-based Luella Bartley designed her collection this past summer as Europe was enduring its vicious heat wave and she was coming to the end of her pregnancy. So it's no surprise that her spring line was full of breezy pieces meant to float off the body while keeping spirits from wilting.  The title of the collection was  a tribe called Luella,? a group which clearly shares some anthropological traits with the clan of Bananarama: There were outsized overalls worn over tiny tops; loose, lightweight cotton and silk blouses; dresses wrapped with ropy braided belts; and generously cut menswear pieces, like a giant V-neck sweater worn as a mini or a billowing blue cotton shirt with soft drawstring trousers. And though there were some tweeds worked into the mix, they steered clear of serious; Luella's tiny minis and flaring boleros piped in Day-Glo are in no danger of being mistaken for Chanel (although her increasingly great handbags could start their own cult).  For decoration, Bartley strung her models in fetishes of all kinds: cheery leather skulls, crossbones, smiley faces, and hearts, as well as a few tiny Net MD Walkmans supplied by her corporate sponsor, Sony. If 2004 brings another cruel, cruel summer, at least the Bartley tribe will be dressed for it."
884,"Welcome to Stephen Burrows? World again. One of the preeminent American designers of the seventies, Burrows is beloved by the cognoscenti, but little known by the public, despite having won three Coty Awards and been one of only five American designers to represent the U.S. at the legendary 1973 fashion exposition in the Palace of Versailles. Last year, Henri Bendel, where Burrows had a hugely successful boutique back in his day, relaunched the designer with a brand-new, in-store atelier. For his Spring 2003 show, his first of the twenty-first century, he invited  the Misses? (his term for seventies supermodels like Alva Chinn, Pat Cleveland, and Karen Bjornson) to walk for him, but made no other concessions to the past. ""I want to be to be as modern as I can,? said the designer, and sent out a resolutely up-to-the minute collection to prove it.  Burrows prefers clingy, flowing materials like silk and jersey, and worked these into deceptively simple column dresses with wonderful variants on the halter top. Some incorporated ribbons, others were cut high on the leg, still others pulled off virtuoso feats of engineering, but all gave an impression of grace and fluidity. Daytime looks included a bright jersey dress with a track suit-like jacket and a black ensemble with red top stitching (a reference to the designer's original, signature, red-stitched lettuce hems). Long a champion of bold colors, Burrows built this collection around vibrant hues citrus yellows, ocean blues, and orchid reds inspired by ""tropical fruits and the lushness of an island rainforest."""
885,"There's been more than the usual amount of drama at the House of Blass this year. In February, one day after they'd shown the Spring line, house creative director Lars Nilsson and his design partner Herve Pierre Braillard were fired. Two weeks later, Blass management appointed Michael Vollbracht, an illustrator and sometime designer and perhaps more importantly, a close friend of the late designer's as the new name behind the label.  Vollbracht's mission is to retain Blass's fabled, and faithful, customers, while also bringing in the next generation of ladies-in-waiting, and he made his ties to the old days clear by putting some of Blass's favorite former models, like Pat Cleveland and Diane Dewitt, on the runway. This fall, he's hitting the road as the house ambassador, with trunk shows lined up in Chicago, Palm Beach, and Houston.  The spring collection he showed is sure to appeal to the loyalist camps around the country. Blass classics, like cashmere sweaters paired with taffeta skirts, lightweight wool suits in navy or eye-catching pink, and taffeta clutch coats over slim skirts, can't fail to please, while airy chiffon evening dresses offer just the right amount of flutter for formal events. Some of Vollbracht's reiterations looked more clunky than classic on the runway, and their appeal to the younger crowd remains to be seen. But as Blass himself said,  timing is everything,? and Vollbracht may just turn out to be right on target."
886,"Confidence, confidence, confidence! What a treat it was to see Stella McCartney in self-assured mode, her finger firmly on fashion's current pulse.  Gone were the tricky corsetry, the bland biscuit shades, the reworked vintage pieces of previous collections. Instead, McCartney sent out strong color aqua, spearmint, jade, lemon, pink and banished references to iconic designers' past hits, relying on her own keen sense of what makes clothes graceful and cool. For the former, there were the dresses suspended by superfine straps, and filmy skirts of petal-like chiffon layers, all artfully blown by wind machines as the models struck their poses. Hip was defined by a crème de menthe silk blouson, or the sharp, sexy pants that came with milky-colored chiffon tops hung from latex straps. McCartney licked the ballet trend currently pirouetting its way through Paris, with second-skin jerseys and knitted rib warmers over floaty minis. The accessories looked great too: flesh-toned, transparent-strapped shoes and metal-trimmed bags embellished with enamel stones. Those, and the delicate eveningwear embroidered and smocked with gold thread will have her fans in raptures next spring.  Back to the confidence issue. Could it be her recent marriage to Alasdhair Willis that has finally anchored McCartney's self-reliance? Whatever the reason, the Stella McCartney woman is no longer trying too hard. She's all grown up, and looks much better for it."
887,"Has quirkiness and nonconformity disappeared entirely from the fashion system? Not when you're looking at Italy's multinational Capucci project, for which Bernhard Willhelm (German-born, Antwerp-trained, Paris-dwelling) oversees ready-to-wear, Sybilla (Spanish) designs the once-a-year evening collection, and Franca Maria Carraro (Italian) does the shoes. For spring, Willhelm had fun with the Roman founder's extraordinary way with volumes.  I was playing with the idea of boxes last season,? he said.  This is sort of a continuation of that, but now I've added circles.? Lines of thick, wavy cord stitched onto the hems of short dresses were another, less conceptual borrowing from the archive.  The cutely eccentric flat shoes and a bright emerald plissé dress, whose ballooning sleeves were suspended from shoulder straps, made for the presentation's best moments. Willhelm's personal skew toward the eighties still comes through in an insistence on stripes and leaf-green shades. For curiosity value alone, the Capucci project is a line worth knowing about, but in actual fashion practice, these are strictly clothes for girls who will make their artsy way through the season, avoiding anything so obvious as a trend."
888,"It was the same runway in the same giant photography studio with the same top models strutting in front of the same audience all as in seasons past. But for the Spring show at Calvin Klein, there was one very large difference: That wasn't Calvin taking the bow. Last winter, the designer sold his company to Phillips-Van Heusen, stepped back from day-to-day design duties, and named Francisco Costa, an ex-Gucci designer, head of the women's collection. Cue lights?  Given the intimidation factor Klein observed the show from the sidelines it's not surprising that Costa played his debut on the safe side. The collection was very Klein in spirit, hewing to a palette of black, white, and warm brown tones with occasional shots of creamy orange and pink. There were elegantly limp knits in featherweight cashmere, viscose, and silk layered under leather jackets; crisp shirts billowing out over tiny shorts or slim tailored pants; and the kind of interesting details that Klein would have used to raise the occasional eyebrow (a lacy, laser-cut lambskin coat, a bright pink taffeta tunic dress, and clear Lucite pumps with neon-bright straps).  How much influence Klein still wields in the design room is unclear, but Costa seems determined not to veer too far from the founder's course. Then again, why mess with fantastic success? When the show closed with Natalia in a fluttery organza-and-tulle dress that was clearly related to fall's ruffled robes, it was far more homage than farewell."
889,"Until Sex and the City picks up for its final season in January 2004, those pining for a glimpse of urban glamazons can satisfy their needs by combing through Diane von Furstenberg's spring collection. Who knows better how to dress the Samanthas and Carries of the world but von Furstenberg, whose savvy at combining sex appeal with serious flair has made her a commercial force to be reckoned with (she's just added cosmetics to the DVF empire). As usual, her show pulled in an A-list crowd that featured Susan Sarandon, Tim Robbins, Lauren Bush, and T-Boz, along with regulars like Bianca Jagger, Marisa Berenson, and Anh Duong. This season, von Furstenberg and creative director Nathan Jenden were inspired by the original Sex symbol, the twenties flapper. They jazzed her up for the present day, though, cutting floaty chiffon dresses close to the body, cropping a tennis skirt into a mini (and producing it in perforated leather), and dip-dying a pair of white sailor's trousers in rainbow colors. The designer is known for her love of bold prints, and she sent out a baker's dozen, from abstract shapes to an Egyptian-inspired ibis motif. Of course, dressing for nightlife has been a top priority for the fashionably inclined of every era, so von Furstenberg provided a parade of gowns in body-hugging chiffons and slinky jerseys; perfect for letting the good times roll."
890,"Jun Takahashi showed his collection on pairs of identical twins: How sweet! Each sister act came out with matching hairdos and wearing different versions of the same outfit one playing it straight, the other a visual meltdown of the look, like a reflection in a fairground mirror. Takahashi worked his idea across a range of fashion standards, like sailor tees and khakis, white shirts and black pants, French trenches with Kelly bags, and American blue jeans and baseball shirts.  Shows like these are what fashion's cool-seekers come to Paris to see: ideas that make you smile, but also engage the brain. For all its surface innocence and playfulness, the Undercover collection always has, as its name suggests, a subtext. This season, the pacifist Takahashi weighed in on the origins of current world conflicts. On the soundtrack, John Lennon and the Plastic Ono Band raged against organized religion (""I don't believe in Jesus...I don't believe in Buddha"") while the twins massed together for a finale wearing T-shirts reading, ""Violence invites violence,"" ""Silly to kill,"" and ""Who wants to be a soldier."""
891,"Technically speaking, there was only one garment in Rei Kawakubo's collection: a skirt. Apart from the stocking tops used to veil the breasts from complete nudity, and the horned cloth headdresses, she showed nothing else. Not even any shoes. And in fact, with their bunchy forms, exposed ridges of raw seams, and absence of waistbands, they weren't even really skirts as we know them. Kawakubo said the show was about ""designing from shapeless, abstract, intangible forms, not taking into account the body.""  It was also about testing the concentration of the audience. The wandering imagination tried to seize on the source of Kawakubo's forms. Were those upholstery covers or curtains she had torn down to sling onto the hips? What was the provenance of those puffy petals of fabric with their occasional pleated underlayers? As an enforced twenty-minute meditation on a single piece of clothing, it was a puzzling experience way beyond the realms of any normal fashion show. Still, there is something in Kawakubo's out-there abstraction that weirdly parallels the obsession with circular skirts that several designers are currently exploring. Apparently, it's not really all she's designed for summer, either. At the end of the show, Adrian Joffe, Kawakubo's husband, was standing by with assurances that there are plenty of jackets in the showroom."
892,"Since half of Jill Stuart's SoHo shop is dedicated to the designer's vintage finds, it's no surprise that many intricate details typical of these pieces should find their way into her spring collection. This season Stuart traveled back in time from her fall show, a celebration of sixties style, to the twenties and thirties, with a strong focus on evening wear. Results varied from an overly derivative silver-beaded flapper dress to a scrumptious gown constructed from pink petals that, though vintage-inspired, looked perfect for right now. For day Stuart showed smart trenches, cut above the knee, in black and the peachy pink that is becoming a touchstone of the season, as well as tightly pleated minis in black and a red-and-blue floral that bloomed here and there throughout the show. Ribbons, ruching, and lace insets were among the many lingerie details that updated sporty pieces like bra tops, a pink sweatshirt/bed jacket (tied asymmetrically with a blue grosgrain ribbon), and the shrunken blue blazers that Stuart paired with shorts. For those in the swim, there were a variety of Hollywood-glamorous bathing suits with ruching, bows, and back zips that would look as good on the silver screen as they will poolside at the Chateau Marmont."
893,"For spring, Alber Elbaz abandoned his concern with intricate surfaces and dainty jeweling. Instead, like several other designers in Paris, he went back to the drawing board of couture fundamentals in an effort to pull something modern-looking out of old-school methods. His particular focus for Lanvin was seamless draping, possibly the trickiest of all technical challenges. Elbaz also grasped at the slippery subject of slinky, thirties-era glamour something that has emerged as a preoccupation of the season. Some of it worked, but not on every level. The designer wrapped satin and taffeta around the body, with the edges of the fabric tied in loose, flat bows or emerging as bustles, ripples along spine lines, or asymmetric flicks flying out from the side of a dress. To emphasize the flow, surface detail was limited to two devices for holding everything in place: strategically placed hooks and eyes, and flat metal snaps. Edges were left raw. The problem with this apparent simplicity is that it calls more attention to the aesthetic decisions made about color, accessories, and other intangibles of styling. Some of the dresses in silver or bronze sequins, with their twisted plunge necklines, looked effortlessly divine and right in step with the season. Ditto the pieces in lingerie-pale pink, coral, or peacock-blue satin. Yet Elbaz only demonstrated how hard it is to do charmeuse (and charm) when he brought on searing yellow, royal blue, or emerald, and his treatment of flashy gold sequins was equally jarring. What also escaped were crucial incidentals like footwear that can make a collection coalesce (knee-high black spiked boots, for example, clunked). Close up, there were many extraordinary items; but now Elbaz needs to mold and edit his technique to an image that's completely satisfying."
894,"Clements Ribeiro channeled the season's twin themes frilly vintage dresses and sailor-girl styling through a s ance with Wallis Simpson in her Cap Ferrat incarnation. Mrs. Simpson-gone-kicky wasn't a bad solution for reminding the audience of what the duo does best: striped cashmeres (the foundation of their business) and the reinterpretations of ladylike dressing, or what they call  clunky couture.?  The nautical stripes came in red-and-white sweaters and in chevrons of blue and white on neat, knee-length cashmere dresses. These were worn with summery faux-tweedy shorts, jackets, and trenches made out of painted linen, the models tottering on playful printed platforms. References to Simpson's taste for Elsa Schiaparelli's surrealist creations and her obsession with Cartier jewels were found in the circus-theme embroideries on burlap jackets, the patterns of hands and birds on silk or chiffon dresses, and the na've sequin brooches in the shape of dragonflies.  To their credit, the husband-and-wife team knows how to negotiate fashion history in a way that never looks overearnest. Their offhand way of dealing with prettiness and print along with some excellent striped beach bags made their collection a happy, nonchallenging addition to the outlook for summer."
895,"For Spring 2004, Behnaz Sarafpour jettisoned the sotto voce sweetness of her ladylike Fall line and replaced it with an aggressively sexy stance a change in direction so dramatic, it might provoke a few cases of fashion whiplash.  The opening look set the tone: Karolina Kurkova striding out in high heels, a tight topknot, and a short, snug, strapless black dress made from rib knit and patent leather. Sarafpour followed with more of the same, featuring pencil skirts with patent panels; skintight pants; and black blouson jackets cut to hit just below the ribs, all layered over knit tops. She wrapped satin bustiers over dresses and rib-knit tanks, and made short trench coats from slick white or black patent.  This designer has a witty sense of proportion, which showed up in pieces like the black satin camisole with a loose, loopy bow; the tiny boleros encrusted with big sequins; and the cheerfully chic, oversize gingham taffeta blouses. But when a lovely, body-skimming pink satin dress appeared on the runway, it seemed to have wandered in from a different collection entirely."
896,"How right it was that Christopher Bailey called in Kate Moss and Stella Tennant two exemplars of instinctive British style to show his most accomplished Burberry collection to date. ""I just wanted it to look as if it was thrown together,"" the designer said.  As if you'd been caught in the rain.?  Given that the house icon is a mackintosh, it was a stroke of genius for Bailey to build the collection around summer showers; the washed-out pastels and off-whites he worked into crinkled shirtings, gauzes, and leathers looked like they'd benefited from a good soaking of soft English rain. He opened with pinstriped shirting made into trenches, a bag and great skirts that dipped nonchalantly from a hip yoke, interspersed with the prettiest cotton tops and wrap dresses. Breezy shirtdresses and blouses were feminized with scalloped edges and embroidery, but never to the point of cutesiness. Bailey took elements of London's tomboyish street style a little skirt, a knit top, and the stringy college scarf he's made famous and made an outfit that would pass muster in any chic global capital.  As for the classic trench, it was cut neat and to the knee in delicious wrinkled putty-colored leather; transformed into a bolero with storm flaps; and reduced to a tiny silky capelet for evening. Splashed-raindrop prints played over coats, jackets, and swimwear as well as on the black-and-white wrap dress that Moss chose as her favorite piece. The classic plaid appeared too, on white-edged clutches and what else? a tightly-rolled umbrella. It's that kind of confidence to play with the signature looks that has this house thriving in an otherwise stormy economy."
897,"The whirlwind of London's designer hype traditionally starts in grungy East End underground clubs, the kind that get going way after dark and where only the young and brave dare venture. This season, Kim Jones was the name being tossed around by the seasonal cyclone. A menswear designer, it was rumored he had something new to say for women.  New or not, at least he has a fresh reference point: for his first women's collection, Jones incorporated aspects of nineties youth culture on top of the 1980's references already in heavy circulation.  Rave festivals that was when I first started going out,? he said, to explain the striped Peruvian fabrics that were spliced into a fifteen-look collection of cropped jackets, colorful curvy dresses, and ruched leggings that also invoked that other totemic figure of the season, Azzedine Alaïa.  Although all the women's pieces will be sold under the Kim Jones label, the collaborative-minded Jones didn't actually design the collection; that was done, quite openly, by his pal Marios Schwab, a recent Central Saint Martins graduate. Jones, meanwhile, concentrated on menswear ideas like making pants out of patched-together handkerchiefs. The whole endeavor has the authentic air of the amateur start-up that doesn't quite make sense or play by the rules. Partly annoying, partly intriguing; but then again, definitely on the radar for next season."
898,"Hamish Morrow gets fired up by the beauty of industrial processes, by the fashion possibilities of non-fashion materials, and by the kaleidoscopic wonders that flash across our computer screens. His Spring collection was inspired by hi-tech yachting tackle, and featured a piece of digital performance art by the team of Warren du Preez and Nick Thornton Jones.  What sets Morrow apart is his ability to translate all that up-to-the-minute experimentalism into sensuous, wearable clothing that respects couture values. The yachting hardware, like chunky ropes threaded through huge steel eyelets, literally anchored a collection that was otherwise light as a breeze in both form and fabric. Sport jackets made out of transparent gold nylon cellophane fluttered like tissue. Electroplated nylon was cut into iridescent tailored jackets, in indescribably subtle shades of metallic chartreuse or peach, light enough to crumple into the palm of a hand. Other jackets came with solid fronts, and backs made of sheer sports-style mesh ruched onto a strip of patterned material that followed the spine.  The whole collection, with its delicate colors, metallic effects, and rigorous geometry, turned out to have been made without a single stitch: Everything was pieced together via ultrasonic welding. That, of course, is a feat in itself, but here's the best thing: For all its amazing modernity, the show never tipped over into one of those all-too-painful exercises in intellectual avant-gardism. Morrow is one fashion boffin who also loves to dress women."
899,"Alberta Ferretti's slight, pretty collection confirmed her ongoing love affair with chiffon. Although the show opened with a full-skirted frock in cocoa satin smudged with a shadowy green rose print perfect for a royal garden party in the fifties Ferretti modernized the quaint vintage look with flat sandals and a tattered wisp of chiffon engirdling the waist.  It was a taste of things to come, as the designer brought on an endless parade of airy nothings in her fetish fabric, made lighter still with the raw, unfinished edges she celebrates. Angelic little dresses were composed of layer upon layer of mousseline, like a mille-feuille pastry; or sweetened with piecrust frills; or embellished with vertical panels that wafted in the breeze from the sun-dappled park beyond the tent's draped curtains. The audience seemed to be experiencing some collective déjà? vu, perhaps because many of these dresses so closely evoked the fey frocks with which the designer closed her diffusion Philosophy line earlier this week in Milan.  Although Ferretti's prints giant tone-on-tone blooms with a hand-painted feel, or marbled effects like the endpapers used by Florentine bookbinders were some of the subtlest of the spring shows, her palette conformed to the pungent color mix so popular this season. Layerings of cardigans or suede mod coats over diaphanous blouses and skirts produced arresting combinations like carrot and magenta, copper and amethyst, and peridot and cherry; and Ferretti saved the best till last with a dramatic finale of enchanting goddess gowns in ravishing Pre-Raphaelite hues."
900,"He's just great. His clothes are exquisite, raved Lee Radziwill, one of Martin Grant's more high-profile fans, who arrived at the designer's show (held in a cloistered courtyard) wearing one of his tomato suede jackets. It wasn't hard to see why the Australian designer holds such appeal for the likes of Radziwill; his collection was the epitome of chic. And though it might be ready-to-wear, every piece every stitch, even showed a zeal for the craft of couture. From the first anthracite satin minitrench to the knife-pleated Lurex skirts worn with backless chiffon halters or narrow crepe jackets with pushed up sleeves, Grant's clothes were impeccable. Yes, they're Park Avenue grand perfect for those polite ladies who never have a hair or hemline out of place. That's not to say they won't appeal to younger high-maintenance types too. It might be old-school technique, but the effect was dynamic and contemporary, without any need for gimmicks or fuss.  Backstage, the designer said the collection was inspired by his grandmother, who taught him to sew. ""Her thing was the shirtdress,"" he said. ""She always wore them."" His versions served as the bedrock of his collection, cut narrow, never tight, in long and mini proportions. But graceful glamour ended the show in the form of a strapless gown in wavy chiffon ruffles. If ever a Hollywood star needed some red carpet fashion credibility, she could do well to start here."
901,"Lightness, color, femininity, said Lars Nilsson, summing up a sweet debut collection for Nina Ricci that focused on wispy, weightless daywear. But wasn't Nina Ricci the sophisticated tailor of her day? Didn't she dress ladies of a certain age in classic suits? Nilsson, who proved that he could cut a mean jacket and pants during his tenure at Bill Blass, abandoned tailoring altogether for his summer statement, save a single black wool gabardine jacket worn with knitted shorts. ""I was after something more sensual,"" he explained.  Hence all the super-delicate lingerie slips and bra tops with spider-web lace or tulle inserts that came with Bermuda shorts, flippy skirts, and silk blousons. The colors lemon, tangerine, almond, mint were delicious, especially when they sparkled with Lurex thread or were embroidered with transparent beads. And the dresses, from chiffon confections sprinkled with bows to slender jersey tanks, were perfectly in tune with this season's passion for all things pretty.  The purposeful femininity was no doubt intended to stamp the Nina Ricci brand with a strong, and much needed, sense of identity. But the collection overall was too floaty, and more tailoring might have anchored it better. We'll just have to wait until fall to see how Mr. Nilsson cuts his trousers."
902,"As Four are almost as well known for their lifestyle (they share a communal bed in a silver-painted loft) as for their innovative silhouettes. Hard-to-miss and easy-to-love regulars on the New York City party circuit, Adi, Ange, Gabi, and Kai showcased their singular vision in the Bryant Park tents for the first time this season.  The design collective conjured a fairy-tale world, with a Ben Brunnemer soundtrack that ranged from Nico to break beats and a palette that mixed gold, pastels, and jewel tones and was embellished with amoeba-shaped paillettes and appliqu's. Despite the copious amounts of Swarovski sparkle, however, shape was the most dazzling element of the show, with garments slinking, slithering, and blooming around the body in feats of engineering that recalled Paul Poiret's famous lampshade dresses. Pants were rendered in infinite variety enlivened with zips, twists, insets, and asymmetries while tunics, jackets, and accessories took on an array of extravagant, organic forms. The over-the-top quotient was certainly high, but there were also plenty of wearable pieces among the Arabian Nights  style fantasy. The exotic appeal of a headdress hung with tear-shaped panels that functioned as a top, for example, was tempered by the almost classical restraint of a pleated, toga-style dress.  The closing look, a fetishlike gold bodysuit that extended to the face and feet of a model who was leading (or being led by) As Four's pit bull, Powder (in matching gold capelet), proved a fittingly gilded end to a show that evidenced the group's Midas touch."
903,"Schoolgirlish jokes are to Moschino what knits are to Missoni or psychedelic prints to Pucci: the core of its brand identity. This season the goofing around started with a rusty brown coat masquerading as a door complete with panels, brass knocker, and house number worn open over a bikini, with fluorescent over-the-knee stockings and satin wedges. From there the collection played a kind of sophomoric peekaboo with surrealism, referencing Dali (lip prints on silk dresses), Elsa Schiaparelli, and Christian Berard (pink georgette scarf-printed gowns).  For those who still didn't get it, cotton underwear graffiti'd with slogans like ""too haute to handle"" (bada-boom) signaled to the general theme of messing about with the icons of Parisian couture. Chanel-inspired jackets had fringes clanking with plastic beads in hard-candy colors; fifties style strapless tulle evening gowns were encrusted with safety pins or enamel badges to mimic embroidery. Some of the gags were misjudged, like a reprise of punk (not that old chestnut again!) and the use of far too much black to be funny. But there were plenty of pieces that toyed with summer's trends in a way that won't make Moschino shoppers feel they're buying into a complete joke."
904,"Scottish-born designer Jonathan Saunders is one of the freshest discoveries on the London scene, having graduated from Central Saint Martins a mere three years ago. For his second collection, he tapped into the current feel for zingy colors and prints, wrapping delightful, intricately engineered patterns around Alaïa-inspired stretch pieces and cutting printed chiffon into deliciously feminine little dresses.  Saunders referenced M.C. Escher, the Italian thirties futurist Vasselli, and nineties rave culture, mixed them into a vivid palette of clear blues, greens, yellow, orange, and violet, and emerged with a look that could only have been imagined by a child of the digital age. His taut, strapless all-in-ones and tube dresses featured complex geometric patterns, ombré shading, and graphic lines which broke into different configurations as they ran over each zone of the anatomy. Those simple, lithe shapes, partly derived from dancewear, were counterpointed by floaty dresses caught into beautifully pintucked bodices or full skirts gathered onto jersey yokes. Saunders's talents as a colorist and pattern-meister are already being tapped by the major labels; his contribution to Alexander McQueen's stunning bird-of-paradise prints of last summer have since earned him consultancies at both Pucci and Chloé. But with this young, vibrantly modern collection, he's on the brink of winning well-deserved recognition in his own right."
905,"For me, spring/summer is always about happy, merry clothes, said Andrew Gn, practically an understatement given the powerful, punchy prints polka dots and blossoms galore that bloomed large throughout his collection.  Out trooped his ladies, ? la Catherine Deneuve in Belle de Jour  all shades and chignons, patent heels and lashings of scarlet lipstick to the sound of Annie Lennox belting out: ""I was born an original sinner."" Things started out prim with polite cotton coat-dresses, their seams traced with ribbon, then got naughtier thanks to pleated minidresses in red, lilac, sunflower yellow, and coral. But Gn really hit his stride with outfits that combined his exceptional sense of print, color, and decoration. A red polka-dot shirt, say, was worn with a circle skirt (fast becoming the piece of the season) boasting great bunches of hydrangeas; there were silk jackets bursting with roses, ruffled shirts dappled with daisies, and jackets that buttoned with fluttering poppies.  Spectacular crystal and glass creations by famed costume jeweler Robert Goossens contributed to the already vibrant mix: glossy belts, dramatic bracelets, and necklaces holding up pretty halterneck dresses. Wear Gn to a summer garden party? Absolutely if you want to see heads swivel in your direction."
906,"Womenswear has been creeping gradually into Rachel Comey's growing men's line, finally reaching a critical mass for Spring 2004. In keeping with her now-dual focus, Comey (who also designs costumes for New York's punk cabaret Gogol Bordello) opted for a straightforward runway show instead of her usual theatrical installation. Held in the outside promenade of New York's Flatotel, it still had the dramatic flair that Comey's enthusiastic young following has come to expect.  The first women's exit was a little black jersey dress, constructed in layers, with crisscross ties and finished at the end with silver caps. Cut close on top, it was loose and forgiving at the bottom. Another black dress of tiered, crinkled chiffon, with a pencil-sketch print done for Comey by Clay Weiner, exemplified the ""decorative but not too flashy"" feeling she was aiming for. Most of the pieces she showed were designed, Comey said, as being ""airy, light, and daytime,"" which translated into an abundance of smart separates: tank tops worn under printed chiffon tops; a pencil skirt worn with a swingy, sharp-shouldered jacket; reversible blousons and shorts; and a lilac jacket with rip-stop nylon detailing borrowed from her sports-themed menswear. The overall mood was pure summer, and the collection full of confident, easy clothes for cool customers with discerning eyes."
907,"When the fashion chat is all about the ""new ladylike,"" it's not hard to give in to the methods of seduction Valentino has perfected. He's had ""lady"" down pat for years for the genuine ones of the yacht-owning class, that is. His Spring collection covers the waterfront for that society, and those who aspire to it.  Valentino knows exactly how to translate this season's messages about lace and lingerie into infinitely fragile corseted dresses with gently falling frills. How to tie up a little rose chiffon dress with a lavender ribbon. How to decorate a summer suede jacket with a smattering of sequined bobbles, and fashion a suit out of the lightest, palest liquid satin. Get him on the subject of nautical, and he will show (on his friend Naomi Campbell, no less) how pristinely perfect something as simple as a pair of white sailor pants and a navy silk sweater can look.  There was also a theme of butterflies flitting through this collection in prints, on canvas day bags, belts, and hair ornaments, and set into the clasps of metal mesh evening purses. It all looked romantically pretty in the just-so mode that his clients adore. Yet the applause for this show was for the ultimately feminine evening pieces that appeared in his finale: an extraordinary turquoise draped jersey goddess dress, and a single, brilliant red chiffon ruffled gown, short in front and trailing out behind. It's the stuff of fantasy, certainly. But in Valentino's world, it's also the reality that will keep his many fans coming back for more."
908,"When Marc Jacobs is on form at Louis Vuitton, he can make clothes so effortlessly, eclectically right that it leaves the audience tingling. In a season when old-time movie glamour, an adoration for saturated color, lovely textures, and glints of glitter are the materials of a woman's fantasies, Jacobs had the last word on making all of those work every day and every night, for that matter.  The sensation started the minute the auditorium darkened; music pumped and a projection of an LV monogram covered the entire space including the figure of the first advancing model. She was wearing an absinthe draped silk top with a little silk crepe de chine peacock-blue skirt and a pair of suede platforms, carrying one of the neat new LV monogrammed bags (this season, its chunky straps are picked out in juicy colors or gold). Jacobs worked to bring an antique richness to the clothes by using panne velvet, pressed sequins, and gold and silver lamé, but it never became overdone or literally vintage. The sequins could turn up banded onto a wear-in-the-street glazed linen trenchcoat, the gold lamé made into a cute blouse/jacket too great to save for special occasions. With the inclusion of pieces like Clam diggers and sailor pants for practicality, and items like small decorative dresses, tap pants, and a pale Lurex swimsuit for insane temptation, it was a collection that gelled all the elements of the way a young woman wants to look and feel.  That is Jacobs's knack, although at Vuitton he generously reflects accolades back on his hip behind-the-scenes team. ""It's the things we like playing with, our favorite things,"" he said afterward. ""But it's always about our favorite things of the moment."" Sometimes the best collections happen when designers don't torture themselves to make a statement. This season, fashion is essentially about nothing more cerebral than finding a way to feel and look happy and Marc Jacobs nailed it."
909,"For spring, Jean Paul Gaultier reprised a few of his favorite obsessions themes he's been toying with since the eighties when he was first dubbed an enfant terrible .  His chief fixation, of course, is the corset. Incredible, really, the mileage he's gotten out of a single garment. More remarkable still is that it continues to thrill and inspire him. But this time around, the effect was more sculptural than Madonna-sexy, with jackets that sucked in the waist and skirts that clutched the behind, all lashed with intricate lacing. It was great to see this masterful couturier use his infinite skills in the ready-to-wear line although at times, the very structure of these exquisitely crafted pieces seemed a little out of step with a season bent on floaty sweet nothings.  Gaultier got around that conundrum with his saloon girls who sported frothy chiffon dresses beneath their corset casings, or long, languid aprons with their flashy-colored cowgirl boots. There were a few punks too, sans corsets, seemingly tattooed with his trademark body stockings worn beneath wafting parkas. And, as ever, the designer issued his masculine/feminine tailoring. Nobody does an ivory pinstriped suit, or a corset, for that matter, quite like Gaultier."
910,"He's not just a one-hit wonder, after all. In a lovely and lively Spring collection, Zac Posen showed he can move beyond the hourglass diva dresses and turn out some seriously pretty clothing.  Posen's whole silhouette eased up as he worked in lighter fabrics like charmeuse and chiffon, and in a classic pastel palette of lilac, petal pink, pale green, and shimmery gray. Skillful tailoring showed up in short jackets artfully seamed to curve in at the waist, and a delicate touch was apparent in pieces like a halter dress suspended from a single, thin twist of fabric. Still in evidence were handkerchief-point hems on a few short dresses and skirts, as well as a few of his signature mitre-stripe gowns. It's clear that Posen has been taking notes during his many appearances on the social circuit: His eveningwear, like a silvery sequined dress or a flame-red chiffon gown, will certainly delight the cocktail-and-gala crowd. And indeed, the whole show had a distinct sparkle, thanks to the $30 million worth of Harry Winston gems (on loan, of course) the models were sporting.  Lest his audience might think he'd lost his costume-y sense of humor, Posen also sent out two dangerously flammable outfits made from raffia inspired, perhaps, by the wild Philip Treacy wigs on show at Manolo Blahnik's current New York exhibit."
911,"For his secondary line, Marc by Marc Jacobs, the designer habitually and joyfully recalls a time and a place most people are glad to forget: the hallways of Public High School U.S.A., circa 1979. Some seasons he re-thinks the clean-cut preppy set, while other times he zeroes in on the social fringe. For Spring 2004 he conjured tough boys and bad girls, the kind who get suspended for smoking and who put together their wardrobes from the army-navy store and the bins at Goodwill.  To a headbanging soundtrack (with the volume turned up to 11), Jacobs sent a torrent of punked-out girls and guys racing down the runway in his trademark, casually assembled collages. The first look included satin hot pants, layered T-shirts, a big canvas ballet bag, a trailing scarf, and a pair of sparkly combat boots. In contrast to the controlled palette and minimal adornment of his main line, Jacobs let loose here, mixing blue, pink, green, orange, black, and gold in a single outfit, and piling on scarves, bags, silkscreen patterns, embroidery, and lots of tiny pins. Under his masterful direction, it all looked cooler than cool. More importantly, his signature combinations included plenty of great pieces for grownups: slouchy cotton twill trousers, pretty floral dresses, skimpy ribbed T-shirts to wear under an artfully beat-up denim or corduroy jacket. But as fertile an inspiration as high school clearly is, wouldn't it be nice to see what Marc would look like if it grew up and went to college?"
912,"Like planets orbiting the sun, trends are constantly circling the fashion universe, and lucky is the designer who happens to be in the right place when his stars align. Brit favorite Matthew Williamson, who has been doing colorful and sexy his whole career, is perfectly positioned to enjoy the swingy, tropical feeling and lingerie-infused moments that are dominating New York's runways.  That's a good thing, since Williamson, whose first flagship store will open in London next year, would probably rather die than do, say, careerwear or minimalism. His opening outfit summed up his  where's the party? attitude: a crisp white trapeze coat and a pair of jeans ornamented with tiny pompons on the back pockets. The whites, and some soft gray corduroy, were a foundation for a collection bursting with colors like cobalt blue, pink, and purple, as well as prints (especially a vivid peacock motif) and embroideries. The designer used chiffons, satins, and bold Jacquards to make butterfly-sleeve tops, cowboy shirts, and trim, decorative coats, and gave a few of his models big snakeskin satchels in what else  metallic lamé. (The same material showed up in his shoes, Williamson's first foray into footwear.)  There were a couple of questionable pieces, like the poorly constructed embroidered dresses that closed the proceedings. But overall, Williamson provided plenty of choices for society girls and celebs (like Mischa Barton of The O.C. , seated front row) to wear out on the town."
913,"Alice Temperley is London's answer to Zac Posen, in female form: an out-of-nowhere designer who has already gathered an adoring posse of young socialites, fashion eds, and models who whip around town, flipping their pastel-hued, scallop-edged hems and passing on her name with delighted sighs.  Starting from her Notting Hill studio, Alice has grown and grown, almost entirely by word of mouth, to the point where she's recently been able to open a  private dressing showroom? in a Soho loft. She makes dresses for urban nymphets who like liberal sprinklings of ruffles and fairy-dust sparkles in their midsummer night's party-hopping wardrobes. Come spring, they'll be calling Alice for an appointment to riffle through a vaguely thirties-cum-fifties collection that she describes as having been inspired by a James Thurber story about a princess who asked for the moon. Decisions, decisions! Will it be a rose-pink chiffon dress with ivory, crystal-beaded French lace at the shoulders and a ribbon tied in a bow at the waist? An innocent white eyelet gown with an aqua lining peeping through? Or that mouth-watering, full-length lingerie dress in palest mango sorbet chiffon with a cutout lace bodice? Whichever they choose, this is a collection that has no pretensions about altering the path of fashion. Temperley's clothes will never cut it with London's serious avant-garde, but rather will waft along effortlessly on the young lady-like breeze that's blowing through spring and manage it with a lot of charm."
914,"Forget last year's fierce, sci-fi/medieval maidens; they're history. Now that fashion has turned 180 degrees away from winter's aggressive, angst-ridden armor, the ever-quixotic Karl Lagerfeld has gone back to the drawing board to sketch an alternative version to summer's main theme of softness and femininity.  The collection was informed by the idea of circle-cutting, which showed up in the construction of jackets with flounces emphasizing the shoulder line; in petal-shaped skirts; and in cummerbunds. Lagerfeld traced out that soft geometry with contrasting piping, making clothes with an experimental feel that somehow also evoked the work of Bill Gibb and Jean Muir in 1970's London.  Focus at Fendi is always on showcasing the company's state-of-the-art developments in treating fur and skins. The latest how-did-they-do-that technology has produced an extraordinary transparent leather and a perforated ultra-fine suede, both of which trick the eye by narrowing the distinctions between fabric and animal by-product. It wasn't all about science, however. Lagerfeld wrapped up the show with some cloudy, watercolor chiffons that floated on the general breeze of the summer trend."
915,"It would be all too easy for the soft-spoken femininity that's dominating New York's spring collections to go wrong. A little too much lace, a few too many bows, and poof! sugar has turned to saccharine. In one of the season's more refreshing collections, Max Azria demonstrated a sure hand with the trend, showing a distinctive, individual take on what's becoming well-trodden terrain.  Instead of the same Easter-basket pastels, Azria chose an unusual palette featuring a twenties color scheme of deep rosy pink, aquamarine, pale chartreuse, black, and ivory. He added big floral prints reminiscent of Dagobert Peche's Wiener Werkstätte designs, and balanced retro-looking fabrics like lightweight cotton voile and washed twill with modern nylon and Lycra blends. The silhouettes were clean and easy: A-line dresses that skimmed the body, cropped pants, short jackets with three-quarter sleeves, and thigh-length coats.  Azria delivered charm aplenty particularly via the tiny ruffles that he stacked on the pretty bikini tops and bottoms, scattered on a minidress, and used to line the edges of a camisole neckline or hem a pair of Clamdiggers. Like a good cook with a tricky recipe, the designer knew just when to stop fussing with his fashion."
916,"Packed onto metal bleachers, waiting late into the night in a sweltering auditorium, fanning themselves with damp program notes it would have taken quite a presentation to lift the weary spirits of the audience members at Marc Jacobs. Instead of rousing the crowd with a high-energy sequel to his color-packed, tightly constructed Fall show, however, Jacobs soothed the savage mood with a sweet confection of a collection, full of pretty clothes and gentle colors. It didn&'t hurt that the first model out was the rarely sighted Gisele (greeted like a returning rock star), or that Beyoncé was on the soundtrack, or that the clothes were easy to like. Jacobs started his design career at Perry Ellis, whose insouciant take on sportswear and relaxed tailoring defined an era, and tonight he scattered references to Ellis throughout. Loose, menswear-tailored linen trousers and rolled-up seersucker shorts were worn with soft ballerina-wrap cashmere sweaters, or striped silk shirts feminized with scraps of ruffle. Deep-blue chenille was knitted wittily into  denim? jackets and coats, sometimes worn with slim cropped tuxedo pants. Of course, there was plenty of present-day Jacobs, too. Lovely floral sundresses came in pinks and aquas, panne velvet skirts in muted blues and greens. There were gauzy sheer dresses with pintucking and stacks of rough-edged ruffles, a wonderful gilded trench coat, and a few saucy, sequined minis. And when Gisele closed the night in a swishy pink gown, the roar of applause showed that all was forgiven."
917,"Kenneth Cole opened his Spring 2004 fashion show with a short film that celebrated his twenty years in the business. Most of that time Cole was solely (pun intended) a shoe designer, but in recent years he's been pushing into new categories, like fragrance and fashion.  For all his tongue-in-cheek advertising, Cole doesn't fool around when it comes to fashion. His customer wants moderately hip, uncomplicated clothes, which the designer provides by putting a fresh twist on reliable classics. Last season, he was squarely in the mod camp; for Spring, he went over to the preppy side, showing big V-neck sweaters layered over crisp white shorts and worn with slim trousers or Bermuda shorts. Colors were neutral and muted shades of gray, taupe, khaki, white with an occasional splash of canary yellow or cobalt blue. Some charmeuse minidresses added a touch of glam, but for the most part it was an appealingly practical collection."
918,"Olivier Theyskens is blessed with a rare romanticism, shot through with an almost invisible thread of something darker. For Rochas, he gathers up the lace, taffeta bows, silver lamé, delicate pink silks, and roses of old-world couture, and re-presents them as a modern bouquet an offering to girls who have never seen prettiness through the eyes of one of their own generation. ""I didn't want to do a sexy siren,"" he said. ""Not trendy, not street, but something like a goddess from another world.""  That vision translated first into black lace, covering silver-gray suits with bolero jackets over short, slightly flared high-waisted skirts. Then corsetry came into play, exposed in swooping cutaway necklines beneath suits or structured into strapless dresses. All the while, he worked with tiny decorative edgings and frills, introducing oval lace insets (he calls them ""cocoons"") that finally took over as the pattern dominating a few grand evening gowns.  Although Theyskens respects beauty and rejects the shock tactics, irony, and edginess of a previous generation, there's something febrile in his imagination, too. The structure of his clothes was inspired, he said, by the work of Aloise Corbaz, a schizophrenic 1920's outsider artist who painted naïvely magical figures of women in breast-exposing dresses. That strange undercurrent didn't prevent him from sending out a couple of voluminous tulle wonders that will walk beautifully on any red carpet. But it adds to the sense that this young designer is capable of skewing the apparently conventional in a fascinatingly different way."
919,"Roberto Cavalli opened his latest extravaganza with giant screen projections featuring fast-paced stills and video clips of Cher, specifically her wild seventies moments. The throbbing momentum of movie and soundtrack was so dramatic that it came as a crashing anticlimax when the diva herself Cavalli's muse of this and many another season did not appear on the mirrored runway. And for all his devil-may-care bravura Cavalli seemed to find the arch, razzle-dazzle couture of Bob Mackie, who created Cher's most eye-popping looks, equally elusive.  Nonetheless, prints, brilliant color, and cabaret sparkle are all big news this season and Cavalli had them aplenty; his heady mix even included raunchy rodeo queens in tiny python jackets with rhinestone-beaded yokes or finely-chiseled leather chaps. Skin-tight cowgirl shirts and hourglass dresses featured prints of swirling pheasant and guinea fowl feathers often embellished with the real thing or of frenzied kaleidoscope effects that evoked Pompeian tiled courtyards. Cavalli also tapped a softer side of seventies fashion with sexy, layered, drifting chiffon print dresses that recalled Swinging London designer Ossie Clark (who's currently being celebrated in an influential exhibit at London's Victoria & Albert Museum).  A fussier side of evening was revealed in deftly draped gowns with elaborately structured bodices that had the come-hither appeal of saloon gals in a fifties spaghetti western. Subtlety has never been Cavalli's forte how about a spotted cat jacket with diamond cutouts for an airy summer effect? and somehow his floor-length pieces, slashed and bared as they are, reveal more than most designers? swimsuits. Overall, his flamboyant results an ivory goddess gown seemingly held together with threads of crystal, or midriff-baring costumes with skirts of ostrich pompons ended up looking more Vegas showgirl than Cher."
920,"Let's start with the ending, since it was so great: a stage full of sparkly, colorful, drop-dead Hollywood gowns, the likes of which most designers in Italy have neglected to mention this season. Beyoncé Knowles, in the front row of Dolce & Gabbana's Spring show, hyperventilated at the sight of Naomi Campbell swinging around in a mini showgirl number done entirely in spangled strands. ""Oh, I'd like the occasion to wear that!"" she exclaimed afterward.  The rest of the going was just as good, a lighthearted tiptoe through a myriad of fifties- and sixties-era summertime references. Lilly Pulitzer-meets-Pucciesque period prints (with a bit of pop art thrown in) came jumbled up in a melee of little suits, lace coats, and gorgeous georgette beaded cardigans. But don't expect ladylike from the D&G boys. Their girls can't live without the opportunity to show some leg (preferably smothered in printed tights), and when they get into those curvy, lacy dresses, it's safe to assume their flowery underwear will find a way to flash out somehow.  Still, this is a lightened-up collection in one sense. Gone were the aggressive, punkish, oversexed elements Dolce & Gabbana often throws into a show. (Even the signature black corsetry has been retired for the summer, turning up only as a token in crystal bands on pink.) They weren't missed. What's left is a slew of delicious separates that fit perfectly into the realm of pretty individualism everyone will be aiming for next summer."
921,"The season is shaping up to be a pretty one, full of floaty dresses, fizzy prints, and eye-popping color. But trust a Belgian or, in this case, a Belgian-trained, Colombian-born Frenchman to deliver a more austere approach to spring/summer.  Despite the stark palette of petrol blue, graphite, black, and white, Haider Ackermann's collection was both light and desirable. His inspiration? ""The street,"" he said simply. ""And elegance."" For the former, read sporty perforated synthetics cut into skinny racer-back vests and harem pants. And for the latter? That would be any one of his dresses an effortless, elongated blue sweater, say, or a sinuous gray jersey wrap-over style.  Although Ackermann did veer down a few mean streets with his trickier pieces softly strapped bondage trousers, tough black leather shorts, and a number of raw-hemmed pencil skirts he never hit a dead end in a collection that was cool and surprisingly graceful, albeit with a dark soul."
922,"Ralph Lauren sets out to beautify his customer's life without complicating it, and that philosophy has served him well; his far-reaching lifestyle empire now brings in about $2.4 billion a year. With his confident, colorful Spring collection, Lauren once again demonstrated his time-honored skill at balancing classic sportswear with a sense of luxury.  He started with a group of cream and black pieces inspired by the athletic life. There were tennis-flavored dresses, one in white silk with a polo collar and a swingy pleated skirt, another inspired by the classic cable-knit sweater with a plunging V-neckline; a pinstriped baseball jacket worn with a matching pencil skirt; a sequined varsity cardigan; and a sexy white silk gown with a silver mesh racer back that suggested fencing gear. Lauren cuts a great jacket, and there were plenty of terrific options in black silk stretch or white cotton, with nipped waists and a bit of flare over the hips to emphasize the female form.  For the second half, Lauren exploded into color, assembling tropical hues of violet, lime green, yellow, pink, and fuchsia and sending out classic man-tailored pantsuits worn with vivid contrasting cashmere sweaters and georgette shirts. The designer ended with a handful of utterly simple, perfectly cut liquid charmeuse gowns, in bird-of-paradise colors guaranteed to intoxicate."
923,"Michael Kors must spend an awful lot of time seeking out inspiration at the beach because, when it comes to designing summer clothes, that's where he always seems to be. For his eponymous line it was Capri; for Celine, it's Tahiti. And very Gauguin it was too, with great hibiscus blooms, pampas grass, and yucca leaves covering everything from skintight jeans to silk shirts, swimsuits, and trailing head scarves.  Tanned bodies were dripping in gold from the earlobes down: gold purses, gold shoes, you name it. That was the Monte Carlo effect another muse of a beach for Kors. It's easy to imagine those healthy-wealthy ladies of Monaco decking themselves out in gold-chain prints with lots of matching accessories; perfect for a night in front of the roulette wheel at the casino.  No one can deny this designer's gift for polish, nor his flair for optimism. As the last fleet of models strutted their stuff in dresses of hot pink, turquoise, black, and white columns suspended from chain-embroidered bodices, one couldn't help but smile. It was a fun trip, but since this is Kors's final collection as the house designer, it's anybody's guess what Celine's next stop will be."
924,"Pretty may be the trend for spring, but it's nothing new for Vera Wang; she's made a career of unfussy elegance. Her latest collection, full of lovely, understated separates and drop-dead gowns that are red-carpet ready, showcased her undeniable skill.  She touched on the season's mood with stunning jersey goddess gowns in rich green and brilliant red that worked as perfect foils to Wang's diamond jewelry. The twenties feeling came up via cocktail dresses embroidered with scallops of gold thread and, in one example, embellished with a tart chartreuse ribbon. The slightly raised waistline that she used throughout the collection even a snug navy coat had a high belt at the back referred to a gentler, more ladylike era without ever getting sentimental or overly retro. In fact, Wang knows how to keep it modern, too: She paired a classic smoking with the most feminine tops (think pleated tulle, embroidered net) and beautifully-cut tuxedo trousers, a totally contemporary look that provided the perfect balance to her plethora of charming party dresses."
925,"Curiosity over the lines of succession at well-established houses is becoming one of fashion's favorite preoccupations. What happens when a designer reaches a point in life where stepping back seems only natural? And how can a label be injected with new energy, without losing its singularity? Mariuccia Mandelli, who is still very much hands-on in her own design room, has called in the London designer Hamish Morrow to work through those questions over the last two seasons at Krizia, and she clearly has confidence in his talent; at the end of her Spring 2004 show, she brought him out in front of the audience to take a joint bow.  Leafing through the results of their collaboration backstage, Mandelli pointed out the ""sport chic"" elements that made it into the collection. Morrow, who has his own fledgling line back home in London, is a modernist with an interest in technical fabrics, and his hand was evident in details like leather parachute harnesses on dresses and swimwear. His eye for bright, slightly jarring color combinations showed up, too, in tonal placings of shades of green, orange, and yellow. Mandelli also drew attention to the high-tech materials that can only be produced in Italy modern luxe inventions like steel gauze (made into light, crinkly trenches and jackets) and washable leather, which Morrow used for biker pants. White leather zippered bodices and body-hugging dresses, meanwhile, projected a souped-up sexiness rather than Morrow's instinctive taste for abstraction. Only time will tell whether this relationship will ensure a sound future direction for the house. But it's certainly an interesting start."
926,"It may have been gray and muggy outside, but inside the Bryant Park tents at Carolina Herrera's spring show it was all blue skies and lavender-scented Mediterranean breezes. Inspired by the languid, light-soaked Riviera photos taken by Jacques-Henri Lartigue at the turn of the last century, Herrera sent out a dreamy, pretty collection with full-spectrum appeal.  There's a new team in the Herrera office, since earlier this year the designer named her daughter Patricia Lansing as designer and Herve Pierre Braillard (ex-Bill Blass and Vera Wang) as design director. Herrera's trademark elegance is still the guiding force, but there are other influences as well, offering a lighter, sexier feeling with occasional sporty accents. One key piece was the racer-back tank; it opened the show in sheer ivory cashmere, went through a series of embellishments, and ended up black, beaded, and paired with a floaty ivory georgette skirt.  The palette was limited but not dull: Ivory and black were set off by pale pink, a rosy brick, and shots of lemon yellow, plus a few meandering abstract prints. Fluttery chiffon and slinky jersey dresses were often topped by crocodile link belts or trimmed with wide striped ribbon, while smart, slim day suits got a dash of contrast topstitching. Even without Biarritz on your itinerary, this collection will guarantee you a place in the sun."
927,"How does she do it? Sonia Rykiel's collection managed to be both a recap of her greatest hits and yet still look fresh and in sync with everything currently hip in fashion. From her trademark skinny rib sweaters in multicolored bands worn with fashionably short microshorts to her signature floaty dresses (this season dappled with poppies, stars, and pansies), Rykiel was right on target. Ditto her quintessential black tailoring but then long, lean, and languid never really goes out of fashion.  What's most extraordinary about this defiantly young-spirited woman (now in her 70s) is her passion for sexy clothes that never dip into vulgar. That's true even for pieces like the mesh black body stockings decorated with Rykiel's beloved crystal and presented so nonchalantly (one with a built-in G-string!); they looked like something a trapeze artist at a racy Parisian circus might wear.  Given Rykiel's frank enjoyment of the sensual, it seemed only fitting that she'd share it with her audience. For the finale, she sent out a troop of handsome men to spritz the air with her new scent, Rykiel Woman and then let her bra-clad models smooch and canoodle with the boys. Now here's a woman who has perfected the twin arts of nice and naughty."
928,"On the heels of his all-black winter show, Luca Orlandi fervently embraced femininity and Mediterranean-inspired color for spring. His aim, he said, was ""to create the effect of a summer dream,"" and the music? Love to Love You Baby mixed with Vive la fête and some steamy, heavy-breathing numbers made it clear exactly what kind of reverie the designer had in mind.  Orlandi's lingerie-inspired collection was worn by bed-headed models who heated up the runway in peach-colored silk satin tops, skirts, and jackets that were ruched, strapped, and corset-laced every which way. (The most interesting variation on the theme was a shrunken cap-sleeved, ruched leather jacket worn by Alek Wek.) There was no shortage of South Beach-ready club wear, from skin-baring, open-backed tops and halters paired with flowing silk pants, to the pajama-style jumpsuits which closed the show. Orlandi also nodded to the goddess look, offering long jersey dresses like a one-shouldered piece worn by Oluchi. For those who like it hot (the audience included T-Boz, Seal, Tweet, Ingrid Casares, Garcelle Beauvais, Roberto Cavalli, and Anthony Kiedis) there was plenty to applaud."
929,"Call it a case of around the world in eighty looks well, not quite the entire eighty, but when you've checked off the matador, the cowgirl, the saloon-bar floozy, the geisha, the boxer, the Scottish lassie, sailor, cheerleader, boxer, surfer, biker chick...you get the picture.  D&G's cheerful travelogue, with its playful diversions into uniform, sportswear, and even outer space (one model gamely walked with a spoof Perspex fishbowl on her head), was all about making the sexiest, tightest, and most colorful clothes possible. With its cartoon-ish, pinup flavor, this was most certainly not a collection for fashion intellectuals; but when you're having this much fun, who cares what the eggheads think?"
930,"Badgley Mischka is sure to see some of its designs show up at the Emmys this weekend, but its star-studded show was a performance in itself, with dueling photographers nearly coming to blows over access to Bebe Neuwirth and Cynthia Nixon in the front row. The Trumps (Blaine, and Donald with Melania) were also in attendance, along with Kelly Klein and Toni Braxton; but the jewels in the crown (and how they sparkled!) were Beyoncé (in a floral-print bustier with rhinestone beading, and chandelier earrings) and Jay-Z (tee, jeans, and Nikes, plus a serious gold watch).  Mark Badgley and James Mischka's inspiration was Maggie, the character played by Elizabeth Taylor in Cat on a Hot Tin Roof , and music producer Javier Peral spliced sound bites from the movie into a mix that also featured Marilyn Manson and Goldfrapp. The clothes, however, seemed more suited for a Russian princess with a fondness for Faberg , dripping as they were with pearls, beads, sequins, and all matter of glitter a kind of tribute to craftsmanship over subtlety. Some of the prettiest looks were the most restrained, like a washed chiffon gown in a color described by the program notes as  thistle? and the georgette dresses in Easter-egg hues that closed the show. The stand-out piece was a white frayed chiffon dress that gave the effect of ribbon-like strips woven together by tiny, magic hands.  When Donna Summer's Working the Midnight Shift came on the soundtrack ( I'm just a working girl, just earning a living working that midnight shift for that extra little something ) it offered a tongue-in-cheek take on a collection aimed at celebrities whose job it is to look good on the red carpet. Nice work if you can get it."
931,"With their slinky, striped knits, knotted-string halternecks, frizzed-out hairdos, and wooden platform sandals, the girls at Missoni might have been having a flashback to the 1970's. And why not? That was the decade when Tai and Rosita Missoni first made big news, and this show was an emotional celebration of their multicolored fifty-year run as one of Italy's most-loved family businesses.  The Missonis? daughter, Angela, has carried the company's obsession with zigzags, chevrons, and stripes to a new high. Her delicately playful pop animal prints, swirly art nouveau derived patterns, and flaring vertical lines all controlled by a slim, body-conscious silhouette make for an amazing spectrum of separates, dresses, and utterly desirable cutout swimsuits and beach cover-ups.  Angela's collection was followed by a runway retrospective of her parents? archives, a parade that illustrated the range of creativity and imagination that propelled Missoni to become a cult label of the rich hippie/jet-set era. It was like watching a knitted footnote to the history of fashion, weaving its way through space age to bohemian eclectic to Studio 54, offering kaleidoscopes of color in tapestries, patchworks, quilts, butterfly wings, and every variation of stripe imaginable. More extraordinary still, most of it looked absolutely wearable now. Perhaps that's an observation on how all-inclusive trends have become; it also shows just how rich and inspiring an inheritance Angela Missoni has to play with."
932,"In the great empty hull of the North Pavilion of New York's Javits Center, Proenza Schouler floated out a sublime collection for Spring 2004. Changing course from fall's more structured shapes, Jack McCollough and Lazaro Hernandez loosened things up, describing their new silhouette as ""long and lean on top and full at the bottom, but all with a weightlessness and airiness."" To that end, silk charmeuse voile and gauze were worked up into flowing flapper dresses and breezy skirts paired with scoop-necked boyfriend sweaters worn down low over the hips. The twenties were also referenced with ropes of H. Stern pearls and black-and-white tweed jackets which nodded to Chanel.  To a soundtrack (by Brooklyn art/design collective Lansing-Dreiden) that evoked an appropriately nautical ebb and flow, summer classics bobbed up consistently throughout the collection. Canvas and seersucker were made up into sleek pants and highly covetous shrunken jackets. Eye-catching bathing suits and tank tops, in electric blue and mint, reprised the form-defining lines of the bustiers in the duo's fall collection but with a bright, sporty twist. And for rainy days, there was a patent-leather, sequined raincoat so yellow as to challenge the sun to come out. Other highlights included a short black patent jacket, prepster staples like button-downs and shorts enlivened with a custom print, and a suede jacket in Nantucket red.  Makeup director Tom Pecheux described his brief for the show as ""sporty but fragile,"" which could well be applied to the entire collection establishing Proenza Schouler firmly at the helm of a stylish vessel on a strong course."
933,"Funny how out-of-town designers get whipped into shape once they reach Paris. Rick Owens he of the dark, Goth, crinkled layers has discovered a new, lightened-up way of expressing his aesthetic now that he's immersed himself in this city's competitive fashion culture.  Owens cited Frenchmen Rene Gruau and Jean-Paul Goude as the two main influences on his Spring collection. And, though it was hard to trace his new body-consciousness and use of color to either 1950's fashion graphics or 1980's photographic manipulation, there is a detectable change going on here. In place of unrelentingly dark floor-dragging shapes, there were short skirts with floating asymmetric trails and stretch-gauze tops wrapping the breast and torso. Even the designer's familiar shades of gray were interrupted by surprising washes of pink, peach, coral, paprika, pistachio, and aqua.  Not that Owens has abandoned the slouchy, raw-edged attitude or the incredible washed leathers so adored by his huge band of followers. It's just that now he's added hacked-off versions of 1930's charmeuse skirts and ultra-refined whitewashed leather jackets, twisted into a tie and fastening at the neck, into his repertoire not to mention high heels, slicked-back hair, and pink lipstick. Though he still needs to shape all that into a more concise runway statement, Owens is clearly taking this collection in the right direction."
934,"I've been watching a lot of old movies, said Tara Subkoff after her spring show, a love letter to the glamour and supposed innocence of black-and-white cinema.  The production was preceded by a tap routine with a Shirley Temple look-alike, who danced to a recording of Miss Temple's You Gotta Eat Your Spinach, Baby ; paused for an interlude during which two ballroom dancers performed to Fred Astaire's rendition of Puttin' on the Ritz ; and finally closed out with a kiss between models.  And so to the clothes, which were shown in a series of vignettes, beginning with black-and-white pieces and eventually incorporating some pastel colors. The first half of the presentation featured looks designed, rather than reclaimed, by Subkoff, and included printed T-shirt dresses, mini-togas, and twenties-inspired tennis outfits, mostly in knit fabrics all in all, a successful sequel to the all-gray collection she launched last season. The second half was authentic vintage, with that signature Imitation of Christ twist. With Marlene Dietrich on the big screen behind them, the models, accompanied by tuxedoed swells, frolicked in satiny dresses, many with lingerie details, some with beading, and some with a Grecian/goddess feel. The result? Full-on glamour inspired by old Hollywood, but motivated by the new specifically, said the Los Angeles-based Subkoff, by ""sweet, good, beautiful"" girls like Renée Zellweger and Scarlett Johansson, who have opportunities galore for steppin' out in style."
935,"Anna Sui is clearly in the throes of a heavy-duty blue crush. Her spring collection was centered on the modern teenage surfer girl a descendant of the Gidgets of yore, just as feminine but far more independent, with a stubborn hippie streak.  The Sui girl has her priorities in order. Her wardrobe starts with a bikini, a surf shirt, or a pair of lace-edged board shorts; after that, anything is fair game. If she's heading to a club or a party, she might drop a delicate baby-doll mini on top, tie on a printed apron dress, or wrap up in a short daisy-print canvas trench. If she's got a serious social engagement, she might switch to a pretty gold shift dress, or zip on some black beaded jams. She's got a yen for the psychedelic era, judging by the swirling flower and paisley prints and the mind-bending color combinations: pink with orange, lavender with blue, turquoise with green. Everything's always worn with piles of shell jewelry, and fragile sandals or clear plastic Mary Janes.  Of course, the runway is the designer's playground, but Sui's collection isn't all fantasy. With her trim trenches, sheer hoodies, and pretty little floral dresses, even women who don't spend their days making waves will find plenty to get stoked."
936,"Like the jaunty theme song from The Triplets of Belleville that looped through the soundtrack, Carolina Herrera's fall show had infectious charm to spare. With her design team boosted by creative director Hervé Pierre and her daughter Patricia Lansing, Herrera's designs have taken a turn for the lighter always refined and feminine, but with a new sense of color and craft.  The inspiration for this collection was Europe's grand ski resorts, but don't look to Herrera for performance fabrics. This was old-school luxury at its best: buttery cashmere and alpaca, bulky knits and soft leathers in warm wintry colors (brown, deep blue, wine, and black), lavishly embellished with sable, mink, ermine, and fox. She kept it fresh with trim, flirty cuts, like knee-length skirts that flared just below the hips, and such intriguing details as roughed-up edges, cascades of square-edge ruffles, and fabrics stamped with patches of gold leaf.  Herrera amped things up for evening, creating a series of showstoppers. She dropped a gold fox-fur stole around the neck of a jade-green silk dress; stitched ripped bits of blue chiffon to a gorgeous chocolate gown; crocheted cream-colored cashmere into a ball skirt; and scattered bugle beads across an alpine sweater. The slopes have never looked so inviting."
937,"Luca Orlandi said that the guiding spirit for his fall collection was Lara Croft, the danger-loving adventuress of Tomb Raider fame. And the slithery, revealing looks he sent out for fall certainly seem likely to land their wearer in precarious situations which she's clearly equipped to handle, of course.  This tough-but-sexy babe dresses primarily in black, although it's anything but basic: shiny silk satin, fur-trimmed wool, and, naturally, lots of leather. The cut is scuba-suit tight (all the better for sliding out of tight squeezes) and accessorized with ruching, Swarovski crystals, bias ruffles, lacing, and fur. The accessory of choice? A teetery stiletto (which doubles handily as a weapon). Orlandi mixed in some neat wool coats and even a cozy bulky black sweater for days when his heroine is laying low, while the scattering of rose-petal pink dresses are perfect for those moments when a little old-fashioned femininity is called for. For evening, Orlandi sent out high-drama body-hugging gowns that a latter-day Lara will happily sport especially if it's on a red carpet."
938,"Olivier Theyskens describes his role at Rochas as acting ""like a hinge between past and present."" That image helped explain the video projection of butterflies, opening and closing their multicolored wings, that played as a backdrop to his fall show visuals that alluded to the fragile femininity and evanescent color that is emerging, slowly and methodically, from the chrysalis of this long-slumbering Parisian house. The renewed look of Rochas has taken shape according to a fifties-couture template. Sculpting his silhouette around the idea of tiny bolero jackets and belled skirts, Theyskens has added his own, next-generation fascination with the structure of old-world underpinnings. Small suits and coats, often cut with curving volume in back, were interspersed with corset-dresses and flounced skirts made of the sheer, stiff crin that once formed the unseen underlayers of haute couture. ""It's really interesting that modern fabrics can evoke these old constructions,"" he said. ""But now we can use techniques like laser cutting, and that can make it better than the original."" Theyskens moved the collection forward by sending out his girls in not-so-demure pointy metallic high-heel pumps in candy wrapper-bright turquoise, violet, green, and cherry red. A touch of fluidity and draping turned up in silk camisoles loose at the breast, tucked into skirts at the back to create new, bloused, flyaway volumes. As a contrast, his new coat shape, a molded couture duffel, came fastened with ""hinge"" toggles. In all, this collection was a concise, measured development of the brand-building look Theyskens has been working since he joined the house."
939,"Tara Subkoff is a new woman. In an about-face from her retro-inspired spring collection, which celebrated the glamour of Old Hollywood, the designer presented a vintage-free fall knitwear collection to an artist-heavy crowd packed into the small 94th Street salon of independent curator Jeanne Greenberg Rohatyn. A decent portion of the audience had actually had a hand in the production: Paula Hayes's Forest installation formed the backdrop, while Rita Ackermann helped paint the meandering paper runway, strewn with white roses and magnolia leaves. Also in attendance were Jimmy Fallon, Sam Taylor-Wood, and a gaggle of under-fives that included Mingus Reedus, whose saucer-sized blue eyes followed his mom, Helena Christensen, as she walked.  Subkoff's theme was a kind of extreme take on the strong woman: half goddess (but not of the drapey sort), half Amazon. That translated into microscopically short, body-loving knits, mostly rendered in black, white, and metallics, accessorized with Erickson Beamon cuff bracelets and knee-high gold Puma boots. This was a tightly focused show that marked a departure from Imitation of Christ's established brand image. Though reworked vintage will continue to be available by special order, Subkoff, for now, seems focused on her own original designs. This takes her out of an increasingly crowded niche, but how well she can fare in a bigger, more competitive arena remains to be seen."
940,"In a Milan season that has seen even the most unlikely fashion houses embrace the concept of eccentricity, via quirky layering and madcap accessorizing, Burberry's Christopher Bailey was no exception. ""Very thirties-inspired,"" said Bailey of his charming show, more ironically ladylike and grown-up than his previous offerings ""a little bit Bloomsbury, but with a light spirit."" Of course, at this storied British company founded by Thomas Burberry in 1856 (and famed for the weatherproof clothes that kept the empire builders dry), Bailey has more claim than most to channel the eclecticism of his generation's It girls who include the label's signature models, Kate Moss and Stella Tennant. (Stella was walking this season's runway.) That thirties touch meant lingerie-light washed silky dresses in period colors including plum, teal, old rose, bottle green, and slate, and shapely coats with a military edge. And if the fluttering crepe scarves (some in a Schiaparelli-esque glove print), diaphanous cardigans, and swimsuit-backed frocks were surprising for a winter collection, the Burberry girl can keep warm with knitted hats and gloves in bright color accents. The retro palette extended to the hose, which was worn with thick-heeled 1940s lizard court shoes trimmed with crisp little bows. But Bailey wasn't just thinking about dressing stiff-upper-lipped heroines like Celia Johnson in the weepy 1945 classic Brief Encounter . To a soundtrack of Status Quo, Elvis Costello, and the Communards, the designer leavened the nostalgia with a series of modern twists. As in seasons past, he played in subtle ways with the house's iconic trench coat adding epaulets and knotted-leather buttons to skinny corduroy jackets, for instance, or veiling his looks with translucent plastic pieces like an electric-blue Mackintosh and a dramatic scarlet cape. Equally strong were the liquid silver and gold lamé fabrics used for skimpy, make-do-and-mend frocks, and a tiered coat that owed a debt to influential seventies London designers Ossie Clark, Jean Muir, and Bill Gibb now enjoying a posthumous renaissance."
941,"A midday show under the gilded, chandeliered dome of the Grand Hotel in Paris, scene of so many haute couture presentations of old? You can't get more grown-up than that. To find Hussein Chalayan in these surroundings, rather than in some far-flung, freezing nighttime venue, made some in his audience sit up and do a double take. And so they should, for this choice of locale marked a watershed in the career of a designer who has been quietly moving from the experimental margins to a point of creative maturity. Guess what? Leave meanings and subtexts for a later discussion: First and foremost, Chalayan now wants us to look at his clothes. And how wearably, beautifully in sync with the current dialogue about fifties couture/fur trim/pretty dresses those clothes turned out to be. Chalayan opened with a black fake-fur hooded coat, a fur-collared skirtsuit, and a sculptural fur-trimmed cape sitting atop a waisted bodice and a bubble skirt. Right there, without labored references, he nailed his claim to reinterpreting the silhouette, emphasizing a neat torso with gentle volume beneath. Chalayan's original mind makes the leap from old world to new by fusing in elements of modern sportswear. He cuts jackets that incorporate trompe l'oeil boleros, horn duffel-coat toggles, baseball jacket-style knit ribbing, and frilled peplums and still look unfussy. He's also doing his part to ease along the changing shape of trousers with his neat-waisted, wide-leg sailor pants. Chalayan's dusty-pink shearling jackets and coats, cut to a slim, flattering line with luxurious high collars, had more of those little peplums in back. And he ended by proving to any remaining disbelievers that he has a sensitive touch with eveningwear. After a few elegantly drapey silk-printed, thirties looks, he closed with short puffball dresses appliqu'd with patches of embroidery. Later, Chalayan said that his show was based on the concept of solitude and personal identity. Perhaps, as an independent, self-financing designer amid a globalized industry, he feels those pressures more than others do. But in this collection, the aloneness of his talent shone with an exceptional brightness."
942,"Derek Lam is one of the most promising young talents on the New York scene, a position underscored by the list of partial sponsors for his sophomore runway presentation Ecco Domani, Vogue, Swarovski, Shiseido, Maurice Villency, and Saga Furs each contributed to the cost of the show, in the august confines of New York's National Arts Club. The investment turned out to be a sound one. Lam's 24-piece collection displayed the attitude, exuberance, and craftsmanship of a much more experienced designer (which shouldn't be that surprising, given the fact that he spent 12 years working for Michael Kors).  Lam's fall mood was part Viennese formality, part Gypsy ease, and his strength as a mixologist came through in some superb pairings: luxurious cashmere boyfriend sweaters with shiny jacquard dresses, or a striped mink scarf worn with lamé brocade pajama shorts. The designer reprised the softly structured strapless dresses he had shown for spring, rendering them in glittery fabrics with jeweled embellishments, and balanced comfort and opulence in a floral-print vintage-silk georgette dress that flowed with every step. He also introduced softer, longer tea gowns and Empire-waisted peasant dresses. The final evening gowns were stunners that lifted even the Some Girls lyrics on the soundtrack  You're the prettiest girl in the world  out of the realm of irony or clich . Lam's collection was relevant, contemporary, and genuinely very pretty, indeed."
943,"It is rare to find a 30-year-old who has a completely thought-out aesthetic that can sustain the flow of a collection without wavering or breaking the spell of its own coherence. Sophia Kokosalaki, the diffidently impressive Greek designer, is such a talent quietly carving out a coolly elegant way of dressing that springs both from her ethnic roots and her reality as a young, urban, cosmopolitan woman.  Kokosalaki is great at dresses, to begin with. For fall, she draped and twisted bronze and antique-gold jersey into short, sexy shapes detailed with tiny pleats. The provocation was tempered with opaque tights and tough boots. For evening, her little black dresses, like a jersey smock with a raw tulle-ruffled neckline or a draped strapless tulip dress, were stellar.  In between, she served up her signature glossily patinated leather jackets, great pants, and tiny, flattering blazers. As an erotic surprise, she slipped a plunging cross-laced bodice beneath a skirt suit. The layered complexity of this collection came not just in the way Kokosalaki put pieces together, but in her personal connection to them. The flat pleating and discreet but quietly rich embroideries that Kokosalaki has claimed for her decorative devices all come from the folk costume of her mother country. But in her hands, it became clothing for Everywoman. Her final outfit, a heavy fur vest emblazoned with medallions of real antique Greek embroidery and worn over a high-waisted dress, had the international press rushing backstage for a closer look."
944,"Call up the As Four studio, and the voice at the other end will answer, ""Future Planet of Style."" The flamboyantly avant-garde quartet applied a literal interpretation to that epithet this season, designing their first children's clothes as part of a presentation they called Ageless . Throughout the show, kids or, to use their official title, As Children walked onto the silver stage in petaly getups that were one part Peter Pan whimsy, one part Halloween costume and completely adorable.  The proceedings featured all the usual off-the-wall stimuli: a performance by the Icelandic Puppet Company; a soundtrack that mixed a tinkly, music box-like composition by Dan and Ben Brunnemer with clips from Vince Guaraldi's Charlie Brown theme, Nina Hagen, and Shirley Temple; the antics of As Four's pit bull, Powder; and the presence of the equally pugnacious Vincent Gallo. But like a children's book that contains a message for adults, the presentation had depth as well as distraction. Adi, Ange, Gabi, and Kai undertook an inventive, tightly focused reworking of that proper wardrobe staple, Le Smoking. The group's 13 all-black variations encompassed everything from lace leggings to a metallic-wool sweater to a look named the ""Oscardress"" that would be viable on the red carpet and not just on Björk. ""The collection,"" said Kai after the show, ""embodies the idea of what we call elegance but can't wear because we can't afford a cleaning lady!"""
945,"Ralph Rucci will never be a trendsetter. He sets himself apart from all that nonsense to focus on some might say obsess over more serious matters like fabric and construction, adopting an intellectual approach that can sometimes get ponderous.  But the designer has been lightening up of late, and his fall collection proved that brainy and pretty can happily coexist. Using cashmeres, wools, and silks in muted colors gray, taupe, dark green, violet, and black Rucci cut slim pants, close-fitted skirts, and easy jersey dresses that are bound to please his discerning clientele. He also showed plenty of his boxy, swingy jackets, the construction of which recalls those other thinker-designers Geoffrey Beene and Cristobal Balenciaga. Rucci even addressed some current trends, via a simple dress covered with stacks of rouged-up mousseline ruffles, a pin-tucked suede skirt, and lots of fur accessories. But he did it all with such acute attention to detail as to transcend any sense of passing whim. (It takes commitment to perfectly tailor a pair of trousers from Russian broadtail or to insert sections of lambskin into the curves of a brown wool-crepe dress without creating a bump or buckle.) And in the case of a waist-length clutch jacket covered with gently wafting guinea hen feathers, the result was a tour de force."
946,"A black cashmere bodysuit shown against a backdrop of the New York City skyline by night. That's how Donna Karan opened her fall show, drawing a direct line from her first collection, 20 years ago, right up to the present. That scrap of jersey kick-started Karan's empire and changed the way women thought about power dressing, while the energy of the city was refracted in her thoroughly modern clothes. Two decades later, she's still guided by the same twin stars.  The designer replaced the heated sensuality of her spring collection with a moody remoteness, reinforced by the sober palette: plum, brown, rust, ocher yellow, and chartreuse. She played that out in soft cashmere and wool jerseys, silk tulle, burnt-out velvets, and wool bouclé, often topped with little twisted fur neckpieces. Snug jersey dresses were inventively wrapped and frequently anchored by glass buckles courtesy of jeweler William Morris. Karan's sportswear, as always, looked light enough to float, while the raw seams and rugged leathers added a gloss of dark charm. Evening dresses incorporating suede, cashmere, and velvet seemed more suited to a salon than a soirée, but Karan's gold-sequin and tulle gown could light up the night all by itself."
947,"Every season has one or two of those shows where a well-respected but not terribly exciting line suddenly whips off its glasses, undoes a few buttons, and shakes out its topknot, leaving jaded fashion-world regulars stuttering over their words and groping for notebooks. This time, that delightful transformation happened at the venerable, 60-year-old Swiss company Akris. There's always been an upper-echelon customer for its painstakingly perfect suits and coats, but over the past few years, with Albert Kriemler (son of founder Max Kriemler) at the helm, Akris has been quietly freshening and lightening its designs, and fall's show proved the transformation complete. As much as this season's frill and flourish are fun to look at, ultimately women want clothes that can survive a grab-and-go lifestyle while still performing the important role of personal enhancement. Enter Akris' nip-waist jackets, trim trousers, pencil skirts, and snappy coats cut from cashmere, tweed, suede, and lamb, worn with luxe cashmere sweaters or silky tunics. Those kinds of basics can easily turn boring, but Kriemler has a gift for proportion and cut, and he managed to balance all the elements rough with polish, bulky with airy without getting bogged down in tradition. The silky dresses and gowns that closed the show emitted just the right amount of subtle sex appeal. And, while his fluttery smocked chiffon tops may have Swiss milkmaid in their genealogy, their flirty confidence was purely modern-day."
948,"Rick Owens knows how to make a deconstructed fur look luxe, and that squares the circle at Revillon almost. Put it this way: It's easy enough to believethat a woman of good yet conservative taste might comprehend the extravagant chic of, say, his white blanket-wrap mink edged in satin maybe even see it as an investment, not a trendy buy. Ditto how a cash-rich, low-key coolster might rush to assimilate his dippy, dangly, tuft-sprouting shrugs, scarves, and fierce gauntlets into her wardrobe. Still, even for fans, there's something peculiar in the continuity between the clothes we recognize as Owens' own and those that turn up with a Revillon label. Owens has certainly given his all to Revillon. That includes the cropped pants, his up-here, down-there skirts, his shades of greige and mouse, and thestrange, almost hairless pallor of the models seen in his own show. Granted, for Revillon, he replaced his beloved denim with needle cord, abused in patchesto the point of threadbare, which is certain to be influential. (And he swears those pieces aren't just fillers they'll definitely be made and sold alongside the fur.) In a certain way, all this shows integrity. On top of that, Owens deserves kudos for forging an anti-retro vision for fur. On the downside, why risk cannibalizing his own collection in this way? And grafting an underground aesthetic onto the classic ladylike Parisian fur-store experience is bound to produce certain, er, cultural misunderstandings. What kind of welcome will those scruffy Owens fans receive when they show up at Revillon's very proper front door?"
949,"After spring's gently retro collection, Max Azria returned to a harder-edged feeling for fall, showing skinny pants, loose wrapped tops, draped dresses and generous blouson jackets that will help the young and the hip get through next season.  Although he cited Jean Harlow as an inspiration, Azria's cuts and colors seemed drawn more from the seventies; what other decade would have dared put a mustardy yellow leather blouson with skinny royal-blue trousers, or a brown top, piped in blue, over red pants tucked into navy boots? The designer breathed some Hollywood glamour into daywear by mixing jewel-toned velvet pieces with sportier opposites like a long, bulky wool scarf or a pair of trousers cut from cotton bengaline. Then it was into the nightlife, where he boogied down with fluttery, skin-baring chiffon dresses and tops worn under slim-cut tuxedos all guaranteed to win over any reluctant doorman."
950,"The time has come to bid adieu to Julien Macdonald, who leaves Givenchy after three years. Macdonald has not had the easiest of times in Paris. His natural inclination, as demonstrated by his eponymous London-based label, is toward a spangly, none too subtle glamour that would satisfy even the most blatantly exhibitionist starlet. Macdonald spent his time at Givenchy desperately trying to free himself from its history, dominated by the understated chic that its founder created for Audrey Hepburn in the fifties: little black dresses that tapered toward the knees, cropped-sleeve coats that shrugged over straight skirts, and sweet but sober evening dresses with one indulgence: a strapless neckline, say, or a judiciously placed bow. Having resisted the pull of the past this long, Macdonald finally gave in and used the house's roots as inspiration for his last big blowout at Givenchy. The problem was that none of it really worked. His mix of voluminous furs, belted coats over billowing pouf skirts, and fitted cocktail dresses with frothy lingerie flourishes has already been seen elsewhere this week and in much more convincing forms. Still, if there's anything positive about all of this, it's that Macdonald is happy to be free to concentrate on his own label. That's if the size of his smile as he took the runway at the show's finale is anything to go by."
951,"Karl Lagerfeld has always been pretty adept at drawing on a wide range of disparate references to make one very satisfying collection. Such was the case with his fall show at Lagerfeld Gallery, where sports influences, menswear tailoring, and slinky chiffon eveningwear all mingled happily on the same runway. Lagerfeld opened with a selection of sexy, sportif snow parkas and anoraks, which then morphed into masculine wool pantsuits, some featuring leather panels inlaid at the waist, worn with substantial-collared white cotton shirts. He also showed some great zippered jackets, cut close to the body from purple astrakhan or brown leather. Evening meant a series of slinky chiffon dresses, long and short, which came pleated and trimmed with leather. At the close of the show, Lagerfeld made another reference, this one inadvertent: He quick-stepped around the runway in a natty silver-gray suit that would have looked just as good on one of his models. The designer himself as inspiration? Now there's a source worth quoting."
952,"From the moment 16-year-old Lily Cole, wearing a belted, fur-collared tartan coat, set her dainty high-heeled golden bootie onto the snow-covered runway, it was clear this was about to be one of Marc Jacobs? delicious Louis Vuitton blockbusters. Making tartan and solid country fabrics young and sexy isn't easy as all too many designers have proved this season. Jacobs clinched it, though cutting plaid tight, on the cross, in tiny leg-o'-mutton puffed-sleeve blouses and making slim tweedy skirts explode into flirty, petticoated godets in the hem. On top, he would add girlish tippets (one in faux ermine) tied with a satin bow and accessorize, accessorize: There were velvet bags printed with the house monogram and trompe l'oeil hardware, furry purses, and a myriad shoe-temptations (high plaid spectators, patent stiletto ghillies, brocade ankle boots fastened with ribbon). ""Scotland, Tissot, a little Foujita,"" said Jacobs, reeling off his research references. To elaborate: His design team had taken a tour of the Highlands, circling Balmoral (Her Majesty the Queen's grand Scottish bolt-hole), then patched in the frothy French prettiness of James Tissot's bustles and lace. The work of Tsuguharu Foujita, a Japanese traditionalist painter who worked in Paris in the twenties, also got pinned to the inspiration boards, striking a cute note for Japan's legion of LV fans.  The Tissot prettiness swagged tartan taffeta, bustle bows, lace-framed d coll tes, frilled fur capelets just prevented the collection from tipping over the Scottish border into a full-on Vivienne Westwood homage. (Though, since her retrospective at the Victoria and Albert Museum in London is imminent, Jacobs is probably ahead of the curve in saluting her.) In fact, this show, so delightfully full of rich pickings, was dedicated to another design great who had a profound influence on Jacobs. Stephen Sprouse, the friend who collaborated on the famous Louis Vuitton graffiti bags, died this week, and Jacobs acknowledged his loss in a moving program note."
953,"It's getting increasingly difficult to categorize Vera Wang as a designer. Her clothes are thoughtful, but romantic too; artistic, but eminently wearable; and sexy, without being overtly so. Of course, you could just call them beautiful and leave it at that.  Although she's still best known for her evening and wedding gowns, Wang's daywear is coming on strong. For fall, she worked in a muted palette, mixing dusty, tea-dipped colors like taupe and pink with intense greens and purples as well as black and brown. She cut slim skirts and trousers with neat, narrow waistbands that sat low but not too low on the hips and showed them with soft blouses, bare-armed chiffon tops, and tissue-thin cashmere sweaters. There were strict, sharp wool coats over satin dresses, gleaming furs, and wispy, pin-tucked dresses, often paired with chunky fur shrugs. Wang even dabbled in abstract prints, like a muted wine-toned splattered silk that showed up in a lean little dress with an inset waistband of raw-edged tweed.  The designer showed a similar restraint in her evening looks. She shaped her chiffon confections with bias cuts or hand-sewn details and touched them with just the right amount of beading or ruffles as well as plenty of pieces from her own line of diamond jewelry. And why not? Having put together a collection this strong, Wang has earned the right to gild her own lily."
954,"When Robert Plant of Led Zeppelin sang,  I wanna give you every inch of my love,? he never seemed to have beads, tulle, and satin on his mind. Nonetheless, it was an apt (if remixed) soundtrack choice for Badgley Mischka, who passionately embellished inches yards, actually of luxurious fabrics for their fall show.  The result was a collection of amazing dresses meant for the kind of life that requires, well, lots of amazing dresses. Two semi-sheer tulle pieces, with caviar-size beads clinging to them like a shadow, stood out, as did a more formal evening gown in floor-length satin lamé. Daytime looks included suits and tight, embellished hunting jackets, often in herringbone. Other highlights: a mahogany mink coat with embroidered medallions and a burgundy shearling and mink coat that, despite a whole lotta luxe materials, avoided going over the top. No mean feat."
955,"Roberto Cavalli's runway, wrapped in gilded purple brocade, and his spectacular set suggesting a Renaissance palazzo with its four-poster bed smothered in spotted fur and flanked by sculpted elephants could only hint at the fabulous excesses to come. This season, dressing ? la Cavalli involves an enticing melting pot of influences, from the lush fabrics favored by the princely merchants of sixteenth-century Venice to the Hapsburg splendors of Sissi, the beautiful nineteenth-century empress of Austria all leavened with a dash of Johnny Depp-ian piratical swagger. And youd need a pirate's ransom to get these clothes on your back; the great Parisian embroidery workrooms had clearly been toiling into the night to embellish Cavalli's collection, which was unbeatable for sheer, decadent luxe. A chinchilla chubby? Smother it with crystal frogging. A Persian lamb hussar's jacket? Lavish it with golden braid. A fabulous shearling, cut like an eighteenth-century man's coat? Encrust it with sparkling jewels. From the Lesage archives came a dazzling sunburst emblem, originally created for Schiaparelli in the 1930s, representing that other giddily opulent Sun King, Louis XIV. The designer gave it new life, lavishing it on furs, using it to anchor artfully draped jersey gowns, and even embroidering it on his teetering cavalier boots. For the Cavalli gals fleeting daylight moments, he laid on elaborately seamed second-skin pants, doublets from a Bronzino portrait, and pirate shirts in brocade-print chiffons. Furs ran the gamut from outrageous to even more outrageous the season's abbreviated bolero shape was pierced with crystal-bordered cutouts, and even a classic pony trench was overprinted with zebra stripes. But after dark, things really let rip. Cavalli was clearly thinking of grand seductions ? la Dangerous Liaisons  and what more could a great seducer hope for than a romp with a Cavalli diva, barely clad in a wispy chiffon dress, falling off a pale rose satin corset? (Or in anything from the playful finale lineup of short frocks with Madame de Pompadour bodices and a flurry of temptingly rustling skirts.) Yes, Cavalli's heroines just want to have fun and in this heady collection, the designer served up a treasure trove of exactly that."
956,"With a simple dimming of the lights and the switching on of a projector, Veronique Branquinho transformed a downbeat Paris dance hall into a midnight woodland stark trees silhouetted on the walls, will-o'-the-wisp mist rolling ankle-deep across the floor. Into that magical setting, she sent a new take on her reserved but strangely forceful vision of young, self-respecting womanhood. From the moment her first long-silhouetted girl began stepping her way through the mist in a wax-coated jacket, ankle-length jersey skirt, and high glossy boots, it was clear the audience was in for an experience out of the ordinary. ""I wanted it to be strong but elegant and intimate,"" she said. With covered-up primness a growing trend this season, Branquinho is firmly on the territory she began staking out with her first Victorian-influenced collection in 1997. Yet as high-necked and unrevealing as her clothes may be from the turtleneck tweed blousons to the silk print long-sleeve shirt-dresses there is nothing in the least bit dowdy about them. Instead, her look has the quiet sexual power of the girl who knows she needn't flicker so much as an eyelash to turn heads. The hallmarks of Branquinho's clothes are part seventies Ali MacGraw, part Bront? heroine, and entirely Antwerp individualist: lanky lines, a slightly puff-sleeved shoulder line, wrap dresses, and accessories like long knitted scarves. For winter, she's also added sparkle to the look, in brown or cobalt sequinned skirts and vests. Balanced beautifully between romanticism and realism, this was a collection that sent the audience out chattering with admiration."
957,"Jean Paul Gaultier is the new designer in the Herm's stable literally. He showed his debut collection for the ultimate French haute-horsey leather-goods house at the  cole Militaire cavalry training ground, where the audience sat on bales of hay, under crystal chandeliers. Now, in a serendipitous turn, equestrian just happens to have been trotted out as a trend this fall. So, in a happy case of Gaultier-esque double-think, he barely needed to give Herm's a fashion leg-up to make it sit easily with the season. And because Herm's is haughtily blinkered to ""fashion,"" anyway, this collection was set to keep everyone in the audience from thoroughbred traditionalists to nervy trend-jockeys smiling. An elegant top-hatted riding habit opened the show, followed by a couple of suede ""jodhpur"" skirts that curved into the knee an amusing acknowledgement of the bubble-skirt shape that's been turning up elsewhere. From there, Gaultier played on all the house classics discreet gray cashmere cardigans(with detachable fur collars), the distinctive Herm's orange canvas (as a sporty jacket), navy pea coats (with the proportions chicly exaggerated), and luxe fringed scarves (draped to become coats). He also made a typically witty JPG transposition by taking the iconic brass hardware of the Herm's handbag and using it as fastenings on a camel toggle coat, as details on gloves and boots, and even as padlocked chokers on leather-trimmed halter dresses. Persuading Lou Doillon to walk in a leather jacket, pants, and riding boots, swishing a crop, was another excellent twist on Herm's culture (because, of course, as the daughter of Jane Birkin, the girlis dynastically related to that iconic bag). Speaking of which the Birkin turned up remodelled in an elongated version that is certain to make the legendary Herm's waiting lists even longer. There were moments in this collection when Gaultier's penchant for perversity made a discreet appearance among the bourgeois classics. For the sharp-eyed, the harness head-straps made a sly reference to the notorious Paris Vogue shoot by Helmut Newton that depicted an unusual deployment of Herm's saddlery in a hotel bedroom. For the most part, though, there was nothing to frighten the horses in this collection. Quality and conservatism won out, which is probably just as it should be, for the time being. How Gaultier sustains the interest over the coming seasons will be something to watch."
958,"Rifat Ozbek, the Turkish-born designer who first made his name in London in the eighties, stepped back onto the runway with a show of 27 looks for the Italian footwear company Pollini. ""It's modern, exotic, Tibetan!"" he said of a collection conceived as a brief introductory statement of intent for the new line. Melding ethnic influences to contemporary shapes has always been Ozbek's thing. He brought together digitalized jewel prints, tiger stripes, brocades, double-faced felts, and herringbone tweed into a tight collection aimed to appeal to the city woman's inner hippie. Standouts were neat coats in ivory or rust wool, implanted with Himalayan embroideries, and the coin-decorated leather boots with low heels picked out in color. Backstage, his loyal fan base cheered Ozbek's promising return to the scene."
959,"Clearly refreshed by the 3-year hiatus that ended with her spring 2004 collection, Jil Sander delivered a fall show that cut through the mixed-up flavors of current fashion like a palate-cleansing sorbet. Her new contribution is a gentler, less conceptual approach that embraces the desire for prettiness as well as coolly cut streetwear. Sander offered a confident, contemporary parallel to mainstream fashion's current ladylike agenda, showing amazingly cut pea jackets, lean pants, tweed princess coats, and A-line skirts. The effect was simple and sophisticated, thanks as always to the judicious manipulation of quietly luxurious fabric. Sander's customers have always trusted her to dispel the nightmare complications of getting dressed for a busy day and now they have an equally happy one-step solution for great eveningwear: Put on her strapless, understated cream dress and sans jewellery, furs, accessories, or fuss you will turn heads like a modern-day Audrey Hepburn in a room full of gussied-up matrons. Sander's comeback is proving the true value of personal, meticulously evolved design skills to the integrity of a brand. There is a clear difference between what we see now (the infinite care taken to mold the seaming and frame the stand of a collar in a herringbone tweed coat, for instance) and the generalized merchandising drive that prevailed in her absence. There's nothing intellectual about it, either: Countless women will relate to the easy simplicity of pairing a sweater with a black fan-pleated skirt, with a flash of silver in the front, or running off to work in a neat white half-belted trench. Sander's loyal customers are already back in droves: With this collection they're likely to be joined by a younger generation, shopping shoulder to shoulder."
960,"Tom Ford left the stage with a vividly memorable performance polished, mature, and perfectly pitched. And that was just the clothes. As for the man, and the way he acquitted himself at a crucial hour, precisely the same description applies. The central player in the most seismic fashion drama of recent memory bowed out smiling, fielding kisses and congratulations with affectionate thanks and a dash of Texan good humor. Tearing an overwrought woman off the shoulder of his red velvet smoking jacket, he said, ""Oh, come on. I'm just takin' a break, that's all!"" This is a man (an actor by first calling, after all) who knows how to play an emotional scene light. Not that it can't have been nerve-wracking, to say the least, to design the collection that, for better or worse, will go down as his last big statement at Yves Saint Laurent. Which chapter of YSL history to call up for his grand finale? As it turned out, he chose the unexpected: the 1977 Chinese collection that coincided with the launch of Opium. Why? ""Instinct,"" he said. ""I felt the pagoda shoulder was right. And it was a period I hadn't mined."" So, the pagoda shoulder (albeit far more rounded and up-there than Yves's original squared pads) it was as well as the opportunity for Ford to show what he can do with the concept of chic color clash. The opening look said it all: a crimson silk Mao jacket, a scarlet satin pencil skirt, and a pair of purple velvet wedges with wicked curved-in heels. Then came that shoulder, also with a slither of lingerie satin skirt, a twinning repeated in a series of color contrasts: turquoise with leaf green, poudre pink and grape, and so on. Ford worked the chinoiserie theme in many keys: subtly, in furs shaved in the pattern of dragon's scales; or full-on, in a tight jet beaded jacket as shiny as a lacquered cabinet. It became both more delicate and sharply sophisticated with the eveningwear. Fragile cheongsams came many ways: fitted sleekly to every curve, in nude silk with an erotic fluff of fur tracing the fastening, in cut-out embroidered lace, or as a full-length cascade of red chiffon flounces. The designer also pared away the famous Saint Laurent smokings to become nipped one-button jackets with a deep luxurious wrap of black satin collar. It was the finale dresses that will likely prove the lasting image of Ford's leave-taking, however. Vividly patterned, totally sequined slink-gowns, they slithered along the runway trailing the kind of Hollywood glory for which this man will surely be remembered. Until, of course, his next act?"
961,"Sitting in a freezing, inhospitable industrial space waiting for the Fendi show to begin, the huddled, goose-pimpled audience was craving a major fur moment in more ways than one. When Karl Lagerfeld's slick-haired futuristic amazons began to stalk out, bristling with armfuls of metal jewellery, the knitted furs they dragged behind them did have an enviable survival-blanket appeal. But these surprisingly restrained offerings were hardly the kind of explosively creative pieces expected from the house that rewrote the rule book on skins and pelts. There were no obvious references for the tight, sometimes hobbling silhouettes and aggressively hard-edged look Lagerfeld created (except, perhaps, for a touch of the sci-fi movie Gattaca ). His army of women teetered the 100-yard runway in round-toed wedges, brandishing the new Fendi bags like totems (one with a shiny metal handle reminiscent of a transistor radio's, another a jewelled and mirrored minaudi're). To be fair, Lagerfeld should get some credit for taking an anti-vintage stance this season somebody had to do it, after all. ""It was not about any past,"" he declared. ""Certainly not my own."" That said, his drive to modernism had a dispiriting joylessness about it. Luxe fashion like Fendi's, which speaks in the details of incredible craftsmanship, doesn't necessarily shine in such cold and impersonal surroundings."
962,"Miho Aoki and Thuy Pham have been part of New York's indie art-fashion scene for half a decade now, but this season marked the United Bamboo duo's runway debut. Held on Park Avenue at the Scandinavia House, a venue chosen for its clean modernity, the show drew Proenza Schouler's Lazaro Hernandez and Jack McCollough in the front row, and featured a live soundtrack of breathy vocals and acoustic guitar by Together, the brand-new musical collaboration between Rusty Santos and Noah.  United Bamboo like to play on all-American, usually preppy, staples, and their fall show was billed as ""downtown chic going to an uptown party."" The uptown quotient predominated in a succession of proper ensembles tweedy and pleated skirts, pin-tuck trousers, bow-tied dresses. While a certain amount of irony was implicit, it was a relief when fur- and scarf-trimmed box jackets were removed to reveal more adventurous, even punky, layered and pieced tops. There were also some interesting tailoring details, such as a removable tail on a tuxedo suit. The ""disheveled glamour"" Aoki and Pham aimed to evoke was most successfuly achieved in a striking outsized navy stripe trenchcoat, pea and duffle coats with expandable pockets, and a pleated skirt gathered by a wool harness at the waist."
963,"While it's great to see new talent finding its wobbly way down the catwalk, sometimes it's nice to relax in the hands of a professional especially when he's at the top of his form. Ralph Lauren's fall collection, shown on the last day of Fashion Week, was smooth as charmeuse from start to finish: simple, perfectly cut clothes in excellent fabrics, worn by flawless models, to a mellow soundtrack courtesy of Fleetwood Mac.  Lauren opened with some body-hugging camel-hair pieces a bateau-neck sweater, a high-waisted slim skirt that were as cozy as they were sexy. Then he took firm possession of the tweedy trend running through fall, slamming out one great nubby piece after another: a chocolaty mélange, a bold black-and-white check, a frothy black bouclé occasionally dusted with sequins, that he made into trim little blazers, pencil skirts, classic trousers, and pretty ballerina skirts. His outerwear, particularly a generous trench cut from the sparkly black bouclé, was another home run, and Lauren even put a new twist (literally) on the now ubiquitous shrug by making it from a generous loop of cashmere. For drama, he added some blood-red velvet pieces and a lovely, spare black dress with a collarbone-framing scoop neck and graceful swirling skirt. And while the rest of the world is raiding grandma's jewelry box for her big gold brooches, Lauren's customer is going her own way, sporting big chunky antique Navajo belts, necklaces, and earrings that keep her suits from getting too fussy.  For evening, Lauren simply took the great sportswear motif and cut it with a little more va-va-voom. (Who knew a tuxedo jacket could have deep décolletage ) His closing gown, an inky stunner paved from head to toe with winking bugle beads, put a gleaming exclamation point on a very strong statement."
964,"Anyone who has ever run screaming from the word ""ladylike"" might take a look at Tuleh, where Bryan Bradley has successfully unstuffed that formidable term and made a new generation of women yearn for elegance. The label has been a socialite mainstay for years, but it's only recently that the company has reached for a broader audience hence the runway shows.  Bradley's brief, buoyant fall collection (his second in the tents) showed his deft hand with tricky elements. There were delightfully unexpected color combinations (a yellow wool coat trimmed with gray fox, a coral and green lace dress) and intense, attention-grabbing fabrics, like bold tweeds or elaborate jacquards shot through with metallic and layered with lace. Beautiful tweed jackets had Tuleh's signature twists: raw edges, extended cuffs, and dressmaker details, plus an occasional camellia-adorned lapel, to make clear their debt to Chanel. For night, he turned the volume down, showing only a few mutely simple black silk dresses and gowns.  The designer wisely kept silhouettes simple and tailored, occasionally adding a knee-grazing scarf or some giant clear buttons for a bit of whimsy. And that's the secret to Tuleh's success: a sense of fun that came through loud and clear in the tissue-thin cashmere T-shirts, printed with a Tuleh logo that looked like it could have come off a bottle of barbecue sauce and a range of mottos, including  we is (sic) family.? Those T-shirts, layered over silky dresses and blouses, are destined for socialite closets worldwide along with the rest of this collection."
965,"Boudicca are London's last remaining bastion of subversive design. ""The industry's boring right now,"" Zowie Broach said. ""Fashion has to be about more than just the clothes."" In a phase of standardized commercial showings, audiences welcome anything in the way of drama always providing the clothes lead fashion somewhere new.  This season, Boudicca took to the stage of the Mermaid Theatre, creating a patch of moorland turf scored with what looked like chariot tracks, and played the soundtrack to the movie Badlands . Onto this melancholy heath strode a deeply hooded, black-clad figure, to open a collection that mixed sporty, protective clothing with sharp, militaristic coats lashed with narrow leather holsters. Called Hunter-Gatherer, the theme appeared to make some mysterious connection between Queen Boudicca's ancient British Iceni tribe and a modern post-apocalyptic dark age. Barbaric fur collars and heroic asymmetric stoles were slung around coats, interspersed with outfits made of slick, translucent hooded jackets and track pants. Among all this, Brian Kirkby's ace way of wielding the scissors produced the occasional amazingly fitted gored skirt that was beautifully in step with fall. That talent can't be obscured, but as a collection, it felt as if Boudicca had wandered back into a depressive place where few will understand."
966,"In his second season as the designer for Bill Blass, Michael Vollbracht showed that he's resolutely some might say obstinately devoted to the house's heritage as a refuge of elegant sportswear. Emphasis on heritage: Vollbracht's fall collection was almost a time capsule of Blass circa 1980, shown in a theatrical, dragged-out runway presentation that once again included some of Blass? former house models, and clocked in at almost 80 looks.  Vollbracht has said from the start that he's interested in dressing chic older women, the ones he feels fashion is neglecting. Nonetheless, modern business means appealing to a younger clientele and also catering to Hollywood's insatiable appetite for glamorous gowns. At times, Vollbracht scored: A light butter-yellow wool crepe suit, or a rust corduroy jacket over a swingy kilt, had timeless cross-generational appeal. Other times, he missed: Too many of the double-faced wool and cashmere fabrics were tailored into long, boxy jackets that harked back to the old power-dressing days. Eveningwear was also a divided affair. A simple black chiffon halter dress with gold spangles creeping up from the hem was as pretty as could be, but a loose silk kimono jacket printed with a giant tiger (designed by Vollbracht, a gifted illustrator) needed to be tamed.  Vollbracht worked with Blass himself, so his firsthand knowledge of the great designer's aesthetic can't be questioned. But if he really wants to do justice to a great legacy, a little less reverence might help."
967,"Gilles Mendel, the third-generation designer behind the beloved-of-socialites furrier J. Mendel, is a wizard with a pelt. That's why his sporty designs are filling the closets of women who wouldn't give mom's mink a second look. In the past few seasons, Mendel has been adding in bits and pieces of made-to-order clothing to his seasonal presentations; for fall, he went all-out with a fashion show in the Bryant Park tents.  Mendel drew his inspiration from Anna Karenina, Tolstoy's sensually beautiful, irresistible heroine. And there were certainly clothes fit for a czarina: figure-hugging silk dresses in pale colors, trimmed with dangling knotted cords; soft crinkly chiffon skirts that swirled around the knees; and tulle skirts that burst in pleats, all decked with plenty of Cartier diamonds. Mendel worked fur throughout, cutting flawlessly constructed lightweight coats and jackets from sheared mink and broadtail and putting fluffy fox shrugs over satin gowns. He even made a dramatic black dress from feathers and strips of mink; it was old-world luxe with a hip new attitude."
968,"Secondary collections sometimes suffer from neglected-sibling treatment, making do with hand-me-down rejects from their bigger sisters. Thankfully, Donna Karan avoids that approach with DKNY, giving the label a personality (smart, snappy, a little bit trendy) all its own. Fall's collection was one of DKNY's best yet, full of right-on colors, fabrics and proportions. The palette was classic fall greens, browns and plums in tones that ranged from acid bright to muted all the better to back up the collegiate-bohemian vibe. The show opened with a generously cut tweedy overcoat worn over a body-skimming kneelength jersey dress, and followed up with lots of examples of the new trouser shape narrow, cropped just above the ankle and worn with bulky boots or chunky heeled pumps. There were cozy, bulky sweaters that sat on the hips, A-line skirts made from bias-cut strips of fabric or sunburst-pleated for a swingy flare, crisp boxy jackets and fragile chiffon dresses, pintucked and pleated to a fare-thee-well. The only points of crossover with Karan's signature line were the soft, wrinkly leathers she used in her spring collection, but they were welcome additions to the party. She may cherish her own identity, but the DKNY girl is happy to raid mom's jewelry box for a big glittery brooch, or grandma's closet for a swinging, three-quarter sleeve coat that she'll wear over tweed trousers or a silky jersey dress. When it comes to nighttime, however, she's strictly modern, heading out the door in a a skin-baring, jewel-toned satin slipdress. Don't ask what time she'll be home."
969,"Dries Van Noten could never see a woman as a power vixen or a sex bomb. His natural affections have always tended toward the eclectic, eccentric, intellectual type whose mind has been broadened by travel. This woman likes gentle, layered, softly colored, unrestricting clothes, and Van Noten has discovered she has a surprising eye for the odd, richly sparkling accessory or two. She is, in fact, his customer, so it's hardly surprising to find the designer staying true to the arts-and-crafts, twenties-thirties sensibility that just so happens to be sweeping fashion right now. This season, she is personified as a poetry-reading Bloomsbury aesthete with a passion for chinoiserie. She lives in dusty, washed-out colors mushroom, plaster pink, aged greens made up into loose twenties blouses, block-patterned jacquard coats, and tweedy cardigan knits. She has traveled, probably by air (which maybe accounts for her eccentric insistence on wearing Red Baron-esque leather flying trews). One of her adventures clearly took her to Somerset Maugham's Singapore, for she has returned with embroidered silk pajamas and richly embellished Chinese jackets as souvenirs. For afternoons in her study (writing her memoirs in purple ink, no doubt), she sits comfortably in silken dévoré -velvet kimonos to summon the muse. But that's enough of that. What practical fashion fiends will note from this collection is Van Noten's way with a great decorative scarf an accessory category he has made almost his own. For fall, it's transformed into a little fur neck-collar with a jewel-encrusted placket an instant must-have, even if you're not a paid-up member of the eternal Van Noten sisterhood."
970,"With a video of skyscrapers flickering behind them, Giorgio Armani's new Emporio women marched out. They're a far cry from his serious, be-suited, go-to-work army of old, though; they may be business types, but they're still in the mood to face the day feeling, well, considerably foxier than the average straight-laced corporate recruit. Crimped hair, dangly earrings, and high heels were the ever-so-slightly trashy foil for Armani's signature softly-tailored coats, rounded in the shoulder and flared at the hem. Biker jackets in pony and mid-calf flippy skirts replaced his more familiar office-proper suitings. As the collection headed toward evening, a Spanish Gypsy element cropped up in head scarves and heavy tasselled fringe on stoles and knits. The show ended with a burst of song from a young woman performer, Yu Yu a lead-in to the music-business party Armani was to throw later that evening at his nightclub. Though some of the design specifics of the collection didn't gel, Armani's message was clear: He's in a mood to lighten up and let his women look as if they want to live a little."
971,"Let all those other thirtysomething New York indie designers rehash the ironic/retro/ladylike thing ad infinitum. Daryl Kerrigan is not about to start pinning rhinestone brooches to her boyfriend jackets; and as for retro, the farthest back she's ever looked was to a Sex Pistols gig at London's 100 Club, circa 1977. In her second season after a 2-year hiatus, Kerrigan took a big step toward reclaiming her position as the official dresser of the downtown rock 'n' roll crowd. Like her rocker inspirations, Kerrigan knows short and sharp make the point better than long and laborious, so she kept her presentation trimmed to 16 looks. That served her well, letting the details of her slinky, ruched-and-tucked tops and well-tailored skinny pants shine forth. Of course, Kerrigan's version of punk is hardly thrift store; each rip and slit is artfully placed, and her leather jackets have never seen the back of a tour van. And she wasn't all about tough stuff, either; a few of the season's soft-and-pretty ideas made themselves felt via an abbreviated lingerie slipdress, supersized fur, and even gasp! a ribbon bound around a high-waisted velvet dress. Hey, even Sid had his soft side."
972,"The long-limbed stride of Helmut Lang's tribe is a uniquely confident forward march. From their elegant coats to the tips of their high stalking heels, his women go out to meet the real world with a conviction that leaves retro in the dust. For starters, they_re prepared for the weather (a consideration strangely overlooked in many of this season's lady-crazed collections). His deep-dyed shearlings in saturated blues and purples, some chopped short into multi-flapped shrugs, others cut as lean raw-edged coats, made an instant, powerful impact. Pragmatism with a personal, cultured background: Now, that_s a beautiful sight in these days of skimpy fashion thinking. Lang didn_t neglect to show that other item that's scarce on the ground this season: a mean-cut pair of the great skinny tux pants he_s always done, now narrowed to meet high-cuffed drawstring suede or shearling ankle boots. If it's the perfect black trouser suit you_re desperate for, he_s your only man. And once daytime is dealt with, he has some of the most coolly brilliant options for evening, too like a gorgeous, just-off-classic white satin trench and a shaggy cream goat-shearling coat belted with white satin. As sophisticated as these pieces are, they have an easy wearability that lifted this collection clear of the shredded, strap-manic complexity of some of Lang_s recent work. When you buy into Lang's aesthetic, however, you're also complicit with his subtly coded subtexts. That could be the white lace edge on the brim of a thigh-high leather boot, under a short black dress with a suggestive frill of white petticoat. ""Sort of a bit like an Austrian waitress, no "" the designer laughed, afterward. Lang_s Mittel European roots also account for the pleated organza twisted onto evening gowns from Hungarian folk costume, he said, just as the shaggy cream coat started life as a notion about Hungarian shepherd jackets. But none of these references were overt. Lang is too mature, and too sure of his touch, to resort to a one-note ""inspiration,"" and this collection was as far from ""folkloric"" as imaginable. With its small details of delightfully irrational crazy-chic like the pony-hair tail sprouting from the back of a pair of pumps it qualified as a modernist high point of the season."
973,"Luella Bartley's delightful fall collection was inspired by one of the most beloved English archetypes the bohemian aristo who wears a cashmere sweater with Wellies, drives a Range Rover filled with muddy dogs, and can tell equally risqu? personal anecdotes about the Rolling Stones and Henry VIII.  Bartley's fall basics for this character (and all who would emulate her) include drainpipe jeans, cut tight right down to the ankle and worn with frilly voile blouses or a short, sporty navy car coat; little tweedy blazers that end at the top of the hip; and motorcycle jackets in black or pale lavender goatskin. That's for mucking about in the stables (or roaming Portobello Road); for tea time, she goes a bit more feminine with indigo blue or acid-green sheer mini-caftans over tights or trousers. Popping up to town for a day calls for the jersey and suede cardigan over a neat little pencil skirt, worn with chunky high heels tied on with wide satin ribbons. She trucks this all around in one of Bartley's ever-popular leather  Gisele? satchels, decorated with all sorts of whimsical stencils and leather charms. After all, noblesse oblige means never being seen carrying any old grotty handbag."
974,"Kenneth Cole's fall collection was aimed squarely at the time-starved but fashion-loving modern woman who has minimal time to spend in front of her closet before dashing out the door.  Aiming for can't-lose classics, Cole showed simple tailored sportswear like full-leg wool flannel trousers topped by fine gauge sweaters and neat, belted trenches; motorcycle-style jackets cut slim to the body with broad, dramatic lapels and worn over skinny pants; slim, knee-length skirts; and easy jersey dresses. As might be expected from a man who started out in footwear, there was lots of leather, worked into the clothes or done up on its own into long swinging coats, roomy bombers, over-the-knee boots, and big totes.  It wasn't all dress-and-dash, though; Cole showed his charming side with Art Deco-detailed slips and bias-cut satin frocks, worn with fuzzy sweaters or one of those motorcycle jackets. Because even the hardest-working professional has to make time for nightlife, after all.   Janet Ozzard"
975,"Pierre Carrilero loves to spin a tale as much as a piece of yarn, and his Pierrot shows are always encased in some clever, cracked conceit: fairy tales, seaside frolics, triple-X filmmaking. It's a wise move on his part. His knitwear may have charm to spare, but he's still working in a very limited genre. For fall, the designer took a far more traditional route, making his show resemble the old French salon presentations, with running commentary on each outfit and models mincing demurely down the runway (to the far-out accompaniment of a theremin).  Carrilero has been doing slightly twisted, retro femininity for years, so his lacy, sex-addled pointelle knits and tiny flouncy skirts fit right into this fall's growing taste for the look. Ditto his bulky yarns, worked into cozy snug sweaters with various tr's francais intarsia designs (Eiffel Tower, poodles, etc.) worn over slim pencil skirts. His color choices got a bit loud at times, and skintight leggings are rarely flattering, but a Pierrot show always leaves its audience with a smile on its face not to mention a yen for a few new sweaters."
976,"No more Mr. Nice Guys: For their Bryant Park debut, Jack McCollough and Lazaro Hernandez forsook the sweet all-American girl who had inspired their spring show in favor of a woman straight out of a Helmut Newton portrait: intense, sexy, strong. They dressed her in pants that were seamed, lashed, and tied, and sent her stalking down the runway to a dense, bass-heavy soundtrack in ferocious back-laced boots.  The opening look featured a wool felt trench with shoulders that Claude Montana could love. It was the first of several coats and jackets that emphasized the shoulders (broad) and waist (small) and were worn layered, in what has already become signature Proenza Schouler style, over intricate bustiers in metallics and muted jewel tones. Feathers, fur, lamé, and sparkle upped the luxury quotient, which reached its apex in a mink sequin coat cinched with a jeweled belt. McCollough and Hernandez played deftly with proportion, especially in jackets like the double-faced cashmere bolero with oversized pockets, and ended with a series of seductive dresses, seamed and fitted to cling to every curve, in which no woman could fail to claim the night."
977,"The first fall offerings from Yohji Yamamoto were six soft, multicolored, printed tailcoats, laid out on the floor of a freezing school hall. Perhaps the result of a journey to Tibet, Uzbekistan, or somesuch folkloric pilgrimage? ""No,"" he said laconically.  I just wanted to prove I can do color.? The patterns flowery, mini-paisley mixes, ink jet-printed on double-faced flannel suggested, he said cheerfully,  a cheap hotel.? Then in filed a Yamamoto army of quiffed rockabillies, picking up the coats and shrugging them over layers of printed tunics and slouchy cuffed trousers in a nice m l e of dusty blues, violet, ocher, and cinnamon. Having made the color point, Yamamoto reverted to his beloved all-black avant-garde cutting, this season scissored into an Edwardiana-meets-rocker kind of elegance. Variations on high-collared cutaway coats, shown with cropped pants and biker boots, have a lanky swagger. While some are hung with chrome chains and others come with snowflake-knit sleeves, the most sophisticated tailoring is paired with bunchy velvet bows, spilling artfully from the front. Another experiment (a subtle dig at the alarming proliferation of must-have bags, maybe ) places big leather pockets at the front of skewed pea coats, receptacles roomy enough to allow a woman to roam the world hands-free. The best came last: a striking sequence of sweeping greatcoats and capes with layers of collars and oversize brass and chrome buttons. Part military, part highwayman, the variations include a tiny-waisted version, its huge collar trimmed in white sailor braid, and a trench whose detail is picked out in red patent leather. The effect gutsy and chic at the same time reveals Yamamoto leading fashion's forward march once more."
978,"To provide a backdrop for his fall collection, titled Blixen (as in reindeer), Zac Posen carpeted the floor of a Bryant Park tent with black Astroturf and installed a grove of silvery tree sculptures. Of course, Posen's audience is its own decor (this season it included Claire Danes and the artist Chuck Close), but the designer is a born showman and he loves to set a stage. He's also, five seasons into his career, developing real range, not to mention an inventive sense of color and solid craftsmanship. His signatures the neckline that arches chinward and then plunges deep into the décolleté, the hourglass fit, the mitered stripes were all present and accounted for. But there were new developments, too: Posen worked in a lot of jersey and knits, which softened his edges and produced some lovely looks, like a pink cashmere dress or a charming black knit T-shirt, trimmed in blue ribbon and worn with a simple black pencil skirt. Even the pieced geometric dresses in contrasting hues fell on the wearable side of artsy.  The designer's evening showstoppers included a figure-hugging polychrome lace sheath, a fluttery pin-tucked organza dress, and a dreamy blue organza ball gown. It may have all been based on fantasy, but Posen produced a real-life wardrobe that goes from morning coffee straight through to the last nightcap."
979,"The jaunty little creature who pops up on Moschino's runway every season doesn't distress herself over the subtext of her clothes. No retro irony for her; she's more interested in the best opportunities to look cute. This season, of course, the young-lady-in-the-fifties look will suit her purposes to a T. From the little wired ribbon-and-velvet hair ornaments to the Betty Boop pumps, Moschino's young woman has that down pat. There was a matchy-matchy moment, played with a silver-threaded tweed suit with a fluffy white Peter Pan fur collar worn with a swinging bag in the same fabric. The show ran on at length, through Chanel-inspired tweeds, tiered skirts perked out with tulle petticoats, and any number of flirtatious printed afternoon dresses. For all its cheeriness, though, a heavy air of inevitability is beginning to hang over collections like this. Moschino will be heaving with sweet, no-brainer, period pieces for fall like so many others who have taken an obvious cue from Miuccia Prada, but skipped the intellectual thought process that puts her leagues ahead."
980,"In the nearly three years since Tomas Maier took over at Bottega Veneta, he's been inching methodically forward from explaining the intricacies of the house bags and accessories to developing a full-fledged clothing line to go with them. What began as a few luxe sporty sweaters and jackets kept on a rack in the back is now a 60-piece collection, which Maier presented on models clustered on a series of podiums in the company showroom. ""It isn't like normal ready-to-wear,"" Maier explained. ""I had the concept of designing clothes like accessories. Everyone has their own personality, and will pick things out to wear in their own way."" Maier's aesthetic is clean and ageless in spirit, with luxury worked in as a result of the extraordinary handcraft that goes into producing exclusive fabrics, prints, and finishes. He used salt-and-pepper baby tweed for coats, tunics, and pants; cashmere for double-layered cardigan coats in beige and chartreuse; and Deco-derived swirly and geometric prints for A-line skirts and drop-waisted dresses. The effect was feminine and modern, but it was still the accessories that kept the audience circling for a closer look. Most want-able are the new bags: a multicolored Mondrian-esque weave, a framed croc in poison green reissued from the sixties, and the chunky, rounded minaudières studded with tiger's-eye."
981,"Donatella Versace can relate to the cross-generational appeal of punk. Her brother Gianni frequently referenced it (remember that famous safety-pin dress), and for fall, she revisited the 30-year-old style as a kind of house classic. Strangely enough, it worked as a perfect medium for dressing the chic modern mom. As proved by the soundtrack Chrissie Hynde at her gritty best age cannot dim the spirit of the hardcore rock chick, and this show translated that attitude into some great daywear. Donatella is not the first to try shredding the edges of tartan, but her plaid suits, in combinations of red and white, purple and black, or yellow and white, had a fierceness of cut that was pure Versace. And with their back-combed chignons and dark glasses, her women can throw a cashmere cardigan over a houndstooth sheath (complete with sparkling brooch) and make it look a million miles from frumpy. That in itself was a cheering sight in a season that poses many potential styling problems for the grown-up woman: classy, but just sexy enough to show you ain't retired yet. By comparison, Versace's eveningwear was more predictable, with the photo-op possibilities ranging from several slashed black dresses to the anatomically sliced red finale. Though these will be much in evidence on the red carpet in coming weeks, it's the strong daywear that's likely to pull in new customers for the house."
982,"Bette Midler playing Janis Joplin in The Rose meets Virginia Woolf. Such are the entertaining tropes being used backstage to explain the outbreak of individualism in fall's fashion; that combination specifically was Rossella Tarabini's brief for the collection she designs under her mother's name. The reality was thankfully much simpler. The house of Molinari always finds a way to do pretty dresses, whatever the mood of the season. This time, it was ragbag antique glamour with a seventies accent. Close up, the dresses highly worked amalgams of dévoré? velvet, chiffon, and outcrops of sparkly beading could almost have been the trophies girls boast about finding at Saturday-morning flea markets. Aged and crinkled gold lame's, apparently retrieved after decades in great-granny's attic, reappeared in smocks and tiered skirts tied around the middle with silver sequinned belts. Something always comes along to break the suspension of disbelief, of course; here, it was the decidedly contemporary colorways (from chrome yellow through violet and purple) and multiple variations on the theme. But when these drifty, faux-moldered frocks turn up in shops this fall, they're exactly the kinds of things the young Secondhand Roses and would-be Virginias will fall on with gusto."
983,"Peter Som's fall inspiration was a giddily off-the-beam aristocrat of the Grey Gardens genre: the kind of woman who piles a big gold heirloom brooch (or three) on her unraveling tweed and pulls herself together with the help of a thin alligator belt (and maybe a midmorning martini). It was a great starting point for a lighthearted, swinging collection that touched on the season's emerging trends with Som's usual charm.  Som poured on the colors. He mixed apple green, chocolate brown, and lilac in the first outfit alone and then added in pale blue, deep plum, taupey pink, and navy. His fabrics had plenty of texture to play with, as well. There were the season's darlings, tweed and chiffon, in addition to soft cashmere knits, moir? taffeta, wool gabardine, tulle, a vine-printed silk twill, and heavy duchesse satin, all decked with fox, sheared mink, and plenty of gleaming Verdura pins. He kept the silhouette ladylike but not fusty: There were pencil skirts, boxy jackets, sheath dresses, elegant collarless coats, and great low-slung trousers, worn with Alexandra Neel's sexy, strappy stilettos. As his socialite-packed front row attests, Som is a dab hand at the special-event wardrobe. This time, he showed a lovely fluid black charmeuse camisole with the skirt covered in fluttering chiffon leaves, an elegant black silk moir? sheath with a deep-plunging back, and a pink-chiffon beaded confection that will tickle the fancy of bluebloods far and wide."
984,"Who thinks about the working woman these days? That's a down-to-earth question that doesn't appear to blip across many designers? radar screens in the twenty-first century, at least not when they're lining up runway parades for the press. MaxMara, on the other hand, is one of the few solid supporters of the belief that a woman in winter may (at the least) need a good coat in order to get through the humdrum A to B.This season, as it happens, a savvy style choice could well be an updated camel-hair classic. MaxMara has been in that business since the fifties, and this season's show revolved around its iconic belted coat, along with other aspects of town-and-country outerwear. There were small Norfolk jackets and shearling aviators that seemed nicely on-trend yet not limited to the category of one-season-only fashion statements. The problem comes in fleshing out that pragmatic core as a fully realized collection. Yes, big flaring skirts are part of the current scene but they don't necessarily do much for the hips in blanket-weight fabrics. Ditto cable knits and Swarovski crystal when married into the same sweater. MaxMara can also stretch its credibility by feeling the need to show eveningwear. This season, the design team picked out the crystal-encrusted jersey keyhole disco gowns of the late seventies designer Loris Azzaro as a trendy reference du jour. Fine, but it's still those elegant coats that will keep the MaxMara woman coming back for more."
985,"Here's the news about Versus this season: It's not so much a collection that young, rebellious women will go out to buy for themselves, as it is a safe destination for mother-and-teen-daughter shopping. Donatella Versace (who of course has her own teenage daughter, Allegra, to bounce ideas off) was recently taken by a story in the International Herald Tribune that discussed how the punk ethos has been sanitized over the years. The article (reprinted from The New York Times ) pointed out that now even private-school kids are weekend punks, tolerated and often encouraged by their world-wise parents. That explains Donatella's program note, describing the punk-inspired Versus show as, ""A subversive mixture of education and rebellion."" She addressed the eternal parental fashion-control issue by allowing her junior collection to go out the door looking like a shorter, tartier, big-haired version of the grown-up Versace line. That meant a lot of tartan mini-kilts, orange biker suits, and tiger-patterned denims, and a loading of metal hardware in the form of heavy Medusa-head cuffs and chain belts. For extra measure, she also threw in a few skimpy asymmetric jersey dresses, just to prevent those daughterly raids on Versace Mom's eveningwear closet. So, now the moral becomes clear: A girl who gets good grades might just be rewarded with a little trip to Versus. After all, as we know from the dear old Osbournes, the family that rocks together stays together."
986,"The kaleidoscope of British talent periodically shakes out brilliant print designers who can look at color and pattern in mind-bending new ways. The latest is Scottish-born Jonathan Saunders, so skilled in manipulating surface design that he engineers his patterns to flow over body contours. Using hard-edged combinations of orange, gray, ochre, purple, black and white, his sharp-angled geometrics are interspersed with zig-zagging zones of herringbone pattern like Art Deco processed by a cyber-brain. Saunders applied his patterns to a troupe of second-skin dresses and bodysuits that looked like a muted, psychedelic echo of the days of Thierry Mugler's glamazons. There was too much repetition, but the glam-rock mood was on target with a growing London trend."
987,"Alber Elbaz has been putting an inordinate amount of thought into making his vision of glamorous dressing an easy, relevant proposition for modern women. The most striking example came midway through his show, when an elegant twisted loop in the back of a short black silk dress was unpinned to fall from the shoulder, transforming itself into a starkly simple train. Every woman in the audience got this immediately: Two fabulous dresses for the price of one. There were other such devices, like a kind of draped silk apron that untied to leave a bare shift beneath, or a gray sheath that came with a couple of removable net layers. For day, there were vests that could be worn over or under coats, and detachable shirt collars and cuffs to pop into dresses according to mood and occasion.  More simply, Elbaz reprised some of the elements that have brought him a growing following (a wide age span of fans that includes both Kate Moss and Gretchen Leach, wife of the American ambassador to France, both sitting front row.) The collection featured his taffeta trenches, the satin ribbon details he's made his own, a slew of his signature dresses, and his much-copied use of jewelry. He pinned slightly antiqued crystal flower brooches on day dresses and popped shredded chiffon roses in buttonholes; evening saw a reprise of his sparkling ribbon-backed neckpieces, now grown into long multiple strands. Still, it was the simplest of his dress ideas that stood out as the most modern and provocative: a white satin tank dress, knotted up the side with bows, slipped under a glamorous cloud of tufty, gray-tipped fox."
988,"Lawrence Steele has a delicate way of tearing leaves out of fashion history and lightly rewriting them for a new generation. For fall, he said, he was thinking of ""Balenciaga, Chanel, Vionnet. The beauty that once was, as an ideal but we're in today."" Almost everyone is referencing the twentieth-century greats these days, either literally or at some crumpled remove, but Steele isn't one of the shredders. His version of fall's now-familiar equation silky dresses, camisoles, little skirts, and furs comes out with a meticulous finish. Contriving to infuse a sense of chic into his collection, Steele also managed to sidestep the inherent pitfalls of both ladylike frumpery and saccharine girlishness that beset many designers who set off down the well-trodden retro road. Some of that came through his subtle way of mixing soft sorbet shades of the same color in the same outfit (a bois de rose angora cardigan with a flesh-pink skirt, say, or two mismatching tints of green), and resisting the temptations of over decoration. He also leavened the frilly fragility of the dressy look with a few cool yoke-backed coats and dresses taken from the book of Balenciaga. Simply styled with bead-encrusted satin pumps, the look had a certain abbreviated modernity that set it refreshingly apart from standard vintage rehash."
989,"The current spate of designer departures from European houses has taught the fashion world a very important lesson: Know thy customer. Tom Ford at Gucci knew exactly what kind of woman he was dressing and succeeded. Julien Macdonald at Givenchy clearly didn't and failed. Does Lars Nilsson know who the Nina Ricci woman is? He certainly has the talent to rise to the occasion but he is also clearly still fine-tuning the answer to that question. He isn't helped in this elusive search by the label's total lack of identity. Unlike those other moribund houses that have been given the kiss of life (with varying degrees of success), Nina Ricci, the fragrance aside, means absolutely nada. It had no defining moment in its past; it has no design icon that can be reworked for a modern audience; and, while it's French, it doesn't resonate with the kind of magical chic that some Parisian houses do. These are not, of course, problems of Nilsson's making, but they add to the challenges he faces. Oddly, he seemed far surer of where to take the house last spring, when he showed a fine, focused color palette of brown, blue, yellow, and orange and a sophisticated mix of sharp suits, soft dresses, and sweet lingerie. This collection felt more muddled in its approach. Given Nilsson's strengths with color and decoration, it was inevitable that he would be drawn to the vintagey, just-pulled-it-out-of-my-closet, highly personal feel that is driving the season. The ruffled tweed jacket and cropped pants that opened the show worked, as did the billowing silk blouses; the tulle-veiled dresses worn with sparkly shawls didn't. And the cumbersome triangular shrugs were just odd from a designer who never normally does tricky. Perhaps next season will prove that old adage: Third time's a charm."
990,"It's always somewhat dispiriting to hear the hectoring tones of Patti Smith as a show gets underway; it normally means that, fashion-wise, doom and gloom are on the agenda. Thankfully, this wasn't the case at Undercover. It was Ms. Smith's androgynous, 1970s New Wave style her layers of dinner jackets, striped vests, and slouchy shirts, worn with stretch leggings or faded denims by which designer Jun Takahashi was inspired. Yet, unlike the many Japanese teenagers in Tokyo and beyond who copy the styles of rock icons with staggering accuracy, Takahashi wasn't interested in merely paying sartorial homage to the woman who gave us Horses . He has a sly, witty way with fashion and he used Smith's style as the starting point for an exploration of how clothes change with wear over the years. As the show progressed, Takahashi's designs appeared to soften and age: The jackets, some lightly quilted, became a little more oversized and slope-shouldered, while the T-shirts stretched to become tunics. Even the felt fedora hats seemed to get floppier by the minute. Takahashi also explored the way in which clothes get made more personal as time goes by: tying a clutch of scarves onto the waistband of a pair of pants; decorating a shawl by pinning it with stuffed felt charms in the shape of medals and keys (these trinkets were inspired by the work of artist Anne-Valerie Dupond); giving a jacket random buttons as if his wannabe Pattis had simply been too busy mosh-pitting to even consider replacing the fastenings they'd lost with ones that matched."
991,"It was seamless! said Cindy Greene, half of the design duo Libertine, shortly after the label's debut runway show a somewhat ironic statement coming from someone with a penchant for exposed seams and other deconstructive details. Established in 2001, Libertine is a collaboration with a twist: The New York-based Greene is separated by 3,000 miles from her partner, Johnson Hartig, who lives in Los Angeles. That hasn't stopped them from developing a cult following for their one-of-a-kind, reconstructed vintage pieces, which work a feeling that Greene describes as about ""nature, the macabre, and early Americana.""  The presentation, in the caf? attached to St. Bartholomew's Church, attracted an audience many members decked out in Libertine gear that included Michael Stipe, Jimmy Fallon, Helena Christensen, Patti Hansen, and Monet Mazur. They gave an enthusiastic reception to the label's quirky reworkings, like tweed pants printed with falling autumn leaves or a fifties beaded sweater embellished with ribbons, brooches, and a screen-printed skull. Kilts, trenches, capes, and dresses were equally transfigured via prints of eyes, dancing bears, bird heads, and even a portrait of Lincoln. At a time when polished prettiness is ruling the runways, Libertine's strikingly individual pieces stand as a kind of fashion-world call to live free or die and to look good either way."
992,"The city's fashion week is in a state of flux, as some designers decamp for more visible pastures, others cut back, and a (rare) few expand to the runway. Here's a look at some who still call London home.  Hamish Morrow was a no-show this season, opting to present his technically complex collection he likes to integrate high-tech concepts with traditional methods of making clothes in a Paris showroom. For fall, he ran lengths of stretchy industrial cord through silk jersey to make dresses and tops which can be draped, ruched, and tightened by the wearer. Prints were derived from thermal imaging, which mapped the body to show clusters of color swirling forms of purple, magenta, and green at the stress points. As always, his knack is melding opulent, feminine surface effects onto sporty bases: One outstanding piece was a slick coat panelled in champagne sequins. Why the change in venue? ""It's a time when I felt it sensible to reorganize and concentrate on selling,"" he said. Sometimes, London fashion is more about a scene than a show. Looked at in a crowd or at a party (and especially after a couple of drinks), the way Kate Moss and her crowd mishmash their clothes can seem a work of genius. Such is the milieu of FrostFrench 's Sadie Frost and Jemima French, who have wisely until now presented their cute bits-and-pieces collections in various faux-party settings. This season, however, the amateur charm evaporated when they put the clothes on the runway. The vaguely gypsy layerings of teeny skirts, smocks, denims, and hand-knits fell pretty flat even with Moss beaming supportively from the front row.  Alice Temperley has won her place as London's girly-dressmaker-in-chief in the space of three short seasons, with her flapper-esque frocks, cute Cubist knits, and little coats fast gaining a following of young socials on both sides of the Atlantic. For fall, her references were plucked from the demimonde of fin de siècle Paris. Nothing too literally historical, of course just a good excuse for Temperley's usual sprinkling of beads on tulle and silk. Aaron Sharif and Sachiko Okada of Blaak want an international challenge, so they're showing across the Channel. ""London has been good to us, but we've reached the stage where we're not new any more, and we want to see how it is in Paris,"" they said at a walkthrough of the fall line. Named Blaakistan, the collection plays up their fusion of ethnic sensibilities (his parentage is Pakistani, hers Japanese; they live in London's East End), twisting inspiration from Central Asian textiles into brightly layered, punkish looks."
993,"With almost every designer in the universe referencing vintage these days, Domenico Dolce and Stefano Gabbana cut wittily to the chase, showing their D&G line in a faux vintage store. Still, given how young women shop today, acknowledging their flea market competition was as much acknowledging reality as it was putting on a clever show. Decade-trawling made easy was the message cheerfully announced on T-shirts that declared ""J'adore le Vintage."" For fall, the D&G racks will be full of excellent rummage finds, starting with Victorian taffeta jackets and moving on through velvet Poiret-esque coats, thirties tea dresses, tweedy Joan Crawford tailoring, Chanel-esque plaids, Courrèges go-go boots, Loris Azzaro gowns, and even a slithery homage to Versace chain mail. Just as impressive, the show's styling was a convincing approximation of how the cool girls really pile all that on, teetering on seventies wedges one moment, funking up chiffon dresses with tracksuits and trainers the next."
994,"If Belgian designer Tim Van Steenbergen were a movie director, he would probably be part of the Dogma group, radically challenging the norms of what we expect from the medium. Van Steenbergen cast his fall show, as he did last season, from dance and music schools in Antwerp. ""No professional models!"" he said proudly, just before the show kicked off, and they proceeded to walk the runway while singing their version of ""Mad World,"" the theme from Donnie Darko . At the end of the show, the students lined up looking like some kind of Belgian conceptualist choir. There would probably be a huge demand for them on the alternative cabaret circuit. These high jinks shouldn't detract from the seriousness with which vanSteenbergen approaches the task in hand. (Sometimes too seriously: While not as wildly conceptual as some, he doesn't always grasp that fashion should flatter. There was an unpleasant moment when a patchwork velvet skirt that could have been worn by about three people hovered into view.) That misstep notwithstanding, Van Steenbergen is down with what a certain cool girl wants to wear. He understands that there is just as much room in her closet for crepe de chine as there is for washed, worn-looking cotton canvas. The faded navy parka with a voluminous back and deep ribbed cuffs was wonderful, ditto the wasp-waist jacket with leg-of-mutton sleeves and the washed silk bias-cut dresses in scarlet or chocolate. On the runway, the way these clothes are put together can look like too much. But the trick with a designer like this is to cherry pick; the individual finds can be rather good."
995,"John Galliano has already proved how far he can push it with iconoclastic delirium at Christian Dior. Making over the staid old ""madam"" house to become a global, cash-creating engine for bags, perfume, cosmetics: Done. Faces painted in exaggerated theatrical/clown/kabuki masks: Done. Showing an over-exaggerated version of what will appear in stores? Seen and understood. Galliano was up to his old merge-meister devices again for fall. The collection, he explained, was inspired by illustrated Vogue covers from the 1900s, using them as a route through to the Edwardiana/teddy boy revival of the 1950s. What that basically boiled down to was introducing humongous, Poiret-style fur-collared coats into the rockabilly canon of neon leopard spot, vast Elvis-does-Vegas lamé draped jackets, and 4-inch crepe-soled brothel creepers. It was, as usual, taken to the absolute theatrical max which produced only an exhausted sense of been there, done that. There were, among all this, some of the pretty, fragile evening dresses that Galliano confects so well: one in ice blue, sheathed in silver sparkles, another in eau de nil frilled with watery chiffon. Lovely but these, too, now have the inevitable feel of a design sensibility set to autopilot. Fashion, especially now, needs to be astonished by new approaches to creating beauty for modern times. In the fall 1994 collection that won him his deserved place in the Parisian establishment, a pre-Dior Galliano proved himself prodigiously capable of that with only a few yards of black silk. If he could retrieve his sense of that dreamy simplicity, it would count for more than all the cacophonous entertainment he lays on now."
996,"There are times when a show is in progress and, suddenly, a question crops up: Just exactly which season are these clothes for? That particular thought crossed the mind while watching Giambattista Valli's latest efforts for the house of Ungaro. Valli, rather guilty in the past of loading his outfits with too many extras (fedoras and fur wraps and feathery fripperies), stripped back to nothing this season but for some fabulous Buccellati earrings and the occasional gem-studded satin bag. But perhaps this stripping process went too far. What Valli showed on the runway flashed enough flesh to make even a spring collection seem skimpy, yet these looks are meant for fall. When the weather turns chilly, is a woman really going to reach for a tiered floral silk mini or a nude beaded chiffon dress? It's hypothermia on a hanger not to mention out of sync with where fashion is now. As the recent Academy Awards made clear, blatant skin-baring is out, and seduction is turning more subtle. If Valli's efforts to simplify what he shows had included more of those curvy tweed jackets and leopard-print wrap coats that did make it onto the runway, he might have given this collection greater substance in every sense of the word."
997,"Is eccentric the new normal? That's the odd inversion beginning to spring to mind, as more and more shows fall in uniformly behind the E word. Of course, there's nothing deranged or random about most Milanese designers' choice of inspiration: They know a commercial direction when they see one. In Alessandro Dell'Acqua's case, he called up an out-there muse of the moment in the form of Courtney Love, as he imagines she'd look after rummaging through a twenties wardrobe that was actually designed in the seventies. What does that mean? Antique-looking tiered velvet dresses pulled on over sweaters and glitter-heeled ankle-strap shoes, for a start. But this wasn't wholly a dose of grunge revisited after a heavy night out. For an indigenous angle on early seventies glamour, Dell'Acqua referenced the late cult Italian design hero Walter Albini. That came through in Lurex knits, worn with matching jersey turbans and paired with high-waist flares, and in a reprise of the mixed Deco-patterned jacquard sweaters that were part of Albini's nostalgic métier. One outfit a loopy pink-mohair backless sweater, worn with a sparkly silver shirt collar and a pair of white pants nailed the disco-fabulous era nicely. There was rather more Miuccia than Courtney in this collection (fabric-covered, beaded disc brooches landed on jackets and dresses), but few designers anywhere can completely escape the influence of Milan's own great homegrown eccentric especially this season."
998,"What was it that made Comme des Garçons' Rei Kawakubo, the leading light of intellectual fashion, decide to show at the Lido, the Parisian nightclub famed for its high-kickin' dancers? As Kawakubo's show progressed, no clear answer emerged. What the models wore was certainly a whole lot more substantial than anything that has graced the stage of the Lido in the past: The designer reworked the black jacket, showing it with full leg-o'-mutton sleeves and trimmed with bows and feathers. Some of these jackets were twisted around or looked like they'd been intricately cut to be worn tied onto the body. In turn, they were partnered with endless variations on a black skirt: some with pleated taffeta bustles, others designed to be worn backward, a few short versions veiled in tulle. Also thrown into the equation were a few pairs of striped, pleated pants that looked like they might have started life as part of a morning suit. What was clear was that Kawakubo was on tried-and-tested ground, returning to concepts she has explored in the past: the Victorian and Edwardian eras; the boundaries between masculine and feminine; and the purity of black. Still, those themes didn't stop the imagination from running riot, dreaming up little narratives to explain just why she had chosen this venue. Perhaps her muse was some kind of starchy, turn of the century governess who had run off to a life of debauchery and been ravished at the club? That would certainly explain the askew jackets and the smeared red lipstick. When it comes to Kawakubo's clothes, the possibilities are of course endless which is sometimes how this show felt. There were some truly excellent pieces the duchesse satin evening coats, in particular but her showgirls could have gotten the messages across with far fewer turns."
999,"Giorgio Armani has a new focus. ""Women want to be diverse, not to follow a standardized look,"" he said of his fall show. ""They want to be motivated by something special. That's why they've started looking for vintage pieces."" Inspired by what he called ""a vague feeling for the 1900s, and Visconti's film The Damned ,"" he sent out a romantic assembly of looks designed to be remixed by the wearer, rather than imposed as top-to-toe solutions. Armani drew a long, supple silhouette with dresses, coats, and jackets that were cut close to the body and gently fluted toward the hem. Standouts included laser-cut and printed velvet pieces, scalloped-edge lace jackets, beaded halter dresses, and crystal-encrusted evening jackets crafted as softly as blouses. Huge sparkling brooches underscored the air of decadent eccentricity that is fast becoming the look of the season. Among the rich, couturelike handwork that has long distinguished Armani's evening looks, he also sent out a selection of his luxurious signature streetwear in the form of ankle-skimming, vaguely Napoleonic coats. In condensing this show to a 20-minute sampling of his vast collection, Armani embraced the eclecticism that is a ruling factor in fashion right now. It looked like a beautiful step forward."
