review_id,review
400,"Forget fitted silhouettes and uptight elegance. Tom Ford is ushering in a relaxed, laid-back feeling at Gucci.  Ford's new aesthetic marries hip-hop savoir faire ultra-casual pants and asymmetrical-seam jackets were cut extra-wide with Route 66 favorites like raw suede blazers, desert tops, and large coats that lace in the back. A stunning liquidy silk skirt was embellished with large floral cutouts; explorer shorts were worn with skimpy superfine knits. Ford showed gently gathered smocks and a double-layered black dress riveted with diminutive eyelet hooks furthering the fresh spin on the romantic concepts he has explored of late.  While not everyone will embrace Ford's new supersized proportions, there is bound to be unanimous enthusiasm for his self-assured evening gowns: frothy Empire concoctions that fall to the floor, with draped backs that offer a voyeuristic peek at the rigorously laced corsets underneath."
401,"London fashion week got off to a quiet but determined start, in spite of cancellations by Paul Smith, Clements Ribeiro, Katharine Hamnett and Burberry. Jasper Conran set the tone by issuing a defiant statement of intent, saying the ""objectives of terrorism are not only to kill but also to disrupt. ? It is not our intention to allow these people to prevail by bowing out of ? our responsibility ? to our industry and democracy.""  Conran followed with a collection that reflects the taste of the heartland of Tony Blair's new Britain accessible, understandable dressing for grown-ups who haven't forgotten how to flirt. Working with pimento, black and white, he incorporated subtle '30s and '40s references into silk polka-dot dresses and blouses, sharpened by tailoring, sometimes in napa.  At his best, Conran proves himself a worthy successor to Jean Muir, whose remit was always beautiful jersey cut for Brit sophisticates. The element of slinkiness in his sinuous black jersey dresses showed him at the top of his form, proving why he is one of London's most commercial designers: Aside from this collection, he reaches the whole of Britain through 96 branches of the Debenhams department store, for whom he designs extensive ranges under the label ""J."""
402,"Newlywed Jennifer Lopez caused a major paparazzi meltdown at Versace as she wafted onto the multihued runway in a pearl-gray goddess gown that clung to her every curve.  Versace's collection could have been designed specifically for Lopez and her fellow members of the red-hot diva society. Severely form-fitting silhouettes in striking blues, violets and reds were the norm. The focus was on sensual details like rows of circular cutouts, lace-up closures and deep-plunging backs; fire-engine-red skirts were dotted with minute eyelets, while leather tops and grommet-trimmed dresses laced up provocatively in the back. Several eggshell suits and dresses provided a momentary chromatic respite before Donatella plunged into a series of pop-print floral dresses that could have sprung from a Warhol canvas. For evening there were low-waisted skirts with shimmering net overlays, embroidered tops, and a no-holds-barred beaded pink column.  To celebrate Lopez's wedding, Donatella threw a dinner bash at her Lake Como house, half an hour outside of Milan the perfect conclusion to her high-octane presentation."
403,"Anna Molinari designer Rossella Tarabini's main strength is culling trends from the street and reinterpreting them for the catwalk.  Tarabini showed an assortment of skimpy, sheer baby-doll slips and lingerie-like tops that referenced Fall's underwear-as-outerwear obsession. Her layered minidresses, loose cardigans and antique-looking paillette tops were layered over utility cargo shorts a look that might be just a bit much for many of the label's younger customers. The same could be said for the flapper-inspired dresses with plumed hems that closed the show.  Still, there were plenty of fashion-savvy wearable pieces to be mixed and matched. A black pleated minidress with a white beaded collar, for example, was effortlessly chic. Tarabini's cotton blazers, meanwhile, are great everyday staples, as are her striped tees, velvet jackets and flat, short boots."
404,"A Frenchman working in London, Roland Mouret combines the romance of the couture tradition with the grit of his adopted city to make beautiful, edgy eveningwear.  Mouret kept his audience spellbound with a collection of black asymmetric dresses, falling from the body in rivulets of fabric, contrasted with shots of sharp, gentlemanly suiting. Upping the romantic quotient was the look of the girls, who wore no-makeup makeup with a slightly fevered sheen and ever-so-slightly tousled hair, as if caught at 3 a.m. at some fantastic ball. Luxury was also in plentiful supply: Mouret has the real thing, in the form of a new collection of rough diamond jewelry, made in association with mining company Oryx. The signature pins Mouret has always used to anchor fabric in a dress are now capped with a sugar-cube-size chunk of raw ice, while pendants and wisps of silver bracelets swing with very serious rocks. Show-stoppers? A dusty pink, huge-sleeved georgette blouse tethered to the torso with a massive wooden bead necklace; a delicate layered sheath of chiffon in cutout black flowers; and a white corseted top with a 3-D, raw-edged bouquet of fabric flowering at one shoulder.  If there are to be occasions in the future, these are the kind of clothes clued-up women will dream of wearing to them."
405,"Ennio Capasa's Costume National collection, executed almost entirely in black and white, was thankfully short.  At heart, Capasa is a minimalist who emphasizes form above everything else he is at his best designing sharp jackets and no-nonsense trousers. Why then, would he choose to cinch most of his looks with unflattering bodybuilder belts-turned-corsets? The effect was jarring and distracting.  Worn without those unfortunate accessories, many of Capasa's clothes will work just fine as sensible everyday uniforms the roomy overcoats, eyelet-trimmed skirts and peasant shirts are all in touch with current trends. Nonetheless, it was disappointing to see Capasa strike only one note through the entire show."
406,"Antonio Berardi reclaimed his Italian roots with a carefully staged backdrop that included a little Vespa motor scooter, an ice-cream stand and festively strewn lights.  Traditionally crafted leather and heavily worked lace two of Berardi's favorite materials were key to his collection. His see-through skintight trousers, razored jackets and ultraslim pants were sexy as ever (especially with the just-stumbled-out-of-bed Rapunzel hairdos on Berardi's models); textured denim jackets and jeans offered a slightly more sedate option. Die-hard fans will go for Berardi's lingerie-like party slips, which can go from the dance floor to the bedroom in the blink of an eye.  How to close such a high-powered presentation? Consider a stunning flapper-inspired silver paillette dress with a floral motif a brave alternative to the understated simplicity that is so often championed on more conventional runways."
407,"Philosophy, Alberta Ferretti's junior line, is known for its ethereal, delicate dresses. This season, however, Ferretti imbued her lightweight frocks with a decidedly street-tough edge.  Not that there was any shortage of Ferretti's signature embellishments: In fact, practically every look seemed awash in pleats and ruffles. But the designer cut her smocks and skirts extra wide, employed neutral colors, and styled them with Mad Max verve. (Ferretti's models usually waft onto the runway; this time, they stomped in and out at breakneck speed.) Unfinished tops peeked out from cropped, ribbed cardigans; laser-cut details spruced up long, casual skirts. A frayed, pleated pale rose dress with an asymmetric hem could be just the thing a young urban warrior would want to throw on to combat a summer heat wave.  For those in search of a practical dress with plenty of attitude, Philosophy is certainly one place to turn."
408,"For Spring 2002, Christian Lacroix incorporated Art Nouveau references into his opulent, romantic style.  Silk blouses were piped in leather and embroidered with graphic tulle swirls; mottled, metallic-tinted leather jackets came with corset closures and cutouts. Lacroix's dresses always elaborate experiments in color and patching were asymmetrically cut and often distressed, sometimes extremely so. There were several beautiful, billowy embroidered blouses, one paired with pegged tomato crepe jogging trousers. A simple trenchcoat became paparazzi-worthy when executed in embroidered red organza.  Eveningwear is Lacroix's forte, and this season his standouts are taffeta blouses with frilled and pleated necklines, jackets with knotted sleeves, and printed chiffon tunics, all embellished with a peacock motif."
409,"Most women spend a lot of time putting together their basic urban outfits suits, party dresses and weekend staples but leave shopping for that last-minute beach getaway until, well, the last minute.  Enter Tomas Maier, the German designer who has made a career out of treating swimwear just as seriously as any other component of a woman's wardrobe. Maier's sexy swimsuits range from itsy-bitsy, fire-engine-red bikinis to black, figure-flattering one-piece suits, and are decorated with everything from a rogue flower to lavish fringe. To cover the ground between beach and hotel, Maier provides silk jersey cover-ups and caftans, sensible track suits, shorts and tees.  ""My clothes are designed exclusively for moments of leisure,"" says Maier. ""There are bathing suits, comfortable things for the plane, and even a little something to open the door when you order room service."""
410,"Julien Macdonald has joined the ranks of designers who must work two collections in two countries a daunting task, even for some of fashion's top talents. Unsurprising, then, that signs of strain were evident in Macdonald's first collection for his own label since taking up his post at Givenchy just a few months ago.  Macdonald's show, staged in the London Science Museum, looked as if a sudden awareness of posh European fashion had descended and smothered the designer's usual brash clubbiness. References to haute Parisian fashion were all too visible the tooled leather belts and cargo pockets Tom Ford has used; the Givenchy-esque Bettina blouse; the heavy, couturelike flowered satin; the Versace-flavor spangly minidress. Even Macdonald's own signature asymmetric near-naked disco dresses misfired, at a time when the validity of good-time clothes suddenly looks very questionable.  As a relative unknown outside London, Macdonald will have to work harder to show a world audience the difference between his hometown collection and Givenchy. Still, Alexander McQueen struggled to find his feet at Givenchy, and Marc Jacobs took several seasons to warm up at Louis Vuitton, while their own labels have occasionally wobbled under the workload. So give the boy time."
411,"It has not been an easy year for Donna Karan, who lost her husband to cancer just a few months ago. ""My private grief has now become part of a collective one,"" said the designer, adding that her ""collection was inspired by my husband, his art and everything he loved.""  The collection is certainly a strong one. Working with featherweight parachute silks, Karan created shimmering belted crinoline coats, cross-pleat skirts and some of the best ponchos we've seen in years (why not wear a platinum stretch silk, double-breasted, double-front poncho trench as an evening gown ). Experimenting with asymmetric seaming to create surprising volume, the designer produced intriguing structures that floated over the body, often stretched over armatures or held together with boning. The architectural motif extended to the long, hand-painted silk organza dresses, some of which were accessorized with Robert Lee Morris' sculptural wire jewelry."
412,"Cynthia Rowley has always been a good answer for young women in search of affordable party frocks without too much of an edge. With their distinctly American roots, Rowley's designs are reassuringly familiar, but with enough of a twist to keep them fresh.  This season Rowley jumped on the ethereal peasant bandwagon, spinning metallic lace and sweet embroidered cotton into looks fit for a Woodstock reveler. While some of the midriff-baring blouses and tight patent belts looked awkward, the bulk of this collection is ideal for Springtime patio cocktail parties from Silverlake to Sag Harbor.  The knockout number? A metallic purple lace cocktail dress with a U-shaped neckline, which is bold and rich looking without being flashy."
413,"The mere fact that Joe Casely-Hayford has had a 15-year career in London makes him some kind of a national veteran certainly considering all those who have been in and out of business during that time. His beat has always been easy, naive clothes with an off-kilter, homespun charm, and the look still has an appealing freshness and lack of pretension.  Casely-Hayford's Spring 2002 collection, called ""Pretty Hard,"" incorporates puff-sleeve blouses, skirts with layered ruffles, and vests with cow horns studded on the back, all in a South American, tobacco-and-sand palette. While everything looks natural and almost homemade, the designer says he's working with luxury, high-tech fabric that is ""made to look low-tech"" like a pair of hand-painted smock dresses, in a mix of cotton and silk, that ended his show."
414,"For Imitation of Christ, the designer collective of Matthew Damhave and Tara Subkoff (and creative director Chloé Sevigny), fashion is one-third clothes and two-thirds performance. In past seasons, they have lured journalists to funeral parlors and hit them up for money; this time around, they decided to switch the roles of editors and models.  With RuPaul's ""Supermodel, work!"" playing at full volume as a backdrop, editors were lined up and ushered into a makeshift runway flanked by an audience of models equipped with pad and paper. As comments like ""Move along, please!"" and ""She's gained so much weight!"" blared through the speakers, the models-turned-journalists took notes and studiously ogled the press parade. Needless to say, they were all wearing Imitation's salvaged, recycled, one-of-a-kind tiered frocks, pouf minidresses, graffiti-scribbled Bermuda shorts and lace vests. Blazers were unceremoniously slashed and reconfigured, dresses tied at the hem, and skirts draped and ruched haphazardly. Amid all the madness, Imitation of Christ managed to produce some great-looking pieces.  Most importantly, though, magazine folk now know what it feels like to be a top model. All we need now is to start making their salaries ."
415,"The Cacharel stage was decorated by illustrator Julie Verhoeven with drawings of pixie-like creatures, complemented by swirling laser projections the perfect setting for the kaleidoscopic designs presented by Suzanne Clements and Inacio Ribeiro.  ""Spanish Harlem Sunday Best meets Teenage Mall-Rat"" was how the duo described their cocktail of orchid prints, table-cloth ginghams, brushstroke floras, cartoon animals and colorful toiles de Jouy. Cacharel's renaissance has been driven by this poppy, lighthearted esthetic, and this season should satisfy young customers with plenty of cool basics like candy-colored chevron jackets, sexy jersey dresses, flower-power suits and high-impact bags and mules.  At times, however, Clements and Ribeiro's enthusiasm got the best of them. The extended parade of sugary, pretty-girl dresses and a final series of Victorian lace numbers left some hankering for a sobering shot of insulin."
416,"Few designers can match Vera Wang's command of discreet sophistication. In addition to producing ready-to-wear collections and running a made-to-order atelier, she has recently completed a substantial coffee-table book answering every possible question one could have about planning a wedding.  Wang is all about couture-like elegance. While there's nothing here in the way of sensible everyday separates, there are perfect little black dresses one short georgette number has a ruffled skirt and a detachable bolero jacket; another, with cutout shoulders, is gently cinched at one side and some very serious full evening looks. Among the best were a floor-length halter gown with fishtail hems and a long column with elastic leather straps.  There's no shortage of color in this collection, either, thanks to some stunning cocktail dresses in frothy, fruity shades. Standouts? The melon slip with a jeweled lace border and the printed chiffon halter with sequin fringe dangling from the neckline to the floor and around the waist."
417,"For her fourth season, Alice Roi presented a pilgrim/Amish-themed show that proved her most mature and consistent collection to date.  Trading her popular '80s-inspired bubblegum-girl silhouettes for long, fluid shapes, Roi opened with ankle-length dresses featuring grosgrain detailing at the wrists and waistline; the monastic effect was offset by thoroughly downtown, old-school Reebok boots. The designer stuck with neutral raw shades like pewter and oatmeal for her flowing country skirts and monkey-print frocks, but also ventured into city chic with fitted trousers, knockabout blazers and a couple of short scalloped lace dresses. Less interesting were the puff-sleeved Victorian shirts and flamenco-inspired tiered dresses, of which we saw plenty last season. Here, they felt gimmicky and derivative.  Despite these occasional misfires, Roi's collection confirmed that she is a name to watch closely in the future."
418,"Femininity with a hard edge is Alessandro Dell'Acqua's trademark. The embroidered translucent dresses that have seemed so fragile on other runways looked tough and defiant here, cinched with wide, tooled belts or woven leather cords. A wispy chiffon slip looked almost threatening when accessorized with a mannish vest, a driving cap and dizzyingly high punched-suede shoe-boots. And crisscrossed lace strips on airy tops brought to mind nothing so much as a sexy gunslinger.  This collection was full of pieces that reinforced Dell'Acqua's signature vision one-shoulder gladiator dresses, fitted suede jeans and off-kilter ruffle skirts. What it lacked was any indication of what else the designer might be capable of doing."
419,"Veronique Branquinho was at her best for Spring, creating the kind of precisely conceived clothes that defy flash-in-the-pan trends to achieve classic status.  This is a designer who can make basics prim, proper blazers paired with masculine white shirts and sharply creased trousers look exceptional, thanks to her fastidious sense of proportion and color. Even that much reviled '80s staple, the acid-washed jean, looked dignified here, paired with a sharp jacket and glittery white pumps. A street-smart, no-nonsense parka was given an intriguing twist thanks to a tunnel belt and drawstring hem, while Branquinho's unassuming skirts and dresses, with their gentle pleats and asymmetric panels, were often belted nonchalantly with a wide men's tie.  Branquinho is one of those rare talents who can make the quietest statements speak volumes."
420,"Sonia Rykiel is synonymous with elegant, typically French clothes, and this season was no exception.  Rykiel started out with a couple of lean black jackets tucked into high-waist trousers, but quickly moved on to her beloved trompe-l'oeil sweaters embroidered to look like smokings or sailor uniforms; others spelled out words like diamant or rubis in glittering paillettes. Other fun-loving basics included lollipop-colored frilly dresses, striped poplin skirts and sporty everyday jackets. Rykiel's asymmetric evening dresses featured lingerie-inspired lace trims; her crumpled hooded jackets, shirts and trousers were held together with utility belts that had built-in cases which doubled as little flower pots.  Rykiel's bathing suits were some of the most original of the season. Her black bikinis and one-piece maillots were dangerously sheer, with strategically placed striped insets."
421,"Donatella Versace served up plenty of defiant attitude at Versus just the kind of thing to delight fans like Lil' Kim, who was perched in her front-row seat wearing a barely-there miniskirt, curled blond locks and tall leather boots.  Black has been banned from the Versus girl's wardrobe in favor of steely grays and peachy pinks, punctuated by stiff injections of neon pink, acid yellow and aqua green. Donatella boldly paired striped spaghetti pants with a black-and-white floral-print blazer. Graffiti-print jackets and halter dresses matched her artfully decorated runway. For extra impact, there was an orange-pink mod coat with patent detailing.  Those Versus enthusiasts for whom clubbing comes as naturally as breathing did not go home disappointed, thanks to scalloped minidresses laden with rhinestones, tiered miniskirts, flouncy tops and snazzy ankle-sock booties in assorted colors."
422,"Layering was the key to Gabriele Strehle's finely tuned Strenesse collection, an exercise in minimalist luxury.  Strehle began with large, crisp white shirts that doubled as short dresses, upon which she piled comforting cashmere jumpers and cropped cardigans, almost like layers of luxurious shielding. Leggings and high-waist pants made brief appearances, but for the most part it was the oversize jackets with drawstrings, asymmetric-hem sweater dresses and tunic-like chemises that stole the show. A muted palette of white, ecru, navy and black emphasized a loose, casual silhouette that was anchored with no-nonsense flat boots.  Strehle's understated aesthetic extended to her evening dresses: short, gathered Empire slips that look as comfortable as they are chic."
423,"Think of Arkadius as the Alexander McQueen of Poland. Fully embracing the more theatrical side of London's Central Saint Martins college, the Slavic designer has, in past shows, ""given birth"" on the runway and brandished a rubber cast of his own severed head at the audience for a finale.  Arkadius' Spring collection, relatively low on dramatics compared to past performances, was based on a Catholic theme, the adoration of the Virgin. Beginning with a shaven-headed, bare-breasted ""Mary"" festooned with crucifixes and a crown of thorns, the show converted embroidery usually seen on priestly vestments into pants and dresses, while interspersing padded 3-D appliqu's of the Madonna and Child and the Sacred Heart onto tops. In between, there were calmer moments where Arkadius worked with lace, georgette ruffles and paisley for party dresses with complicated cuts. Then the show reverted to a religious climax as a model paraded, in gold brocade pants, with her face inserted into an icon.  One poignant sight was the singular back view of a red jacket, with a dove of peace embroidered on the back."
424,"In the world of Narciso Rodriguez, ""trendy"" is a dirty word. Avoiding gimmickry at all costs, Rodriguez relies on precise cutting and obsessive attention to detail to create a minimal and lasting elegance.  With a nod, perhaps, to the almost ritualistic pleasure of getting dressed, Rodriguez showed cotton toile jackets and poplin cutout dresses fastened by rows of tiny eyelet hooks. His version of the classic white shirt was carefully seamed and paneled, turning it, in effect, into a light, fitted jacket. Transparency and layering were important themes: a crepe de chine U-neck dress really came to life when a wrap skirt was thrown over it. Rodriguez's most dramatic statement was a stunning glass tube short-sleeve dress, which seemed to reflect every light in the room.  Anyone blessed with an accessories fetish knows that Rodriguez is currently producing some of the best shoes around. This season's sky-high, pointy ankle-strap stilettos are his best yet."
425,"Diane von Furstenberg is moving beyond the wrap dress. Sure, there are still plenty of those all-time favorites to choose from (this season there's even a lace one), but the designer is clearly eager to liven things up by throwing new elements into the mix.  With her West Village townhouse packed to capacity, and with the likes of Susan Sarandon, Katie Couric, Diane Sawyer and Tracey Ullman in the front row, von Furstenberg unleashed a parade of ""rebel princesses."" Plasticized miniskirts, cha-cha skirts, and chiffon boudoir chemises worn over cigarette pinstripe pants are now staples of the von Furstenberg wardrobe. A ""boss woman"" striped dress was worn with a black ruffle bikini; for evening, a formal tuxedo consisted of a cropped, navel-baring jacket and pajamalike pull-up trousers.  Of course, there were also more traditional selections to choose from. A ""floating O's"" print showed up on lightweight dancer skirts and dresses; practical safari jackets, shrunken blazers and suede trousers will work perfectly as a no-nonsense, everyday uniform."
426,"Known for his love of simple luxury, Lawrence Steele turned up the volume this season with a collection that evoked the formfitting sexiness of old-school Hollywood.  Steele relied on severe pencil skirts, flared at the knee, and strapless gowns to create an ultra-curvaceous silhouette. Fifties-inspired dresses swished with every turn, while stretch tops anchored large floral-print skirts. For evening, Steele turned to leopard-spot beading; his tuxedo featured a blinding gold sequin vest in lieu of a conventional shirt. Steele indulged his sense of humor by embroidering a large, cursive ""L"" (last seen on '70s sitcom Laverne & Shirley ) on loose cardigans that are meant to be worn backward.  Not everything worked, however. Several of Steele's ruched skirts and dresses looked simply old-fashioned, and there were times when the self-conscious glamour was laid on too thick. An occasional touch of restraint would have been welcome."
427,"After spending a couple of seasons exploring the alien terrain of sensible daywear, Mark Badgley and James Mischka have gone back to their first love: the high-octane evening gowns that have made them nearly as famous as the Hollywood celebutantes they love to dress.  This season, the duo's attention-loving gowns have a decidedly antique feeling. An embroidered paisley column was lavished with candle-like drippings of translucent beads; dreamy shades of marigold, apricot, iris and tuberose gave a youthful spin to a slinky assortment of long sheaths that were generously decorated with cutouts and floral appliqu's. The non-full-length department was represented by '20s-inspired Deco slips and shirtdresses.  For those few Badgley Mischka customers who venture outdoors before 6 p.m., there were several light tweed dresses and suits, including a jacket embellished with no surprise here a smattering of beads down the sides."
428,"Who better to embody Dolce & Gabbana's vision of high-intensity glamour than Victoria Beckham, formerly known as Posh Spice? In her fitted top-stitched suit, oversize aviators, driving cap, spike heels and net gloves (over which was slipped a candy-sized diamond ring), Mrs. Beckham made the perfect front-row celebutante for this full-on show.  Posh surely found plenty to catch her silver-accented eye: Dolce & Gabbana offered everything from perfectly tailored jackets and elephant-leg trousers to corseted frocks and ultra-feminine lace-inset dresses (worn with skimpy cardigan wraps thrown over the shoulders and tied in the front). The upbeat collection escalated into an explosion of color that included eye-popping flower-print chiffon dresses, woven ribbon jackets and miniskirts, and suede jeans with purple, gold, lavender and red leather insets. The absolute standout was a short parakeet-print dress in jungle shades, worn with a multihued woven belt and a pink-and-green carrier purse.  Accessories, anyone? Major statements included a metallic logo belt, gold D and G pendants, and a dangling set of earrings that spelled out what else  ""Dolce"" and ""Gabbana."""
429,"Inspired by the makeover success stories of labels such as Louis Vuitton and Burberry, Harvard-trained business-graduate-turned-designer Scott Fellows is determined to make Bally the next world-class luxury brand.  In these label-obsessed times, a globally recognized name is a prized asset for any fashion house. And for the last few seasons, Bally has made considerable efforts to update its prestigious history, opening revamped flagships and launching a full clothing line. After making a splash with last season's chic woven leathers, Fellows went for graphic, simple basics this time around. A white tailored pantsuit was accented with a diamond-pattern cummerbund waistband; square-ribbon skirts and shifts looked perfectly prim.  Bally's strategy is to create wearable, luxurious pieces that don't slavishly follow trends. While many of Fellows' designs fit that bill, others, like the geometric-inset leather dresses and trousers, fell short of expectations. If the label is to succeed in the competitive luxury-goods arena, the Bally team will have to flex a little more creative muscle."
430,"Lars Nilsson, now in his second season at Bill Blass, hit a home run with a collection that is sure to put the venerable fashion house firmly back on the map.  How does a Swedish-born, Paris-trained designer interpret classic American style? By staying true to Blass' legacy of simple sophistication. With witty references to masculine tailoring, Nilsson went for high-waisted trousers, immaculately cut striped blazers, and pale glen-plaid suits. The designer also demonstrated his acuity with color, via floral coats and skirts, a cravat-printed shirtdress, breezy jackets, and dresses stamped with a bold ""vegetable tree"" motif.  The evening statements, however, were the real newsmakers. Using humble, homespun fabrics like cotton piqué and linen, Nilsson whipped up extraordinary gowns and sweeping ball skirts. Erin O'Connor's final ensemble neatly encapsulated the theme of understated chic: An unassuming pale-blue linen jacket, worn with a painstakingly embroidered sunflower skirt to the floor, looked like a million bucks."
431,"Once again, John Galliano staged an extravagant ethnic mishmash.  An imposing checkered snakeskin zoot suit paved the way for Mexican-beaded shirts and suits, wide denim ensembles embroidered with cars, and a great knitted Andean coat. Galliano also showed some beautiful quieter pieces that were sometimes eclipsed by the flashier outfits: Standouts included a piped pale-blue blazer, side-ruched trousers and pretty tea dresses. (These could have done without their bungee-cord multiloop belts.)  Galliano is a fantastic storyteller who can meld diverse influences like few others. The insistence with which he drives this point home, however, is making it virtually impossible to distinguish his work at Dior from that of his signature line."
432,"Bernhard Willhelm has arrived as one of the most important designers of his generation, thanks in part to the sheer breadth of his creative range. In the past, he has given us everything from happy-go-lucky 80s pop chicks to naive housewives and, yes, even African dung-beetle chic. Hundreds of tendril-like filament lights and a soundtrack by Depeche Mode set the mood for Willhelm's New Wave-influenced take on futurism circa 1983. The designer mashed together a range of pop culture references with theatrical masks and allusions to the movie ""Dune"" turning up on witty sweatshirt dresses. His postmodern tribe members can get away with wearing everything from Liquid Sky makeup to sweatsuits with slit peekaboo seams, wrap paillette skirts with computer-print faces, flowing desert smocks, clouds of tulle, and cartoon-like guardsmen coats.  Willhelm's accessories also stand out miles from the crowd. Witness a pair of perfectly flat fringed booties; a carry-all shaped like an animatronics bear (to be cradled like a baby); and a space-shuttle canvas tote."
433,"Miuccia Prada was in a romantic, youthful mood at Miu Miu, updating the prairie themes that have been so popular on other runways.  Miu Miu's take on home-on-the-range dressing was livened up by delicate ethnic touches like Moroccan-inspired embroidery on full-bodied, pleated skirts that dance at the knee. Long, tiered skirts make the transition from country to city style when worn with peppy floral button-downs and smart little cardigans. At times, things got just a little too girly it's hard to imagine anyone past 16 wearing a Little Red Riding Hood smock with gathered short sleeves. On the other hand, there were plenty of simpler, breezier camisoles that will work as chic, simple Summer staples.  For the practically minded, Prada included an assortment of sensible pantsuits and boyish blazers perfect for a new generation of career girls."
434,"Mixing romanticism, sex, and science, Helmut Lang's Spring 2002 collection balanced flesh-baring cutouts and bondage-style harnesses with Great Gatsby-style femininity.  Lang played hard and soft off against each other throughout the show. Strappy body suits were worn under flapper-like dresses or paired with pleated skirts; patent and metallic leather mingled with soft, sensual materials including silk chiffon and even perch skin. The angular geometry of pleats, v-necks and mirrored minaudières, meanwhile, was countered by rounder, arched necklines and open-toed shoes.  Lang added vibrancy to a severe palette of black, white and gray via dashes of deep red and purple, as well as prints designed in-house. One of these featured wings; another, though it resembled leopard spots, was in fact a rendering of biological cells.  Originally scheduled to be shown on the catwalk in Paris, Lang's collection is instead being presented via the Internet, CD-ROM, lookbooks and showtapes (echoing the designer's successful alternative show format of 1998). ""I am sure that everybody will understand that I have to be in New York right now,"" Lang says. ""Presenting the Helmut Lang collection here is our way of supporting business in New York."""
435,"Ralph Lauren capitalized on fashion's current infatuation with Americana, mixing and matching romantic home-on-the-range elements with more rugged, vintage-inspired pieces.  Playing with white, sand and ivory, Lauren went for small, fitted jackets and low-rise, boot-cut trousers; flirty ruffles softened up blouses and long, full skirts. Shawls and ponchos surfaced in various forms: dramatically fringed, tied around the waist and embroidered with an assortment of flowers. Lauren did not, however, neglect his customers' need for everyday urban simplicity his essential pantsuit came in beige wool gabardine with handpicked detailing. An ivory silk charmeuse pant and jacket ensemble provided a relaxed spin on the tuxedo.  Highlights of the collection included a beaded, scalloped camisole paired with natural deerskin jeans, and the combination of an embroidered tulle skirt, white linen shirt and distressed leather jacket that closed his show."
436,"Yohji Yamamoto's cult status derives from his blending of contemporary Western tailoring with elements of traditional Japanese dress a combination that was brilliantly explored in his collaboration with Adidas for Fall 2001.  For Spring, Yamamoto returned to some of last season's sports-inspired themes. Athletic bodysuits were worn under lightweight wrap skirts held up with thin shoulder straps; cropped, shiny zip-up blousons gave flowing gowns a streetwise appeal. Yamamoto deconstructed masculine suits by hacking off their sleeves and cinching jackets with decorative bands, or removing their back panels and replacing them with long braids of shredded fabric. Less severe were the floral-printed pantaloons, draped dresses and flowing skirts with pockets concealed in the waistband.  Yamamoto's partnership with Adidas is proving to be an extremely fruitful one. Sneaker collectors will not want to miss out on the fabulous three-stripe high-tops and scalloped-edge trainers."
437,"Jill Stuart has a knack for zeroing in on the prevailing fashion trends and then translating them into affordable clothes that her youthful clientele can understand.  For Spring, Stuart played up several of last season's key themes. Bohemian romanticism was much in evidence, via flowing, embroidered robes, gauzy washed-cotton dresses, wide-knit shawls, multi-tiered, ruffled skirts, and large, fringed bags that could have been found on the set of Almost Famous . With distressed cotton jackets and puff-sleeve shirts, Stuart also picked up on the street-cool look that Marc Jacobs has honed with his Marc line, throwing in bondage pants and cut-off utility shorts for good measure.  What else could one possibly add to the mix? Stuart went for wide, metallic belts, and flat sandals with impossibly long, scalloped straps that crisscrossed their way up to the models' knees."
438,"Richard Bengtsson and Edward Pavlick, who together make up the label Richard Edwards, are clearly not about flash. They rely on precision of cut and careful details to make their confident, urban clothes.  Flounces and ruffles have been practically everywhere this season, and Bengtsson and Pavlick used some of these decorative elements in the most discreet way possible. Single ruffled trims inched their way up the side of straight trousers or around the neckline of functional, sleeveless tanks. Silk piping, satin insets and string laces dressed up everything from sexy pantsuits to understated shift dresses, while shoulder cutouts lent a touch of cool to casual everyday tops.  Bengtsson and Pavlick's minimalism extended to the show's styling. See-through ballet slippers carefully matched the outfits' muted tones, while the simple ponytails and nude makeup worn by the models ensured that nothing distracted from the clothes."
439,"Russell Sage puts his collections together by reworking antique pieces to incorporate symbolic commentaries. This one started with a tableau of four models in short-sleeve cotton dresses with animal skins draped over them. (The show notes pointed out that the zebras and tigers on display had been shot in the 1880s and '90s.) These were followed by more dresses onto which oil paintings of John Galliano, Alexander McQueen, Stella McCartney and Julien Macdonald had been sewn. Today's big-game trophies are fashion labels geddit?  Sage's quip didn't exactly rock the aisles, but his show had plenty of other treasures worth looking at all made from a haul of Victorian patchwork, hunting jackets, embroidered Chinese silk and vintage nightshirts. Underneath the asymmetrical complexities, the color and shape of the dresses often done with intricate pleating and a romantic full-skirted silhouette was beautiful. Standouts were the designer's neat, short evening jackets, especially one in antique damask with a black organza ruffle bursting from a lapel. It's a compliment to Sage that, despite the heritage fabrics, this looks like a believable modern collection rather than a costume show."
440,"Emporio Armani sent a fleet of innocent smiling girls down the runway en route to a tropical paradise.  This nautically themed collection began with wavy frills and ruffles peeping out from snappy sailor jackets. Simple petticoats were embellished with vivacious kerchief hems; skirts, dresses and trousers were all trimmed with generous cascades of fringe. (The skimpy black dress Alek Wek wore was the best of the lot.) Sporty, colorful island dresses packed plenty of Hawaiian punch, as did the petal-ruffle minis.  The holiday mood blossomed into striped and floral shirts, embroidered and layered over tops and dresses. Jet beads and pearl embroideries finished off dramatic tulle evening gowns that were accessorized with half-circle earrings and black-flower leis, and fringed with the ubiquitous belt skirts."
441,"Michael Kors' sunny, low-key Celine collection was full of what he does best: pretty, practical summer staples that make an easy transition from the beach to a poolside soiree.  Though Kors' program notes talked about his Mediterranean inspiration, it was the graphic designs of '60s Scandinavian cult label Marimekko that was brought to mind by the designer's large avocado-and-paprika sunflower-print jackets, coats and skirts. Kors interspersed his flower-power looks with breezy crochet shells, crepe jersey tank dresses and multistripe canvas shorts and shirts; rounding things out were flat sandals and a roomy tote. For cocktail hour there were snappy turquoise-, amethyst- and silver-beaded dresses that looked just as relaxed as the daywear."
442,"After Marc Jacobs' high-powered presentation, it's official: Spring is all about color. Designers are staging a backlash against fall's somber mood, and Jacobs is spearheading it. Using a long pier off Manhattan's Meatpacking District as his runway, Jacobs presented what is sure to become one of the season's most influential collections. Lilac shirts, marigold pants, dandelion sweaters, and sweet tulip-print dresses brought to mind a Berkeley student listening to Donovan or the Strawberry Alarm Clock in the late sixties if flower children had ever displayed such a witty way with proportions and chromatic combinations. Mack-daddy suits with wide lapels, plenty of topstitching, and generous bell-bottoms were worn with pale plum shirts; a folksy collage jacket was trimmed with vivid printed bands and paired with a blueberry suede skirt. Rainbow jersey dresses, floral-print halters, and petal-embroidered shirts were simultaneously sweet and mischievous. When the show ended to thunderous applause, a faux backstage wall magically parted, allowing guests like Sarah Jessica Parker, Gretchen Mol, Hilary Swank, Lisa Marie, Donald Trump, and Monica Lewinsky to venture into the backroom. Jacobs had created an elaborate party space overlooking the Hudson River, complete with grass-covered floors, picnic tables overflowing with fresh fruit, and even a fire boat that sprayed jets of water in the distance."
443,"The gilded, mirrored, wallpapered and chandelier-laden salon of Manhattan's Tavern on the Green formed the over-the-top setting for ""Mu equita,"" as Betsey Johnson dubbed her Latin-themed extravaganza.  Here is Johnson's vision for Spring, from the bottom up. Start with cork-spike heels of vertigo-inducing heights, complete with iridescent straps; set them off with ankle-length fishnets and an ankle bracelet with a dangling cross. If you must insist on underwear, go for a demi-bra bikini set in neon colors and make sure it peeks out at all times. Next, throw on a multitiered fiesta minidress, a metallic lace-and-ribbon teddy or a cha-cha top with turquoise hot pants. Now top it all off with a jangle of gold bangles; enormous hoop earrings; an oversize ""BJ"" ring (that stands for Betsey Johnson, lest there be any confusion); shimmering makeup; hot-pink mesh gloves with the tips cut off; a tattoo or three; and a net bandanna worn over a floppy Panama hat.  Not quite enough for you? Then you might as well throw in a traditional mantilla, too after receiving the Johnson treatment, they manage to look positively decadent."
444,"It seems that prairie girls are here to stay, at least according to Luella Bartley, who decamped to New York this season. To a blaring soundtrack that included everything from ""Sweet Home Alabama"" to ""Get Ur Freak On,"" the London designer sent out a cavalcade of country gals decked out in trailblazer skirts, embroidered dresses, off-the-shoulder tops, frayed denim skirts, and Navajo-inspired wrap coats in vivid colors.  The American West motif eventually gave way to an array of candy-colored looks that included a playful pink-and-blue striped blazer, a piped rose sundress and several bright yellow knits that will be just the thing for a summer weekend in Malibu. Bartley's accessories also hit the mark: The outrageous combination of Pocahontas leather socks, pink cowgirl boots, wide-brim floppy hats, multicolored woven belts with streamers (courtesy of Katie Hillier), dangling fur tails and feather embellishments somehow managed to make perfect sense.  If the audience's gaze occasionally strayed off the runway, don't blame Bartley. The sight of Venus and Serena Williams in the front row, the next day after their historic U.S. Open match, proved too much for most to resist."
445,"Since launching their Research line in 1998, which is entrusted to a different designer every year, Ruffo Research has become an important talent scout in Milan. This season, Alexandre Morgado and Matthieu Bureau, who have already made a name for themselves with the playful collections they've designed under their signature label, Alexandre Matthieu, brought an infusion of lighthearted energy to the Ruffo runway.  Treating leather like fabric, the duo sent out punched-suede camisoles, perky little suits trimmed with delicate buckles, and great shift dresses with dangling chrysanthemum cutouts. The pièce de résistance was a distressed leather-strip skirt, which swished and sashayed as if it were pleated chiffon. Bureau and Morgado also devised a logo for the brand, in the form of glittery R's that turned up on dresses and shirts.  In the past, Ruffo Research has employed talents as diverse as Antonio Berardi, Raf Simons and Veronique Branquinho, An Vandevorst and Filip Arickx, and Sophia Kokosalaki. With fashion editors and clients constantly on the hunt for new ideas, the Ruffo team clearly understands that promoting innovation is not only desirable, but in some cases absolutely necessary."
446,"For the first time since establishing his eponymous fashion house in 1965, Emanuel Ungaro did not take a bow at the end of his show. Monsieur Ungaro has left his ready-to-wear line in the hands of creative director Giambattista Valli, and will now be directly responsible only for couture.  Valli's first effort was heavy on high-glamour '80s references. Trousers were baggy and pegged, jeans were covered in tulle, and jersey dresses were lavished with cascades of crystal pearls or printed with faces that could have been pulled from the pages of Vogue . It was the simpler pieces, however, that worked best. Valli's linen pantsuits and delicately embroidered muslin dresses, for example, were far more subtle and convincing than his awkward corset ensembles.  Valli has worked with Ungaro for several seasons now, and has taken important steps to update the label. With a bit more time, he should be able to hit a comfortable, consistent stride."
447,"The collection is about tenderness, using soft fabrics with wallpaper prints and mattress stripes, all worked into fluid shapes, said Peter Speliopoulos during his small showroom presentation.  Speliopoulos' collection was one of his best ever for Cerruti. Filmy peasant tops, tiered miniskirts and camisole dresses with romantic overlays projected laid-back comfort. Smart linen blazers, casual suede jeans and a great disc-studded cotton jacket fringed with shoelaces all looked as though they had enjoyed a fabulous previous life. Carefully thought-out details, like rope cinches on flared-sleeve blouses and weighty ruffled collars on boho dresses, made some of the softer pieces extra-special.  To complete this easygoing wardrobe, Speliopoulos debuted a Cerruti accessories line, featuring flat, simple sandals, large totes and a great washed-lizard clutch."
448,"Sophia Kokosalaki knows exactly who she is and what she is about. An Athenian working in London, it has taken her just a few seasons to develop a consistently strong, feminine aesthetic.  Kokosalaki turned to her Mediterranean roots for the first time this Summer in a collection she described as ""Minoan Pagan"" a reference to the ancient Cretan civilization of King Minos. Specific influences were the terra cotta, tan and creamy colors of Cretan wall-painting and ceramics, and the cheesecloth and macram? of Greek peasant crafts. These were incorporated into her already distinctive way with leather (delicately twisted and embroidered bustiers and seamed jackets) and draped jersey (dresses with cobwebby inserts at the front, or slung about with dangly macram? belts).  Another new element was intricate pleating, which looked great on the bodice of the best piece in the collection: a high-waisted cheesecloth peasant dress with a keyhole opening, piped in cream."
449,"A rich vein of Latin American glamour ran throughout Valentino's Spring collection, which was heavily decorated with ruffles, folksy embroidery and waist-nipping corset belts.  The designer's strong palette revolved around black, with flashes of banana, coral, aqua and lipstick red. But the emphasis was clearly on the silhouette, notably in some truly elaborate, beautiful pieces like smocked taffeta dresses with beaded georgette shawls, romantic chiffon tops and long skirts accented with turquoise and salmon embroidery. A shocking pink coat, worn with a ruffled shirt and shantung trousers, was in the best Valentino tradition.  As usual, the designer saved his best for after 5. (This is, after all, the man who dressed Julia Roberts for her Oscar victory and Jennifer Lopez for her recent wedding.) Come red-carpet time, celebrity stylists will have no trouble finding plenty of scene-making gowns. Standouts? A black georgette column with bows; the combination of a ruffle-front ivory shirt and a high-waist fire-engine taffeta skirt with lace inserts; and a shirred tulle Aleutian extravaganza."
450,"Though many designers who are equipped to show elsewhere have quit the London scene this season, others are stepping into the limelight to defend the city's creative reputation. One such is Blaak, the collection by Sachiko Okada and Aaron Sharif, who showed on the official British Fashion Council runway for the first time.  The theme was African Zulu, starting with strong pieces in ebony leather, decorated with tribal scarification patterns and festooned with belts and jewelry in wood, leather and cowrie shells by Edward Griffiths. Black jersey T-shirts with cutouts and knotted details looked great with soft skirts, but the confidence of Blaak's touch really emerged as the pair added asymmetric skirts with black and white prints, and a crumpled cotton collarless shirt.  ""It was our interpretation of African,"" said Okada, ""but instead of direct, indirect. It should be something you could wear in London or New York. We wanted it to be super-tribal, super-happy, so you feel the heat."" That's an act of solidarity, not insensitivity, she added. ""This is a sad time. But if the fashion industry stops, the terrorists, who want everyone to be sad, will have won.""  Working steadily to produce off-schedule shows since they sold their first tiny collection to the Browns Focus store while still students, the designers have now won significant sponsorship (from Vidal Sassoon, Swarovski and Sony), giving them the wherewithal to stand on an international platform."
451,"Designer Julio Espada is now in his second season at Pucci, attempting to revive the fashion house's glory days and make it relevant for a new generation.  Capitalizing on Pucci's bold, instantly recognizable prints, Espada showed plenty of pretty, girly shorts, scarf sundresses and crisp cotton jackets. Chic, quirky details included cork buttons on poolside robes and mother-of-pearl embroidery on little halters, frothy evening gowns and knotted handbags. The outsized prima-donna sunglasses were also a hit.  The Pucci name, however, has always stood for practicality as much as high-impact glamour. And Espada's collection, though sweet and well-executed, lacked much of the easygoing simplicity of the label's classic jersey turtlenecks and zip-up jackets. Nostalgia alone will not propel this brand into the future."
452,"With fashion designers turning to the hippie-dippy '60s and '70s for inspiration, Missoni's bold contrasting prints are enjoying a moment in the sun.  Missoni put a decadent, luxurious spin on folksy romanticism. Handkerchief tops were printed to resemble tie-dye treatments; Native American-inspired embellishments adorned jacket sleeves, carrier bags and the back of a raw tab-collar coat. A fluorescent acrylic palette of yellow and cobalt blue referenced early Bob Dylan style, as did the shredded-patchwork and loom-net skirts, shawl tops and butterfly trousers.  Missoni's eveningwear dazzled with metallic, optic swirl dresses sporting fringed hems. Baby-doll frocks, silver beaded tops and extrawide copper trousers will all look great with high-heeled espadrilles the footwear of choice for Missoni bohemians."
453,"It's not all I planned to show, but this selection encapsulates the general feeling of the collection, said Calvin Klein. Demonstrating New Yorkers' eagerness to get back to business as usual, Klein staged a small showroom presentation just a few days after fashion week had to be canceled.  ""There's lots of boyish shapes and silhouettes,"" said Klein as the first model took to the makeshift runway. ""Jackets and coats are cut with large shoulders. Everything is big, but not too big."" Klein officially launched a new Spring favorite: the mannish, oversize white shirt, which can be thrown over snappy shorts, tucked into full, pleated trousers or worn with a hefty belt as a short, sexy dress. Pinstripe trousers matched with a half-sleeve button-down offered a playful take on traditional power dressing, while a group of aubergine and navy dresses with Deco-inspired paneling and stitching offered a more feminine counterpoint to the masculine tailoring. (""They remind me of the Chrysler building,"" said Klein.)  What about accessories? Those who are already fearing boot overload by the time March rolls around will be more than ready for Klein's no-nonsense gladiator sandals and flat patent slides. On the hunt for the perfect evening bag? A tiny, silver-beaded clutch could be just the thing provided, of course, you never carry more than keys and lipstick."
454,"The folk revival has been all too common this season, but Dries Van Noten breathed new life into the overworked concept with his fluid, gentle lines and unerring sense of color.  Tie-dyed robes evoked the serenity of the Himalayas rather than the grunge of Berkeley in the 60s; floor-length camisoles, wrap blanket coats and minutely embroidered peasant shirts hit just the right note. More urban staples like blazers and trousers were unstructured and amply cut; an oversized, olive green parka looked soft and delicate when belted and bloused.  Even die-hard minimalists will be tempted to incorporate one of Van Noten's extra-wide beaded scarves, a low-slung organic bag or a pair of colorful heels into their functional wardrobes."
455,"How could Dutch duo Viktor & Rolf possibly follow their triumphant, all-black fall exploration of volumes and silhouettes? How else but with an effervescent, all-white spring exploration of? volumes and silhouettes.  Huge silver organ pipes provided a stunning backdrop for prim Balenciaga-inspired 1940's boxy jackets with oversize buttons, lace dresses with built-in belts, and bow-covered suits. The tuxedo a mandatory piece in every Viktor & Rolf collection came in white and silver brocade, with a tidal wave of ruffles crashing forth from within its lapels. A rope-piped pantsuit, several heart-printed trousers and plenty of sheer shirts looked like commercial hits, but the truly outstanding items were the immense, double-and-triple-waist pleated skirts and massively oversized shirts and jackets. These sculptural masterpieces could easily pass as extravagant bridal dresses not to mention being mistaken for particularly sumptuous wedding cakes.  ""The collection is about love and goodness and being positive that's all we can really say about it,"" said Rolf after the show. ""For us, the medium is the message."""
456,"Marni designer Consuelo Castiglioni turned out a timely, finely tuned collection with a folksy, romantic feel.  Castiglioni began with her most ambitiously layered looks, then gradually pared them down as if to allow the audience to take in the abundance of details. Few labels can pull off mismatched prints better than Marni; here, striped trousers and low-slung girly skirts stood out under sweet floral tops decorated with silver paillettes. Bright blazers, frayed-edge jackets, and a great mink vest that can be reduced to half its length with the pull of a zipper all looked just right. Nomadic fashionistas, meanwhile, will be drawn to Castiglioni's large, low-slung bags laden with pins, rhinestones, dangling chains and furry tails.  Milan's news of the day: For the first time ever, Castiglioni showed several carefully crafted men's looks, providing a relaxed alternative to the strict tailoring that has dominated most recent menswear collections."
457,"After his awkward debut during couture week, Welsh designer Julien Macdonald is still struggling to find his feet.  The house of Givenchy has always been known for its purity of line and simplicity of design the polar opposite of Macdonald's heavy-handed use of ruching, cord inlays and cabled trims. While some pieces were finely made notably a striking off-white poplin dancer skirt with layered crinolines and a pink marbleized dip-dye shirt they got lost in an overabundance of decoration. Macdonald's high-waist pegged trousers, too sheer smocked dresses and fussy riding jackets all felt contrived.  Ultimately, this collection fell short of forging the new identity that Givenchy seeks."
458,"In sharp contrast to the girly aesthetic that has prevailed during these collections, Karl Lagerfeld presented the Fendi woman as strong, confident and even, at times, aggressive.  Banishing delicate pastel tones, Lagerfeld clad his nomadic warriors in every shade of brick, mauve and brown, better to complement their choppy braided hairdos and tribal tattoo eye makeup. Layers were key. Sheer smocks and subtly printed shirts wafted over fitted trousers cinched above the knee with tie-straps; trailblazer skirts, worked-leather frontier vests, ruffled frocks and minutely embellished sheer tunics were all piled atop each other with abandon.  These dramatic ensembles may not be the most practical everyday staples, but Fendi's accessories are sure to be among the season's best sellers. Lagerfeld's then-and-now studded oyster bags, tooled leather boots and distressed woven sashes all looked like they could have been transported by mule from the outback to the Via Sciesa showroom."
459,"Wynn Smith's Wink line has always evoked a very specific subsection of American youth well-bred girls who, for one reason or another, have gone bad (or at least want to dress that way).  Next Spring, Smith's followers will stomp about in great-looking confetti-print crepe de chine dresses; instead of conventional suits, they will wear street-ready shrunken pinstripe blazers and long denim skirts with matching patchwork insets. Also likely to show up on hipper college campuses across the country are Smith's bias-tucked shirts, baggy linen jeans and khaki belted trenches. It's unlikely, on the other hand, that his shapeless, gauzy smocks or baggy bikini bottoms will find many takers.  Smith has consistently displayed an ability to push buttons with his confident aesthetic and irreverent sense of humor an early collection played out as a homage to Patty Hearst, while another was titled ""No Free Love Hippie Shit Here."" Alas, this time around, the show's self-consciously grungy styling (sundress open to the navel, anyone ) and aggressive soundtrack proved more jarring than intriguing."
460,"Stella McCartney's debut collection after leaving Chloé fell far short of expectations.  McCartney's flashy, boisterous parade featured risqu? slogans, sometimes in Cockney rhyming slang, printed on practically all of her looks. An almost pornographic dress read ""Slippery When Wet;"" cropped T-shirts had ""Raspberry Ripple"" scribbled across the chest; a long coat encouraged observers to ""Spank the Monkey."" Apart from these artless wannabe shockers, McCartney offered uninspired electric blue sequined pieces, mini-slips with trailing sleeves, and dresses with dotted-face designs courtesy of artist Gary Hume.  Although some of McCartney's T-shirts and accessories (like the hard ""Wet"" case) could be commercially viable, her show clearly did not live up to the technical and creative standards expected of a major Gucci Group label."
461,"More than a year after parting with its eponymous designer, Jil Sander is still struggling to find its footing as a world-class designer label.  Milan Vukmirovic, who was appointed creative director of the house less than a year ago, provided a tepid follow-up to his Fall debut. While there were several perfectly proper, wearable pieces a great woven-leather coat, sharply cut blazers and a smart little caftan dress with flat sandals the overall mood of the show was that of a nonevent. Vukmirovic's leather chemises and evening halter dresses, all in muted tones, failed to convey a strong sense of emotion.  Successful minimalist design requires an extremely precise sense of rigor, one that the Jil Sander design team must carefully pinpoint in order to maintain their status as a news-making brand."
462,"Combining '50s notions of jet-set elegance with couturelike fabrics and exquisite ethnic references, Miuccia Prada triumphantly opened Milan fashion week.  Set to a dreamy instrumental soundtrack, Prada's show began with tailored navy skirts, trousers with built-in, low-slung belts, silvery lattice-print shirts, and kittenish Sabrina heels. Then came an exquisite homage to vintage Chanel, with belted, gold-threaded bouclé dresses just the kind of stunning little outfits Romy Schneider would have sported in the early '60s. Prada's pajama-style chemises with Turkish motifs projected nonchalant, understated chic; the pin-tucked frilly tops and skirts trimmed with a vertical ruffle strip referenced fashion's infatuation with all things romantic, but steered clear of clich's.  As usual, Prada saved the best for last. In contrast to the dour palette that many designers have adopted lately, her runway positively dazzled. Nude tops and dresses were layered with lightweight, shimmering knits; paneled, imposing skirts glowed under crinkled gold tops and coppery brocade jackets. The result? A vision of bygone splendor that never devolved into gratuitous flash."
463,"Phoebe Philo proved herself quite capable of taking over the creative reigns of a major house like Chloé.  Avoiding in-your-face rock 'n' roll attitude, Philo blurred the distinction between day and evening wear with breezy separates inspired by '70s Saint Tropez, Brigitte Bardot, and Talitha Getty. A sense of easygoing elegance permeated everything from fitted tops with intricately worked sleeves to lace-trimmed camisoles and fabulous monkey-appliqué bathing suits. A long suede skirt with blush gray and black panels exuded earthy chic, as did the Moroccan-style beaded bags and sandal-boots in aged gold leather.  Die-hard Chloé fans will be glad to know that there are still plenty of high-impact sexy staples to be had. The low-slung flared pants with flirty cutouts at the hips, pinafore shorts, summery minidresses and punchy T-shirts with net backs are likely to keep cash registers working overtime."
464,"Hamish Morrow has officially arrived. Stepping into the London void left by Alexander McQueen and Hussein Chalayan, who will show in Paris this season, the South African-born Morrow staged a concise, all-white collection that was imaginative, rigorous and thoroughly convincing.  The 33-year-old designer juxtaposed five fabrics in a performance that had girls walking, in white boxing boots, through a shallow vat of violet dye. Morrow worked high-tech Aertex and reflective nylon with Old World damask, organdy and voile, cutting some superb tailored jackets and romantic skirts that ended up trailing their asymmetric hemlines into the colored liquid. The spirit was that of a sporty, otherworldly warrior woman an image crystallized by a girl in a massive shawl of shredded organdy and a pair of shorts, like some athletic archangel.  For all the complex styling, which bound elastic webbing around torsos and slung glass-bead harnesses across garments, this collection had clarity beyond the usual grasp of experimental newcomers. (Morrow, who was a contemporary of Chalayan's at Central Saint Martins and studied menswear at London's Royal College of Art, honed his skills as a freelance designer at Byblos, under John Bartlett, and elsewhere.) This is a designer expressing his own independent vision, and it looks good."
465,"Oscar de la Renta began his condensed showroom presentation by distributing American-flag armbands to editors and buyers, and making sure models wore them with his outfits.  De la Renta's vibrant, positive collection was focused on daintily embroidered linen dresses, printed silk camisoles and gypsy-like ruffled skirts. Dreamy silk muslin petal dresses, officers' khaki cotton jackets and a striking palm-print jumpsuit brought to mind the tropical chic of colonial Indochine by way of the Beverly Hills Hotel. For evening, eyelet blouses were paired with big, dramatic tulle skirts and accessorized with diamond-trimmed satin sandals. A double-faced charmeuse tuxedo with a white linen blouse was strikingly chic in its simplicity.  ""When I started designing clothes I was full of spirit and passion,"" said the Dominican-born de la Renta. ""Today, 35 years later, that joy is still there. I am glad that I came to this country and happy to be an American."""
466,"Marc Jacobs could not have chosen a better note with which to close the Spring 2002 collections his Louis Vuitton show perfectly captured the dreamy, romantic aesthetic that has dominated the season.  One of the many feats Jacobs pulled off was to make snakeskin soft and demure. His gently scalloped silver python skirts and cropped jackets conveyed not a hint of aggression, while a delicate snake trim also surfaced on a mini-suit and several perky dresses. Elsewhere, Jacobs offered some of the best peasant dresses around A-lined, swimming with delicate paisley prints, and grazing the floor. The same silhouette was used for the empire washed denim robes, which gave the humble fabric an air of grandeur. lamé jackets with naif embroideries are just the thing to throw over any of these superb dresses.  This is clearly the season to invest in Louis Vuitton accessories. After the street-inspired (and by now ubiquitous) graffiti totes, what better change of pace than a sweet butterfly, mouse or winking owl bag?"
467,"John Galliano's ""Street Chic"" collection took the form of a virtual world tour, with stops that included lavishly clad Bedouins, army recruits and girls in the 'hood.  This was not the first time Dior has gone globetrotting, but Galliano injected, as always, new energy into his ethnic excursions. His bias-cut silk and lace dresses, embroidered jackets and sheer tops will work better than ever in this season of unbridled romanticism. Python jackets and low-slung hip-hop jeans also seem right for the moment, while the more eye-popping pieces like the glittering pantsuit embroidered with kitschy Americana motifs are just the thing for a starlet's weekend jaunt to Vegas.  Galliano also showed a series of great-looking patchwork and Mexican serape-print bathing suits, embellished with utilitarian canvas straps."
468,"I really appreciate the fact that we have all come together, said a newly mustachioed Michael Kors before his showroom presentation. ""Let's be cheerleaders for all that New York has to offer, because this is the most amazing city in the world.""  Kors' positive outlook was evident in a concise collection that brought to mind the best of Halston, with an injection of movie-star glamour (his update on the giant tie-strap tote bag is destined to become a collectible). Alongside beachy getaway clothes, more sophisticated urban looks included chinoiserie-inspired red lacquer cardigans and sweatshirts, georgette halter dresses, and brush-stroke skirts (upon close inspection, some of the abstract prints proved to be expressionist MK logos). Evening took a turn for the dramatic with slinky bandeau columns and stunning black-and-gold embroidered tulle shells and shifts.  Kors' practical yet lighthearted collection struck a chord that is likely to resonate throughout this season."
469,"Buddhist-monk chic? In Jean Paul Gaultier's ethnic potpourri of a world, the concept is not only possible it's inevitable.  With serene models wafting onstage in extralong skirts, draped tops and flowing dresses with trains that doubled as wraps, Gaultier brought India to the Carrousel du Louvre. Skillfully blending eastern and western influences, the designer deconstructed masculine suiting to create a three-tiered silhouette of sharp blazers, skirt overlays and straight trousers. Best of all were his sunny ruffled skirts and ruched dresses, which radiated positive energy.  ""I've always been inspired by different cultures, and I discovered that in Buddhism orange is the color of peace and liberty,"" said Gaultier backstage. ""I wanted to convey a positive message of global communion."" He succeeded."
470,"Tom Ford was in fine form at Yves Saint Laurent Rive Gauche, sending out his most laid-back, relaxed collection to date.  The big news was the arrival finally of prints at YSL Rive Gauche, in the form of leopard spots. Ford paired sheer little feline tanks with rustic leather skirts dissected by minute rows of crisscrossed laces; this folksy embellishment also turned up on road-warrior trousers, sexy swimsuits and a fabulous ecru trench. Ring-studded leather jackets, unfinished suede skirts and rough-edge coats looked drop-dead cool with stacked heel sandals and large, half-oval carrier bags.  Come spring, Yves Saint Laurent Rive Gauche evenings will be all about unassuming glamour. Ford's new golden leopard caftan robes are worthy of the queen of the jungle just the thing for a night of decadent mischief."
471,"Poised high on an oversize velvet pillow and surrounded by lavishly embroidered blankets, a shawl-clad figure played the sitar as guests took their seats for Gianfranco Ferré's romp through Indian style.  Ferré worked plenty of his signature architectural flights of fancy into the show. Carefully constructed white coats and caftan jackets morphed into pegged trousers accented with hand-beaded silver strips. Elaborate organza creations featured drawstring furrowings, spiral encirclings, and textured appliqu's. Metallic stitching turned up on leather skirts; silk patchwork pants were worn with embroidered twinsets; and long skirts and gowns were trimmed with dangling gold coins. Ferré's finale took the form of a glow-in-the-dark series of embroidered tangerine, lemon and orange dresses.  Fans of Ferré's extravagant aesthetic were not disappointed."
472,"Boudicca partners Zowie Broach and Brian Kirkby were both peaceful observers of the tempestuous events surrounding the G-7/8 Summit in Genoa this year, and their ""Corporate Deserters"" presentation was designed to convey some of the tension and anguish they felt there.  Boudicca's masked models stepped out to a menacing soundtrack that featured the whir of surveillance helicopters. In homage to the early British warrior queen for whom the label is named, many of the clothes were dyed woad blue the color of the war paint that she used. The severe tailoring and complex dressmaking, meanwhile, conjured a couture vision of the '50s, as filtered through an early '80s electro-pop sensibility. Boxy shouldered jackets and trousers with squared-off box-pleat hems were juxtaposed with pencil-skirted '50s air-hostess dresses or elaborate evening gowns. The gowns, in taffeta and old-fashioned brocades (and featuring the most hard-edged use of eyelet embroidery so far this season) had the look of midcentury haute couture pieces, their elaborate construction paradoxically set off with raggedly unfinished seams.  Memories of Genoa were reflected in cryptic details like brass name tags, or the legend ""FAULT,"" with an arrow pointing toward an arm seam that cannot have the same resonance for those who weren't there."
473,"Designer Vincent Dare, who until recently worked at Fendi, has taken over the reigns at Moschino, presenting one of the most spirited collections that label has seen in years.  Humor has always been a key ingredient at Moschino, and Dare made the most of it. Iconic '80s Chanel diva In's de la Fressange opened the show, wearing a whimsical reinterpretation of the signature Chanel bouclé suit. The T-shirt underneath, meanwhile, was printed with a haughty put-down from Karl Lagerfeld: ""Moschino n'est pas un style, c'est un pastiche!"" As a riposte, Dare then introduced some great ruffled skirts, lightly beaded caftans, and a great horizontal-pleat dress that had gold coins nestled within the folds. Other urban suggestions included sharp pantsuits with ribbon detailing, a paillette-trimmed trench, and a crumpled tux that looked like it had been pulled prematurely from the dryer.  Playfully recalling Moschino's prominence in the '80s, Dare also sent ex-models Lynn Koester and Violeta Sanchez down the runway. They clearly enjoyed their comeback cameos."
474,"Matthew Williamson dubbed his concise, feel-good collection ""Nu-topia,"" evoking the sort of acid-house resort think Ibiza, Goa or Phuket where girls (and boys this season) just want to have fun.  ""Today you are panthers,"" read the backstage instructions board for the models, ""sleek, strong, sexy."" In fact, his girls were more fragile than predatory, in fluttering chiffon handkerchief point dresses and tops, ombré-printed with fluorescent rainbow colors. Skintight denim jeans (worn with Christian Louboutin's coin-fringed disco sandals) were patched with quirky assemblages of golden lace and neon-bright butterfly appliqu's; even All Star baseball boots were customized with embroidered patchworks made from scraps of antique Maltese lace. (Backstage, the designer was wearing a length as a necktie.)  Fringed ponchos, micro-minis, patchwork elephant-leg jeans and shredded silky knits may not have been the freshest fashion news, but Williamson's elaborate detailing and neon palette (with white, gold and bleached blue) made them very much his own. ""I thought it was fantastic The End,"" squeaked It girl and Rolling Stones scion Leah Woods."
475,"Although Olivier Theyskens has always been inspired by history, particularly the Victorian era, he uses old techniques to create clothes that are thoroughly, dramatically new.  Theysken's elaborate evening statements, in bold colors like electric green, orange crush and canary yellow, were feats of construction that incorporated imperiously ruffled, asymmetric skirts and cinched eyelet-hook corsets with a tiny shirt attached at the front. A brushed leather coat came with a bustled back, but did not look out of place among the more conventional trenches. In fact, Theyskens maintained a light, balanced mood throughout, showing sharp basics like light polo knits, a stunning gold silk skirt, and even a series of humble everyday cotton dresses.  This was a precisely conceived, consistent collection that will only further Theyskens' growing reputation."
476,"Fresh from his six-month sabbatical, Hussein Chalayan is back in business, and better than ever. After the comparatively lackluster presentations of Milan, Chalayan opened Paris fashion week with a much-needed burst of creative energy.  ""The collection was based on cursing, voodoo and superstition,"" said the designer after the show, adding that he had been inspired by a book called The Dictionary of Superstition. Balancing high-concept experimentation with urban practicality, Chalayan's deconstructed panels, zippered layers and off-kilter silhouettes came together beautifully. Short, pleated skirts with streamers and asymmetric sleeveless tops looked effortless, despite their elaborate seaming and detailing. A green, tooled leather jacket with gathered shoulders and dangling cords was an exercise in sculptural precision; frayed-edge jackets, practical minis and lace-up trousers had plenty of real-world appeal.  Chalayan devotees remember that his college graduation project consisted of iron-filled paper clothes that had been buried in his garden and allowed to rust. In a reprise of that strategy, some parts of Chalayan's stunning final dresses had once again been buried and aged, giving them a timeless, almost mythic aura."
477,"Max Azria went for tough romanticism this season, presenting a nearly all-white collection of sheer overlays worn with plenty of defiant attitude.  Azria's program notes promised visions of Saint Tropez and shades of the Riviera. In reality, the look was reminiscent of Zandra Rhodes' decidedly urban slashed handkerchief-point dresses. Fluid jerseys, supple suedes, dip-dye leathers and lightweight cottons were all layered, draped and wrapped asymmetrically. Leather cutout bustiers, short fitted skirts and skimpy crochet tops were all fun and youthful, though not particularly original. A short denim suit and an eggshell coat stood out as practical, everyday staples.  For his accessories, Azria reworked some of the most important fall favorites, including long macram? belts with streamers and western-inspired leather boots."
478,"Spread the word: Alexandre Morgado and Matthieu Bureau, known collectively as Alexandre Matthieu, have decided that the era of angst-ridden conceptual clothing is over.  The duo propose a poppy, lighthearted aesthetic driven by a sense of feminine fun. Inspired by the '30s silhouettes of Madeleine Vionnet, Morgado and Bureau showed loose cocktail dresses embellished with starburst smatterings of paillettes. A single-button pearl-white cocktail dress came with trailing split sleeves, while a lightweight top looked as if it had been expertly airbrushed with a row of crashing waves across the shoulders. In a more contemporary vein, the duo also included sexy red leather trousers, a white bomber jacket with floral appliqu's and a satin blazer cinched with a single delicate thread."
479,"The fun, practical, mix-and-matchable clothes in Marc Jacobs' junior line are fast making it a style beacon for hip, plugged-in girls around the country.  Jacobs steers clear of female fashion stereotypes: Marc is not about debutantes, punk princesses or cheerleaders, but about cool girls who follow their own rules. Urban warriors will go for a shrunken, revamped military jacket or an army-green, eyelet-hook parka; retro babes will prefer the fruit-colored tops and folksy smocks; California girls can't go wrong with shorts, rainbow-striped jeans and flimsy knit tops.  Still only in its third season, Marc continues to grow by leaps and bounds. For Spring 2002 there are flirty floral bikinis, more accessories than ever, and jeans and sweatshirts for boys. Large denim totes, striped lace-up wedges, butterfly platforms and canvas sneakers make the perfect exclamation points for these energetic looks."
480,"The Dance of the Twisted Bull was the title of Alexander McQueen's highly anticipated collection, his first since partnering with Gucci Group and deciding to show in Paris.  McQueen pulled off a bravura, Latin-themed romp. One particularly theatrical dress came equipped with banderillas  the long spears with which bullfighters pique bulls that seemed to impale the wearer in order to support a long ruffled train in the back. Another, a severely deconstructed blood-red se orita dress, had part of a jacket attached at the waist, while a matador-inspired strapless gown featured a built-in sword. An assortment of polka-dotted frocks were layered over matching stockings, and cinched with corsetlike straps and holster-inspired tops.  Alongside these dramatic statements came plenty of carefully tailored, eminently wearable clothes, deftly proving McQueen's ability to mix iconoclastic statements with commercially viable product. Razored jackets were softened via seashell-like pleated skirts with gently upturned fronts; flared-sleeve eyelet shirts, layered skirts, and embroidered white jeans all looked confident, as did the cut-out dresses and sharp-as-a-tack toreador suits."
481,"Over the past year, Miguel Adrover has traveled several times to Egypt, bringing back with him images of flowing djellabas, loose harem pants and floor-length monastic skirts. For Spring, Adrover continued to explore Middle Eastern-inspired themes with everything from ornate skirts embellished with tassels and leather waistbands, to colorful patchwork wraps and skirts quilted with elaborate lattice patterns. Long, delicately printed desert dresses were worn under strict colonial blazers, and trouser suits were pegged at the ankle.  The ethnic journey began with serene, austere peasant tunics, but eventually gave way to a crescendo of primary colors. A tongue-in-cheek Jamaican-themed segment consisted of red, black, yellow and green suits; a long column gown was painted with an extraordinary Middle Eastern vista. Model Oluchi, enveloped in layers of multihued chiffon, resembled a nomadic tribal goddess.  Adrover's collection was very beautiful and, as usual, long and uncompromising. Not everything will be for everyone, but at a time when cookie-cutter fashion is increasingly commonplace, Adrover's independent spirit is more relevant than ever."
482,"For their Spring 2002 D&G collection, Stefano Gabbana and Domenico Dolce exchanged the world of techno dance clubs one of their recurring points of reference for that of ballet companies, replete with satin toe shoes and a barre.  Like so many A Chorus Line hopefuls, models swished into the curvy show space clad in bunched and tightly layered tops, skirts, jackets and leggings, often wound up with thick satin ribbons and chiffon streamers. Giddy tutus morphed into full tiered skirts, worn with cheeky slogan T-shirts and snuggly wrapped cardigan sweaters. Washed-out tones of gray, nude and khaki played off neon-green blasts.  As with most D&G shows, the piled-on look is meant to ignite flash fires of lust among teenage fashion fanatics. The good news is that, taken piece by piece, the collection is full of surprisingly wearable clothes."
483,"Giorgio Armani had plenty to celebrate today. His presentation served as the official inauguration of the impressive Armani theater, nestled within his brand-new, 12,000-square-meter commercial headquarters designed by Japanese architect Tadao Ando.  Armani presented a light, fluid collection executed mostly in black and white. Jackets were slightly squared, short and structured, paired with asymmetric-hem trousers. Off-the-shoulder, striped handkerchief tops suggested a Deauville getaway, while a series of tank dresses blended athletic chic with ballet-inspired romanticism. Transparency was the mantra for evening, with brilliantly embroidered flowers inching their way up wide-leg trousers and barely there gowns.  In an adjacent room, Armani also hosted a photographic exhibition, The Making of the Pirelli Calendar 2002 . The behind-the-scenes photographs were taken by Peter Lindbergh while shooting the iconic calendar, which this year features Hollywood's brightest young stars wearing ? Giorgio Armani."
484,"Martine Sitbon draws on an eclectic mix of sources and has consistently explored both feminized menswear and a vintage, flea-market aesthetic.  It was hardly surprising, then, when antique-looking camisoles, washed denim skirts and distressed ruffle dresses all turned up on her runway, often coupled with mannish pinstripe blazers or vests. While several individual pieces worked well notably the ecru coats, aged suede jackets and slim trousers the overall effect of this collection was one of frenetic aimlessness. Sitbon's straightforward jabot dresses, Edwardian smocks and velvet-trimmed bits of flounce slipped too easily into the realm of kitsch. It's one thing to reference and update the past, but quite another to look like you're on your way to a costume party."
485,"There were no major surprises at Alberta Ferretti, where frilly femininity is always in fashion.  Ferretti opened with a pleated tomato skirt, white shirt and double-breasted fitted blazer a simple, sophisticated combination that could have been developed further. Instead, however, Ferretti quickly moved on to her signature sheer dresses, generously ruffled and gathered, some with ravaged ribbon trimmings or beaded detailing; an optical print made a brief appearance, only to recede into a sea of blush lingerie gowns.  Ferretti is known for her lyrical sense of style, but in this case, stricter pieces like her gold topstitched coat and straight trousers left a more lasting impression than the wispy dresses, which all seemed to merge into one."
486,"This is Craig Natiello's fourth season at Halston, a house with a glorious past whose recent history has been somewhat tumultuous.  Today Halston is the place to turn for special-occasion dressing, particularly if you are looking for a printed or embellished column dress for a night on the town. Among the best looks from the Spring collection are a black Empire-waist floor-length dress with center-front slit, and a navy-and-white overblown silk floral.  Natiello's reign at Halston continues the long tradition of Seventh Avenue dress- and suit-makers rather than that of Roy Halston Frowick, a true innovator, whose legacy continues to have an important influence on designers today."
487,"Now in its third season of producing women's clothing, Boss Hugo Boss is making a strong play to join the ranks of prominent international designer brands. Despite being based in a quiet suburb of Stuttgart, Germany, Boss taps into the most current trends and translates them into sleek, highly wearable collections.  Since Boss made its name in menswear, it's no surprise that its women's line is based around a core of tailored suits and trim shirts. By playing with sheer fabrics, plunging necklines and layers of featherweight fabrics, these traditionally masculine pieces deliver a real jolt of femininity. Glazed chiffon is cut into black evening column dresses with scoop necks. An airy cotton shift-dress goes beyond basic with a subtle row of intricate cross-seams down the front. And a silky navy suit turns out to be pinstriped, as shimmery silver lines catch the light.  For a reasonably priced collection (think somewhere between Miu Miu and Prada), Boss Hugo Boss uses rich fabrics and cuts them with exacting precision."
488,"Western pioneers and prairie dwellers were the main source of inspiration this season for Anna Sui, a designer who has built her reputation on her ability to re-imagine the fashions of days gone by.  In her Art Nouveau-inspired showroom, equipped with wrought-iron mirrors, velour settees with heart-shaped backs and colored glass lamps, Sui showed antique denim dresses with embroidered hems, sheer Swiss-miss tops, and girly, dotted dresses worn with virginal white tights and ballerina flats. Spicing things up, the designer moved on to less innocent Daisy Duke-style short shorts, tight airbrushed jeans, and skimpy butterfly crepe shirts. Indigo and lace mini-frocks, floral tops and distressed cotton crochet dresses completed the collection.  Rounding off Sui's sexy update on Western saloon style were cameo brooches, turn-of-the-(nineteenth)-century necklaces and tan cowgirl boots."
489,"Just as Burberry's latest ad campaign was startlingly plaid and logo-free the once staid English company's Spring show broadened the scope of its style while remaining true to its London roots.  Former Gucci lieutenant Christopher Bailey has distilled the Burberry look into several core elements that offer a grown-up take on London street style. Pants come low-slung, straight and full through the calf, ending in a devil-may-care puddle well below the ankle. Skirts are cut either short around the thigh with punky grommet belts or in haphazard-looking loose drapes. Colors mainly stick to mellow hues of khaki, aubergine, black and navy, with a few zaps of jade and violet.  While crinkled blouses and loudly striped tank tops might seem a little too street for a lady who lunches (and can afford designer clothes), Bailey wisely tops off his grungier pieces with chic khaki trenchcoats and tailored pinstripe jackets. This kind of balancing act is just what the label needs to woo fickle big spenders, not just in London but in L.A. and beyond."
490,"Roberto Cavalli closed Milan fashion week with his customary over-the-top bravura display.  ""A modern fairy tale"" was how Cavalli described his sexy, folky collection. Laser-cut leather jackets and maxi coats were aged and distressed, as were his shirred, flouncy dresses, lace micro-skirts and hyper-decorated jeans. Cavalli's beloved leopard and floral prints turned up on baroque inlaid chiffons, silks and muslins; his show-stopping evening gowns could pass as couture lingerie, with their profusion of decadent embroideries, cutouts and trimmings.  Before taking his bow, Cavalli sent out a procession of short but equally arresting dresses. Think of them as a slightly more approachable introduction to the designer's high-intensity, maximal vision."
491,"Ann Demeulemeester has the rare ability to invest her punky, hard-edged clothes with a lovely, lyrical quality.  Slouchy, low-slung trousers and oversize jackets have always been part of the Demeulemeester repertoire, and this season was no exception done in black and white silk, they looked the epitome of nonchalant chic. Draped dresses, extra-short miniskirts, gathered-neck shirts and wrap shirt-jackets were street-smart rather than girly, cinched carelessly at the hips with multiple-loop belts. Unstructured military jackets, distressed leather coats, and severe ankle boots rounded out the collection.  Demeulemeester deftly tackled this season's layering theme via a series of belts that came with attached half-skirts. Worn over a short dress or skirt, they create a silhouette that is asymmetric, anarchic and unfailingly cool."
492,"Carolina Herrera is in a lighthearted mood, focusing on soft silhouettes embellished with romantic details.  The white shirt was the central theme of her collection; it came laced up, tucked into generous skirts, delicately embroidered and worn as a camisole over pajama pants. For contrast, there were coffee-and-emerald check pants and skirts, stone poplin suits and a great silk crepe dress with a pleated flapper fringe and nude back. Herrera also showed a few leather shirts and wrap skirts, but these felt a bit cumbersome and stiff at times.  Evening was a smorgasbord of pleats. Old-school gowns and grand sweeping skirts in pearl-gray organza stole all the thunder from the charmeuse tank gowns, which offered a familiar spin on the current lingerie-dressing craze."
493,"Conscious that many up-and-coming talents would not have the means to show their collections after fashion week was canceled, Vogue and Style.com invited 11 emerging designers to present their work in a collective setting. Carolina Herrera graciously offered her midtown showroom, and top models and stylists waived their fees. With each designer showing only a handful of looks, the result was a rich, whistle-stop tour through an impressive range of alternative visions.   Benjamin Cho describes his work as ""creative, without being esoteric."" He made good on his words with exquisitely crafted white ribbon tops and a superb long column dress with a ribbon-laced circular cutout in the back.   Elisa Jimenez is known for her draped, individually customized frocks, which are often sewn directly on the body. Jimenez ran with a fairy-inspired theme that included lattice sleeves and floral attachments.   Pierrot 's knits were first seen on Miguel Adrover's runway during the Spring 1999 season. His second solo collection exuded Old World, sensuous sophistication witness his subtly shimmering black cocktail dress, crocheted shawls (one sprinkled with gold paillettes) and lavender pointelle top.   Behnaz Sarafpour continued her exploration of black and white elegance. Her brief white guipure dress was stunning in its simplicity; a black skirt with a white embroidered apron overlay summed up her confident, powerful aesthetic.   Tony Smith is now in his second season, translating references from the past into sensible, contemporary clothes. Smith's modern-day gypsy cast a spell in a cotton voile blouse and a navy wool skirt with a gilt lace insert.   Michael Soheil was inspired by 1940s Casablanca , but there was nothing old-fashioned about his off-the-shoulder, asymmetric silk jersey dress with a high slit. Scarf inserts, peek-a-boo red square appliqu's and slit sleeves were all part of his repertoire.   Peter Som combines architectural and cultural influences to create youthful, snappy designs. Where else could you find a leather-piped, beaded eyelet tennis dress?   Rebecca Taylor 's girly, kittenish clothes are edgy without being intimidating. The New Zealander's eclectic ethnic mix included floral-print dresses trimmed with coins and feathers, lace fairy slips and crocheted camisoles.   Tuleh , the design team of Bryan Bradley and Josh Patner, excelled with their chic, perfectly proportioned take on ladylike dressing. A black-and-white printed coat was cut close to the body and outfitted with large, clear buttons; a snappy suit consisted of exquisitely mismatched tweeds.   Christine Ganeaux has amassed a loyal following of hip downtowners who live for her low-cut, razored trousers. There were plenty of those, flared at the boot, as well as a sexy black wool dress with a side zipper and a '60s-inspired orange leather coat-dress.   Zero is Maria Cornejo's line of unpretentious, wearable clothes that retain a distinctly avant-garde edge. Her cotton bodice dress, poncho T-shirt and hexagon wrap skirt combined urban practicality with Japanese-influenced minimalism.  ""An American View"" would not have been possible without the contributions of several individuals and companies who donated their time, services and products. Vogue and STYLE.com wish to thank the following for their generosity and support.  Showroom: Carolina Herrera Modeling agencies: Boss, DNA, Elite, Ford, IMG, Marilyn, Next, T Management, Women (see individual pictures for model credits) Hair: Danilo for The Wall Group Makeup: Tina Turnbow for The Wall Group, using Stila and MAC cosmetics Production: Deborah Hughes, Inc. and Fly Productions"
494,"Nicole Noselli and Daphne Gutierrez, who make up the design team Bruce, snapped up this year's Perry Ellis Award for womenswear, and with good reason. The duo consistently produces quietly intelligent, sophisticated clothes whose apparent simplicity betrays an almost compulsive attention to detail.  Noselli and Gutierrez worked with a muted chromatic range (white, black, khaki and brick were the only colors in the collection), relying on clean, perfectly proportioned lines for effect. A pristine tab-collar cotton shirtdress was stark and immaculate, except for a copper cincture at the waist and minute pin-tucks that decorated the sleeves; dresses gently skimmed the body, shaped only by deftly applied tucks and folds. A triple layer of pleats ran across the shoulders of a prim cap-sleeve shirt; an off-kilter skirt looked perfect with an intricately constructed, asymmetric sleeveless top.  ""We wanted to work with pleating, like last season, but presenting a looser, more comfortable silhouette,"" said Noselli after the show."
495,"Referencing ""The St. Tropez of Veruschka and Jane Birkin, San Francisco's Summer of Love and the London of Bianca and Mick Jagger,"" Clements Ribeiro traveled back to the days of haute bohemia with diagonal-panel peace-and-love skirts, off-the-shoulder prairie tops and ruffle-cascade chiffon dresses. Though these hippie classics have become overly familiar of late, several of Clements Ribeiro's pieces had verve to spare. There was a great fringed poncho dress, several naively embroidered skirts and jeans, and a series of star-studded, sporty cashmere sweaters.  Rounding out the equation were lavishly fringed sandals and totes the first installments in Clements Ribeiro's just-launched accessories line."
496,"Like a classic rock band whose fans only want to hear the hits, Pucci will forever be expected to produce variations on its swirling, colorful prints. Not that that's a bad thing; few fashion statements command such instant recognition. But making a serious sportswear collection from a breezy, humorous pattern is a tough project. In his third season at Pucci, designer Julio Espada achieved mixed results. Inspired by the smart, minimal fashions of '60s London, he kept silhouettes mostly simple and close to the body, using jersey fabrics and minimal embellishment. There were nifty dresses and poet-sleeve tops that would jazz up Fall's predominantly black palette, as well as a few sharp jackets and a new Pop-influenced print. But the generally serious mood, and some odd color combinations like yellow and burgundy or aquamarine and orange, seemed at odds with Pucci's sunny, Mediterranean personality."
497,"Los Angeles-based designer Rick Owens was supposed to make his New York debut with his Spring show, but cancelled after the September 11 terrorist attacks. Today he presented a Fall collection entitled ""Sparrow"" that showed the technical skill and romantic-goth vision that's won him a loyal and burgeoning fan base. ""We've carried him for the last five years, and our business just keeps growing,"" said Ed Burstell, vice president and general manager of Henri Bendel. ""It's a cult; women love the way he fits the body.""  The mood of Owens' presentation was somber a dark, raw space and a sound track of Alice Cooper and Iggy Pop but the clothes were gently sexy and even cozy. Not one for color (despite his indigenous climate), Owens worked in grays, chalky white, black and taupe. Long clinging dresses were paired with fuzzy ankle-length sweater coats, while soft, baggy corduroy pants looked great with the distressed leather jackets the designer is known for. Judging by a black corduroy tuxedo jacket, Owens can do traditional tailoring, but his real love is innovative draping.  Owens pays as much attention to the back of a garment as its front, creating fishtail trains and clever details, like an unexpected hood made from a swell of fabric. Most outfits were topped by a monkish balaclava helmet, emphasizing the elongated, flowing silhouette and lending a cultish, otherworldly air to the proceedings."
498,"After presenting her Spring collection at the Apollo Theater in Harlem, Malandrino migrated downtown to a raw space in the meat-packing district next to the infamous Hogs & Heifers bar an appropriate location for her Western-themed Fall collection, titled ""Wanted.""  The show certainly did not want for theatricality. The models made their exits with deeply smudged eyes and masses of tumbleweed hair in a variety of blouses that were shirred, tucked, embroidered, smocked and otherwise embellished. These were paired with equally elaborate trousers, the most notable of which was the signature Wanted pant: low-waisted, ruched, laced and so wide-bottomed at the foot that they swept the floor. The leather appliqué pants were strong, as were some of the coats.  Some of the looks presented (including the aforementioned pants) were from Malandrino's new limited-edition series, which she hopes customers will collect as if they were works of art. At times, though, the show was in need of less art and more reality. As much as the designer sought ""the feeling of getting lost in a wild plain,"" there were moments when it seemed as if she had ended up on the set of Dr. Quinn, Medicine Woman instead."
499,"The camel-hair coat is an icon for MaxMara; the foundation upon which one of Italy's most successful family fashion empire was built. The exercise each fall is to find new context in which to frame that timeless piece. This season's version is a creamy, floorsweeping topper flying loose over tight, high-waisted velvet pants and a turtleneck.  MaxMara acts as a percolator for current trends, making them accessible to a city woman who spends her money on wearable investments but likes to nod to fashion. For fall, she'll find that in an Alaïa-influenced flounced skirt with a matching bomber jacket, a 70s pants suit with a neat blazer, an ethnic fur-lined gilet, or the quintessential retro brown stacked-heel knee boot. Last fall's Art Nouveau mood reappears as Klimt-influenced prints, and peacock feathers made into capelets, jackets or as decoration on dresses and blouses. That's just enough to show a general awareness of the direction of fashion but not overpower the house's classic values, which are rooted as much in the pleasure of cashmere, velvet and suede as in the practicalities of a busy woman's everyday life."
500,"Madrid-based leather goods house Loewe owned by fashion conglomerate LVMH is attempting to work that now-commonplace fashion strategy: hire a young, critically acknowledged designer to create a buzz-generating ready-to-wear line, thereby boosting a venerable brand into a global powerhouse (see also Louis Vuitton, Dior, Celine, etc.)  Jos? Enrique O a Selfa's maiden effort as the house designer was a decent attempt. He seemed most comfortable when he stuck to his home ground of knitwear, or played up the house's ability with skins. Simple sportswear shapes rendered in butterscotch or vanilla-toned hides and fitted shearling coats with seams detailed in contrast leather didn't break any style ground, but will certainly speak to luxury leather fans everywhere. And though O a Selfa lost his way with awkward knee-length hobble skirts and release-pleat wide leg trousers, the creamy wide leather belts and smartly constructed bags that ornamented many of the looks could be the start of a beautiful business."
501,"Yohji Yamamoto's riffs on sport-meets-couture-meets-Japanese-asymmetry have lasted a couple of seasons now. But even though other designers have been coming up on the outside with zippy track suits, hoodies and parkas this season, Yohji is still out in front.  As is his wont, Yamamoto mixed street sport pieces with military drab, denim, knit, biker leathers and traditional suit and coat fabrics. He started out with trompe l'oeil biker jackets which were fused with skirts to look like coats, then cut up denim to layer over zipped sweats and long, elegant black pleated skirts. Oversized men's suits stumbled on the asexual side, but the designer's 20-year obsession with the formal structures of Western couture put him back on track. He cut tailcoats in khaki and worked graphic leather patches into black jackets and suits. A navy melton peacoat and a long coat cut with three-quarter-length puffed sleeves bordered on modernist Balenciaga.  Ultimately, this show was a bit of a marathon complete with some uphill moments. And when Yamamoto reached the finish line via parkas and nylon jackets with wings painted on the back, it wasn't certain whether he was conjuring heavenly seraphims or Hell's Angels. Either way, the audience cheered."
502,"Viktor & Rolf enigmatically named their collection ""long live the immaterial."" It was hard to decipher precisely what that meant since the collection was full of rather heavy materials wool, pinstripes, fur, velvet, crochet. The designers' talent for earnest experimentalism with traditional elements was funneled into a single device this season; they highlighted all-black outfits with bits of vivid royal blue so that the epaulettes, collars, bib shirt fronts and belts popped out in radiant color.  The designers showed a bit of their playful side with jackets ornamented by absurdly-inflated cargo pockets. But otherwise, the collection had an almost disturbing degree of bourgeois propriety about it. Harlequin patterns of the sort normally seen on golf sweaters were blown up for patchwork fur and wool skirts and big mufflers. Paisley showed up on soft brown wool pants suits, and then in a stately blue velvet gown topped by an enormous coat with matching paisley lining.  Perhaps the show's title referred more to the backdrop aerial photos of the Manhattan skyline at night, Texas oil fields, cotton fields, and traffic. For a charming, if unfathomable finale, the designers appeared in matching blue pajama suits while their disembodied heads floated among stars on the screens."
503,"Michael Kors went right for the heart of his customer with a Fall show that blended elegant luxury with down-home comfort.  Inspired in part by ""the rustic glamour of Aspen,"" Kors designed a collection perfect for one of his smart urban customers who might jump on her Harley on Friday and zoom off to spend the weekend skiing at Stowe. For the trip up, she'll put on one of his tough-girl chic leather motorcycle jackets and his skintight cotton ripstop pants; once there, she'll undo the knee-to-ankle zipper to make a sharp boot-cut trouser, and throw on a quilted leather anorak and hand-painted jeans or a fluffy knee-length coyote vest to hang out in the lodge. Apr's-ski, she'll slip into a feather-light cashmere baby doll or a camel pointelle jersey dress for hearthside lounging.  Kors covered the work week beautifully as well, with double-face wool pieces like a generous clutch coat over a short wrap-front skirt, lightweight cashmere dresses and sweaters, or a chic suede coat and pants hand-painted in a herringbone pattern. The bonus prize? With all the smart-looking new menswear Kors showed, her boyfriend can look just as good as she does."
504,"Anne Klein, who died in 1974, was a forceful proponent of smart, fashionable, well-made clothes for working women (a philosophy she passed on to her former design assistant Donna Karan). But the past few years have seen several changes in direction for the company she founded, which has lost ground as a result.  Now, with new ownership and a new design director, Charles Nolan, the house is hoping to reclaim its rightful place in executive wardrobes. Nolan came to Anne Klein from Ellen Tracy, another bastion of career clothes, so he knows what works in a boardroom and what doesn't. No micro-minis, no sheer tops; instead, he offered a solid series of items like A-line leather skirts, short shearling jackets, crisply creased trousers and tweed three-quarter coats. Styles were fitted, but never supertight, and the color palette stuck close to tones of mocha, cream, white, black and navy.  Busy women like to look good, of course, but Nolan knows they also like to save time; to cut down on agonizing decision-making, he showed all his looks, even a slinky white jersey evening dress with black stiletto snakeskin boots."
505,"With a bounce of their blow-dried, lacquered hairdos, a crowd of blonde bella donnas stepped out on the runway, decked head-to-gold-booted-toe in Valentino's vision of uptown chic. The designers' classic themes were out in force in a collection that played on his reputation for ultra-feminine tailoring, and paid homage to his rich archive of eveningwear.  For day, Valentino's coats, prettily cinched at the waist and full in the skirt, were trimmed with deep bands of fur. He showed city-proper tweed and camel and added excitement to suits with long, fluid pleated skirts by slitting them to show a flash of leg. He even nodded to the biker trend of the season by cutting the most curvaceous leather jackets in town. But Valentino's woman is no streetwise toughie. She prefers to shine at all times, which is why her accessories boots, bags, gloves and metallic leaf-shaped belts came in gold, gold and more gold. For dinner, she loves a black lace blouse with poetic sleeves, a cute tiered taffeta smock and a lovely high-waisted coat, fastened under the bust with a black satin bow. She's even happier when given license to go all out for grand evening events. Valentino is at hand to offer every glam option in the book, from floor length gold-sequined gowns, through stately black taffeta, right up to the eye-popping classic red dresses that closed his show in the time-honored fashion."
506,"No one could accuse Pierrot of lacking imagination. For his Fall 2002 show, the knitwear maven performed not one, but two transformations: He conjured a fairy-tale atmosphere from the dank interior of dance club Webster Hall, and he dressed just about every character from the Brothers Grimm in a nifty outfit.  Little Red Riding Hood sported a peaked hood, Snow White had a floor-length white skirt and the supporting cast of elves and toy soldiers each got snug, whimsically decorated sweaters, often paired with skin-tight knickers or ruffled skirts so short, they should rightfully be called tutus. The biggest crowd-pleaser, though, was elegant veteran model Carmen Dell'Orefice, who played Snow White's evil stepmom to the hilt, sweeping her black, spider-decorated cape across the floor as she enticed audience members with glistening red apples (no one took a bite).  For the more workaday heroines among us, Pierrot produced straightforward knitwear like sexy, body-hugging dresses, lacy crocheted knee-length skirts, puff-sleeve tops and a black sweater dress with white crocheted lace at the neck and cuffs. Pierrot is not afraid of color: The palette moved from red, white, blue and black to lavenders, green, brown and gray, before ending with of course a snowy white bride. Aside from a few overly heavy pieces like a cape weighed down by granny squares, Pierrot spun a pretty yarn, indeed."
507,"Lawrence Steele, an American who has lived in Milan since he first designed for Prada in the late eighties, pulled ideas from the thirties through the seventies into a collection for shoppers who demand a shot of opulence in their fashion cocktail. Steele hit a glam sporty note with tracksuits made of burgundy crushed velvet; for extra flash, the evening version came in a strapless gold lame. Worn with high heels and Lurex socks, and maybe a little knit cloche jammed on the head, these are clearly clothes for girls who get their workouts on the dance floor. Short printed or sheer dresses with big sleeves slid off the shoulder and were hitched at the waist with tasseled silk rope belts, while a gold Lurex turtleneck came with a long trailing scarf to match. Underscored with off-hand furs most successfully, a rabbit bomber and a shaggy patchwork coyote coat the overall effect was kooky-deluxe. And when Steele turned on Princess Superstar's outrageously suggestive ""Bad Babysitter"" rap, the audience had trouble hiding its blushes."
508,"A.F. Vandevorst invited a thousand guests to a derelict cellar and jammed them together body-to-body on hard wooden benches. Then, after nearly an hour, they turned on strobes so violent people were screaming for mercy. Having successfully driven the audience to the brink of epileptic convulsion, the designers began their show. Ah, Paris! So edgy, it hurts.  Miraculously, even the application of this Belgian-style torture wasn't enough to ruin what turned out to be a good collection, once the lights were turned on. An Vandevorst and Filip Arickx, a pleasant couple from Antwerp, have a distinctive way of juxtaposing formal clothes with athletic pieces and graphic knitwear. Sometimes they put things on back to front, like the excellently cut men's formal tailcoats, or silk dresses. Their yellow and black stripy and zigzag sweater dresses, tights and enormous scarves looked strong interspersed with nylon bombers and ski gilets. The eveningwear has a cool, all-black drama created by layering on sequins and fringe and finishing the look with leggings and slick over-the-knee boots.  After the show, An Vandevorst said she and her husband were inspired by honey bees. But, please, it's going too far to sting a supportive audience with all that pain."
509,"Last season she was a virgin. Since then, Alberta Ferretti's innocent girl has been allowed out to a couple of gigs, or maybe taken a year off to do some traveling. In any event, her summer of drifty white eyelet is over and she's turned the corner into a tougher kind of teenager. In her wardrobe now is an eclectic mix of Chinese jackets and vests, grunge-influenced plaid, and a lot of tiny smock dresses but always worn with woolly ribbed tights and flat boots or shoes.  Ferretti's addition of menswear shirt stripes and distressed leather coats give this girl enough to wear when she wants to hang out with the cool gang, but she's still a sweetheart underneath it all. Those signature Empire-line coats and chiffon dresses are still true to her good-girl nature. Daddy, meanwhile, will be relieved to discover that his little girl's idea of great nightlife is still a pajama party."
510,"No New York fashion week is complete without at least one event that features some combination of the following: a much-hyped young talent; a mob scene at the door, complete with screaming security guards; a chaotic presentation; and, oh yes, some legitimate talent. This season, that event came courtesy of As Four, the avant-garde design collective that made its name with the ubiquitous, influential circle handbag a few seasons ago.  Scheduled for 9 p.m. at the Cooper Union theater, the show didn't actually get underway until close to 10:30. That left ample time for the crowd to sneak cigarettes and drink the copious amounts of wine that had been supplied by the group's sponsor, Italian company Ecco Domani.  And the collection itself? Well, there were some pretty clothes hidden underneath the perversely cut lamé outfits and string-sculpture tops, and the soft flower hats worn by some of the models were gorgeous. But however talented they are as designers, the group proved equally adept at using pretentious staging, difficult lighting and an off-putting soundtrack to obscure the fruits of their labors. If only the fashion could have flowed as freely as the wine."
511,"Call it barbarian deluxe. Fendi's women are a tribe of warrior goddesses storming in from the woods with the season's most-prized fur trophies slung about their shoulders. At first sight these furs, with their raggedy raw edges, wild textures and sprouting tufts might look primitive, but the techniques lavished on them are the ultimate in sophistication.  ""We cut the fur to shreds and then knitted it to treat it like a fabric to give it lightness and movement,"" explained Karl Lagerfeld, about a series of shrug-on coats and huge one-armed stoles, devised to be flung around the body as easily as blankets. A fur bolero, worn back to front with pieces flying behind, was worn by Frankie Rayder; a piebald cross-bred knitted mink bobbed on the shoulders of Devon Aoki, and a vast knitted fox stole trailed dramatically from the neck of Jacquetta Wheeler. Inventing new mixes of pelts and casual ways of wearing fur was the Fendi sisters original big idea, and Lagerfeld has kept their expertise at the leading edge of fashion since the 60s. At a time when many houses are marching forward by retrieving a sense of their own past, Sylvia Fendi said,""it was a very emotional show. We wanted to go back to our roots."""
512,"With his first collection for Lanvin, Alber Elbaz successfully walked the finest of lines between design panache and desirable, grown-up clothes. Leaving a chic margin of raw edge on the most luxurious of fabrics, and cutting a beautiful compromise between the fierce and the feminine, he pulled off a feat of styling that augurs well for the future.  Elbaz opened his show with a dark brown, double-face coat with an irregular cascade of sequin running down the front. It was a signal that quality would be honored, but also energized with a shot of free-form creativity. That thread was developed via wrapper coats in, for example, slubby brown tweed with an unfinished edge running down the front, and in the way he frayed the edges of what might otherwise have been a matronly combination of a camelhair cape and dress. Elbaz's sequence of chiffon dresses in subtle washes of neutral color were beautifully done, bound with multiple leather belts and held on by effortlessly complex twists and knots in the shoulder details. With their unhemmed edges and especially when they were shown with high, pointy distressed leather spat-boots they channeled ballerinas and pagan goddesses (and perhaps Claire McCardell) without seeming in the least bit fey.  Elbaz spanned luxe and casual by showing how good fur can look if worn simply with a gray tracksuit and high heels. He also cleverly put immaculate oversize overcoats over matching pantsuits with a mannish cut a subtle reference to Lanvin's identity as a successful seller of mens' suits. This was an optimistic start to a new chapter in Elbaz's career (he was formerly at Guy Laroche, YSL Rive Gauche, and Krizia) and he was loudly applauded for it."
513,"Well before fashion's current love of groupie chic and punk revival took hold, rock 'n' roll was Anna Sui's chief source of inspiration. Each Sui collection reveals what's been in her CD player, and for Fall she clearly had Cream, T. Rex and Sergeant Pepper era Beatles in heavy rotation. The result was a groovy, hippie show that wouldn't have been out of place at Woodstock although it looked just fine on Naomi Campbell, Carolyn Murphy and all the other top models who regularly walk Sui's show.  On the bill were chiffon baby-doll tops with vivid Indian prints, appliqu'd denim skirts, studded boot-cut cords, open-work crocheted tops and dresses, and wool separates embroidered with folky cross-stitch. Sui worked mostly in dark hues, with occasional forays into historically appropriate colors like purple, olive green and peacock blue. Greatest hits included a series of pretty, sheer floral-print dresses and two great embroidered Mongolian lamb-trimmed coats that screamed ""light my fire.""  Worn head-to-toe, this collection could be too trippy-hippie for the average customer. But a few pieces from Sui's '60s anthology could retune any wardrobe."
514,"Julien Macdonald has been handed the mandate to carve out a distinct, but commercially-viable identity for the house of Givenchy. For Fall his second collection as creative director? Macdonald brought in a few of the design ideas currently making the rounds. Patchwork, handkerchief-point chiffon dresses, biker jackets and the somewhat exhausted Casbah look all made an appearance.  Macdonald opened with a grayish-brown distressed leather patchwork parka worn with gray leather pants and stacked knee-high boots. His take on biker leathers involved cutting and seaming the jacket short and close to the body, then adding an Elizabethan-style standup collar. There were also Walter Raleigh-esque bloomers worn with swashbuckling boots, English country house tapestries fashioned into coats and bags, Gloriana-style gilded brocade jeans and a tights-and-tunic look perhaps inspired by a few late-night Errol Flynn movies.  When he exerts his skills in knitwear his original claim to fame Macdonald does best, as he demonstrated briefly in this collection with a huge loopy black sweater and some laddered punk knits. But he quickly returned to glitzier looks, like a lame harem jumpsuit, a gold-edged djellaba coat and some caf -au-lait-toned satins for evening. It was hard to find a uniting theme other than a feeling for the Eighties. But fashion skewered that decade to death a year ago, and there is still a sense that this collection is struggling to find a raison d'etre."
515,"While Prada is designed for adult-only sexual sophisticates this season, Miu Miu is for the naughty little sister who has a saucy act all her own. This is a girl out to prove she can look provocative even in a beige raincoat, when it's cut short and worn with head-turning hotpants and a cute sou'wester.  So what if she didn't actually live through early '70s? This expert young flirt makes free with quirky versions of fashions her mother knew so well. Styles like stiff culottes, doubleknit halter rompsuits, corduroy coats, chiffon blouses, and patch pockets applied in contrasting colors. All that cranberry, violet, brown, yellow and green. She adores the mumsy no-no of shiny quilting when it's made up into a pair of nutty emerald green overalls or a nipped-in navy trench. And those cute little jackets that tie in the back to emphasize her trim curves are irresistible. But then, why should she exercise restraint? After all, life's a blast when you're in charge of a fab body and a pair of great legs."
516,"It would take more words than are in this entire review to fully describe any single outfit in John Galliano's thundering, swirling, multi-everything Fall collection. ""Eskimo and Mongolian hotties! Keep the fur flying!"" was the backstage prompt to Galliano's tribe as they marauded out to flaunt patchworked and rose-embroidered shearlings, extra-flouncy skirts, chiffons, bobbly striped knits and a whole load more in the delighted faces of an audience that included Lenny Kravitz and Kate Moss.  Galliano likes to tease commentators by keeping a couple of leagues ahead of their ability to document his continent-hopping inspiration, basic-to-deluxe materials and bewildering repertoire of techniques. Suffice it to say that this show included Chinese brocade and dragon-head motifs, Spanish fringe, Scottish tartan, Peruvian pom-poms, American-Indian moccasins, lace-printed denim, salmon skin, satin embroidery, rough-hewn fur, and feathers.  Galliano is amongst the small band of designers who stand up for the value of individuality in a season when color, workmanship and the confidence of singular points of view have been all too frequently stifled by commercial pressure. The irony, of course, is that single pieces from this collection will look far more seductive on a store rack than any number of black cashmere turtlenecks."
517,"The Boudicca experience is an intense one. For designers Zowie Broach and Brian Kirkby, fashion goes far beyond the simple enjoyment of things to wear, and into the realms of symbolism, psychology and politics.  This show was a walk on the dark side literally. Models walked in somber steps, following a spotlight that was dragged overhead to illuminate their way in a blacked-out studio. But if the sinister portent hanging over this collection was unavoidable, it never overshadowed the level of refinement Boudicca's work has reached. Unlike many less experienced London designers, Broach and Kirkby have a rigorous way of cutting and tailoring that produces precisely pressed and folded graphic shapes that could not have come from any other hands. A Boudicca piece whether an asymmetric satin skirt, a kimono dress with a caped top or a dinner jacket with the lapels fused into the jacket and the tail lopped off square is recognizable by its formality, dignity and presence.  Though these compelling qualities have spellbound many fashion insiders, outside support has been hard to come by maybe because the label is impossible to pigeonhole by trend or category. Barneys New York is one of the few stores to carry Boudicca pieces, as was the London boutique Yasmin Cho, which has recently gone out of business. Such blows are capable of knocking small designers off-course, but by the look of this collection, Boudicca is determined to keep on following its own uncompromising path."
518,"Like many designers, Ennio Capasa of Costume National went dark for Fall showing a collection that was mostly black, lit here and there by some winter white ensembles and touches of gold. As somber as the palette was, these were clothes not for goths, but for well-bred girls who like to think of themselves as ""bad."" Costume's hooded coat, leather bombers and cigarette-slim pants conjured nothing so much as a twenty-first century Sandra Dee.  Capasa was on-trend with his furiously furry jackets (a major theme of this season), but generally offered individual pieces rather than a fully focused collection. Which is not to say that some of those pieces weren't highly desirable. The smoking pantsuits and the short-as-they come mini dresses cinched with masculine-style leather belts (perfect for cocktails at eight) were strong, and provided an alternative perhaps an antidote? to some of the tougher leather looks, which seemed more suitable for an evening of chain-smoking and high-decibel rock."
519,"It's always images of Helmut Newton from the '70s that inspire me, says Alessandro Dell'Acqua. ""That sense of femininity, sensuality and strength."" In Dell'Acqua's fall collection, that strand of design, abstracted from the tradition of Saint Laurent, turned rock'n'roll in a Milanese kind of way. His loopy black carpet-knit jackets recalled Saint Laurent's seminal 1940s collection, but were also cousins of this season&'s knits at Balenciaga and Helmut Lang. Dell'Acqua's personal signatures, meanwhile chiffon dresses and delicate underwear showed through in handkerchief-point crinkled shifts, sheer ivory pieces scattered with silver sequins, and the lace-edged satin lingerie peeping out amongst the knits. He also merged classic tuxedo dressing with sport elements, transposing the satin ribbon of a ""smoking"" trouser onto cashmere sweat pants. The collection was at its hippest in its simpler moments, though, where Dell'Acqua applied his tailoring skills to neat shrunken jackets, A-line skirts and flares in navy blue cotton."
520,"Alberta Ferretti has built her reputation on thinking pretty. Her favorite ways of expressing that are in fragile chiffon party dresses and sweetly-cut princess coats. For fall she does both, but with a hint of the Austro-Hungarian influence that has emerged as one of Milan's propositions for translating spring's folklore feeling into fall clothes.  The Austrian touches turn up in Ferretti's use of loden and brown and in details like the Tyrolean bindings on her signature coats, military frogging decorating the sleeve of a blazer or felt cutouts adorning a duffel. There are precisely-cut peacoats, pants with raised seams and Aran knits which give Ferretti's girl an ample daytime wardrobe. Come nighttime though, she's back to her fairy chiffons which this season are subjected to endless variations of asymmetric cutting with pleats, raw-edged garlands of petals, twisted shoulder straps, ribbon ties and inserts of three-dimensional flower decorations, mostly in black."
521,"The name Jil Sander has always been a touchstone to subtle-minded, confident women who demand rigor and sophistication in their clothes. With Milan Vukmirovic in the design seat, the label has seen an infusion of comfort and color to which its avid followers should have no problem relating. For Fall, the essential Sander values were reflected in two immaculate white coats, one in a bathrobe shape with a knitted collar, the other cut collarless in double-face cashmere. A strong line in office-appropriate cardigan knits ran through the show sometimes matched with long ribbed scarves and beanie hats. Those desperately seeking an interesting pantsuit, meanwhile, will find it in sand-colored needlecord, tailored on the bias with a stand-up collar a creative twist on one of fall's ubiquitous fabrics. New to this formerly stark collection is the influx of the color purple and a concentration on feminine eveningwear most successfully in a simple black velvet knee-length dress with long gathered sleeves, and a sweatshirt worn over a narrow beaded floor-length skirt. Vukmirovic is not an abstract thinker, but he brought a new warmth to the collection by paying attention to the ideas of the women who surround him. ""The color purple came from listening to Prince,"" he said. ""The rest was my women friends telling me they wanted the knitwear, jogging pieces and scarves we'd done in the menswear collection."""
522,"It's rare for a secondary line to establish its own identity as distinctly as Marc by Marc Jacobs. Now going into its fourth season, the ultratrendy label has won the hearts of Jacobs' collection customers, not to mention the retailers who've watched his creased jeans and striped sweaters fly off their shelves. Even better, Marc has become a cult brand among fashion-savvy (is there any other kind ) high school girls.  For Fall, the designer remained true to his favorite decade, the '70s. A master of the artfully mismatched, Jacobs assembled deceptively simple, layered looks in those odd '70s color combos like blue/rust and brown/purple. (He even worked in a floral thermal shirt, putting it under a short-sleeve turtleneck.) As always there was plenty of denim, although corduroy and velvet also made their presence felt in jackets, skirts and flare-leg jeans; these had a line artfully bleached out around the hem, so they looked like they'd been shortened and then let down. Rounding out the collection were knee-length skirts, close-fitting blazers, baseball jackets, zip-front cardigans, great three-quarter coats and rainbow-striped sweaters, all accessorized with long knit fringed scarves.  Worn all together on the runway, the line looked fantastic. And real-world customers who limit themselves to individual pieces there is, otherwise, a slight risk of being mistaken for Marcia Brady are sure to be happy."
523,"With two well-received collections behind him, Bill Blass designer Lars Nilsson is still being scrutinized by the arbiters of style. After all, the fashion industry is full of one-season wonders. And Mr. Blass, although retired, is still very much a name that matters to his devoted clients (who eagerly await his biography, due out next month).  Part of the liveliness that Nilsson has injected into the Blass label comes from his delight in color and pattern. For Fall, he was inspired in large part by the traditional textiles and handcrafts of the Amish and his native Sweden, which he worked into the Blass tradition of well-tailored sportswear. Nilsson took a leaf pattern and turned it into a colorful, oversize print for silk satin, and showed a sweeping, fur-trimmed white coat with a ladder of black stripes. There were shapely wool suits, a luxuriously cozy embroidered cashmere anorak and, for evening, a series of lovely dresses, including a rainbow-hued, hand-tinted velvet number.  Though Nilsson leaned a little too heavily on his traditional sources this time around, he continues to bring a new spirit and a new sense of buzz to the hallowed house of Blass."
524,"Calvin Klein is one of the great zeitgeist readers of our time. His collections, like his famous ad campaigns, always reflect and amplify some aspect of the national mood, but filtered through his cool, minimalist aesthetic. And in his beautiful Fall show, Klein mirrored a sober but still sensuous attitude toward life during wartime.  Klein's first group was, like many this week, all black, starting with a fitted coat whose seams were traced in leather and followed by sweeping dresses, pleated skirts and tops done in flowing fabrics. He then introduced tones of brown, gray and navy, and worked in military references, like a taupe Eisenhower jacket and a few officer's greatcoats recut with the new, higher waistline. But while Klein's smart menswear tailoring touches were present throughout pants cut slim but not skintight, jackets that sat just above the waist the net effect was always feminine, helped by sexily transparent knits, floaty georgette tops and a fit that lightly grazed the body.  Klein's eveningwear is always noteworthy for its inventive cut and restrained romance, and he didn't disappoint this season. He sent out a gorgeous series of dresses assembled from diamond-shaped pieces of satin that will make even the most determined nesters long for a black-tie evening."
525,"You wouldn't normally associate Comme des Garçons with chic chignons let alone the sound of Sinatra crooning ""let's face the music and dance."" But those were the classic elements in the background of a show that designer Rei Kawakubo described as ""free knitting."" Almost completely black, save for a couple of things in gray and a tint of blue, the collection was partly about Kawakubo revisiting her own past. Mostly, though, it was an intense research project into what can be done with different varieties of wool, knitting needles and an unconventional vision.  Kawakubo began by wrapping twisted cardigan-coats around the body so that pockets were displaced at odd angles and tan-yellow buttons spiraled the torso. The color blackout, and the consistent styling device of leggings-with-everything, gave Kawakubo artistic license to go crazy, experimenting with a vast range of shapes and stitches. Knit sweatshirting, bouclé and the season's loopy textured sweaters all turned up in a beautifully elegant, off-kilter way.  It was a long show. A lull could be felt, giving the audience time to ponder the poignant significance of Old Blue Eyes' lyrics (""there may be teardrops ahead""), but it was followed by a flurry of scribbling when a twisted, tufty raven's wing-colored fake fur coat and a leather-fronted double-breasted cardigan swung by. Life may be hard but who cares when the fashion adrenaline's running high?"
526,"Sonia Rykiel's muse is a sexy businesswoman who knows full well that the guys are checking out her legs, but blithely seals the deal anyway. Of course, that's also Rykiel herself a working woman who doesn't think sex appeal should be left in the bedroom.  Her Fall 2002 collection, with its fluttering bows, narrow black pants and pencil skirts, fluffy fur vests and minis, and sheer knits hit on most of fall's major trends. But Rykiel has been there, done that well before most of the designers who took a bow this week, and she knows how to make the season over in her image. For starters, there's her notoriously skinny cut, shown to advantage in numerous clingy knit tops and dresses, and her typical touch of Forties retro in the coats. And in this season of the knit, those horizontal stripes and ballerina necklines couldn't be anybody but Sonia.  Things did occasionally stray off course especially some droopy tweeds, an interlude of acid green and a surfeit of kimono-sleeved fur coats. But when Rykiel closed the show with an eye-popping gang of models, all in brightly colored off-the-shoulder sweaters and droopy-brimmed hippie hats, it was clear that she still knows how to work a room."
527,"Ruffo Research is a kind of nursery project for new fashion talent. Each year, an independent design company is selected to do two guest collections, enjoying the benefits of Ruffo's extraordinary expertise in producing leather. This fall is the second and final season for Alexandre Matthieu, the French partnership of Alexandre Morgado and Matthieu Bureau.  The design duo's signature is a young Parisian version of feminine street-chic, a vision they expressed via seamed corset tops and dresses shown over sweatshirts, and coats and pants decorated with geometric-patterned overstitching. The opportunity to experiment with Ruffo's leather techniques produced distressed chestnut leather jackets, a long cable-stitch cardigan knitted from leather yarn, and what looked like white-painted crackled surfaces on bombers decorated with sliced fringing. The standouts were the gold leather biker coat and satchels, one of which was also gold, reminiscent of army surplus bags.  Alexandre Matthieu's relatively quiet shows came after a succession of edgier Ruffo guest designers: Véronique Branquinho, Raf Simons, A.F. Vandevorst and Sophia Kokosalaki. Speculation on who's been headhunted for 2003 will be settled by a formal announcement in April."
528,"Cacharel is the perky mademoiselle of French fashion, with roots in the Seventies ready-to-wear revolution that made snappy style affordable and available for the fillies in the street. Suzanne Clements and Inacio Ribeiro, enthusiastic believers in upholding Cacharel's value-for-money tradition, are happy to play with the pretty prints and neat separates that made the house's reputation.   For fall, they called on Celia Birtwell, the printmaker who worked with (and was married to) designer Ossie Clark in the Seventies, to create some designs for Cacharel. And from her front-row seat at the show, Birtwell watched her handiwork go by: hand-drawn leaves, flowers and cameo doodles ornamented high-waisted Ossie-like fluted dresses, silky skirts, trenches and blouses. Those were interspersed with jeans, glazed cotton bombers and little sixties-style velvet double-breasted suits trimmed with denim. Afterward, Birtwell said she thought the prints ""looked rather good."" Clements, for her part, said working in an Ossie Clark aesthetic was a dream come true. ""When I was seven, I saw Ossie in Camden market and asked him for a job,"" she said. ""He was wearing a yellow cape covered in bells and carrying a King Charles spaniel. If I'd been old enough, I'd have been a total Ossie girl."""
529,"Bruce sailed into Fall with a nautical-themed show that deftly displayed the draping and construction talents of designers Daphne Gutierrez and Nicole Noselli. This Shiseido-sponsored collection, the team's tenth, featured 15 looks that each emphasized what Gutierrez described as ""the freedom and lightness of the fabric.""  Bruce's theme was evoked with details like cording, ""sail"" belts and knot-like draping. Sex appeal was in ample supply thanks to pieces like the fine net top worn, with a black tank dress, by Caroline Ribeiro. Highlights included the black pocket pants modeled by Delfine a trimmer, refined take on slouchy hip-hop trousers. The pairing of floaty draped pieces with more substantial, almost sporty separates such as tab jeans and a car coat kept things on an even keel, with only the voluminous, multi-cowl blouses ever threatening the balance. Jody Busby's single earrings dangling chunks of stone wrapped with thread-thin wire added some sparkle to the somberly colored clothes, which were all rendered in a muted palette of black, smoke, taupe and teal.  This was a collection for confident sophisticates, exuding an ease and fluidity that have been finely honed over the last few seasons."
530,"In an effort, perhaps, to escape forever being known as the designer of Björk's Oscars swan dress, Macedonian-born, London-based designer Marjan Pejoski fled the scene of the crime, as it were, and staged his Fall 2002 collection in Paris.  While Pejoski's beaded re-creation of Indian erotica recalled the designer's Spring 2001 collection (which featured Disney cartoon characters in pornographic poses), this show was rated PG. Suede anklets and boots gave a Peter Pan feel to coats and dresses that bloomed with embroidered foliage, flowers and butterfly wings. Pejoski's signature beadwork added some flash throughout, while patchwork jackets looked like they had been crafted by a savage child with a natural gift for needlework. The collection was strongest when it combined whimsy with discipline, as in the navy man-sized, sleeveless jacket embroidered with water lilies.  Though Pejoski's collection was very much attuned to London's current Lord of the Rings fixation, it nonetheless marked a development in the designer's career, showing that he could deliver a signature collection without gimmicks."
531,"In her second season as Chloé design head, Phoebe Philo hit a lanky, confident stride. For Fall 2002, she gave sexy vitality to leg-lengthening pants, curvy jackets, chiffon tops and refined Sergeant Pepper style military coats, while never laying the retro/vintage theme on too thick.  Philo did velvet flares, gray-washed jeans with military buttonhole details, and an easy, slouchy man's pant. She even cut schoolboy shorts in a low-slung way that avoided any association with cutesy hot pants. And, in the teeth of competition from pretty much every designer around, she turned out the best biker pants in town. Done in worn-looking gray-brown leather and cropped just below the knee, they were shown with the spindliest stiletto-heeled pumps the killer kicker. For the top half, Philo turned her attention to jackets and coats with something special about them, and brought new energy to Chloé s long-held reputation for chiffon pieces. Her black military tailcoats and jackets with flowered appliqu's and Indian embroideries channeled a boho-60's eclecticism without looking like dusty fleamarket finds. For evening, she added sparkle by running silver bugle beads in strips or streamers from the shoulders of layered chiffon tops and tunics in patterns inspired by Leon Bakst.  In short: top marks to Philo for staying true to her young Brit-girl instincts, while respecting and living up to Parisian standards of design."
532,"Antonio Berardi is a young designer with a British-Italian background and Central Saint Martins College of Art & Design credentials. After briefly showing as a recent graduate in the late Nineties, he vanished from the London fashion scene only to reappear in Milan. No wonder the Italians embraced his hybrid sensibility: he loves girls in eveningwear dressed to the max and never holds back.  Berardi's southern Italian roots show in his affinity for decoration, and his London upbringing in his taste for tougher, punk-influenced styling. For Fall 2002, he used patterned leather made to look like fabric, in swing-skirted dresses with corseted torsos emphasized with multiple studded belts. Berardi revved up white tailoring and black jersey with bondage straps bristling with silver hardware, and wasn't afraid to send out a pant suit in bubble-gum pink lace and leather. With his asymmetric chiffon dresses and loudly patterned lace-and-bead-encrusted boots, the designer's bravado performance was very much in the vein of John Galliano's work at Dior. For next season, he has signed a deal with Gibo which offers him the chance to develop a more personal signature."
533,"Diane von Furstenberg's show has become the unofficial opening ceremony of fashion week, where socialites and industry types gather at the designer's headquarters for a high-powered Sunday-night happening. The front row this year included Susan Sarandon chatting with Ellen Barkin and tycoon husband Ron Perelman, Marisa Berenson, Cheryl Tiegs, and Jessica Alba with fianc? Michael Weatherly. Across the room, the Hilton sisters sat next to two of the Miller sisters, in a dazzling display of blonde socialite bonding.  There was plenty of commotion on the runway as well, as von Furstenberg once again pushed her identity past its wrap-dress roots. DVF's theme was ""Crosstown Traffic,"" an homage to the energy and variety of city living. For uptown girls, there were still those pretty chiffon dresses, but roughed up with graffiti or splatter prints and torn edges. Downtown types, meanwhile, might prefer the wide-leg embroidered pants paired with a gold velour T-shirt or a satin baseball jacket.  As she travels in a new direction, von Furstenberg is bound to hit some roadblocks, like this season's odd knee-length harem pants or the Obi-sleeve black-and-green closing number. But von Furstenberg has been making smart, sexy clothes for too long to let the occasional pothole slow her down."
534,"At Louis Vuitton, Marc Jacobs found a way to surprise and delight by turning his attention to the neglected middle ground between the glamorous and the everyday. Using a delicate, almost-there color palette and perfectly calibrated details, Jacobs conjured a sense of filtered 1950's glamour that was never so exaggerated as to become literal.  The elegant and the rumpled were literally fused in the designer's first two outfits, trompe l'oeil dresses that joined silky tops to knee-length alpaca skirts perfectly accessorized with satin Louis heel slingbacks. A throw-it-on attitude toward the ultra-luxe was cultivated throughout, especially via herringbone tweed pencil skirts with washed silk camisoles and casual white rabbit bombers. Jacobs paid attention to the LV monogram by scattering it discreetly over a black silk bomber paired with a sexy tight skirt, or embedding it in the little metallic mesh shoulder bag? this season's quiet, yet undisputed monogram statement.  There was room for pure luxury, too, in crinkled lamé tops or sheared mink skirts banded with silver sequins. But the measure of Jacobs' success in holding back from overstatement was in the way he made the appearance of a deep red cashmere cardigan or the simplicity of a deep rose lipstick suddenly seem like the height of glamour."
535,"Into each life a little eveningwear must fall. The problem is that too often, formal dress fits into one of three categories: boring black, prom-queen redux or dowager-dowdy. Design duo Badgley Mischka are none of the above. They've built a nice business and a hefty celebrity following making elegant formal clothes that satisfy the demands of the Park Avenue charity circuit as well as Hollywood's red-carpet gauntlet.  For Fall, Badgley Mischka did it again. In another of the small showroom shows so popular this season, they presented 44 options for evening, from simple (a black georgette dress ornamented with ribbons and black beads) to super-siren (a scarlet gown with a lace-lined plunging neckline). In a niche used to a piling on of glitz, they mostly showed admirable restraint, relying on body-hugging cuts, sheer fabrics and a few well-placed ruffles to communicate sex appeal. Hip girls will like the ivory and black-lace tiered cocktail dress; hip moms will dig a snappy little ivory ribbon cocktail suit. Halle Berry will snag the ivory velvet gown with red beading."
536,"Few collections designed for real women at accessible prices ever get into the international fashion spotlight, but Emporio Armani does. The label once had the feel of a junior second line, but now the remit of Emporio has broadened to span the everyday lifestyle needs of women across a wide age range.  For Fall 2002, Emporio showed coats for every occasion from tough, fur-edged, black jackets, through roomy macintoshes with asymmetric sporty zippers to more formal, precisely fitted wool princess coats. While a masculine theme incorporated an oversized jacket shown with slouchy wide pants and mannish vests with cutaway racer backs, it was the Emporio advance on the feminine front that came as more of a surprise. High heels a sighting as rare as the unicorn on an Armani runway appeared in an extensive evening section that featured easy-to-wear velvet jackets and skirts, some with paper-bag waistlines and wide-sleeved blouses cut to slide on the body. But when bare dresses with plunging necklines edged in bugle beads ended the show, the audience was in shock: sex is turning up in some very unexpected places this season."
537,"One day, you're just another pair of starving Paris designers with a miniscule business and no name recognition. The next day, Björk the one-woman Medici of avant-garde fashion wears your dress to the Cannes Film Festival and presto! Retailers are beating a path to your garret.  That's essentially what happened to Alexandre Morgado and Matthieu Bureau, the design duo known as Alexandre Matthieu. And while they're not exactly taking business away from Ralph Lauren this was only their fourth formal show the duo is establishing an idiosyncratic, artsy look in the vein of Dries Van Noten and Jean Paul Gaultier.  Fluttery silks and chiffons, some printed with what looked like Icelandic runes, were anchored by tailored pants or long coats. Green leather pieces were inset with white leaves. Of course, there was black, including a great-looking sheer sweater constructed from diagonal bands, but Alexandre Matthieu also brought in a welcome draft of color, including russet, lemon and lavender. Those retailers should drop Björk a thank-you note."
538,"The video walls exploded in a kaleidoscope of color, and Amber Valletta, grown-up and gorgeous, strode onto the runway in a swinging psychedelic print cashmere coat shrugged over a white turtleneck and pants. It was the opening shot in a collection in which Donatella Versace proved herself in supreme control of a powerful new classiness.  Color and sexiness are to be expected even demanded at Versace. But the surprise was how Donatella delivered on that while showcasing outstanding, couture-standard clothes with a five-star wearability rating. ""I wanted to do quality and tradition but with fun,"" said the designer. Versace coats are some of the most gorgeous of the season, impeccably cut and with embroidery, quilting or edgings and inserts of leather expertly deployed to emphasize shape. There was casually luxurious fur, sheared inside and out to look like corduroy. Some of the best looks were the collection's most spare: a neon yellow cashmere tank with black flares and a huge black bag, a candy pink double-face coat paired with a tank and lilac pants, even a restrained, oversized black coat, its buttonholes edged in satin, thrown over a plain black pantsuit. There were great bright micro-flower print dresses and the obligatory slit-up-to-there red-carpet evening gowns. But Donatella's knockout punch was putting glamour, color, excitement and, believe it or not, simplicity into an adult woman's day."
539,"No to excess, no to overdone nudity; no to the obvious and commonplace, no to sensationalism these words are Giorgio Armani's creative response to the realities of life post 9/11.  Armani's vision has always been about melding the utilitarian practicality of menswear with the softening influence of innovative fabric as evidenced in his first sequence of gray herringbone and Prince of Wales jackets shown with fluid pants. The soft-but-strong structure of an Armani jacket is a design landmark, and he emphasized it throughout cutting neatly fitting shapes with slightly pointed shoulders. Bellboy looks, short spencers and strap-fastened jackets were all teamed with voluminous pants, and many outfits were accessorized with the designer's new bags (the best was a large, dark brown leather boxy oblong style with handles). Through over eighty looks, Armani experimented with variations on the trouser theme from harem pants to knickers to pleat-fronted styles. He even pushed the design of the baggiest pants so that they appeared as a kind of skirt caught into stirrups near floor-level.  For evening, Armani sparkled via bugle-beaded bustiers, cutaway sequin dresses over pants and the shining standout a silver beaded jacket with a matching flower in the lapel."
540,"For many at Marc Jacobs' show tonight, it was hard to forget that the last time this gathering took place was September 10. And while some of the outer trappings were the same the star-studded front row included the likes of Anthony Kiedis, Sofia Coppola, and Kirsten Dunst a sense of how things have changed permeated the event. The colorful high spirits of Jacobs' Spring collection have gone, replaced by subdued, achingly beautiful designs that are bound to be among the season's most coveted. This was a delicate, even ethereal collection that made judicious use of Edwardian touches seen in the velvet skirts and sheer black tea gowns and military details like reverse lapels and piping on tailored trousers. The silhouette was long and lean, and most looks were made up of multiple layers a dress over a T-shirt and trousers, with a waistcoat, for example. But Jacobs balanced his fabrics perfectly, ballasting the featherweight chiffons, cashmeres, crinkly lamé and satin with velveteen, crisp cotton, brocade, and cavalry twill. The palette was limited to shades of ivory and khaki, with occasional shots of azure, wine, or crimson mostly looks for women, with about a quarter devoted to his growing menswear line. Like a sunny Sunday morning after a long Saturday night, the collection was lovely, if slightly tinged with melancholy. But if the silver-sequined dazzler of a dress that closed the show is any indication, Jacobs is more than ready for all tomorrow's parties."
541,"It's been a long time since models took it as part of their job description to va-va-voom to the end of the runway, throw a pose and come on to the photographers in a ""fabulous me"" kind of way. So long, indeed, that the joy-starved London crowd was seized by a sudden gratitude to Julien Macdonald for putting on a show that included go-for-it girls, glitter, gold and, yes, glam rock.  In a take-no-prisoners collection, Macdonald referenced the '70s heyday of David Bowie and Jerry Hall in flashy embroidered jackets, leopard spots, shaggy fox furs, sexy knickers, jumpsuits and unbuttoned satin vests. Exaggerated Bowie quiffs, big teased hairdos and fuchsia lipstick turned up Macdonald's aesthetic to full volume, a message that will be heard loud and clear by women who also love Versace and Roberto Cavalli.  What's the difference for Macdonald between designing in London and at Givenchy in Paris? ""I can be cheeky and sexy and take risks here,"" he said. ""Paris is bourgeois; in London, it's more fun. I'm swinging back to the old days of David Bowie and Anita Pallenberg, when British celebrity ruled the world. I just wanted to show my respect for London by showing here."""
542,"When Russell Sage put a heap of gleaming coins center-stage at his show as payback to his mortgage-lender sponsors, Britannic Money, the audience had an opportunity to contemplate the deeper symbolism: Can UK fashion stay solvent?  If money was in the spotlight, though, talent and lots of it was also on display. As his first model appeared in a waisted, full-skirted dress made from eighteenth-century golden silk curtain fabric, complete with tassels fringing the hemline, Sage instantly proved the value of British designers' gloom-busting resourcefulness. He followed up with equally spirit-lifting, richly romantic one-of-a-kind pieces fashioned, Scarlett O'Hara-wise, from antique drapes. Sage's silhouettes might be vaguely outlined on 1950s couture volumes, but his crafting of materials, raw edges, arty embroideries and jigsaw-puzzle piecing are strictly 2002. And after mastering the new feeling for gilded fabric, he effortlessly nailed another major trend: brilliant chunky knits. Working with Bidyut Das, a knitwear graduate from the Royal College of Art, Sage sent out a spectacular high-waisted gray wool dress, knitted in graduated stitch to fall to the floor in sculptural waves. Wound along one arm was a huge spiral glass armlet with a $25,000 diamond embedded in it.  Cash-poor but imagination-rich, London designers like Sage still have the optimism (not to mention sponsors like the Diamond Information Centre and Swarovski) to help them face the challenge of staying afloat. ""It's really tough,"" he says. ""But I don't think I could show anywhere else. And remember: McQueen and Chalayan came out of London's last downtime."""
543,"The mob scene at the door of Sophia Kokosalaki's Fall show was reminiscent of Alexander McQueen's last days in London. And this time, the crowd included McQueen himself, struggling through heavies and St. Martin's student gatecrashers to watch the greatest remaining hope of this city go through her paces.  It was certainly the most polished collection London has produced this season, even though Kokosalaki reverted from the gentleness of her Summer show back into the darker sources of her imagination. To the hard-driving, neo-industrial beats of Kraftwerk and Joy Division, she showed a collection based on black, with an intense concentration on the kind of lashed-together collage cutting seen at Balenciaga, Helmut Lang and Hussein Chalayan. Kokosalaki said she had been thinking about ""typography and texture and, without being religious, about the symbolism of crosses and runes."" Which translated into jackets and tops cut away to resemble jigsaw puzzles of fabric, then strung together with spider-web threads across the torso. The skill Kokosalaki refined during her stint at Ruffo Research, meanwhile, was amply evident in her highly desirable signature leather bombers, decorated this season with curlicued embroidery inserts. And her Greek heritage was referenced in pants that were tucked, Cretan peasant style, into flat, black knee boots. This designer knows where she's coming from. The question is, where is she headed next?"
544,"The job of Ungaro designer Giambattista Valli is to translate the richly exotic vision of his mentor, house founder Emanuel Ungaro, onto the ready-to-wear runway. Ungaro himself still designs the house's couture line where he explores his Parisian passion for femininity, luxe and the eclectic riches of the Orient and Africa. Valli's special knack, meanwhile, is for building a bridge between the sensibility of the house's older customer, and a hipper attitude that speaks to today's generation.  In his second collection for the company, Valli filtered Ungaro's north African, Chinese and hippie-deluxe romanticism into street-wearable shearlings inspired by djellabas, delicate printed chiffon floor-length caftan dresses and chinoiserie coats without skipping the all-important edge of embellishment. Where he best reached out to a younger audience though was in a treasure-trove of accessories that cried, ""Hunt me now!"" Stack-heeled, crumple-down suede boots, huge woven leather shoulder bags loaded with swishing fringe, silk rope and tassels, necklaces strung together from chunks of coral, beaten silver hearts slung on raw leather thongs all are up there on the trophy-hunter's list for fall."
545,"Burberry's chief designer is Christopher Bailey, a 30-year-old Brit with an international pedigree that includes a long stint under Tom Ford at Gucci and before that a stop at Donna Karan. That experience has primed him as a brand-conscious team leader, who has already focused the disparate aspects of the Burberry London collection, rethought the house plaid and bumped up the accessories.  It's a different challenge, though, to forge a vision for the Burberry Prorsum label the ""designer"" collection of a house whose reputation was built on a classic raincoat. For his first official show, Bailey took a younger approach than his predecessor, Roberto Menichetti, showing double-breasted coats in modernized slubby tweeds and using a paisley motif that was printed on wool shirts and embroidered or embossed as a pattern on coats and jackets. Bailey also transposed the anatomy of a Burberry mac the belts, buckles, hooks, epaulettes and storm flaps into punky straps and hardware on low-slung skirts, culottes and pants. Though it wasn't enough to trigger a second wave of Burberry fever, the designer did devise a treat for accessory lovers; his huge leather and tweed bags hanging from thick straps looked great."
546,"The artsy, retro wave that swept over many of Milan's collections this week ethnic influences, girlish silhouettes and asymmetrical hemlines seems to have crested with the Strenesse collection. Strenesse designer Gabriele Strehle has always injected a little downtown gallery-owner attitude into her commercially appealing sportswear; but this season it looks like she bought a loft in SoHo, c. 1985, and has Laurie Anderson coming over for dinner.  Strehle showed a mostly black collection heavy with Japanese references such as kimono sleeves, torso-wrapping obi belts, and the rosy-toned print that leavened the monochrome palette, showing up in loose blouses and fluid, knee-length dresses. While there were good-looking pieces with appeal to any serious fashion follower a generously cut black trench and some gleaming, feminine black satin dresses Strehle stuck too close to a bygone albeit important fashion era."
547,"Consuelo Castiglioni is the pied piper of gentle whimsy, drawing an ever-growing crowd of followers along her personal fashion path. Marni's clothes never seem brand new, but come across instead like a haul of pretty vintage things remade and remixed with a na've hand.  For fall, the Marni trip is all about faded multicolored bedspread patchworks, printed silk, chiffon and plaids that have been through the wash and come out soft and crinkled. Innocent cotton smocks, '70s-feel suede patchwork coats, tiny brown suede jackets and capes were mixed up with cropped pants and fragile blouses with trailing asymmetric hems and chiffon scarves. Marni collectors will love the childlike spontaneity of details like the random placing of a bunny-rabbit appliqué, or the fact that some of the clothes are worn inside out with the seams showing. But this collection was hardly the answer to a poor girl's dreams. Castiglione married into a family of furriers, and she hewed to the family tradition by working in unlined mink (worn with the patchworked piecing on the outside), cropped tenuki fur jackets, a feathery striped fox coat, and raw-edged wallaby stoles that tie on with ribbons."
548,"Was it the challenge of scaling the heights of a new fashion career that inspired Hamish Morrow? Shown in the depths of an underground car park, his 16-outfit collection, entitled ""Safety, Security, Suspension,"" referenced climbing as a central theme. Harnesses studded with Swarovski crystal were clipped to pants, and real climbers' rope was lashed around skirts and torsos.  Morrow's aesthetic is in the British intellectual mode, crossing the boundaries between traditional fabrics and hi-tech materials. His skill in experimental pattern engineering was evident in asymmetrical dresses and skirts layered over jersey body pieces, accessorized with bright Nike knee socks and flat sporty shoes. Rounded, enveloping jackets with curved seaming developed the idea of clothes to protect and cocoon the body, while Morrow's free-thinking approach to color juxtaposed conservative gray menswear fabrics, like Prince of Wales and melton, with neon yellow and magenta Gore-Tex. His finale was an outfit knitted entirely of nylon rope.  After four seasons, Morrow has established support from other top-ranking industry talents like Eugene Souleiman, who dressed the girls' hair in textured off-center ponytails, and makeup artist Lucia Peroni, who dabbed splashes of bright paint on their faces and ears. But survival on the London scene is an extreme sport: So far, Hamish Morrow is inching upward without the safety net of financial backing."
549,"Helmut Lang's minimal take on power dressing has become a de facto uniform for the artsy executive set the kind of customers who need to look cool but serious while hopping time zones and board meetings. His Fall collection, done primarily in black and white, is sure to keep them happy.  Lang always cuts a mean jacket, and this season's version has a slightly built-up shoulder and narrower waist, in keeping with the changing silhouette. (He kept the pants long and lean.) Hoods were in plentiful supply, some on his well-known narrow-fitting coats and others on soft, oversized sweaters. Slashed and layered jersey pieces, meanwhile, added a tougher edge to the looks. The best group was a series of intricately twisted takes on fishermen's sweaters, with oversized cables and random slashes, done in black or white chunky wool.  A lot of the collection felt familiar, and there were some odd pieces, like metallic pleated skirts, that might not fly past the occasional gallery opening. But Lang's more straightforward looks will certainly satisfy his loyal following."
550,"The excitement in watching Roland Mouret is the way he walks a fine line between French romanticism and the London gutter. As a Frenchman, he's obsessed with making beautiful fabrics run over a woman's body like a whispered compliment; as a guy who lives in London, he knows a Gallic clich? when he sees one.  Mouret's clothes are for women who can't stand overdressing at night, but still want to turn on the seduction. Which they can do perfectly in a chiffon dress with billowing sleeves, or a dramatically simple neck-to-floor column of black jersey that turns to show a naked back. Newer for Mouret this season is his addition of structured tailoring, like belted jackets with strong shoulders, bouclé pants and a navy trenchcoat with overstitched seaming, all with a faintly '40s air. Even more impressive is the changing backdrop against which Mouret's clothes are shown. What was once an off-schedule date in gritty Bermondsey is now an affair amongst gleaming chandeliers in Christie's. Flattery will get you everywhere."
551,"Donna Karan's new corporate culture may be French her company is now part of the French luxury-goods conglomerate LVMH but her heart belongs to NYC. And her Fall collection, shown to a small audience (including her new boss, LVMH head Bernard Arnault) was a love poem to her hometown. She even named it ""Manhattan Blues.""  New York can be chilly in the winter, and Karan, who loves dramatic outerwear, provided plenty of coats to choose from. The show started with a gorgeous, glistening calf number, continued through a great napa-leather trench, and closed with a cozy ivory cashmere jacquard. Next to the body, meanwhile, the designer likes a soft, silky layer hence her series of sexy, body-skimming skirts and dresses. These were constructed from an elegant patchwork of wool and silk jerseys, satin, georgette and velvet, sometimes all in the same dress. And as if to protect her customers from the city's harder edges, Karan showed cozy oversize cashmere knit pieces made for sinking into. Even her suits there were a few short jackets paired with slim trousers were cut on the bias to make movement easy, and had a bit of soft fringe hanging off the arm.  After the soft and sexy feel of her daywear, the unexpected glitz of some of Karan's evening pieces felt out of sync, especially in some of the odd appliqu's. Overall, though, this was a collection guaranteed to chase the blues away."
552,"Brown paper packages tied up with strings; these are a few of Jean Paul Gaultier's favorite things for fall. His runway was wrapped up in sheeting like a Christo art piece and the models bundled and bound like parcels in transit. Hangers and Stockman dress forms the dummies used for fitting clothes circulated on an overhead track so the girls could take off and put on jackets and coats as they strutted.  Gaultier used the packaging motif to bisect jackets, wrap the torsos in asymmetrically hemmed tunics, and bind legs in leather, as if with packing tape. The joke continued with trompe l'oeil outfits made to look as if the models were half-submerged in mail bags or leopard-spotted women caught up in net, human versions of exotic animals traveling in the luggage hold. Gaultier's life-preserver gilets in puffy nylon or mink, and a tailored jumpsuit under a leather bomber jacket, strung out the in-transit story. The strongest pieces he delivered are in synch with the season's trends: the skinniest green-washed jeans, crumpled at the ankle and long enough to hide the shoe, and his tailcoat, cut as a vest with a bolero jacket on top. But cutting loose from over-themed design would modernize his presentation no end."
553,"Sexy pinstripes may sound like a contradiction in terms, but that's Warren Noronha's contribution to the new interest in tailoring that is taking off in London. In a slick show on a mirrored runway, Noronha struck a blow for the much neglected pantsuit, recutting it without any of the uptight corporate connotations it's attracted over the past decade.  Erin O'Connor set the tone when she strode out wearing a pinstripe bustier with a foulard flounce at the front and matching pants not exactly career dressing, but drop-dead elegant from head to toe. Other versions had jackets, again with bias cutting falling in subtle folds in front. Noronha said he'd persuaded Savile Row tailors to get him the best menswear material to work with. ""I'm trying to make old things fashionable,"" he said. ""You can do anything if you cut it outrageously enough."" Noronha, an ex-assistant of Antonio Berardi, also believes in dresses. For this show, some were also done in pieced pinstripes, with corseted midsections, others in silk draped to fall in dippy asymmetrical hemlines. A kimono theme featuring ultrawide sleeves slightly overwhelmed some pieces but, in all, this was a collection that showed conviction and growing accomplishment."
554,"It's a knit season and individuality has never been such a driving force in fashion. Put those two factors together and Missoni is perfectly poised to win the hearts of eclectic shoppers. Angela Missoni's talent for joining multicolored pattern and modern woman styling is the thread that runs exuberantly through this collection. She knits in references to artistic and folkloric cultures from all over the world Peruvian stripes, a touch of the Tyrol, hints of Morocco and for a historical touch some right-on-trend art nouveau butterfly markings.  Missoni's knack is making this melee of stripes, zigzags, swirls and fringe into appealing urban clothing. There's a vertically striped multicolor ribbed dress suspended on straps and matched with a long scarf, a knit coat patterned like a swirly carpet, a djellaba cardigan with a zip front. Loopy yarn is made into a stole, while wooly South American-style fringing was a new note for one of the season's recurring themes. Pulled together with the soft browns, purples, greens and oranges of the moment and some great bags, Missoni is full of treasures for fashion's individualists to pick through and make their own."
555,"Markus Lupfer's collection, shown in a lofty church in Notting Hill, was inspired by woodland nymphs, fairies and elves part of the Lord of the Rings tendency that is surfacing here and there this season.  Lupfer may have delved into his German romantic imagination for the storybook sources of this show, but what he produces is always done with a light, accessible spin. He mixed browns, dusty pinks and soft, iridescent greens in layerings of antique leather and chiffon that moved his collection out of the ladylike mode he established in the late '90s, and into something hipper. For Fall, his emphasis was on texture and detail: pony-skin jackets, nut-brown leather skirts that showed a kick of black-and-white print in the pleats, delicate lace-printed chiffon dresses over cashmere sweaters. Standouts were his coats, especially a swinging modernized riding coat seamed to curve into the waist and a geometrically pieced brown-and-black felt patchwork overcoat studded with wooden beads. With the addition of tribal-influenced braids and leather and coin jewelry, the result was a boho look Lupfer's Portobello followers will relate to."
556,"Clements Ribeiro's hand-crafty, sweetly eccentric collections have been one of the highlights of the London shows since the mid-90's. But the stakes have now been raised for the young duo, who are showing their own collection in Paris, as well as having taken the creative reins at Cacharel. Like all independent designers they face, not just the pressure to stun people with their originality, but the toughest financial climate in years to boot.  It was a shame, then, to see this show fall several notches short of the creativity benchmark set by Paris thus far. Clements Ribeiro said they'd been inspired by Lord of the Rings , which meant they'd followed the folkloric path already trodden by hordes of designers this season. They did picture-book flower appliqu's sewn on to sweats, track tops, coats and skirts with blanket stitching. They got into pleating in a big way, in print skirts and plisse tops, and worked a new form of appliqué by cutting out raw-edged satin flowers and hand-sewing them to georgette. A small flash of their pioneering talent showed itself in cashmere knits with a version of their signature stripes done in bands of folky pattern. Shoes and boots featuring cut-out leaves of metallic leather were eyecatchingly sexy. Unfortunately, that wasn't enough to suppress the feeling that Paris expects more of them than this."
557,"Kenneth Cole's expanding womenswear business is aimed at the same young fashion lovers who've taken so well to his footwear and accessories well enough, in fact, to make him one of the industry's more successful publicly held companies.  The designer's Fall collection will not disappoint them, ranging as it did from trim pinstripe sweaters and boot-cut velvet jeans to slim jersey dresses and low-slung pencil skirts in tweed, suede, denim and leather. Cole did well with leather as might be expected from a shoe-making veteran showing looks like a glossy brown double-breasted trench and a supple camel suede jacket with red topstitching.  There were a few misfires, such as the tweed cargo knickers that opened the show and the heavy, hip-length Shaker knit tunics. And the short, preachy film titled September 11, 2001 that opened the proceedings could have been dropped. But the clothes, fortunately, were message-free."
558,"Ann Demeulemeester has carved out a separate space in the international design landscape, and populated it with a tribe of her own cool people men and women who look like proud survivors of the apocalypse. It's a dark vision, but goth is too crude a label to slap on Demeulemeester. Her supple, patinated leathers and drapey layers of luxurious fabrics bound with multiple thick belts have a subtle elegance that transcends lumpen adolescent angst.  Like other designers this season, Demeulemeester thought about combat pants, but hers were done in velvet or soft fabric shot with Lurex and tucked into tough, high leather boots wrapped with thongs. Her vests, jackets and floorsweeping coats sprouted savage edges of long-haired shearling on the shoulder or about the neck, like hunting trophies.  If the impression Demeuelemeester's design gives is of a group of cave-dwellers, they're a sophisticated bunch with a taste for the trappings of civilization. At night, they wear delicate ivory sequin-scattered dresses, or make an entrance to a clan gathering in a sheer dress with a hood pulled mysteriously over the face. These may be troubled times, Demeulemeester seems to be saying, but that's no excuse to skimp on style."
559,"In an uncertain climate, some of London's new names are taking the now-or-never leap to the official runway, after several seasons of informal, off-schedule shows. One such is Michelle Lowe-Holder, a Canadian designer specializing in knitwear who made her way onto the London scene via the prestigious fashion school Central Saint Martins.  With sponsorship from London's New Generation scheme, Lowe-Holder put on a show that signaled a change in direction since her last appearance. Her asymmetrical knitwear, in a bubbly sparkle-shot chenille, made for interestingly odd-shaped, almost free-form capes and sweaters. But she also made an effort to move away from London's underground rawness to something more grown-up and chic, with flowing divided skirts in jersey, high-waisted, pleated pants and, most successfully, a full-length hooded bathrobe dress in matte gray sequin.  The strain of moving from low-key presentations to the full glare of the catwalk seemed to have put the designer under pressure to perform in a different character, leaving even some of her followers wondering who the real Michelle Lowe-Holder might be."
560,"Martine Sitbon's stock in trade is her oh-so-Parisian ability to confidently mix disparate elements, producing all those ""How do they do it "" outfits that make women from other cultures pine. At her best, she blends flea market chic, historic references, an urban toughness and a wispy femininity to produce pieces that are distinctive, yet don't overwhelm the wearer.  Sitbon's fall collection, done mostly in black with occasional forays into gray, ivory and lavender tones, contained a lot of those signature looks. There were strong-shouldered jackets nipped at the waist, slim trousers, a silk bomber jacket and some pretty, fluid asymmetrical skirts and dresses. True, there was no shortage of oddball pieces like chopped-off jodhpurs with flaring cuffs or an ivory skirt with a hiked-up hem that seemed tricky and gratuitous. But weary closets could be easily refreshed by a puckered, sheer sweater, or one of the dip-dyed, screen-printed, artsy-girl dresses."
561,"Behnaz Sarafpour's Fall show her first on a runway could literally be described as poetic. Having immersed herself in Byron, Herman Melville, A. E. Housman and Emily Dickinson for inspiration, the designer embroidered lines from each of these poets in gold thread on several of her pieces.  Sarafpour used fabrics that ranged from rich velvets to crisp cotton canvas to light-as-air georgette, and divided her show into daytime and evening looks. Unlike many designers who think their customers undergo a personality change when the sun goes down, Sarafpour's woman starts and ends her day with a sense of easy romance. The varied palette included black, navy, white, pink, plum, gray and lilac, and the silhouette was long but not skintight; Sarafpour's georgette evening dresses skimmed the body like slips. Strong tailoring was also in evidence, exemplified by a snappy blue alpaca trench worn over a black georgette blouse and low-slung velvet pants. Sweet bits of girlishness were added to several looks with streaming ribbons, subtle metal fringe or the odd floral patchwork pocket.  In short, this beautifully edited show (14 looks in all) was brief as a haiku and light as an Elizabethan sonnet."
562,"Brazilian-born Alexandre Herchcovitch followed up his strong Spring show with a walk on the conceptual side for Fall. The predominant silhouette was the voluminous skirt, puffed up with tulle petticoats and possibly inspired by Christian Dior's classic post-war ""New Look."" While Dior's aim was to create attenuated ""femme fleurs,"" Herchcovitch, in contrast, looks to deconstruct traditional conceptions of beauty. He speckled or covered his models' faces with varying degrees of black paint, hung photographs on chains around their necks and substituted sneakers for stilettos.  The step-riddled set was effective for showing the beauty of color and volume in motion (models flashed their fluorescent knee braces climbing up and down), but the self-conscious presentation often overwhelmed the viable sportswear separates slipped in among the more inflated looks. Most notable were the cargo pants, which the designer made his own with the successful addition of quilting and lingerie button detailing, and the well-tailored jackets and denim pieces that were the true stars of Herchcovitch's show-cum-installation."
563,"Christian Lacroix can usually be trusted to whip up a kaleidoscopic color-storm for his ready-to-wear collections, but for fall he held back and delivered a muted collection full of black, bordeaux and bois de rose pink.  Judging from the German cabaret music on the soundtrack, the designer's focus seems to have shifted from the sunny south to the faded decadence of northern Europe. Always a romantic though, Lacroix cut a recurring silhouette with a full skirt and a tiny jacket whether a bolero or biker style on top. He showed his taste for complex textures, embellishment and print in a slew of lace, devore velvet, ruching and patchwork, all done with an antiqued, slightly distressed look.  The best moments of the collection were the delicate pinks, the pretty sparkling tulle fairy dresses and the canvas arts-and-crafts painting and embroidery on the outside of a fur-lined coat and jacket."
564,"In her skinny, skinny satin pants, vicious pointy ankle-strapped heels, tousled hair and falling-off-the-shoulder tops, the Gucci rock-chick is here stomping on stage for her come-back gig. And why not? When Tom Ford cut his smash-hits for Gucci in the mid-90s, they were for a woman with a fearlessly rockin' attitude and a taste for dangerous luxe. Now she's back with an even bigger, richer lineup of killer clothes to flaunt.  Ford lavishes the luxury in new larger volumes that run from a chunky black knit with fur embedded in the seams to zigzag jacquard kimono jackets pulled in with obi belts, and a black satin blouson jacket worn with a sexy, tight pencil skirt. There are lean pants cut with a natural waist and so long they crumple at the ankle, or leg-lengthening flares that flow over the foot. The outerwear pieces, like big raincoats and oversize ""boyfriend"" jackets, get a touch of glam with satin trim.  Ford lists his sources as the Hollywood of the '20s and '30s, a touch of Goth and an antique kimono collected on a trip to Japan, but his own obsession comes through in the intense details. ""This is the most worked collection I've ever done at Gucci,"" he said. ""Women are only buying amazing items now. No one's buying anything basic."""
565,"For Fall 2002, Carolina Herrera did what jazz musicians do all the time: Take a standard and breathe new life into it. In her own riff on a series of classics, Herrera turned out a luxurious, perfectly balanced show that could easily have been titled ""Lush Life.""  Herrera's concise collection, shown to a small audience in her showroom, was built around menswear fabrics and tailoring, reworked to very feminine proportions and in a restrained palette of black, ivory, gold and gray. Crisply tailored, wide-leg pants showed up either as part of a suit the jackets with a hint of built-up shoulder, the button-front vests worn as a top or with sexy, silky shirts. There were glimpses of well-bred glitz throughout. A restrained gold-lamé fabric, for instance, was made day-wearable in a narrow coat or the aforementioned trousers, while some of the jackets got a whirl of gold beading on the shoulders. Plush leopard-stenciled lamb showed up in a simple belted coat, and as a jacket over a satin skirt.  For evening, Herrera sent out a series of slinky black dresses, each set off by one eye-catching detail: a flash of red lining, a cascade of ruffles or a deep plunge neckline."
566,"In the world of Roberto Cavalli, nothing succeeds like excess. The highest heels! The super-est supermodels! More, more, more! The sight of Cindy Crawford and Eva Herzigova throwing curves in tight dresses, pencil-skirted suits and knock-your-eye-out prints brings back the good old eighties Italian-style.   Cavalli's ideal woman is a rock-star's wife, and it's no coincidence that his growing cult following is music business people and good-time girls everywhere who dream of a piece of the arm-candy action. Each show is like the next installment in a so-bad-it's-good soap opera, and this fall we see our heroine in possession of the keys to her first French chateau. Now she's a lady and her idea of dressing the part means slipping into a scarf-print dress or a trompe l'oeil satin blouse with a few fabulous estate jewels printed on the front. For polite cocktails, her little black dress is seamed to outline her very personal assets. Inspired by the neat old brocades in her new home, she's had some cool jeans and jackets made in the same fabric. And for those post-gig parties, she'll knock the competition dead in a brown patent leather vixen suit or maybe that white fur floor-trailing parka with the snakeskin pants. Whatever, the girl's arrived."
567,"As a recording of the day's news from a German TV station played in the background, Bernhard Willhelm's show gave viewers a strange sensation something akin to watching a child psychology session in progress. Willhelm's subjects have reached the brink of adolescence, don't know whether to retreat into the safety of childhood or confront the scary outside world, and look like they might have made their clothes in an art-therapy group.  The healing began with girls walking out in dresses and skirts made from what looked like dinosaur-appliqued nursery curtains or bedspreads, their faces daubed with face-paint. For the next stage of treatment, the kids had been encouraged to do all sorts of things with sweatshirts and shell suits like embroidering them with AC/DC slogans, trees, angels and dog-skeletons, and somehow throwing in their mothers' Herm's scarf print symbols. (They had also decided to sport their pencils, paintbrushes and rulers around their necks as jewelry.) At mealtime, they were out to lunch in a Ronald McDonald-meets-the-Simpsons clownish world of brash polka dots and harlequin patterns. It's easy to laugh, but Bernhard Willhelm touches a nerve. He's a designer acutely sensitized to the weirdness and stress of being young in the contemporary world and many fashion followers of his generation understand exactly what he's saying."
568,"Hello, cowgirl in the sand. Or, in this case, the Alps. Domenico Dolce and Stefano Gabbana went north for inspiration for their Fall D&G secondary line and came back with a Tyrolean-themed collection just the thing for a sexy, young Heidi with a great figure and a good sense of humor.  Shown against a backdrop that included two plastic cows, a milking stool and a bucket, D&G sent out gossamer peasant blouses, embroidered or eyelet-trimmed and paired with super-low-rise tight jeans, loose cargo pants or pleated micro-minis. Sheer chiffon dresses and blouses were worn over brightly-colored bras not strictly Alpine, but certainly fun. Those mountain breezes can get chilly, though, so there were plenty of close-fitting Tyrolean jackets and vests, a granny-square stole, and generously cut sweater coats and scarves to keep warm. Should Heidi head into the big city for a date, she could choose a figure-hugging cowl-neck sweater dress or a plaid bustier with wool pants. And given the high proportion of men's looks that came down the runway, D&G clearly has a mate in mind for their modern cowgirl."
569,"Benjamin Cho knows how to edit: His short, quiet show, held in the Japan Society's auditorium, contained a mere 16 looks. The collection was sponsored by Shiseido, which has been backing promising new designers as a way to get their message into the mainstream.  Cho is possessed of both technical skills and a sense of humor a happy combination. His first look was a lightweight black knife-pleated jacket worn over skinny black pants whose white lacings started at a pair of Converse high-tops and ran all the way up the leg. This was followed by a lovely black jacket with a graceful cascading ruffle at the waist. The designer's side-lacing pieces had some S&M charm, and there were clever dresses with circular inserts of gathered contrasting fabric, as well as pretty ruched tops. But ruching and lacing aren't exactly new ideas, and even with severe editing the looks got repetitive."
570,"A few days before his show, Narciso Rodriguez said that he had taken inspiration from the work of legendary designer Cristobal Balenciaga, who combined masterful tailoring with simple but elegant designs. And in the superb collection he showed tonight, Rodriguez demonstrated his ability to bring those elements to a modern wardrobe.  Rodriguez kept the silhouette long and lean, contouring dresses and shirts to the body with clinging inset bodices and introducing an elongated tunic top. A minimalist by nature, his palette was white, black, cream, gray and gold, although there were how shocking! two blush-pink dresses. Boxy jackets with slightly rounded shoulders hung just to the waist of slightly flared, tailored trousers or knee-length pencil skirts; silky, fluid blouses wrapped loosely in front. Even Rodriguez's fur was restrained: He showed inky sheared mink pieces a short jacket, a tunic, a narrow coat that looked at first glance like particularly plush velvet.  For evening Rodriguez raised the glamour quotient a hair by simply adding a whiff of beading to a satin shirt, or offering a heavy gold pencil skirt. And as if that weren't enough, he sent out a group of satin glamour dresses, each with its own version of a ruffle at the back. Restrained, refreshing and quite beautiful."
571,"A search for security? A return to a safer time? A meeting at the Junior League? Alice Roi's Fall collection suggested all of these things and more.  Roi's inspiration was ""the days of the debutantes"" although she clearly wasn't thinking about gin-swilling Jazz Age nymphets; hers are a more sedate group who wear Ferragamo flats and buy investment clothes. Even when showing edgier ideas, Roi has always been a strong tailor, and this collection's simple lines showed off her skill. Palazzo pants hung perfectly off the models' hips, an ankle-length ivory velvet coat had just the right flare and a wool jersey dress skimmed the body without a hitch.  The clothes did occasionally get a little too serious. A straightforward red cashmere knit dress would need to be worn with a lot of attitude or by someone under 25 to avoid coming off as starchy, and some of the velvet pieces sat rather heavily. Roi's wit shone through, though, in the fuzzy ivory fisherman's knits: a shrunken hoody cardigan with poet sleeves, a halter dress, a sleeveless top. And the glitzy red-and-gold brocade pants worn with a skintight ivory top and red cashmere tank? Just the thing to bring out the bad girl trapped inside every well-behaved deb."
572,"Tom Ford is very, very good at being wicked. The designer was in an adult-erotic frame of mind at Yves Saint Laurent, taking potential clich's such as black satin ribbon, taffeta, velvet, chantilly lace and fur and applying them in an offhand way to extravagant, body-emphasizing pieces that often looked as if they might fall off at the slightest pull of a bow. What, after all, could be more provocative than a woman wearing expensive clothes that look as if they were made to be undone by a lover?  The silhouette was an elaboration of the one he'd set at Gucci: a generous top and the tightest, rumpled, to-the-knee skirt, skinny pants, or the season's first genuinely chic knickers done in black velvet. This time he worked the volume into blouses and jackets with dropped shoulders and billowing eiighteenth-century sleeves a device he used most gorgeously in a dark blue velvet coat with huge puffs, lace and mink embellishing the cuff. The show was full of amazingly detailed, sexily cut suits, fabulous coats and sweeping evening gowns delicately inserted with lace.  Ford did many riveting things with ribbons and bows. They recurred holding together the seams of a skirt, in a quilting pattern on a suede biker jacket, or as whole skirt made of strips of Chantilly lace. Best of all was a midnight blue velvet suit with a jacket slashed in the back, closed with a row of bows in black satin. It just may have been the most provocative look of the entire season."
573,"Unlike some of the designers she's often grouped with, Katayone Adeli doesn't attack the latest trends with a sledgehammer; she checks in with the current mood and then goes off and quietly puts her own idiosyncratic slant on it. That's what has made her a star to the hip young women who stock up on her ever-popular pants and ultra-feminine dresses.  Adeli's Fall collection was true to form. The tiny, casual presentation she did at the last minute let editors see the clothes up close all the better to admire the intricate passementerie on a fitted black wool jacket, the delicate smocking on a brown velvet top and the whimsy of a chunky, grandma-made-it sweater coat. While Adeli tends to think in terms of items rather than collections, she did work in a few tailored jackets that, paired with those low-slung trousers, would make a top-to-toe outfit for a major occasion. But this season's star is likely to be Adeli's take on that '70s classic, the army-green parka, which she sweetened with a sepia-toned wallpaper-print lining."
574,"Casting away all but one of his usual theatrical props, Alexander McQueen proved to Paris that his design can stand on its own dramatically erotic strengths. Showing in the shadowy medieval vaulted hall of the Conciergerie, McQueen couldn't resist a lone, macabre trick a vista of a pack of caged wolves, and the opening image of a lone figure clad in a purple leather cape leading a pair of dogs (who looked more scared than scary). But that was just for old times' sake. When his models stalked out in brown tweed, tailored to within an inch of their lives, and strapped into variations on brown leather braces, it was clear McQueen was concentrating on clothes and not theatrics.  His vixenish women had tiny-waisted silhouettes done with amazing attention to cut and detail. Milkmaid necklines far from innocent-were pushed up by leather bodices that curved down into the tightest pencil skirts, and finished off with thigh-high leather boots. McQueen moved from that Helmut Newton-esque fantasy to another bad schoolgirls, who mixed lingerie and silver lamé ties and skirts in with their proper blazers and duffels. For a splendid finale, he brought out romantic flouncy skirts, an exaggerated puff sleeved black velvet coat and a skirt made of swags of jet beading. Best of all, he's softened his sometimes severe hand so that the idea of wearing these pieces seems not just possible, but quite appealing.  A trim McQueen took his bow in a bespoke suit made by the Savile Row tailors, Huntsman. It seemed like a coming of age. ""I wanted it to be romantic, beautiful,"" he said. ""Power to the women! I got fit for this and I worked hard for it."""
575,"Since its days costuming those suave, slick guys on Miami Vice , Hugo Boss has specialized in making traditional corporate wear look sexy. The company has gone through several evolutions since then, including adding women's wear to its repertoire, but its Fall collection showed it can still dress the new power generation.  Using body-hugging lines and stretch fabrics that look by turns crisp and fluid, Boss managed to give traditional silhouettes an appealing twist. After starting out with an all-white group (head-to-toe monochrome dressing has emerged as a major trend this season) Boss added all-black and then tones of plum, brown and smoky gray. Jackets were cut close to the body and stopped at the hip or at the top of the leg, and worn over slim or even skintight pants. Bias-cut skirts were paired with gauzy knits or turtlenecks, while lightweight, long-sleeve dresses got a touch of femininity with pin-tucking and scooping necklines.  While the fashion ideas presented weren't exactly new kids on the block, the Boss collection reflects its ultimate customer: confident and irreproachably pulled together."
576,"After a brief excursion across the prairie this Spring, Luella Bartley returned to the city for Fall, with a smart collection aimed at prepsters with a rock 'n' roll edge.  Bartley clearly spent time in study hall; she has the preppy vocabulary down cold, from three-quarter coats with toggle closures to navy poplin pieces with red topstitching. Also on the syllabus were pinstripe shirts, chunky wine-colored sweaters, soft corduroys and lots and lots of denim (including the show opener, a mini-trench worn by Gisele).  Although the collection was entitled ""Some Girls"" (the Rolling Stones were featured on a CD given out to accompany the show), Bartley can clearly be mother's little helper, too. Sweet jersey dresses, a simple navy sweater that buttons up the sleeves or a swinging, boxy black-and-white jacket easily jump the generation gap. And moms with hippie inclinations will definitely want to sneak into their daughters' closets for the superfly fringed belts by Katie Hillier or the nifty white sheepskin jacket.  While some of the '70s references were stretched too far like a poncho made from red leather hearts crocheted together the collection as a whole put a fresh, modern spin on some ever-popular classics."
577,"Like that bubbly blonde in the teen movies who manages to trump the smart alecks with one perfect aper u, Moschino lightened up a somber fashion week with a breezy, pretty collection that left viewers smiling.  Michele Hicks opened the show with a saucy strut, her sexily mussed hair spilling onto a cool black parka and wrap dress. Much of the collection was black, but without being goth-heavy or industrial-serious; instead, flowing fabrics and trim silhouettes kept it feminine and light. Moschino creative director Rossella Jardini acknowledged the house's history by slinging a few of those gold block-letter MOSCHINO belts around the hips on her tailored looks, and by courageously, if not always successfully, mixing bold prints. There were a few overly fussy bloopers, like a droopy safari-styled jumpsuit and a surfeit of miscast ruffles. But for the most part, Jardini like that typecast blonde was clearly having fun."
578,"Veronique Branquinho has a remarkable talent for treading lightly through the season's important trends while never showing a single piece that could be called ""trendy."" Take lamé or collage and contrast fabrics or trompe l'oeil dresses. Or then again, take knit-art, velvet, satin, military, men's wear influences, and all those indescribable nuances of pale, dusted-to-nothing tones of pink, misty grays, oyster and fawn. Branquinho has it all, and still emerges looking like no one but herself.  The gold lamé came muted and antiqued and excused of all vulgarity in a long sleeved peasant dress with a square bib of brocade. The knits included jacquard turtlenecks, patterned like Victorian wallpaper and fluted dresses with full, striped skirts. Branquinho showed khaki bombers sometimes with her signature gathered yoke, and new versions of the coats with the tiny puff in the shoulder line she originated in the late '90s.  Branquinho's approach encompasses both a non-wimpy sense of poetry and real wearability. She cuts a flattering mannish pant, a fabulous tailored velvet jacket and has the kind of stacked narrow-heeled boots that will make absolutely everything in a woman's wardrobe work for fall. She's also got the skill to experiment on classic and even frumpy ideas, tipping them into avant-garde territory. Her versions of Chanel tweed suits, cut narrow and with the edges left frayed, are certain to wield star influence next season."
579,"Fur hasn't been seen on the London runway since the late Princess Margaret was a girl. But this season, it's a growing trend being pursued, unexpectedly, by some of the city's youngest designers. One of these is Rafael Lopez, a Spaniard who passed through Central Saint Martins College of Art and various jobs in Italy before returning to show his own collection here.  Lopez clearly has an appreciation for femininity and a Latin yearning for luxe: Witness his jacket made of strips of sage-colored mink, and coat of patchworked leather, suede and chinchilla. His collection looked best when he used dark-chocolate silk velvet in casual shapes like bomber jackets or low-slung cropped pants that laced at the side of the leg or black velvet for a slouchy sweatshirt and swishy full skirt. Other great show pieces were a sculptural suede bubble skirt and an oversized cardigan. Many of Lopez's evening dresses, pieced and patchworked in Art Deco patterns, were overly influenced by Balenciaga's ""Victorian"" collection but that's far from a rare phenomenon this season. And while the fashion press waits impatiently for young designers to get over Ghesqui're, it's allotting creative credits to those who show sparks of their own individuality. On that count and boosted by the fact that his small Summer collection flew at retail Lopez has officially joined the ""worth watching"" list."
580,"How hot a ticket was Zac Posen's first independent show? Hot enough to get major models to walk the runway, Manolo Blahnik to do the shoes and first daughter Barbara Bush to sit in the front row. Even more impressively, the 21-year-old New Yorker lived up to the hype, delivering a strong, if not terribly commercial, message.  But then Posen is not aiming to be the next Ralph Lauren. His inspiration is '30s fashion the sort of outfits Jean Harlow might have sported at a cocktail party. Pushing that notion of glamour to the extreme, Posen built his collection around dresses, mostly bias-cut with provocative necklines, which declared a fierce devotion to the female form. The designer incorporated '30s design elements like contrasting insets, fitted bodices, fluttering ruffles and fishtail trains, and used movie-star fabrics like satin and crepe, but also worked with cotton, leather and mesh. (While many of the looks were entrance-makers, there were also some quietly wearable pieces, like a blush mesh top and a long, mitred tweed coat.) And in a week of muted, monochrome palettes, Posen's 32 looks were a riot of color: orange, purple, blue and yellow, along with the occasional black and white.  The models, including Karen Elson, Eleonora Bose, Liberty Ross, Teresa Lourenco and the actress Paz de la Huerta, were clearly given a mandate to act up, and they did, vamping for the cameras like seasoned starlets."
581,"Max Azria, the founder and designer of BCBG, is a man who generally keeps a finger firmly on the fashion pulse. The company has been turning out smart takes on sophisticated trends for more than a decade, making loyal customers out of women who love fashion but whose budgets don't stretch to big-ticket designers.  For his Fall collection, Azria seemed to be tuned more to a jungle beat than a style channel. With a few exceptions, every look consisted of layered, crinkled gauze or chiffon dresses, done in tones of brown, black or olive and weighted down with chains or studded leather belts. Asymmetrical hems and necklines were the order of the day, and there was enough shredding on the runway to pique the interest of the SEC.  Highlights included a black wool three-quarter coat with fur trim, some well-cut pinstripe jackets and trousers, and a suede studded skirt. And knowing how much women love options, Azria created a great boot: With parallel zippers at two heights, it goes from ankle- to knee-high in an instant."
582,"The search for escape routes out of the ""peasant"" and ""tribal"" themes of Spring without abandoning the color and energy they brought to the scene is becoming part of the saga of this season's collections. When Sachiko Okada and Aaron Sharif of Blaak took their own particular streetwise diversion off the nomad path, they ended up with a hit.  Adding a tougher edge to hippie eclecticism, Blaak put zippy bomber jackets in overdyed furnishing fabric over layered lace-edged skirts, and used shots of bright orange, turquoise and purple against military greens. And while Mexican references could be seen in a great stripy shoulder bag and the knitted shawls wound around some outfits, the real success of the collection was that it didn't look like a bunch of travelers' souvenirs. That's thanks to the rumpled treatment of washed and worn-in cotton drill and silk, the offhand sexiness of the drapey jersey tanks knotted at the shoulders, and the fact that the models swaggered in their hip-slung skirts and pants in elongated Robert Clergerie flats. No '60s hippie ever dressed like that, nor had that attitude which is exactly what made this collection look so fresh."
583,"Jeremy Scott's New York debut ended fashion week with a jolt of high energy and in a week of monochromatic, subdued tones vivid color. The Missouri-born designer, who came to fame in Paris before relocating to Los Angeles, chose New York to show his largest and most commercially viable collections to date. And while Scott may not be ready for prime time, he certainly entertained a jaded audience.  Scott opened with a series of very mini coats and dresses in amped-up sherbet tones, all infused with his Grace Jones meets Judy Jetson spirit (read: sky-high collars and exaggerated, cartoonish shoulder treatments). While the silhouettes were futuristic, the fabrics were resolutely traditional: wool felt, leather and soft jersey. One coat, a sheared mink wrap shown on an otherwise naked model, was basically a furry fig leaf. And while they were wacky, the clothes were well constructed: The manufacture was overseen by a former employee of the notoriously picky designer James Galanos. Scott's tongue-in-cheek attitude was very apparent, but he's also showing a new maturity as a designer. After the far-out coats, he showed a group of knit dresses that were eminently wearable. But those who lean to the left of fashion center shouldn't worry that Scott, who used to end his shows with a cry of ""Vive l'avant garde!"" has sold out. He ended the presentation with a group of elaborately constructed dresses designed to resemble New York City skyscrapers. If Björk needs something to wear to the Oscars, she need look no further."
584,"Junya Watanabe's audience descended into the perma-gloom of the Salle Wagram, a turn-of-the-century venue off the Champs  lys es. The former music hall proved the perfect setting for Watanabe's elegiac though far from morbid show.  Watanabe's collection was composed almost entirely of dusty-gray '30s-styled dresses in satin, cotton and velvet, often bias cut and/or backless, and always in an artful state of distress. Hems were riddled with holes, as though the gray-lipsticked wearers had walked away from some disaster in their sturdy leather biker boots and crooked, incinerated Edwardian hats. The designer used patchworked textures of black, a minute sprinkle of silver beading on an embroidered dress, and a beautiful layering of black lace to veil a silver lining. Among the drifting horde of dresses were a couple of jackets, ridged with seaming in the technique Watanabe used for denim in his Spring show, and a stellar full-length raincoat full of drama and mystery.  Watanabe, who said after the show that he ""was feeling in the dark,"" may be reacting to the current state of the world. But he's a sensitive soul, more prone to bursts of cheerfulness than angst, and the collection came across as delicate and melancholy rather than doom-laden."
585,"The architect of Milanese designers, Gianfranco Ferré thinks structurally and visualizes his designs around the image of an Amazonian diva. His Fall 2002 collection hit all the signature notes of his career, both in Italy and at Dior in Paris, and bore witness to his lifelong creative obsession with white shirts, the uses of leather, innovative tailoring and Japanese-influenced details.  For day, Ferré's updates looked best in a beige, rough-textured cardigan that wrapped over a white shirt and cinched at the waist with a leather obi, shown with pants, and in a belted, black, fur-lined sweat-jacket with a tight skirt cut with a kick flounce in back. His bias-cut Prince of Wales check pantsuits, meanwhile, showed his fiercely immaculate expertise in tailoring. For evening, Ferré's operatic Italian leanings were indulged in an entrance-making white organza blouse, one sleeve blooming with a cascade of ruffles like an overblown flower. Ferré also addressed the new Fall trend for pushing knitwear into uncharted territory by converting chiffon and taffeta into yarn and knitting them into complex open-stitched evening skirts and gowns."
586,"Unlike the '70s and '80s references that have populated the runways lately, Donatella Versace referenced a more recent decade for Versus in a brightly colored upbeat collection inspired by the '90s and acid house culture. That might seem a bit off the mark even in today's accelerated retro cycle, but never mind. It worked just fine.  Carmen Kass kick-started the show in a sky-blue rabbit fur coat and skintight jeans that stretched down over the shoes. Those jeans, some ruched down the outside seam, others splashed in purple, orange and blue came in cotton velvet and washed cord and showcased Donatella's savvy about what girls really want to wear. She used a hoodie sweatshirt as one of the core pieces layering in cut-off, raw-edged skirts over pants and adding in T-shirts, bomber jackets and fur.  And when mad clashing flower prints on T-shirts got thrown into the mix alongside baby-blue shaggy shearlings and jeans appliqu'd with frayed patches spelling out the word VERSUS, Donatella brought in an optimism and energy that's very welcome right now, no matter what the decade. For evening, the dress code recalled another recognizable zone of Versace's celebratory universe. The black leather corset dresses inset with lace looked like a reworking of Gianni Versace's legendary sex-bomb designs from the heydays of the '90s."
587,"If idle hands are the devil's playground, Karl Lagerfeld is destined for sainthood. There's the Chanel and Fendi jobs, not to mention innumerable collaborations, photo projects, drawings, furniture designs, books, houses OK, he's busy. But never too busy, it seems, to play with some fashion ideas. Which is where Lagerfeld Gallery comes in. Lagerfeld Gallery started out as a group of items shown at his Left Bank art gallery (hence the name), but has since evolved into a true collection.  Lagerfeld is particularly good at taking one or two big ideas and looking at them from all sides. For Fall, he played off two of the season's favorite icons: denim and black dresses. The famously slimmed-down designer clearly wanted to share his rediscovery of all things skinny. At the heart of the collection were skintight blue jeans (created for Lagerfeld by Diesel), boot-cut or as knickers and worn with teetering heels. He paired those with fitted jackets, crisp white shirts or black knit tops perfect dressing for a woman who likes uncomplicated style that still packs a punch. When she's feeling a bit more like playing the sex kitten, Lagerfeld's customer will change into one of his satiny, figure-hugging black dresses or skirts and add a slouchy bag from another of the season's collaborators, accessories designer Matt Murphy. Simple ideas, made new and interesting that's how Karl keeps his fashion wheels rolling."
588,"The 26 looks that Balenciaga designer Nicolas Ghesqui're showed here today at the Gagosian Gallery will be more scrutinized than Enron's balance sheet. That's because Ghesqui're has become one of fashion's magnate designers, able to change the look of a season with one outfit. Moving his Fall show to New York from Paris added a significant jolt to fashion week, increased by the fact that getting one of the 200 tickets was well-nigh impossible.  But well worth the effort. In front of an audience that included both fashion maven Sarah Jessica Parker and Domenico de Sole, president and CEO of Balenciaga parent Gucci Group, Ghesqui're breezed confidently through a collection that was inventive, original and commercially viable. The all-black opening was tough-girl chic: variations on the motorcycle jacket, with exaggerated knit collars and worn with skintight pants or tight, flippy skirts. He showed soft, oversized sweaters and jackets, and a small group of colorful knee-length collage dresses apparently influenced by Cubist paintings. Ghesqui're helped usher in fashion's current love of artisan craft, and the dramatic, shaggy ivory coats that closed the show could double as soft sculpture.  While some designers struggle to express one theme per season, Ghesqui're's dilemma seems to be how to control his bountiful creative flow."
589,"For Fall 2002, Dolce & Gabbana conducted a tour through their fashion heartland, pointing out everything they do best and romancing an idea Stefano Gabbana calls ""rustic glamor.""  For country lovers of the high-heeled-wearing kind, the design duo suggested sexy cords, beautiful handcrafted suede coats, Peruvian ponchos, chunky fur scarves and any number of fabulous outsize shoulder bags made of fringed wool and woven leather. Dolce & Gabbana's signature masculine-feminine three-piece pantsuits looked classic yet freshly relevant, with their sharp tailoring and flattering vests (an item that's shooting up the Fall fashion charts). They also showed hip-slung bootleg or low-rider baggy cords, lingerie tops and a zillion desirable accessories rope belts, long fringed scarves, stacks of gold bangles and bracelets and delicious boots and shoes all corralled from a huge range of countrified textures and fabrics in shades of brown and cream.  Of course, no peasant maid would ever wear a thigh-high flirty skirt with a streetwise brown corduroy jacket bristling with buckled poacher-pockets. Or pick her way through fields in pale suede boots patterned in nail-head studs. But that's the genius of this label total devotion to the cause of gorgeousness whatever terrain fashion happens to be passing through at the time."
590,"Designing duo Richard Bengtsson and Edward Pavlick showed their first women's collection three seasons ago, having won praise and attention for their menswear line. Their haberdashery roots figured large for Fall, with classic silhouettes and simple fabrics contributing to the show's highlights. The low-slung trousers those left devoid of tricky draping effects as well as a few clingy black dresses and a lovely ivory wrap coat showed a talent for polished simplicity. But too many odd ideas, such as oversize cowl sweaters, rope halter dresses and pants with apron attachments, cluttered up their message."
591,"After last season's turn-the-tables collection, where models and editors traded places, Imitation of Christ went to the other extreme for Fall 2002. Set in that bastion of Upper East Side elegance, Sotheby's, the show drew a crowd that included Lou Reed, Jimmy Fallon, Natasha Lyonne, and avant-garde muse Isabella Blow. The audience was given catalogs that detailed the 31 outfits, each named for a piece of contemporary art and written up as if it were going on the block. The actual garments did finally appear, on models who adopted frozen poses on a rotating stage as an auctioneer took bids.  There were some charming pieces on display: lovely Grecian-draped dresses, a fetching skirt that looked as though it were made from an embroidered tablecloth, even a kicky little black lace skirt perfect for IoC fans like Lyonne or Chloé Sevigny. But in an era full of pastiche, handcraft and ethnic references, when IoC should be at the top of its game, the clothes were unfortunately overshadowed by the heavy-handed commentary on Big Issues.  At the end of the show, the lights dimmed and green lasers began playing around the room to the strains of Pink Floyd. When one fashion editor took out his lighter and held it up, in the classic ""Freebird"" gesture, it was hard not to feel as though you were trapped in freshman year of high school."
592,"Vera Wang became a household name putting women into white dresses. But as her all-black fall 2002 collection made clear, she has a sophisticated dark side, too.  Wang's strength has always been in evening wear, and her fall collection was a kind of historical survey of luxurious glamour. There were Victorian touches, including handwork-intensive details like pintucking and beading, high-necked furry capelets, and corset references. The Thirties were referenced via bias-cut silk charmeuse or an occasional flurry of ostrich feather decoration. A fitted, quilted top that Wang called a ""fencing jacket"" paired with a matching mini looked distinctly 60s-era Mod, and one knee-grazing dress sported a shades-of-the-Eighties pouf. There were also plenty of skin-baring separates like a chiffon halter over lacy boot-cut trousers, which were thoroughly up-to-the-minute.  Wang has been on a roll this year, publishing a book about weddings as well as launching her first fragrance in a bid to expand her business. But this collection makes it clear that she's still got a firm grip on her first priority: beautiful clothes for gala-filled lives."
593,"Showing in New York for the first time, Londoner Matthew Williamson presented a collection titled ""Kaleidescape"" that arrived just like a Gypsy caravan might: embellished to the max and bursting with color.  Shocking, tropical hues of rose, peach, yellow and turquoise brightened trenchcoats, minis and pants low-slung and tapered, or wide-waled and bell-bottomed while shredded chiffon skirts were swirling patchworks of pattern and hue. Williamson's talisman this season was the number five (marking the number of years he's been in business), which was patched onto pockets, bags, trenches and military-style jackets. The designer's favorite Eastern motifs, like paisleys and abstract florals, made their way onto the beautiful hand-embroidered coat worn by Alek Wek and the chiffon dresses (really strapless saris) that closed the evening. Less successful were his continuing experiments with activewear, especially this season's Airtex dresses.  Williamson's pretty, if somewhat predictable, show included pieces that should appeal to both his established clientele and to younger (albeit deep-pocketed) customers. It will be interesting to see if he can develop a new audience by winning over typically black-clad New Yorkers."
594,"Stella McCartney has built a reputation on her ability to gauge what women of her generation want to wear. In her second collection under her own name, McCartney, now 30, did an about-face from her jokey, nightclubby presentation for Spring, and set off in a newly sophisticated direction.  The designer sent out gentler layerings of the turn-on pieces she's become known for starting, with satiny, slightly padded parkas featuring raw edges and a tracery of the na've hand-stitched embroidery she's used before. The cool factor was there, but McCartney also unified the whole collection with a subtle color statement soft, elusive tints of oyster, ivory, plaster pink, washed-out grays and mossy faded greens. Her super-narrow gray-ish jeans zipped at the ankle and combined with high-heeled, two-tone pumps with round toes provided the base on which she layered georgette dresses and some great tops. Chunky cable knits and a fashion-freak version of the classic U.S. Air Force aviator jacket looked strong, but not too street. McCartney's takes on tuxedos, high-waisted double-face cashmere coats and long chiffon gowns rounded out a collection in which she drew a line in the sand about who she is, who she's addressing, and where she's going next. The girl has grown up."
595,"Thank you, Miuccia Prada, for reminding us about sex. Tight skirts that show a woman's shape, high crocodile boots, see-through macs, and models that are the antithesis of innocent waifs. All these factored into a collection that sent the fashion world spinning away from its current fixation with hippie peasant clich's.  In a show that was densely layered with references to the history of fashion, Prada cut a strong, curvaceous and erotically charged line to give grown-ups a whole new reason to buy. From the moment Eva Herzigova appeared, silhouetted in a black nylon bomber jacket with fur sleeves and a black, wickedly seamed skirt, it was obvious Prada had her sights set on a new kind of adult sophistication. High-waisted tweed skirts, bomber jackets cut to show the waist, and blouses with stiff puffed sleeves signaled her belief in the power of a new, hard chic. Revisiting structured tailoring which is where she began in the '90s was only one of her ideas. She also worked in duchesse satin, gathered at the neckline to emphasize breasts, Monroe-esque silk sunray pleats, and '30s showgirl lingerie playsuits. Great oversized rubberized raincoats with inside-out seams and a black satin jockey cardigan with knit sleeves also stood out from what was a vast inventory of must-have items.  Prada referenced many of her own past collections, from her bourgeois ladylike phase to her militaristic moments and her love of vintage lingerie. But her achievement was in making something inspiringly new out of confronting a personal taboo. ""I was fed up with people saying I can't do sexy clothes!"" she stated backstage. It was said with a laugh, but the designer has done nothing less than change the fashion agenda overnight."
596,"Betsey Johnson has the three things that most designers struggle for their entire lives: a signature look, a solid business and a legion of devoted customers. All of which allows her to kick back at her fashion shows and concentrate on entertaining the troops and herself. This season, the show was in her workroom, the theme was ""Sisters"" and the cutting table was her runway.  Johnson had 22 of her staff members model the collection; you'll be shocked to discover that she hires a lot of extroverts. Everyone from Jill in PR to Marcy the receptionist to Rebecca the patternmaker worked the runway like pros, shimmying to a bluesy soundtrack and eliciting big smiles from the audience not to mention wolf whistles from the photographers. The clothes helped. There were clingy bias-cut satin ombré dresses, shirred chiffons, flapper-fringe skirts, sheer crocheted tops and an occasional pair of army-green knickers. The palette was relatively subdued; this season, Johnson's big on blues, pinks, peaches, brown and bronze, and fabrics like chiffon, charmeuse and matte jersey.  Johnson's clothes are overtly sexy, with plenty of boudoir influences eyelet, lingerie ribbons, cleavage-enhancing lace and so forth but always with a good-time Mae West spirit. Her sister act, while not for everyone, can be hard to resist."
597,"Peter Som, a Parson's graduate with a degree in art history, interned with Calvin Klein and Michael Kors before accepting a position with Bill Blass. One of the five designers singled out by Vogue as a member of ""generation next"" in their celebration of American fashion, Som's first show was a much anticipated event that did not Som described the collection as ""fiercely feminine,"" and delivered on that promise with a show executed in a palette of navy and black that opened with Alek Wek in a strapped and buckled harness coat. Although the sharp-edged, hardware-embellished theme featured heavily, this confident collection was actually strongest in its softer moments. (It's hard to look at harnesses without thinking of Helmut Lang.)  Pieces like a midnight sheath worn with an embroidered obi, and a wrap skirt with floating ribbon streamers, were both pretty and sharp. Fluid slouch pants, paired with a tank and shearling vest-wrap, and a well-tailored wool smoking suit with innovative sleeve details, showcased the elegance and all-American ease for which Som is becoming known."
598,"Michael Kors opened his Celine show with Caroline Ribeiro walking out in a long camel coat, black silk shirt with a matching fringed silk scarf, and a pair of what he calls ""flight pants."" It signaled the mood of a collection that was about well-cut, understandable sportswear with an international spin aimed at women with a taste for modern classics.  The warm, rugged WWII flying jacket has functioned as an iconic taking-off point for many designers this season. Kors refined it into a beautiful sandblasted shearling patchwork coat and a series of variations on the bomber jacket, and extrapolated the antique leather look into skirts and almost luggage-sized hand-held totes. He also transposed elements of the classic pilot's jumpsuit zippered pockets, military cottons into casual pants and skirts in a soft gray waxed nylon and later into citified broadcloth.  But this was no history-of-aviation theme show. Instead, Kors concentrated on workable wardrobe options like luxe wool denim jeans with a tapering flare, turtlenecks, belted leather jackets and slim ankle-length cardigan coats in cashmere knit. But while fur shrugs and a huge wine-colored fox worn by Carmen Kass added a special touch, something was missing from this well-behaved presentation. Michael Kors is one of the wittiest characters in the fashion universe, and Paris mourns the sense of humor he's applied in happier seasons."
599,"Dries Van Noten visualizes women as a traveling sisterhood who roam the world picking up pieces of local costume as they continue their endless journey from season to season. At a guess, this fall, their long march has taken them to the far reaches of Eastern Europe or thereabouts. Wherever, it's somewhere chilly, because the diaphanous Asian things they wore in summer have turned to heavy ethnic woolens and layers of garments say, a jacket over a skirt over bloomers over thick leggings or massive shawls, embroidered in wool with chunky fringes over swinging coats.  What this creates is an almost pyramidal silhouette that obliterates the body but suggests a kind of ceremonial grandeur. One of Van Noten's signatures is the precious looking highly decorated scarf: this season's versions are embroidered and embellished with sequined patterns, and worn displayed on the front of the body like a religious garment. Elsewhere, the strengths of this collection were in the huge flounced skirts riding low on the hips, and in Van Noten's deft mixing of subtle colors and prints. In short, plenty to please his cult following of cross-cultural fashion nomads."
