review_id,review
6000,"Roberto Rimondi can't be bothered with the fashion PR flimflam. "" Antipatico ,"" is how he described himself before his latest show with partner Tommaso Aquilano. He claimed he's fallen out of love with the fashion world. Perverse, when you consider that the duo's line is one of the most purely ""fashion"" collections in Milan, rich in its detail, challenging in its proportions, jewel-like in its coloring, couturelike in its obsessive polish. But maybe it was his antipatico -ness that steered Rimondi and Aquilano toward Paul Gauguin as an inspiration for their latest outing. Gauguin the nonconformist, the artist who turned his back on success to live on his own tropical island you could see Rimondi misting over at the very idea. And if he couldn't make his own escape, he could at least incorporate the hothouse essence of Gauguin into Aquilano.Rimondi 's equally hothouse world. Clever idea. There were some spectacular tropical prints in A.R's collection. But they had the gothic cast of the prints Miuccia Prada used in her men's show last June. (In case you missed the shadow in the sunlight, Depeche Mode's ""Strangelove"" played out the show.) It seemed only right that a collection that married duchesse satin and neoprene should take such a dark turn. If athleticism was a thread throughout (as it has been everywhere in Milan), Aquilano.Rimondi exaggerated the body beautiful to a lean extreme, cropping tops, stitching pleats, belting everything into a paper-bag silhouette (the ™ber-belted waist always hints at a redefined frame). The designers exploded chaotically onto the catwalk at show's end, clearly not averse to speed themselves."
6001,"Modern, unassuming eveningwear is the niche Juan Carlos Obando has been carefully carving out for himself over the past few years. Recently announced as a 2013 Fashion Fund Finalist (he was also nominated for the award in 2008), Obando said he feels like everything came full circle this season: ""This is a major moment for me. Now my dream isn't just a fantasy anymore."" For Spring, he updated signature silhouettes like glam pajama sets and halter gowns in a variety of graphic prints; polka dots and bold, intersecting stripes complemented the collection's ""North African Night in Madrid"" theme. A new range of bijoux, including brass semicircular earrings and banded choker necklaces, also contributed to the tribal vibe. JCO's customer doesn't like to go unnoticed at a party, and she'll gravitate toward some of the attention-getting standouts here, like a fuchsia silk tie-neck blouse paired with a rippling burgundy satin ball skirt, as well as a lipstick red long-sleeve gown with a keyhole neckline and alluring open back. Obando's sultry yet sophisticated looks enable women to own the night without being owned by their dress."
6002,"After several seasons of experimenting with ideas all over the map, Sachin and Babi Ahluwalia reined it in for Spring and nailed down their message with a new collection that successfully synthesized their signature specialty fabrications with clean silhouettes. The opening series of crisp white cotton pieces, including an easy tunic dress, boxy jacket, and on-trend culottes, were decorated with peekaboo floral motifs created by lattice stitching. Blooms were incorporated throughout the lineup, but they were done in distinctly abstract ways. Blown-up magnolia petals looked graphic embroidered onto cropped T-shirts and full miniskirts, for example, and tweed biker jackets twinkled with tiny sequined florets. Other standouts included a short cap-sleeve shift featuring a bristly leather fringe hem, as well as full midi skirts cut from sheer organza and tulle. The overall effect was whimsical yet utilitarian, and entirely modern."
6003,"Being ahead of the curve can be both a blessing and a curse. Victoria Bartlett, for instance, is a designer who frequently finds herself too far in the vanguard, particularly in terms of her body-centricity and fluency with the aesthetic vocabulary of activewear. Other brands have been incorporating athletic influences lately, but Bartlett can justifiably claim to have got there first: Her debut VPL show, it's worth recalling, featured models exercising at an actual gym. That was in 2004, and today, almost ten years later, Bartlett returned to the gymnasium as she ushered in a new era of VPL. In brief, this presentation marked the end of VPL as a ""fashion"" brand with an athletic signature and the launch of VPL as an activewear brand proper. The look of the label hasn't changed if anything, it was concentrated here but the materials have, with an emphasis on technical fabrics that repel water and wick sweat and ""well-being"" textiles such as seaweed blends. As Bartlett explained backstage today, this evolution of VPL is really less of a categorical shift than it might seem, inasmuch as many women (this writer included) already wear its active pieces out and about, as daywear. ""You see women all the time, running around in their sports bra and their leggings,"" Bartlett said. ""This is how women really do dress. And they want options."" On that point, you could argue that what's been missing in activewear is a strong point of view, precisely the thing Bartlett brings to the table. You could also hypothesize that plenty more brands are going to get into the activewear game, because women wear that stuff, and it sells. Only Victoria Bartlett could stay ahead of the curve by going back to her roots."
6004,"Marcia Patmos' latest collection might make you wish it were summer all over again even if it's unusually muggy for September and you're covered in a fine film of sweat. When else can you wear delightful new bathing suits an M.Patmos first or slip into a slinky knit tennis dress with a touch of stretch? Luckily, as befits a knit aficionado, Patmos included plenty of transition pieces in this season's wardrobe, so with a little layering, you can take advantage of the collection's understated charm as soon as items are in stores. Meticulously styled seaside films like The Talented Mr. Ripley and L'Avventura inspired the palette whites, khakis, and chambray blue and prompted Patmos to play around with the mariner stripe. Hers came color-blocked a blue and white striped cashmere tee had a wide, lawn green cuff and, on a pair of slouchy pants, vertical. The idea was tweaked just enough to feel fresh. In addition to the actual swimwear, some of the separates had a surf school vibe. A reversible stretch viscose tank would make a chic rash guard, and a long, space-dyed muscle tee was sporty and soft the ultimate cover-up. Should you ever leave the beach, lean, powder blue pants with a leather waistband and a matching, stripped-down blazer provided a bit of structure. And for those days with unpredictable weather, a sleeveless trench in double-faced Italian cotton was pretty much perfect. Now all you have to do is wait."
6005,"Katie Gallagher showed a spare, twenty-look collection for Spring. The palette consisted of three hues pale pink, white, and black and was made up of simple, sportswear-driven silhouettes. Inspired by the German industrial band Einst™rzende Neubauten's song ""Blume,"" about a woman trying on different identities in the guise of flowers, each look was named after one: Chrysanthemum, Peony, Marigold all the way down the spectrum to Black Dahlia. There were hand-sewn blooms accenting a few of the looks they were raw and beautifully messy on the hem of a sheer, pale skirt but there was nothing particularly floral about the pieces' shapes. Instead, Gallagher, a runner, said she'd injected a little bit more sport into the clothes. Swimwear was mixed in throughout, and the collection featured Gallagher's first ever menswear-inspired piece, a lightweight bomber jacket that looked like something you'd throw on for your cooldown lap. Nothing much stood out, but that may have been intentional. These are pieces to add to and build on individual blossoms as opposed to centerpieces."
6006,"Woe betide the woman who plans to wear a bra this spring. Topshop Unique wasn't the first show this season to assert that the back is the erogenous zone du jour, but the theme was drilled home with particular emphasis here. The Topshop runway featured acres of naked back, with particular repetition of nineties-ish spaghetti-strap sundresses that dove low, low, low down the spine. Elsewhere, the nineties theme played out in a few other ways, such as the big low-slung jeans with a raw look and a gigantic cuff, and the prevalent suede and gaudy print, both of which evoked the seventies as they were reinterpreted two decades later. Fashion is a hall of mirrors, indeed. Beyond that, it was difficult to detect coherence in this collection: some mirror embellishment, a little raw-edged take on the classic Chanel bouclé suit with slouchy shorts, a soupon of the crafty, courtesy of batik prints and hand-knits. That's an incomplete summary of the ideas thrown into the mix, but you get the gist. Eclectic may have been the point, but it didn't add up to a strong statement. In the end, what stuck with you was the image of Jourdan Dunn in a long blue bias-cut slipdress as she walked away, revealing the world's most perfectly engineered, enviably braless back. It's going to be a long summer, girls with tits."
6007,"We wanted to celebrate all the happy and beautiful things in life. So asserted Susanne Ostwald, when asked about the inspiration for this season's Ostwald Helgason collection. Now, Ostwald Helgason is a cheerful brand, to be sure, but celebrating the happy and the beautiful? Surely that's a bit much. In these designers' capable hands, though, it wasn't. The theme wasn't treated sardonically, but the execution was sly. According to Ostwald, she and partner Ingvar Helgason riffed on the work of Sean O'Malley, an artist so obscure Google has no record of him. Maybe the designers made him up, in which case their creation is a seventies-era Dadaist who used toys in his art and was a major hidden influence on Jeff Koons. (Or who knows  maybe it's all true.) At any rate, a motif that looked quite a bit like a Koons balloon sculpture showed up as a pattern on jacquard, as well as on a semi-risqué T-shirt appliqué. Elsewhere, Ostwald and Helgason elaborated on that motif by developing fabrics for their pleated skirts that were woven to resemble the skin of a balloon blown up taut; the effect was kind of like a textural dégradé, and the pieces were very cool.  The remainder of the collection, meanwhile, advanced Ostwald Helgason's trademarks the bold florals, the trim tailoring, the sporty elements, the stripes. There was enough development in all those areas, and enough pop in the pieces themselves, that the consistency didn't read as boring. And you'd really have to be a Grinch to be bored of fun, wouldn't you? One wonders what Sean O'Malley would say to that."
6008,"Issa is still in between creative directors. Blue Farrier, formerly of Chloé and Stella McCartney, will make her big reveal for pre-fall. The mandate for the label's in-house design team this season was simply to stay the ship. The good news is that they expanded the repertoire a bit, but think baby steps rather than bold leaps.  Ancient Egypt was Spring's starting point, and it came through in the Eye of Horus, an ancient Egyptian symbol of protection. The eye print turned up on a long caftan as well as on a ribbed jacquard skater dress, which, believe it or not, is the brand's top seller, even over the Kate Middleton engagement frock. A jeweled neckline that mimicked the headdresses of the pharaohs channeled Ramses and Nefertiti in The Ten Commandments , while scarab, sphinx, and snake prints carried the theme through. Peridot, coral, lapis, and garnet, plus gold Lurex threading that worked particularly well on a series of dresses, were everywhere. In that sense, it was classic Issa: a riot of joyous colors.  Where the collection advanced was in a simple lace shift dress in a fascinatingly sturdy waxed thread, and a series of appealing looks in cotton piqué. A new wrap blouse is likely to appeal to fans, as will an uncomplicated shorts and top set that screamed for a sunny destination and a mai tai. The Issa client remains a sun-seeking socialite, traveling to the brightest of international hot spots. This was a safe collection with a few new bells and whistles to keep it interesting. We'll have to wait for Farrier's debut to see if the Issa girl becomes more than just a one-dimensional hedonist."
6009,"Isabel Marant is about to get the H&M treatment, following in the footsteps of labels like, most recently, Maison Martin Margiela and, going back a few more years, Stella McCartney and Karl Lagerfeld. Not bad company. Marant's new collection for the fast-fashion giant is launching in November following a big Paris bash. Maybe that's why this collection found the designer reengaging with the tough-yet-romantic trope that first started her down the road to mega-success. As she reminded us backstage, ""It's the contrast of two ideas that I'm always trying to work with."" The first look out put that statement into motion, with its strong-shouldered black jacket counterpointing a not-much-longer lacy white slip of a dress. In other instances, Marant paired her frothy white tops (like designers elsewhere, she's embraced the ruffle) with black leather. Side-laced leather pants looked edgier than usual for her. But for every step she took toward the dark side, Marant took another into the light. Painterly blooms on frilly chiffon looked positively sweet. Then, again, by the end of the collection she was back into the grommets and sequins. Grommets covered the season's new shoe, a suede Mary Jane/bootie hybrid that didn't quite work. The collection's lasting impression was of a baby pink ruched and ruffled jacket paired with sexy white eyelet jeans. Sweet, but with a serious bite that's the essence of Isabel for Spring."
6010,"What are we going to do about Olympia Le-Tan ? Her accessories are noncontroversially amazing. Her sensibility is wholly unique, full of kitschy charm. Le-Tan is no dummy, and as this collection reaffirmed, she can cut the hell out of a pair of trousers or a coat. We want designers who make Pepto-pink prints with illustrations of the Joseph Conrad novel Lord Jim . Le-Tan is enjoying herself, plainly, and that's a good thing for fashion. But this sailor-themed collection couldn't help but give you the feminist spins. There is just something a little unsettling about the way Le-Tan fuses cutesiness and kinkiness the na«ve illustrations of sailors and the exaggerated rope embellishment on the one hand; the rubber body shapers on the other. It's all very knowing and presented with a big stage wink, but Le-Tan isn't offering a critique, and this season her sexy-baby thing really did have the unfortunate effect of distracting from the merits of the collection as a whole. And there were a lot of compelling looks here, like a short trenchcoat in that Lord Jim print, or a matched crop top and pair of short shorts in a rope print Le-Tan could have used more. The high-necked print blouses could easily translate beyond the Le-Tan cult, and her lace-up, hand-embroidered belts were a strong new addition to the accessories range. The collection was very, very likeable, in short. Still, it left you with qualms."
6011,"Lisa Perry 's Spring starting point was tennis. For her presentation, the designer transformed the grounds of her Upper East Side boutique into an Astroturf court, chalk lines and all. The clothes she sent out reflected that theme, although not in a way that could be expected from Perry, whose standby Courrges-inspired shapes were few and far between. ""It's very different,"" Perry said of the all-white collection. Gone were the typical A-line silhouettes. Instead, she did a lot of long dresses. The most classic styles, in silk crepe or a tennis-appropriate cotton piqué, were sexy and easy to imagine on her clients. The others which featured all different sorts of asymmetrical hems were inventive, but somewhat confusing. Even if Perry wants to ""mix things up,"" she must also consider what her customer wants to wear. And pulling off a long cotton-silk dress with three large cutout circles vertically dotting the torso (circles are a Perry motif) is no easy feat. No matter how thin or model-esque one's figure may be, seeing a belly button poke out of a big circle in such a way just isn't flattering. But all was not lost. On the minidress front, Perry was at the top of her game. A deep V-neck frock with inverted side pleats was cute and cool, as was a silk crepe halter with an open back. The swimsuit, paired with a silk-cotton skort, really did look worthy of the court. Or lunch courtside. To be sure, more commercial options in rich colors and best-selling silhouettes will be available to buyers. If this latest effort was less than perfect, you have to hand it to Perry: She's pushing herself. And that's ace."
6012,"Lela Rose took a trip to Copenhagen last summer and developed a style crush on Danish architect and designer Arne Jacobsen. Despite his designs being over half a century old, pieces like the iconic Egg and Swan chairs are still holding their own, and Rose was impressed by how modern and relevant they felt. Egg and Swan are all about clean, undulating curves, so Rose brought those lines to her clothes. She played with the idea of filling in the negative space they created with contrasting textures and materials, like the wood-grain lace insets on a simple white sheath that turned it into a dress with graphic oomph. The silhouette didn't strictly undulate. A silk skirt and matching top in a radiant pink floral print had plenty of volume and swing, and a pair of angular, semi-boxy crop tops looked great over slim, printed pencil skirts. The palette was a highlight: There were none of those sad, murky colors you associate with Viking country, but some great icy blues with pops of citrine, lilac, and orange. Some of these clothes will withstand the Jacobsen test better than others the block pattern on a fil coupé dress made it look bulky, despite the nipped waist and feminine skirt but none of them were intended to reinvent the wheel, design-wise. Wear them in the spring when the weddings start, and rest assured, despite their creation myth, you won't look anything like an egg at all."
6013,"Over and out. And I really do wish this brand the best. That was Emma Hill's parting message today as she showed her final collection as the creative director of Mulberry . Over the past six years, Hill has established the voice and aesthetic of Mulberry as the brand is understood now, and it's been a lucrative tenure. The question hanging in the air at this afternoon's show was: Where does Mulberry go from here? That remains to be discovered, of course, but in the meantime, Hill's swan song was a signature effort. The looks here were typically cheerful, a polished paean to the English stately home with a whiff of the sixties in the prints and silhouettes. Hill's characteristic move is to create a sense of buoyancy in her collections by magnifying elements of the clothes blowing up a print, slightly oversizing a sleeve or a pant leg, exaggerating a collar, etc. The effect was muted here, but the rule still applied; note, for instance, the enlarged Marimekko-esque floral on several silk pajama-style ensembles, like the one shown in pale blue on Sam Rollinson. Or consider the broad tonal stripes, executed either as an intarsia knit or by paneling strips of suede and leather. There was a nice sporty mien to those pieces, especially the long striped shorts. Elsewhere, Hill introduced a very pretty and relatively sedate silvery gray jacquard, and added a touch of sparkle to that shine by applying tiny sequins to some quilted white floral pieces. All very sweet, in the Mulberry style. And as a kind of parting gift, as well, Hill debuted a new handbag on the runway: the Kensal, a briefcase-locked shoulder bag. She's going to be a tough act to follow."
6014,"Jil Sander is likely the last designer you would picture employing a Hawaiian print, but there it was for Spring at Jil Sander Navy . But don't break out the leis just yet: In appropriately understated fashion, the print was merely a suggestion of the tropical motif it wasn't until you got up close that the flowers emerged. There was an undercover sportiness afoot, too. A collarless, bracelet-sleeve jacket and matching tee were surprisingly techy to the touch. From a distance, the fabric looked like a rich knit. The other side of sport is prep, and there was a chic collegiate appeal to a sweet pink bomber jacket. It looked great with a pale yellow knit and a high-waisted powder blue skirt that A-lined to mid-calf. The same knit top graduated to perfect workwear when paired with an expertly cut cobalt blazer and crisp pleated pants. That versatility is a sign of how this collection is designed: as a complete wardrobe that can shift and adjust from season to season and climate to climate maybe even in Hawaii."
6015,"Cacharel is not where you look for directional clothes. But it's obvious that the brand's design team has been studying and adapting various au courant ideas taking hold in high fashion's playground. While classic-cut poplin shirts will always be a part of the mix, you can now also find blouses with bows and breezy caped backs. For covering up, there's a molded gray, chevron-patterned neoprene coat; for baring skin tactfully, a jersey dress with side rib cutouts. The standout trench is actually an A-line gabardine coat that better resembles a stiff, oversize shirt. Like neologisms that become part of the conversation, all of these looks have settled smoothly into the Cacharel canon. Flip back a few chapters, and you can see that floral prints are a perennial standby. This season, they once again formed the collection's strongest message. Hydrangea, sunflower, iris, rose they were all here, yet rendered to entirely different effect, from graphic and simplified to hyperreal. It's almost as if the team broke off into small groups and submitted their designs, like for an architectural competition. Toward the end there was a dress in geometric lace that bore little relation to anything else, but deserved to stay. So many trend fragments confirmed that this collection was largely created by external influences. Not having a figurehead may be part of it. Still, to take fault with any one element would be akin to criticizing an iris for its yellow pistil. The collection was inoffensive from start to finish."
6016,"Because she works in fashion, it's easy to forget how political a creature Miuccia Prada has always been. Famously secretary of Milan's Communist party at one point, she is intimate with activism. But her activist impulse has usually found expression in the art world, where she has tirelessly championed the new. Tonight, she continued on that course bringing in a group of mural artists to decorate the venue while, at the same time, making a feminist statement that, in the light of the contemporary denigration of the very notion, came across as radical. ""I want to inspire women to struggle,"" she said, after a show that will be hard to beat as the season's high point.  The last time feminism enjoyed any popular currency might have been with the Riot Grrrls in the early nineties. Miuccia picked up on the tribalism of that concept. Her models were girl gangs (coded by hair color and graffitied eyelids); the street/sport element of the collection also had a gang element. And the murals against which the show took place multi-visions of womanhood echoed the political street art of L.A., Mexico, and South America. Images from those murals were picked up for use on the clothes and accessories. Oh yes, about those accessories the most ladylike handbags in recent Prada history. Paired with tube socks and Miuccia's take on Tevas. The disconnect said all you needed to know about the designer's steadfast refusal to work without reference. Trying to draw lines between this and that in the collection was a fool's errand. Likewise, attempting to spot the influence for instance, the work of mid-century artist Richard Lindner seemed to inform the spectacular color-blocking. But that might merely have been one onlooker's personal predilection.  Nevertheless, there was a strong artistic element in the show. The way the clothes were infected by the mural art energized them. And there was energy in the surprising appearance of Britney Spears on the sound track. (Admittedly, her latest track, ""Work Bitch,"" has the uplifting pulse of the better side of EDM.) The contrast with Prada's men's show in June couldn't have been more striking. Miuccia made her males essentially passive participants in a dreamy, erotic reverie. Today, her women were ready to kick ass and rule."
6017,"Rita Ora rocked the closing number from Alexandre Vauthier 's July Couture show at the MTV Video Music Awards last month. Whether it's the power of the red carpet or something else, Vauthier reports that he has forty new buying appointments on the schedule this season. That's not nothing for a small brand like his. There wasn't anything on the scale of that crystal and feather extravaganza in Vauthier's showroom presentation today, but the designer doesn't shy away from flash, whether in the gold bars that decorated the cuffs on his suit jackets, the second-skin fit of a black and white sheath, or the icy blue and black print he lifted from a photograph of the lighting setup at his Couture show back in January. Vauthier makes fit a priority, and that will eventually set his collections apart, but because this one comes solely in black and white with that touch of light blue, it might have a hard time rising above the fray on the shop floor. He'll need to work on developing some distinguishing characteristics as the line matures. In the meantime, sporty white track pants with gold and black stripes down the sides and a matching tank and bomber jacket stood out from the rest."
6018,"VFiles ' debut runway show was not your average fashion-week event but then again, VFiles isn't your average fashion Web site. The online cultural network, which attracts about 1.4 million page views a month, has begun to develop its own streetwise subculture, and, in an attempt to support young designers and what its founder, Julie Anne Quay, describes as ""the new world of fashion"" the site held a competition. The winners, who sent their Spring collections down the virtual platform's IRL catwalk at Eyebeam Gallery last night, will be stocked in the VFiles shop. The space was packed to the rafters not with editors and socialites but with members of the VFiles community. Street-gear junkies, club kids in see-through frocks, a middle schooler snapping shots on his iPhone, and fashion's reigning social-media czar, Diesel's Nicola Formichetti, tapped their toes to a heavy-metal-and-hip-hop mash-up, waiting for the show to begin. Sam MC London's geisha-inspired shorts and T-shirts, which were connected to sweatshirts that hung around the waist, were first out of the gate. ""This has gotten us a lot of exposure in America,"" said the line's London-based designer, Sam McWilliams. He explained that his range has been well received in Europe and Asia but that he was having trouble breaking into the U.S. market. Next up was another London-based designer, Steven Tai, who, having graduated from Central Saint Martins, presented a technically impressive range of heat-bonded, screen-printed, puff-painted wares inspired by a British bio-dome and pixilated art. ""Our aesthetic is kind of geeky,"" said Tai, adding that he visits VFiles when he ""wants to see what the kids are doing."" Gypsy Sport showed a cultural menagerie that blended an urban aesthetic with Eastern garb think bedazzled do-rags and plaid sari-basketball-short hybrids. And their fellow New Yorkers Elizabeth Ammerman and Eric Schlosberg, of Ammerman Schl_sberg, sent out looks crafted from rosebud, baby-blue, and black PVC. Covered in bows and cut with slits that revealed the models' posteriors, the tiny dresses resembled what Alice might wear if Wonderland were a sex club. ""Fashion is missing a 'weird' element,"" said Ammerman backstage. ""And VFiles introduces that."" Following the show, the likes of Cam'ron, A$AP Rocky, Chanel Iman, and YouTube's favorite satirical fashion girl, P'Trique, embraced the weirdness at an after-party in a subterranean club on Gansevoort Street. ""I love VFiles because they're nasty, "" said the Internet star, wearing his signature blonde wig and a lamé frock. ""They make fashion accessible, and they make it not such a snooty, up-your-nose kind of thing."" His assessment reflected Quay's intentions. ""We wanted to show: Here we come, here these guys come,"" she said. ""We believe in the future of fashion, and the future of fashion is online it's Tumblr and what kids are sharing on their [Facebook] walls. And it's important for the traditional fashion community to acknowledge that."""
6019,"I'm a tomboy in a tutu, Marissa Webb said backstage at her show tonight. Now in her third season, Webb is becoming known for combining masculine and feminine elements in her collections. Nothing summed up her backstage talking points quite like the look in which she layered a ruched net party dress with a silk button-down and tie, but there were other examples. A fatigue jacket topping a ruffled frock, a floral-print dress accompanied by another one of those blouses and ties, a crisp black blazer over a lacy white camisole and miniskirt (Webb is a big believer in the mini for spring). All her years at J.Crew made Webb a convincing mash-up artist. They also honed her sense for what sells. A cropped black leather and wool jacket had dollar signs all over it, and the same goes for the bouclé tweed jackets inset with leather. Another item for the plus column: her denim jeans, which suggest she's a stickler for fit. The transition from a presentation format to her first ever runway show didn't go off without a hitch, though. Webb did her own styling, and the truth is, she could've benefited from an outside voice. Someone to warn her off the ankle straps buckled over pants, which was a small issue, and to edit a few of the collection's outliers, which presented a bigger problem of focus. First to go should've been an asymmetric dress and matching tunic in a hazy abstract print. A stylist is easy enough to find before next season. In the meantime, those little jackets and jeans should prove to be solid building blocks."
6020,"According to Serge Azria, Joie 's Spring '14 collection was all about celebrating and elevating white. ""I wanted to make white not so simple,"" said the contemporary label's creative director and CEO during the presentation, which marked the twelve-year-old brand's second New York fashion week effort. Joie's new lineup was a palette cleanser, offering a host of easy separates and frocks in every tint of Azria's chosen hue. He contrasted a stark white elongated blazer with a romantic pleated silk skirt in soft eggshell. Similarly, a sporty bright white sailing jacket popped against an oatmeal and black striped sweater. Elsewhere, Azria enriched the shade with varying textures, like eyelet used for a high-waisted cotton pencil skirt or slick leather, which looked best as a pair of cropped, flair-calf trousers. The concept was applied to accessories, too for instance, pointed cream and tan leather flats were laser-treated, causing them to look like they were made from stingray. Inspired by a recent trip to Ponza, an island off the Amalfi Coast, Azria injected his Spring range with an air of vintage Italiana . One linen dress with a fitted skirt and blousy bodice that revealed just enough of the model's d_collet_ was simultaneously effortless and va-va-voom. The Mediterranean inspiration also moved Azria to include pops of cerulean and navy. ""All of the houses in Ponza were white and the doors were all blue. It looked like a painting!"" he recalled. The scene was re-created in his Chelsea show space. He worked indigo into bold stripes, which ran down a three-quarter-length skirt, a billowing short-sleeved blouse, and a structured workwear jacket. An azure brushstroke print on a flippy little jupe was lovely, and a navy drawstring skirt which was basically a silk, feminine alternative to sweatpants looked particularly comfortable. Most of the spaghetti-strap and short-sleeved crop tops while sweet on the models will be near impossible to wear if you're of normal human proportions. But a bouncy, open-back A-line frock had  summer classic? written all over it."
6021,"When a brand starts showing on the catwalk, it's entirely proper for the scale of its ambitions to expand. In the past few seasons, though, it's been hard to escape the feeling that Acne Studios was perhaps getting ahead of itself. The collections kept metastasizing, in a completely literal sense, as though expanding the volumes and stretching the proportions of the clothes themselves would suffice to justify Acne's presence on a runway. To put that more plainly, the collections were starting to come off a touch puffed up. This time out, however, Jonny Johansson and his design cohort reeled themselves in. This collection marked an explicit return to the brand's roots, in various ways: There was an emphasis on denim and on workwear-inspired styles, and more generally, the collection was very, very Swedish. Indeed, its starting point, according to Johansson, was the poem ""Till Havs,"" as performed by the Swedish opera singer Jussi Bj_rling; showgoers today were treated to a very galvanizing rendition of the tune. And then they were treated to a fast-paced d_fil_ of the most accessible looks Acne has shown in a while. There's going to be a sizable constituency for this season's white laser-cut leather pieces, for instance, not to mention the oversize button-downs, elasticized bustiers, and tonal denim. ""Till Havs"" translates as ""At Sea,"" and the collection thus reflected a mariner theme, with lots of seafaring stripes and naval peacoat styles; in a puckish touch, there were also tiny anchor-shaped embellishments. Johansson hasn't jettisoned his taste for largeness entirely: There were a handful of webbed knits with sleeves that extended past the fingertips, for example. But in general, this collection felt refreshingly measured. The only complaint here, really, was that Johansson pursued a few too many ideas; a stiff edit would have made this a stronger outing. Still, the ship has righted itself."
6022,"Chadwick Bell , a child of the nineties, grew up in Southern California, and for Spring he went back to both the place and the decade. ""Surfers, skaters, cholas "" he rattled off, listing the ambassadors of subculture cool who ruled in his youth, and whose stamp he put on this collection. The nineties' in-crowd was never known for looking tidy, and at Bell's studio the day before the show he described his girl as ""disheveled."" Still, for better or worse, put-together-ness is a Bell trademark, and this season's woman was definitely more chic than counterculture. The closest thing to dishevelment was a looseness in the silhouette, an era-appropriate slouch that projected the enviable impression of not trying too hard. If some of the pieces seemed to float off the body such as the black stretch wool crepe crop top that opened the show it was because Bell lined the interiors of cuffs and hems with horsehair to make them stand up. That level of detail extended to the openings on the sides of jackets which allow the wearer to easily put her hands into her pockets and to the clusters of metal embroidery on a dress and sheer tulle skirt: Upon closer inspection, they were little fish swimming upstream. A white silk georgette tank gown with subtle bands of fringe was a knockout, and the ivory-and-oxblood blanket poncho that closed the show was an elegant take on the Mexican influences Bell mined. Simple and sophisticated, the best pieces here showcased Bell's knack for refinement."
6023,"A hidden garden on a summer night that's what Anna Molinari said her starting point was for her new Blumarine collection. The butterfly lace, the white point d'esprit, and the fil coupé weave with splashes of coral and gold that started things off seem destined for a June wedding. But this show quickly shifted from friend of the bride to club girl out all night. On the one hand, you had a white baby-doll dress, embroidered flowers picked out on its long sleeves, and on the other you had a T-shirt entirely constructed from a spiderweb of crystals tucked into a red leather hobble skirt. Is the Blumarine woman an innocent or a provocateur? Although the strappy ankle boots suggested she may be more of the latter, Molinari seemed reluctant to make up her mind. That's her prerogative, of course, and in the end it may not hurt her bottom line. The world is a big place, and Italian tastes are different from American, which are different from Russian and those of China and the Far East. But it made for an unresolved collection."
6024,"Another collection, another cool collaboration from Mother of Pearl . This season, the London label's creative director Maia Norman and head designer Amy Powney teamed up with renowned British artist Mat Collishaw, whose grotesquely beautiful ""Insecticide 15"" and ""Insecticide 24"" photographs loosely inspired the new lineup's prints. While Collishaw is best known for his dark, slightly morbid aesthetic, the MOP team focused on his fascination with nature, and reinterpreted that in a characteristically quirky way with vibrant fruit and tropical floral motifs, which complemented the playful silhouettes here. Ultimately, it was the inventive shapes and quality fabrics that stood out more so than the patterns. Highlights included bejeweled candy striped satin bowling shirts and boxy jackets, as well as off-the-shoulder ruffled tops and knit trumpet skirts with bold flounces at the hem. While these statement-making clothes are for girls who want to be noticed, there were also more understated pieces like blush-colored pleated leather skirts, intarsia novelty sweaters, and relaxed cropped trousers that rounded out the mix."
6025,"Layers were Olivier Theyskens' thing this season. ""It's always a mystery to see the suitcases of my girlfriends; it's all these silly tank tops, but girls put it together. They love layering,"" he said backstage after his show. Not exactly a deep thought, but it got Theyskens' creative mojo going. This was a focused collection. It felt like he had a lot to say, about proportion and silhouette, first and foremost, but also about color. The tank tops he mentioned backstage got a lot of play. Layered over looser tees, they created soft, peplumlike shapes. Below the waist, pieces were doubled up, too. Biker shorts peeked out from beneath the hems of basketball shorts, or longer skirts extended several inches below shorter ones. The tiered effect made the models look extra-long, a visual that was accentuated by their platform sandals. Real girls might just consider going through all those steps if it means looking like these runway giants. But if not, a ribbed knit sweater over a long, narrow skirt with multiple split seams produced the same willowy results. Most of the collection came in shades of black, gray, and navy. Since arriving at Theory over three years ago, Theyskens has been fairly color-averse, so the end of the show felt like a real departure. Experimenting with sheer layers of silk, he showed delicate slipdresses over cropped tanks and floor-length skirts. Pink over pale blue and red, or orange over yellow and pink. They looked fresh and breezy. We hope that retailers take him up on the idea come Spring."
6026,"There's nothing to make you feel like a bad-living fashion week reprobate like turning up to a presentation first thing in the morning, black coffee in hand, to find the models engaged in strenuous workouts. At the Adidas by Stella McCartney presentation today, there were models spinning, models doing Tracy Anderson-style cardio, models performing aerial yoga. Who knew such a thing as aerial yoga even existed? There were even synchronized swimmers doing a routine in a water tank. Obviously, the point of all that activity was to show off the latest Adidas by Stella McCartney kit, all of which was typically attractive. This time out, the notable fashion developments were the very au courant oversize sleeves, swimwear with cutouts, and the adroit use of sheer materials. From a technical perspective, the emphasis here was on integrating more sustainable textiles into the mix. There was also a focus on lightweight, breathable outerwear. But really, as McCartney herself noted, the point of this showcase, and indeed the point of the collection itself, was to inspire women to get their sweat on. ""We work with top athletes,"" the designer said,  and even they tell me they perform better when they feel like they look good. It's a confidence thing."" One thing is for sure: Whether it was the clothes or the athletics on display, this presentation made you put a workout at the top of your to-do list."
6027,"Exuberance is paying off for Fausto Puglisi at home in Milan. His first runway show for his signature label was a moment we might remember as a turning point for young designers there. He's having a harder time getting the Emanuel Ungaro relaunch off the ground in Paris, though. There are a number of factors at work: too many similarities to his own line, a borderline garish color palette but, most of all, it's that exuberance. Puglisi gets the house codes almost too well. More often than not, there was just far too much going on in a single look: patch pockets, stripes, polka dots, and ruffles? Enough already. Puglisi was better today when he was thinking along simpler lines, as in a densely knit yellow and black striped tank worn with leather pants that had a single sculpted ruffle down one leg. ""For me,"" he said, ""it's important to be not just a couture celebration but a real-life celebration."" That's the right attitude: Design clothes not just for special occasions but for women's daily lives. We'll swipe the credit card for that. Unfortunately, a reliance on chiffon an Ungaro essential that Puglisi hadn't explored until now meant there weren't enough of the deluxe basics he was preaching about. Next time, he needs to find a middle ground between all the excess and those plain white T-shirts with ""Paris"" splayed across the back."
6028,"As in Paris, as in New York, the cult of biking has taken London. It's probably not a coincidence that those are centers of fashion, too, or that the runway, at least the runway James Long showed on in London, is just another track. There's an odd affinity between bikers and fashion guys, though cycling gear isn't usually thought of as fashion per se. But it affords guys a license that traditional clothing often doesn't: to display the body, to wear color more daringly. Long played up both elements in his new collection, which he called Beyond the Velodrome, that is to say, off the track. ""I'm designing fashion, not sportswear,"" he said after the show. ""I want to make that clear."" Well, sure. It's the brave soul who bikes in a hand-knit. But the inspiration launched Long into one of his strongest collections to date, and a standout at the London men's week. The rubberized, baggy Bermudas he showed are variations on his old favorite summer themes, but the fitted, printed tops, splices of aggressive handwritten messages to psych up cyclists, had the stripy geometry of earlier designs, with a bright new florid energy. The leather jackets that always figure into the collection came aerodynamically unlined, with just a thin layer of satin bonded inside. But the real revelation was the mesh bombers and sweatshirts, some shown in their unalloyed form and some used as the lattice for a new kind of knit, with ribbon woven through. And summer-appropriately, they were featherlight. ""I wanted everything to be really international, and really lightweight,"" Long confirmed. ""For just zipping around."" He paused for a second, and then added, ""Everyone just zips around now."" And since the whole world lies beyond the velodrome, why shouldn't every man be his own biker?"
6029,"Encountering this season's Apiece Apart collection required some adjustment of the eye. It wasn't quite sensory overload designers Starr Hout and Laura Cramer are way too measured for that but this outing definitely set a standard for the brand in terms of its use of pattern and print. Which is to say, there was pattern and print a winning tile work-inspired graphic, for one, and a tonal grid in Italian jacquard, not to mention a broderie anglaise. The shapes, too, hinted at a loosening of Apiece Apart's signature reserve, with some shorter hemlines and girlish touches like a ruffled sleeve. The feel of the collection was more peppy and youthful, overall, but with enough of the brand's endemic function-minded adult-ness to make this outing seem more an evolution than a blind leap. And there were simple pieces to satisfy fans of the pared-back Apiece Apart look, as well; surely many of them will be eager to add this collection's lightweight chambray dresses and skirts to their wardrobes, not to mention the clever cape-sleeve tops. All in all, a nice progression."
6030,"How best to honor house codes while trying to avoid being pigeonholed because of them? For Max and Lubov Azria, that may be an impossible circle to square at Hervé Léger , a label that's basically synonymous with body-con. Credit, then, to the duo for kind of trying. The designers put the amount of ""body"" in body-con in the hands of the wearer in the opening looks, using zippers to control dress silhouettes (zip down for a fitted skirt, zip up for flare) and to create conceal-and-reveal apertures within the dress itself. But the aggressive black leather corset belts those dresses were worn with some so big as to swallow the whole torso didn't allow for much breathing room. All in all, the mood was as bandage as ever. The fuller, kicky skirts on the opening dresses were fun, but a more interesting experiment in volume was a boxy jacquard top printed to hint at the curves beneath. A moment for the prints: Pulled from Polynesian body art, they were uniformly strong and coolly crafty. But back to that top: Backstage before the show, Lubov said she and Max wanted to focus on separates, and this item was one of the few non-dress, non-swimwear pieces that could fit the bill. As for dresses, a notable trio came beaded and crocheted, lending a different quality to the signature banding. The shape was unmistakably Hervé, but the fabric didn't cling so much as contain, suggestively. Baby steps, perhaps, but steps all the same. There will always be bandage dresses for the women who crave them, and for everyone else, there was a pretty fancy sweatshirt."
6031,"The powerful beauty of random assemblage was the claim made by the show notes. ""Elegant, effortless, sophisticated""? Jil Sander 's own summation of her collection was scarcely more enlightening. Though ""effortlessness"" may actually have been pretty close to the mark. From the first cropped white pants, cropped navy top and jacket to the last a black and white feathered skirt with an artful pinafore top the outfits Sander showed today had a winning ease, a freshness that belied the designer's rep as the mistress of the fiercely pushed envelope. OK, feathers aren't exactly jersey sweats, but the designer used the pinafore effect a few times in the show and it ultimately conveyed the casual decorum of a towel draped around shoulders in a gym situation. Sporty? Well, that also played into the bared midriffs and shorts that recurred throughout. Never mind the mesh. Sander always cut like a dream, and the jackets here that dipped in front and eased up aerodynamically in the back captured that knack. They countered her tendency to err on the side of the clinical. And so did some fractured figurative prints inspired, the show notes insisted, by the work of Arte Povera master Alighiero Boetti. They were as colorfully animated as any element Sander has ever used in a collection. They also had a perversely pleasing taint of irony. Arte Povera? Jil Sander? Mutually exclusive equations, until today."
6032,"One runway show per fashion week is plenty for Victoria Beckham. She opted out of a catwalk for her secondary collection today, presenting instead in a corner of a makeshift showroom at Milk Studios, with salespeople and a T-shirted David Beckham occupying the tables that weren't covered in her colorful VB handbags. She's a savvy woman, happy to use the not-inconsiderable power of her celebrity to sell a few frocks. Not that this collection needed the extra help. Now in its fifth season, the line has a new sophistication. The novelty prints landscapes, kittens that were an early signature are gone, replaced by vibrant kaleidoscope motifs, a couple of which she bonded with laser-cut flowers. Still youthful, but quirk-free. And she's expanded beyond the leggy A-line shapes she started with to experiment with more complicated constructions. A very pretty pleated frock was made from eleven different colors of silk, and an edgier pleated dress incorporated the harness detailing familiar from her main line. Most adventurous was the drop-waist bell-shape silk cloque number Beckham wore herself, which was a shout-out to the master, Cristobal Balenciaga."
6033,"Hang on what happened over the summer? Did Todd Lynn enroll in a refresher course? Because what else could explain the sudden raising of his game after some seven years in the biz? To be fair, for the bulk of the past decade the Canadian-born, London-based designer has been busy outfitting the best of rock 'n' roll including Fergie and Will.i.am of the Black Eyed Peas, Rihanna, and Ronnie Wood for the stage. But since his show last February, he's added to his signature styling with the inclusion of more tailored, precise, and, well, fresh looks a word not usually associated with rock. Of note were the elevated PJs in soft, stripey hues of green grass and creamy milk. Over the last couple of seasons, we've seen plenty of pajamas on the runway; what makes Lynn's special is how sharp they are less dreamtime, more daywear. Backstage he said they were ""based on the lining of men's suit tailoring, so kind of turned inside out perfect for the work environment and, OK, less the stage."" Cobweb-lace looks were also a key theme, not just in black but in that fresh grass green again. Shimmery dresses with clever draping and some astonishingly cut tuxedo suits with raw, deconstructed edges proved that Lynn has moved on, but not too far. A performance by the band Wolf Alice was a loud reminder of his design roots."
6034,"After showing in London for the past five years, Sass & Bide made a triumphant return to New York fashion week (it's in good company, with fellow Aussies Dion Lee and Zimmerman also joining the NYFW calendar). The move was well timed, as the opening of the label's first stateside flagship will be on Broome Street in late November. As usual, the message was in the mix this season. ""You can't put the collection in any particular category,"" said designers Heidi Middleton and Sarah-Jane Clarke backstage. ""It's a considered clash a polished confusion."" Combining masculine and feminine elements, they styled sharp satin blazers with flowing Swiss dot tulle skirts; slouchy suits featuring floral embroidery details came with sheer, fluttering trains attached to the pants. Meanwhile, the S&B duo paired a structured, almost armor-like, bustier top with relaxed trousers, and updated a peplum minidress in basket-woven leather. Other standouts here included a houndstooth-printed skort (reversed with the shorts in front and skirt flap in back) as well as cream-colored gowns and jumpsuits decorated with gold hand stitching and tough hardware. The resulting modern mash-up should resonate with girls who refuse to put a label on their sense of style."
6035,"Since joining the official fashion week calendar a year ago, things have really taken off for Veronica Beard . Designers Veronica Swanson Beard and Veronica Miele Beard were named CFDA/ Vogue Fashion Fund finalists earlier this summer, and Andrew Rosen has invested in the brand. There was a palpable buzz at the label's Spring presentation, which crescendoed when Maria Sharapova turned up in a striped VB Resort number to show her support. Celeb sightings aside, it was the new collection itself, which seemed like a conscientious push in a more youthful direction (perhaps in an effort to compete with hip Fashion Fund finalists like Public School), that generated most of the room's energy. Inspired by the flash and decadence of the eighties, the sisters-in-law went all out, with fluorescent colors and wild patterns including three-dimensional leopard spots and a splashy graffiti floral (street artist Ryan Humphrey painted the pedestals upon which the models were perched). They stamped these prints on neoprene separates like a sporty sweatshirt, a biker vest, and a kicky flared skirt all accented with neon piping. Other memorable moments included a distressed denim-effect leather set and jumpsuit, as well as a strapless knotted minidress that would look terrific on Sharapova. The Beards also mixed in some of their more straightforward tailored suits and versatile zip-in dickeys. Overall, the vibrant lineup signified a brave departure for the brand that successfully demonstrated the designers' range. ""This season, we really tried to focus more on how we personally dress,"" said Swanson Beard. ""As we've grown, we now have the courage to say more about who we want to be."""
6036,"I used to have a curiosity cabinet when I was a kid, and the whole idea here was taking different elements and braiding them together into one thing, said designer Georgina Chapman backstage before Marchesa 's Spring show. ""There's no corsetry and it's much more relaxed."" While ""relaxed"" is a relative term for the label beloved for its over-the-top eveningwear, there was indeed a new ease about the latest lineup, which combined floral embroideries and Chantilly laces with romantic, lingerie-inspired silhouettes. A pale-blue bias-cut satin slipdress with a body-skimming tulle overlay nicely exemplified the softer approach Chapman and partner Keren Craig took to the season, as did sheer, slightly bohemian tiered skirts sprayed with crystals and feathers paired with delicate bralet tops and tap shorts. It was easy to imagine in-demand starlets turning up on red carpets (the Emmys are just around the corner, after all) in some of those sweeter almost innocent looks that still showed flashes of skin.  There was a definite eclecticism about the new collection, which was underscored by the custom tattoos Scott Campbell painted on the models for the occasion. Draped fringe skirts were shown with embellished ""T-shirts"" (true to form, Marchesa's take on the basic was anything but), and a memorable gown was painstakingly decorated with heavy swags of hand-strung pearls that audibly shook with each step down the runway. Other standouts here included a vampy black Empire-waist number wrapped with ribbons around the bust, as well as a metallic gold cocktail dress featuring intricate floral threadwork that felt fanciful but not fussy."
6037,"With the explosive crash of waves on rocks, the Missoni show today launched into a meditation on the elements earth, air, fire, and water. Angela Missoni, head wrapped in a scarf, appropriately looked a bit like a voodoo queen backstage. But she was quick to point out that Missoni's elements were abstract rather than primal. More pop, like a Japanese comic. So the classic Missoni chevron was reinterpreted as waves or birds, the way you drew waves or birds when you were a kid. The family name was also reconfigured in a black-and-white, semi-African pattern that, laser-cut out of PVC and applied all over the place, was almost as artful an exercise in logomania as Alexander Wang's AW lace in New York.  A subliminal strand of exotica trailed through the collection: a skirt tied like a sarong, a fitted dress draped like a sari, caftanlike volumes. There were hot-colored, loom-knit stripes that felt Mexican. But somewhere between the elongated pencil skirts with the deep kick pleat and the dégradé fringed pieces, Missoni edged into a land of confusion. Angela effectively evolved the family business once before, taking those primal genetic strands and literally reweaving them for now. Maybe it's time for her to do it again."
6038,"The Viktor & Rolf show is one of those in Paris where it takes people a while to filter in and get to their seats, so if you arrive early, you have plenty of opportunity to contemplate the set design and consider what it may foretell of the collection about to be shown. This season, what with the black and white, bricklike backdrop, you thought, ""I wonder if the soundtrack will be Pink Floyd's The Wall  "" And further: ""Maybe the collection will be a treatise on school uniforms and rebellious youth. "" Those predictions were accurate. ""Another Brick in the Wall"" played in a cover version, and on the catwalk Viktor Horsting and Rolf Snoeren executed their own deft cover versions of the schoolgirl look, playing adaptive games with knife pleats, plaid, and crested blazers. There was a ton of commercial appeal in all that, particularly with regard to the long, voluminous shorts, a standout silhouette that Horsting and Snoeren properly emphasized. The most challenging pieces featured an innovative pleat construction that pushed the school uniform thing in an editorial direction; the weakest looks, meanwhile, were those embellished with safety pins or studs. That punk throwback felt a little played out, though it did speak to this season's Viktor & Rolf theme in an apt way. It's probably also true that the girl Horsting and Snoeren are trying to reach with their ready-to-wear isn't convinced that things like studs are pass_, and those punk-inflected pieces had the look of stuff that will sell. They should have played another Pink Floyd cover today: The song ""Money"" comes to mind."
6039,"If you didn't know what Neo-Concretism is, Roksanda Ilincic gave you a tutorial in her show today. The key themes of the midcentury Brazilian art movement, as demonstrated by the paintings of H_lio Oiticica, are things the designer loves: structures and planes, geometric patterns, how to use bold colors, but minimally.  Ilincic's mastery of the subject was perfectly demonstrated in a fluid skirt in a geometric glass shard print shown with a canary yellow structured jacket in bonded neoprene. A thinner bonded neoprene appeared on a yellow blouse paired with a stiff knife-pleated gray skirt in silk gazar. That look intrigued how did she get something so stiff to flow so nicely? The black and white monochrome looks including a ""lace"" skirt that looked like a cage were, again, not silk but thin versions of laser-cut bonded neoprene.  Buyers starting scribbling furiously at the sight of a showpiece jacket with petals laid down geometrically, and rightly so: It was a knockout. Then it was the stylists' turn to start taking notes when out came a red-carpet number with all the Ilincic hallmarks: draping, sharp waist, splashes of color, and the use of different silks to create a bas-relief effect. It all but screamed out for a Cate Blanchett or Keira Knightley.If she stumbled, it was with a jarring stripy silk dress that lacked the rigor of the rest of the collection, but that is really just nitpicking. Ilincic hardly missed a step."
6040,"A catwalk covered in fluffy purple clouds with a towering mirror backing could this be a reference to purple drank? It's such an inventive use of cough syrup, and Henry Holland does like a drug reference (remember last season ). But the evening's soundtrack of lazy, spun-out hip-hop came not from the southern U.S. but from nineties-era L.A. and was evocative of Holland's teenage memories. Those memories also informed his choice to base his latest House of Holland collection around Baz Luhrmann's film version of Romeo + Juliet . Made in 1996 when Holland was 13, it was prime fodder for the unfused, romantic teenage brain. ""It is really a love letter to that film,"" as Holland himself put it. The only drug on offer was that of over-hormonal teenage love. What Holland merged together here were an idea of chola girl gangs with the feuding boys of the film; he had researched documentary photography of such girls in the Los Angeles of the nineties and wanted the idea to reflect the Mexico City of today. Not for these girls the Juliet role they were more the John Leguizamo-as-Tybalt types. They even had tooled and painted leather holsters; this time keys and phones were toted rather than guns. The collection was best in its tougher aspects: the use of rough chino for dresses; a baseball-top minidress; ""the wrong denim,"" as the designer put it, in light blue inset with lace, but in boyish shapes. His ""toxic gingham"" pieces also stood out; they eliminated any notion of the too-pretty that could have been conveyed with an overconcentration on silky shifts and shirtwaister shapes. Religious iconography and tattoo designs by the L.A. tattooist Alex Garcia permeated throughout. The designer explained that they met when, ""I went for a tattoo but chickened out."" Holland might be unashamedly rifling through the nineties, but his personal connection to this collection made it endearing. It resonated emotionally with his client base, too. Pixie Geldof, friend and ultimate fan of Holland, declared after the show: ""It was all of my Romeo + Juliet fetishes come true!"" Enter Harry Styles stage left and you see the power of global teen romance in its present form. No wonder it addled their brains in 1996."
6041,"I felt like I'd been shouting for the past few seasons, Thomas Tait said after his show today. ""I wanted to do something quieter."" Given that Tait held his last show in a car park and sent out looks so Formula One-inspired you could practically hear the roar of engines, it was easy to see where he was coming from. And, to be sure, his latest collection was a much more serene affair. But it was interesting to observe the ways Tait absorbed his recent obsessions with sport and performance into pretty, and indeed rather ladylike, clothes. Notably, he made great use of a paper-thin nylon, draping it around otherwise fitted tops and dresses. The look felt fresh. Elsewhere, the activewear influence was most visible in the show's varieties of anorak, the best of which were duster-length and featured parachute backs. At first, the active elements made for an odd pairing with the collection's other key motif, the brightly colored feathers that were stitched onto collars or floated out of the openings of sleeves. But a logic suggested itself: In the end, this was a show of lightness and things that take air. This time, Tait made his point sotto voce."
6042,"Only Phoebe Philo could cause an intake of the fashion industry's breath with the way she placed a white button on a black coat. The first looks on Céline 's catwalk today featured sleek, thirties-styled tailoring, and double-breasted closings gone surreally askew. The thirties were on Philo's mind when she was first thinking about the collection, especially women like Hannah Hüch and Lee Miller, who were pivotal figures in the Dada and surrealist art worlds. In fact, it was a photo of Miller in the bath in Hitler's Munich apartment after the fall of the Nazisãtravel-stained boots parked by the tub, fatigues folded on a chairãwhich was Philo's starting point. ""These women were doing things which were quite radical at the time, like wearing men's clothes, but which today seem quite normal,"" she said. ""I very much wanted women in men's clothes, but it was a complex idea so we brought it back to a quite feminine silhouette."" Despite the masculine elements in the collectionãthe oversize, man-styled trousers, for oneãPhilo's preferred emphasis was the tenderness of the clothes. ""I wanted them to feel touched by human hands,"" she explained. ""The way I approached them was very from-the-gut. When I was engaging too much in thought, it felt jarring. When I was in a fitting, I'd just get my hands on the clothes and feel a very instant relationship."" That primal-sounding connection translated into pieces that Philo insisted were very much crafted by hand rather than manufactured. They were as sensual as the tweed knits that pooled extravagantly over platform sandals, as textured as the hazy animal prints. Philo underscored the importance of nature with the lush greenery that sprouted along the catwalk. She imagined her woman running through fields, ""wild, tender, strong."" The clothes themselves often felt bursting with life, with seams feathering and fraying. The earrings, strung together from found objects, offered another clue. ""Much of the collection was put together like that,"" said Philo. ""Like a collage."" The immediacy, the spontaneity, the sensuality of such an idea certainly connected with the audience today, as it will undoubtedly relate to women when the clothes hit stores come fall. Philo has turned herself into the conduit for a million dreams of self-realization. But there may be something more subliminal, even stronger, powering her vision. Hannah Hüch and Lee Miller worked in the particularly chauvinistic world of art, and their gender was held against them, leading to professional disappointment and personal frustration. The subtle fierceness of the Céline collection today could be read as Philo's response to the environment in which she works, where, as she pointed out, she is still a woman in a world of men."
6043,"The camera guys were making a fuss over Blake Lively and Michael Douglasãthey both looked great in the front row. But Hollywood star power or no, all anyone could talk about before the Michael Kors show was the news last week that thanks to his soaring stock price, the designer is now a billionaire. That kind of fortune could de-incentivize even the most ambitious type. Not Kors. The last couple of collections, he's just gotten better and better.  In some ways, Fall looked like an evolution of his Spring show. Easy printed dresses cinched with a leather belt, simple cotton shirts tucked into unpretentious A-line skirts, a chunky cardigan over a little slip of a dressãthey all had encore performances here. That's no criticism; too much of a good thing is wonderful. But Kors has been around long enough to know that he can't repeat himself and get away with it. And so he mixed in a little Big Sur with the Big City. If Meryl Streep circa the late seventies was last season's muse, here it looked like he could've been channeling Stevie Nicks. Sleeves were billowier, the fil coupe fabrics were more shimmery, and the furs had just a touch more shag. And there were miles and miles of suede fringe, which he used quite convincingly for daytime. A skirt draped from chocolate brown fringe looked fantastic with an ombré Aran pullover, and the fawn-colored version he paired with a hand-knit sweater and wool melton men's coat was a contender for the look of the show.  Following on from his men's presentation last month, which was long on ten-ply beanies and long johns, Kors tossed in some deluxe cashmere sweats. That's the billionaire talking. We're sold."
6044,"Here comes the sun! This season Phillip Lim gave his imaginary muse a nameãSoleilãand designed a collection fitted to her summery personality. Despite evidence to the contrary, Lim made winter seem a cheerful affair, with brightly colored patchwork shearlings, peppy cold-weather pastels, pretty collage print dresses and button-down tops. What's not to like? Apparently even Soleil has some dark moods, however, and Lim's show was the better for it. If the upbeat clothes were very appealing, the ones that came out later, in deeper colors, had a moody poetry that added dimension to the collection. Of particular note were the knits, with their waterfalls of irregular ruffles. One ruffled sweater, in navy, made for a very convincing evening proposition when paired with Lim's nicely judged silk-satin wrap-over pant. As is typical for 3.1 Phillip Lim , the individual pieces here made a stronger statement than the collection as a whole, and this show was chock-full of additions to Fall's must-have list: The lace-up boots, one of those shearling coats, a baggy trench, a mid-calf skirt in lavender and aubergineÄ. Lim is keeping his Soleils happy, making stuff like that; it's not clear he needs to do more."
6045,"This season, Mona Kowalska found herself preoccupied with the idea of sports injuries as a metaphor for the passage of time, and how those tragic moments immediately divide players' lives into ""before"" and ""after"" stages. With this in mind, the A Détacher designer used her Fall collection to address ""what remains of a former athlete's career stylistically,"" she explained backstage before the show. Ironically, Kowalska admitted she has never been much of a jock herself, adding, ""I am particularly not gifted in this field."" Working in a range of classic uniform colors (deep maroon and brown accented with pops of orange and marigold yellow), Kowalska put her signature quirky spin on classic sportswear materials. Net mesh was featured in unexpected ways on pieces like pleated shirtdresses and basketball shorts attached to relaxed warm-up pants. Other tongue-in-cheek riffs on the varsity theme included structured car coats and capes cut from wool plaids reminiscent of stadium blankets, as well as a white leather gym duffel and lace dresses splashed with Gatorade-esque lightning bolts. All in all, Kowalska's creative concept and playful execution earned her a win here."
6046,"Have An Vandevorst and Filip Arickx run out of ideas? The model who walked out wearing A.F. Vandevorst 's logo glued to her bare chest certainly seemed to suggest that they have. That look was the definite low point in their show tonight. It's not easy for a small brand like theirs to maintain momentum, but grasping at a trend like logomania, even if Stephen Jones signs on to assist (the milliner made the show's felted baseball caps), seems like the wrong way to go about it. Vandevorst and Arickx still cut a good-looking suit. The best one here was a medley of different textures: nubby wool, crushed velvet, and jacquard. Softly tailored pieces like a silk tunic with cargo pockets and flowing pants looked fierce with over-the-knee leather boots. Better to focus their energies on bankable clothes like that next season."
6047,"The more we grow and expand, the more I continue to dig deep and find the brand's DNA, said Andrea Lieberman at a Fall preview. As usual, the A.L.C. designer succeeded in creating clean essentials for the modern wardrobe, but she included more personal details this time around that brought a new meaningfulness to the collection. For example, hip-hop was a formative influence on Lieberman (who was previously a celeb stylist with serious street cred), and she paid tribute to it here by tweaking basics such as a classic white blouse, which came with edgy, built-in bandannas. By the same token, she whipped up the perfect navy hoodie with endless layering appeal, and also added sporty nylon ""boxer"" accents to the waistbands of tailored trousers. Meanwhile, in a contemporary market where seemingly everyone is doing updated sweats, she put her own spin on the trend with a pair of full-on, tear-away pants done in luxe leather (note: definitely not for the gym). Elsewhere, Lieberman touched on other current ideas like cozy plaids and culottes, and featured plenty of signature outerwear such as terrific black parkas and timeless perfecto jackets. Those are the kinds of cool, functional staples that have earned her label a following. Speaking of which, A.L.C. fans will gravitate toward novelty intarsia sweaters that spelled out ""Tribe,"" as well as an ever-expanding handbag range, with highlights including a slim, three-pouch cross-body and double-handled satchels that were subtly sophisticatedãjust like the clothes."
6048,"Jean Touitou's past loves and lusts were the muses of A.P.C. 's new Fall collection. Who's his type? As usual, Touitou didn't spare any details as he presented the lineup at his Left Bank headquarters this morning. When he emigrated from Tunisia, he said, it was easy to fall for French jeunes filles with their printed blouses, shirtwaist dresses, and trench coats, all of which made appearances here. Schoolgirls in uniforms were even better, which explains the preponderance of collared shirts buttoned up to the neck and trim skirts, as well as a very American-looking wool and leather varsity jacket. These days, Touitou still likes a woman in uniform. In fact, he was lamenting that EasyJet seems to employ only male stewards, because he's always had a thing for airline hostesses. ""Something about them makes me happy,"" he offered. Hence the solid dresses worn over printed blouses and the printed scarves tied jauntily at the neck. Discussing the leather rain boots he paired with both a printed denim jumpsuit and a peacoat and marinire shirt combo, Touitou revealed that A.P.C. has gotten into the tanning business because of leather shortages across Europe. ""The big groups are grabbing all the skins."" That wasn't the only critique he lobbed in the direction of fashion's superpowers. Railing against the drive for ever bigger fashion shows, grand spectacles with the fancy clothes to match, he said, ""Everyone else is doing couture; I prefer something more easy."" Touitou's tastes are fairly archetypal. That's a good way to think about A.P.C.'s clothes, too. They're classic, but they're not average."
6049,"Each season, A.W.A.K.E. designer Natalia Alaverdian picks a sort of spirit animal for her collection. This time out, she chose the peacock, a reference that manifested itself in more and less obvious ways. Most obvious: the peacock feather trim on a long gray coat. Least obvious: a white sheath dress with a kimono-inspired wrap about the shoulders, which Alaverdian said was a tribute to the albino peacock. OK, sure. Somewhere in the middle: the copious amounts of velvet here, redolent of the feel of feathers; Alaverdian's use of peacock blue; her emphasis on fishtail hems that mimicked the shape of the bird's spreading tail. But perhaps the strongest influence the peacock had on this collection was this: As opposed to previous A.W.A.K.E. outings, which put an eccentric, sculptural twist on essentially pragmatic clothes, many of the looks in this collection felt essentially ornamental. There were practical pieces, some of them very good, like a burgundy wool tank dress with an asymmetric hem, or long, faux-fur-trimmed coats that nipped in hard at the waist. But the focus on lingerie-inspired looks and floor-skimming dresses and skirtsãmany of them quite lovelyãreally shifted the tone here. The kimono-inspired looks were more matter-of-fact, with the scarf-collared outerwear a particularly strong execution of the wrapping idea. Overall, though, this collection felt like a departure for Alaverdian, but likely a temporary oneãas if she'd taken an aesthetic vacation, spending some very pleasant time in a place where it was still the 1990s. Portland, maybe."
6050,"Sandwiched between so many collections billing themselves as that most nebulous of things, ""edgy,"" an offering like ADEAM 's New York runway debut runs the risk of feeling quaint in its primness. And yet, even with her hyper-feminine forms, designer Hanako Maeda carried off a collection both ladylike and relevant. Perhaps that was thanks in part to her Nobel Prize-winning inspiration, Yasunari Kawabata's 1935 novel Snow Country . While Maeda drew on both the male and female protagonists (a dilettante writer and a geisha), clearly it was the latter that won out in the end. The palette leaned heavily on delicate powder pink and icy dove gray; there were plenty of floaty yet structured party frocks. A custom brocade with a camellia print was particularly pretty, and things got a bit more femme fatale with a fitted black number that had an asymmetrical silver fox trim. Nods to the Western men's-tailoring craze that had swept Japan by the thirties were relatively surreptitious, and should please the woman who doesn't typically go for androgynous designs."
6051,"Ace & Jig 's claim to fame is its cornucopia of custom fabrics. For Fall, designers Cary Vaughan and Jenna Wilson trotted them out in more saturated hues than usual, taking the curated-bazaar aesthetic of their burgeoning brand to the next level. Prints were inspired by everything from oil paintings, circuses, and Delftware ceramics to Japanese denim and vintage saris (the duo visit the fair-trade Indian factory that produces their textiles twice annually). The resulting pieces smacked of the seventies and Ibiza, but Talitha Getty glamour it ain't. Ace & Jig's yoked blouses, peasant skirts, and slouchy overcoats made for breezy ensembles but came up short on polish in a way that made them challenging to fathom within the bounds of, say, a Manhattanite's wardrobe. But brownstone bohemians of Park Slope, rejoice: Your laissez-faire layering just got a bit easier."
6052,"There was a moment, not so long ago, when the clothes on Acne Studios ' runways and the clothes in Acne's stores looked as though they'd gone their separate ways. The catwalk didn't reflect the Swedish label's streetwear roots. Founder Jonny Johansson set out to correct that last season to a lot of positive feedback. But in retrospect, Spring looks like a collection in reset mode, played out in a minor key. Today's show was much bolder. Johansson and his design team took bigger risks and reaped bigger rewards. Johansson was thinking about the sea. Before the show he explained that he'd spent the summer learning how to surf with his young children at his new beach house in Stockholm and on a trip to L.A., where Acne just opened a store. The personal nature of his starting point reverberated in a collection that connected on many levels. Inspired by the movement of water, undulating screen prints on tweeds keyed into Fall's developing story about optic patterns. In theory, psychedelic swirls paired with oversize leopard prints shouldn't work, but in practice they did. Sweater dressing is the season's hot topic, and Acne had ideas to contribute, including ribbed knits that draped the body like beach towels, and a more conventional pullover intarsia-ed with waves. Johansson said he was particularly proud of the sweater dresses, and he should be. Elsewhere, he tweaked classic workwear shapes in sunset colors and remade surfer staples like anoraks and long, slouchy board shorts in leather. As for the pom-pom hats, they were so crazy large they're all but guaranteed to be a massive hit."
6053,"The unexpected inspiration behind Adam Lippes ' Fall collection was the Grateful Dead. As a self-proclaimed Dead Head, the designer has seen the legendary jam band live over fifteen times, and views them as quintessentially all-American. This tied in nicely with his signature refined take on classic sportswear. Lucky for Lippes' sophisticated customers, who would likely turn their noses up at the idea of hemp necklaces and festival tees, he treaded lightly with the theme. A heavy georgette shirtdress was tie-dyed with a windowpane check pattern that was more graphic than psychedelic, for example. Elsewhere, Lippes riffed on the idea of bandannas with cowl-neck blouses that came in crisp men's shirting fabrics, and he whipped up luxe intarsia cardigans and cashmere ponchos. The designer elevated bohemian fringe on satin gowns featuring silk tassel accents, and showed a pleated maxi skirt cut from delicate black Chantilly lace. Traditional outerwear styles including toggle coats and moto-inspired toppers were reinterpreted in rich materials like double-face satin and cozy, bottle-green shearling. Overall, Lippes succeeded with this mature lineup that was full of playful twists."
6054,"What a difference five months makes. Since Adam Selman debuted his line last September, he has been picked up by a bevy of key retailers, including Opening Ceremony and Browns of London, and is working with one of the biz's most prestigious PR firms. Does the fact that he's Rihanna's costume designer and the cocreator of her recently wrapped River Island capsule have anything to do with that? Maybe. But we've got to give him props. Last season, Selman seemed like Riri's costumer who just happened to have a clothing line. This time around, he came off as a designer with a vision who just happens to collaborate with Rihanna. Selman's Fall story grew out of a bizarre current event: About four months ago, a hiker in the French Alps stumbled upon $300,000 worth of jewels. Allegedly, they were relics from a plane that crashed there in the 1950s while flying from Bombay to New York. ""So it's hiking clothes meets India, but in a weird, New York, Stephen Sprouse kind of way,"" said Selman. How did he pull that off, exactly? For starters, there were his printsãa paint-splatter-cum-cow-spot pattern, and a seed motif that referenced traditional saris but was rendered in such a way that it recalled an urban grate. The designer's campy-flirty take on sportswear did the rest. Jersey caftans, a tech-fabric pencil skirt, luxe sweats galore, and playful wide-leg overalls, all worn with red or cobalt heels, blended far-flung glamour, athletics, and city life. There were easy, pared-down options too, like high-waisted twill trousers and a nubby wool bomber, as well as clever touches of sexed-up glam. For instance, one lookãa black body-con floor-length dress and matching opera glovesãwas made entirely of sport mesh. A hooded black jumpsuit paired with a snood seemed equally saucy (not to mention comfortable). Same goes for a roomy blue sweat suit, if only because it was shown with a hip-baring leotard (presumably this ensemble is Rihanna-approved). The details hereãnamely grosgrain embellishments, unexpected mesh panels, and braided backpack strapsãdeserve a nod. As do Selman's ribbed hats, the tops of which were knotted into floppy little bows. Apparently, they were born during a hazy night at home. ""I was just playing around with some fabric and tied it around my head, and that was it. But it kind of came out TLC,"" he said backstage. No need to overthink it, Mr. Selman. Whatever you're doing, it's working."
6055,"Nature was on Stella McCartney's mind as she designed her latest collection for Adidas. And that was reflected here in quite a few ways: There were the impressionistic photographic prints of the countryside in the south of England, carried over from Pre-Fall, and wood-grain prints that were new; there was also an earthy palette including forest green and bark brown. But the really interesting engagement with nature was happening under the surface of this Adidas by Stella McCartney collection. For one thing, McCartney focused additional effort on using organic cotton, as well as introducing a low-waste dye process. Elsewhere, thermal running pantsãfeaturing new ""climaheat"" technologyãand McCartney's first trail-running shoe were less exemplary in terms of sustainability, but these did suggest that McCartney would like people to get outside, into nature, rather than merely appreciating it as an aesthetic. And if that exploration of nature should go awry? Not to fear, as long as you're wearing one of McCartney's ski jackets outfitted with Recco geolocation technology. GPS tracking never looked so good."
6056,"If you walked past someone on the street wearing a full Aganovich look for fall, she would catch your eye. Maybe you'd notice the toothy shape of her upturned, elongated collar. Or the diagonal satin pleating spliced into her redingote. You might conclude she has some attachment to the pastãcertainly to period-style dressingãand on this count, you would be correct. Designer Nana Aganovich dresses this way herself and looked to 19th-century magicians for her latest collection. She referenced their formal costumes with a mix of oversize white piqué shirting and black vests, several with swooping hemlines. The ivory and noir brocades that dominated the show came from an old British tiemaker who descended from the Huguenots. The final dressãasymmetric, sliced open up the thighãwas accessorized with a top hat, placed slightly askew. Yet for all these obvious (often overworked) allusions, there were some interesting illusions that spoke to Aganovich's skill in the nonmagical art of cutting and sewing. Most of the jackets and shirting featured interior snap closuresãas close as the designer could get to invisible. The sleeves of a silk crepe jacket were tacked at the elbows like permanent creasing. And tailored pieces that at first appeared generously proportioned were actually suiting facades with billowy backs. All this legerdemain results in a theatricality that attracts a particular crowdãand to be sure, it's not for everyone. Which is why a handful of cloak-style coats in solid black wool (all shown with boot-cut leggings) stood out most of all; the period details had been pared back and they felt believably modern. Now if only Aganovich could see this herself."
6057,"Collezione Uno, Stefano Pilati's second collection for Agnona (the first being the ground Zero of his creative directorship), was a more complete offering than his first: more eveningwear, something for the cocktail category, a signature bag, plus the beauteous Dree Hemingway as the face of the label. But Inez and Vinoodh were still responsible for the imagery, and Pilati, although once again physically absent from the presentation, was psychically very present. That's because Dree was such a competent ambassador. ""She's a strong girl with a secret,"" was her take on the Agnona woman. ""And you can hide many secrets in these clothes."" What she meant was that Pilati had created luxurious, cocooning volumes in cashmere and alpaca. There were coats you could move into, and damn the mortgage payments. Even when outfits were cinched at the waist, they were generous in volume. And the long dresses were hung with an unhindered high priestessly-ness. There was something very American about them: straightforward and sensual. Pilati wanted to convey the impression of a woman in constant movement, so the leitmotif of the collection was a wave pattern, debossed tone-on-tone on a navy coat, or undulating everywhere in colors he called ""dusty brights."" The pink and turquoise were particularly striking. It's a true testament to the vision of the Zegnas that they've given Pilati Agnona to play with. And it is all him. He talked about how he wanted to convey the image of a grande bourgeoise in Inez and Vinoodh's pictures of Dree, but there was a twisted, hard little edge: thigh boots and leather collars, a white cotton shirt edged in zippers. A Belle de Jour for now."
6058,"This season marks ten years on the Paris runway for the Swiss label Akris . Cause to celebrate. The brand's creative director, Albert Kriemler, has used photo prints in his collections for nearly as long as he's been showing here, but never the work of a living artist, despite being an avid collector of contemporary art. For today's milestone collection he approached the influential German photographer Thomas Ruff. Ruffês thirty-year career spans genres, but he's best known for manipulating existing images. That makes him an apt source for Kriemler, who was doing his own appropriating here."
6059,"When Alberta Ferretti looks out her bedroom window, she sees birds and trees and nature in all its glory. That's because she lives in her own small forest. She brought that to life on the catwalk today. And isn't that the first rule of inspiration? Use what's around you. ""A metamorphosis of nature and woman,"" Ferretti called it. She animated her twenty-first-century naiads and dryads with the height of Italian artisanship. One example: the mandalas of feathers that were made in Florence by the only craftsmen in Italy capable of such intricate work. Feathers were, in fact, a key component of the collectionãas a print; as an illusory mélange of pleated ribbon; and as the real McCoy, in a darkly balletic dress that would have done Natalie Portman's Black Swan proud. But the forest that Ferretti loves was also vital. Her palette contained the colors of fall, green on the point of turning to orange, or peculiar leaf-mold tones. The textures followed suitãfabric technology duplicated tree bark; a nubby autumnal tweed was shot through with gold. ""Like sunlight through trees,"" said Ferretti. Dresses in felted alpaca ended in homespun fringes. There was sublimated glamour in the flash of sequins that illuminated the lapels of a loden coat, but ankle socks and suede sandals grounded the whole affair in earthiness. Ferretti's woman is often cast adrift in an ethereal cloud, so this felt like something different for the designer. An acknowledgment of reality? Not likely with all that extravagant, expensive handwork. Nevertheless, the homeliness of the collection suggested a plush retreat."
6060,"Perfect is so overrated. ""I love it when there's something a little bit wrong,"" said Alessandra Rich of a Fall collection that she dubbed Bad Reputation. The designer's mix of well-intentioned chic meets girl-gone-bad came through in big bows, duchesse silk, taffeta, and a prim georgette top-half of a dress with a transparent black skirt in Chantilly lace. That fabric is a big Rich signature, and this season she used it to walk on the wild side, working it in layers, patchworks, panels, and inserts, or simply as a long, front-slit overskirt veiling a negligee miniskirt. ""Not only is lace very feminine, but I love that you look at it once, then you realize you don't understand, so you have to look again,"" she noted. Elsewhere in the collection, she created a psychedelic vibe in bold swathes of purple and gold on white stretch cady. Rich's silhouette, like the designer herself, is long and lean. This time she reined in her palette mainly to black and white to focus on exploring asymmetry and an amped-up mix of fabricsãsometimes as many as fourteen on a single dress. Touches of marabou and sparkle rounded out the story: The cheekiest number had a see-through bodice with strategically placed discs of firework embroidery over the breasts. ""She's definitely a party girl, but she doesn't think in terms of occasions,"" Rich said, describing her muse. ""She doesn't care about a bad reputation. She just wants to have fun."""
6061,"Lee McQueen often claimed that he felt obliged to offer his audience, drained by weeks of shows, something spectacular to reanimate them. The thought drifted across the minds of some of the more seasoned guests tonight when they walked into an arcane venueãthe training stables of the Garde R_publicaineãto be confronted by a landscape composed of ten thousand heather plants, illuminated by spooky moonlight. The mind raced. ""Wild beauty"" was Sarah Burton's inspiration. She insisted she was over construction, corseting, control. ""I wanted to see the woman's face again,"" she said. ""Free her a bit, touch her, feel her."" So her Fall Alexander McQueen collection was built on a swingy trapeze shape, a childlike proportion. ""It's the world through an innocent child's eyes,"" said Burton, whose ongoing experience of recent motherhood might have assisted the collection in ways she didn't fully understand. Take the fairy-tale aspect, for instanceãthe ethereal, magical quality of delicately embroidered organzas, or coats exhaustively composed from hand-cut feathers to create the illusion of moth's wings, or virginal smocks in broderie anglaise. But in fairy tales, innocence is always in tandem with a wolf, a witch, or some other entity of darkness, and that also came across clearly in Burton's collection. There was something feral in what she showed. One model was owl-like in a swooping fur cape. Another was swathed in skunk, with fiercely feathered eyes. The artisanal aptitude of the McQueen atelier was so much in evidence in the extraordinary detailing of the collection that the clothes straddled a fine line between ready-to-wear and couture. This may be the most logical option for Burton going forward. She is so entranced by time-consuming technique that it's hard to envisage a time when mass production carries the McQueen ethos to the masses. Which is a shame, because every home should have one."
6062,"He dragged us all out to Brooklyn on a wintry Saturday nightãit had damn well better be good, was the thought on our minds as we waited half an hour past go time for the outer-borough-averse to find their seats. The setting was Duggal Greenhouse, a new event space in the Navy Yard, the Web site of which advertises the latest in ""solar energy, organic air purification, and eco-friendly building practices."" Aside from the fact that it wasã Shock! Horror! ãin Brooklyn, it was an apt setting for a conceptual collection about pounding the New York pavement. ""Extreme conditions and survival,"" were the designer's talking points at a preview. There were references to hunting, mountain climbing, and other outdoor sports, but the clothes, as is typical for Alexander Wang , who joked that he goes to the gym ""at least once a month,"" were resolutely urban. Making it in the big city requires two things: a great coat and walking boots. Wang had both. Outerwear was the show's strongest category, and there were a lot of persuasive options, from suede down puffers to shearlings to silk Windbreakers with jacquards of mountain scenes at the hem. A strong sartorial elementãshades of Wall Street, the heartbeat of the cityãwove through the collection as well, via suiting pullovers, leather shirt-collar dickeys, and silk cravats. As for the snap pockets that decorated the front of efficiently cut checked shifts, they were designed to house Moleskine notebooks, smartphones, lighters, and lipsticksãnot bait and tackle. The lights went down and a dozen more models walked out, taking their places around the edge of the runway. As the circle started and stopped, the heat-activated leather clothes on the models stationed in front of the set's metal vents changed colorsãfrom black to blue or yellow or purpleãthen slowly faded as they rotated away. That clever, high-tech finale sealed the deal: The show was just about worth the price of admission. That is, until we were confronted with the extreme urban conditions of an epic town-car traffic snarl on the way out of the Navy Yard. Escape from Brooklyn! We would've been better off hoofing it, like one of Wang's over-the-knee-boot-wearing survivalists."
6063,"Runway images inevitably won't do the craftsmanship of Alexandre Herchcovitch 's latest outing justice. The veteran Brazilian designer has been plugging along with collections at varying levels of eccentricity for many a year now, but for Fall he went back in time. Backstage before his show, Herchcovitch spoke about looking to vintage camisoles and other underthings for inspiration. That wasn't the only throwback, though; where construction was concerned, he unearthed specific techniques of embroidery and lace crocheting that boggled the mind in their couture-like precison. The latter, handled by ""little old ladies"" in the north of Brazil, was particularly showstopping; one dress (Look 29) took roughly three months to create. A wearable and romantic prairie-gothic vibe was the order of the day, with plenty of Victorian flourishes, like jackets with sweeping, slashed muttonchop sleeves. Elsewhere, cashmere jersey camisoles trimmed in tiny crystals were worn half-on over scalloped embroidered button-downs. Amid a sea of peach, cream, tawny brown, and black, three stunning looks in sculpted scarlet and fuchsia wool were a reminder that Herchcovitch sure knows his tailoring. And perhaps most importantly, nearly every piece felt truly special. For some, the dreamy nostalgia and skivvy-inspired ensembles will be a bit much for everyday wear, but here's hoping that Fall's offering finally earns Herchcovitch greater mainstream recognition stateside. After this collection, he deserves it."
6064,"Only when prodded did Alexandre Vauthier reveal that Beyoncé had given him the black and pink ""Surfboard"" sweatshirt he was wearing. Then he couldn't immediately remember who wore one of his couture dresses to the Grammys (it was Rihanna). For his ready-to-wear collection, he wanted only one model to be photographed in his fourteen key looks: Hana Jirickova. All of which confirms that glamorous women populate Vauthier's world, and you can see how their glamorous lives influence his designs. Often, he recasts the themes and technical details from couture, such as the animal-print shirtdress woven with gold lamé and the braided leather bustier (for some, it's dress-length). Basic black leather jeans and silky T-shirts seemed, at least in part, to function as necessary entry points for retailers. And the designer's signaturesãa slim bar of gold hardware running up the cuff of a white poplin shirt, and a seam that traces down the spine of a black roll-neck sweaterãeffectively get you wanting pieces you already have in multiples. This is not a manipulative move; rather, Vauthier is convinced that he can do them better. And when you try on his impeccably tailored smoking or compare the fox-trimmed ski jacket to what's out there, you just might agree that he has a point."
6065,"Alexis Mabille sees bow ties where the rest of us see, well, tied sleeves. The designer titled his Fall collection Coup de Vent, which he translated into English as ""breezy."" He explained before the show that he wanted to convey movement and effortless cool because that's how he sees women dressing today. But instead of forsaking his characteristic flair, Mabille flouted the notion of basic by ornamenting sweatshirts with Swarovski crystals and proposing sweatpants entirely in tulle with sparkly motifs around the knees. He singled out a ""jogging-smoking"" silk satin ensemble as his pice de r_sistance: Purists might take umbrage at combining a hoodie with tuxedo striping in one look, but Mabille is fearless when it comes to remixing, which helps explain why some outcomes ended up stronger than others. Those extraneous shirtsleeves, for example, seemed like affectations (people never tie a white poplin shirt around their waists just cuz), and handkerchief hemlines were challenging. Mabille found a groove using tartans on minidresses and blouses, which he then paired with taffeta skirts. The designer's masculine-feminine fixation played out on a gray flannel fluted redingote and again with an inky blue evening suit for the show's final look. Unlike the sneaker ubiquity everywhere else, he stuck to stiletto booties. What they lacked in easy-breezy, they made up for in attitude. And Mabille will always lean toward the latter."
6066,"Alice + Olivia 's Stacey Bendet has no difficulty pulling a crowdãshe doesn't need to make a fuss. Yet that didn't stop the designer from staging her most ambitious presentation to date by renting out the McKittrick Hotel, normally home to interactive theater production Sleep No More. Like its regular tenants, Bendet also used the venue to tell a story. This one just happened to be about Fall 2014. Inspired by the illustrated pop-up books of Benjamin Lacombe, Bendet wrote her own fairy tale: Enchanted: The Search for the Golden Monarch was presented on a paper scroll, each chapter played out by models. There were plenty of props that helped move the plot along, as well as Cinderella dressed in a shimmery blue ball gown and Rapunzel glowing in green. The rest of the collection also had a fairy-tale feel, although it wasn't quite as literal. ""The clothes are dark, sexy, and all tying back to a Victorian element,"" Bendet said. To wit: Nearly every look was styled with a black ribbon studded with crystal-and-gold flowers, which was either worn as a belt or a choker. The Victorian theme was also present in the cream and black high-neck blouses and dresses, as well as a long robe-coat covered in a red-velvet baroque pattern and worn with a pair of flared jeans. (So, really, it was about the Victorian era as it was interpreted in the seventies.) Bendet, who launched A + O with a pair of pants more than a decade ago, also introduced new trousers. Her husband's suiting inspired the covetable styleãlow to the waist and tapered just slightly at the ankle to achieve a certain line. A few of the fifties-silhouetted outfitsãparticularly a cute mohair sweater paired with a shiny blue circle skirtãcould have been edited out of the lineup, if only to keep the designer's fairy tale on track. Those styles had value, but the kind that is better left in the showroom. Where Bendet succeeded this season was in creating a wonderland where her girl would want to live. While wearing Alice + Olivia, of course."
6067,"Craft and luxury. They have been dear to Joseph Altuzarra since his very first collection five years ago this month. But signing on with Kering late last year has given him the means to explore them in even deeper ways. That's what Altuzarra set out to do for Fallãand at a venue, Spring Studios, where big guys like Calvin Klein, Michael Kors, and DVF are showing this season. Altuzarra is a big guy now, too, but he made that point in decidedly unflashy ways. There was an appealing simplicity to his clothesãless fashion, and more style. Take the double-face navy cashmere wrap coat with generous cobalt blue shawl collar that opened the show. It was a model of timeless refinement, as it was in the bolder combination of pine green and fuchsia that came later. Altuzarra cut skirtsuits in the same lofty, unembellished double-face cashmere and finished them with such a fine attention to detail that they could've easily been worn inside out. That was an idea that particularly resonated with him. An understated gray sheath was constructed with horizontal slits at the waist that exposed bright orange and coral linings, ""almost,"" Altuzarra explained, ""as if the back of the dress was being exposed."" Counterbalancing the precision patternmaking that went into a number like that was a group of woven tapestry pieces. Hand-loomed by artisans here in New York, the tops and dresses were inspired by the 1970s textiles of Sheila Hicks, an artist Altuzarra discovered during Art Basel Miami Beach, a trip that also goes a ways toward explaining his unbridled use of color this season. They were beautifulãlavish and raw at once. Something similar was at work in the shearling jackets and coats that were modeled after Patagonia-style fleeces with patch pockets and linings in painted leather. A quick glance and they looked almost humble, but lay your hands on them and it was a different story. In the end, that was the big takeaway: There is grace and beauty to be found in comfort."
6068,"For a while now, Andre Walker has been a name known only to the fashion cognoscenti. Teenage fashion prodigy, consultant to Marc Jacobs and Kim Jones, publisher of the cult magazine-cum-art object Tiwimuta . Sometimes at a fashion show you would hear someone say, ""Oh, Andre Walker was doing that back in the early nineties."" And that was undoubtedly true. Now Walker is getting a wider audience, albeit still a niche one, with his And Re Walker collection, exclusive to Dover Street Market. As Walker explained at an appointment today, the line came out of an open-ended conversation he had with Adrian Joffe about what he might like to do for the new New York store, and the result is the small group of looks now in stock. Some pieces, like a sculpted bouclé dress that weighs thirty pounds, are essentially identical to pieces from Walker's archive; others, like the T-shirts and tanks with ""handles"" that operate as belt loops, are new iterations of ideas that Walker says he was playing with back in his teens. And yet other pieces, like the cropped trousers made from vintage silks, are entirely new. Much of the specialness of these clothes is private, or at any rate a close-up thingãto wit, the weighty white button-down with open notches and hidden pockets. Elsewhere, though, the gestures are more broad: One of the archival looks Walker remade at Joffe's instigation was a bouclé scarf that buttons around the calves to become a sort of pant. Apparently, the shop has already sold a couple of those."
6069,"Robots at Andrew Gn ? It was an unlikely sight from a designer who caters to a ladylike crowd. Gn said he went with his instincts this season; he's been watching a lot of Japanese manga and grooving on the art of Yayoi Kusama. But even appliquéd in python and lace, the robots were out of sync with his other signatures. He was definitely pushing at the boundaries of his uptown aesthetic hereãthere was a lot more sheer than you usually get from him, for exampleãbut happily the other parts of the collection weren't quite so far out. Longtime clients will recognize his ornate surfaces, even if this time he chose polished metal grommets for embellishments instead of more familiar beads and crystals. And with below-the-knee plissé skirts turning up on other runways for Fall, they'll appreciate Gn's versions. Another positive: his striking color combinationsãbaroque scrolls of royal blue appliquéd on the deep green of a wool crepe coat, Indian pink on the gray flannel of a sheath dress, and apple green embroideries on an aubergine silk blouse. A clever stylist could help Gn channel his better instincts. He's long avoided working with one, but especially now that he seems intent on breaking out of his own mold, he should reconsider hiring one next season."
6070,"Since she struck out as one of the Antwerp Six in the mid-eighties, Ann Demeulemeester 's clothes have not exactly been noted for their pop-tastic cheer. Right from the start, Demeulemeester made punkish understatement her trend-proof calling cardãin so doing, she earned the undying loyalty of fans such as Patti Smith, who was also her muse. Like Smith, Demeulemeester was interested in depth, not froth, and understood that melancholy could be a kind of ecstatic experience if you engaged it from the right angle. When the designer showed her first collection in Paris, in 1992, The Washington Post admired her aesthetic's ""sultry bleakness,"" an apt phrase that has continued to apply over the years. She did not veer. Last fall, Demeulemeester announcedãwithout explanation, really, and via handwritten letterãthat she was leaving her label. The show this afternoon was the first one made in her absence. For the moment, at least, it appears that the team designing under Demeulemeester's name is determined to double-down on her reputation for moodiness, jettisoning last season's patterns and prints in favor of more ""signature"" pieces. The women's clothes shown here were mainly of brackish dark colors, deconstructed, twisted, folded, and wrapped. Any hint of the upbeat came from a handful of men's looks that featured bolts of flashy bronze, and from a final passage of languid women's ensembles in white and palest pink. The latter were really lovelyãa show highlight, for sure, alongside a few intriguing double-breasted silk dresses. The Demeulemeester woman should also be satisfied with this collection's brooding but rather sexy gowns, and with the low-slung, voluminous trousers. The Demeulemeester man, meanwhile, may be tempted by a gothic coat of Persian lamb, but will probably wind up with a blazer in a tonal flock, as well he should. Also, the bronze trousers and jean jacket looked good today: They had pep. You did sort of wonder whether Demeulemeester herself would approve."
6071,"Given that she's a designer who has always loved decoration and embellishment, it's odd that Anna Sui has never checked China as an inspiration. Maybe she was waiting till she found an appropriately arcane reference point. Which, for Fall 2014, she did. Anna May Wong was the first Chinese-American movie star, a queen of the silent movie era who managed the transition to talkies. She was a figurehead of fiercely fashionable chinoiserie in the 1920s. And there are at least three elements in that statement that meant Wong was catnip to Sui.  First, chinoiserie: the color scheme, the prints, the languid lines. Next, the twenties, Art Deco and all, an era whose glamour and geometry Sui has been hot-wired into since she launched her career. Finally, fierceness: the bold conviction that has always driven Sui forward, irrespective of trend and taste in the broader fashion market. All power to her for that. But this particular collection demanded particular recognition.  There's always a central story with Sui, but it's never the only thing going on. Here, for instance, Anna May Wong was the fulcrum, but Sui had also been reading Anjelica Huston's autobio, and, taking on board the anecdote about Huston's mom sending Irish tweeds to Coco Chanel to be run up into outfits, Sui made her own tweed pieces š la Coco. She was also fascinated by the regional American design movement called Pueblo Deco, which mixed highly compatible Navajo and Art Deco elements. That made its graphic way into the collection. In other words, layer upon layer of inspirations shaped Sui's Fall, and the innate compatibility of notions that were separated by place and time helped to make this presentation one of her strongest in recent memory."
6072,"Tony Viramontes' name is coming up with increasing frequency in fashion circles these days. An exhibition at 10 Corso Como in Milan can do that for an artist. Anthony Vaccarello said he didn't see that show, but he's the latest designer to key into the 1980s illustrator's expressive, graphic work. Viramontes' drawings influenced the sculptural patent red ruffle that curved down the front of a strapless black cocktail number and the inverted triangle cutout on the midriff of a one-shouldered minidress. Vaccarello credited the metal leopard grommets he appliquéd on leather separates to Viramontes, too. More loosely, Viramontes' eighties heyday was reflected in the show's silhouette: the pronounced shoulders, the bum-grazing minis, pants with pleats (a first for Vaccarello). But if the clothes glanced backward, they didn't look retro. The turtleneck dickeys paired with even the sexiest of looks added a cool, modernizing touch. Besides, Vaccarello's signatures are strong. The asymmetric hems on miniskirts and the hip-high slits on longer ones made this collection look identifiably his own. It was easily his most well-rounded so far, with a new emphasis on tailoring and outerwear. Vaccarello has been criticized in the past for his too-specific point of view. Let's face it, hip-bone-baring dresses are for the very few. But take another look at the shearling jackets and coats he opened this show with: They'll appeal to a lot of different women, 6-foot-tall super-babes and otherwise."
6073,"Show notes are always to be taken with a grain of salt. Still, you had to raise an eyebrow, looking again at the first line of the release accompanying Antonio Berardi 's new collection. ""A drive toward minimalismÄ"" it read. But simply put, this collection had a lot going on: collage-style construction. Sculptural flourishes. Windowpane effects. Hand-painted chain embroidery. Sparkly lamé. A panoply of intense textures, many of them juxtaposed in the same look. And that's an incomplete list of the ideas Berardi was playing with this season. His usual Amazonian sexuality came through, and there were a handful of very nice pieces, like the gray flannel coat with raised pockets, or the show-closing embroidered gown with nicely judged bell-shaped sleeves. But too many of the looks here came off heavy and/or cluttered. Assuming the show notes reflect at least Berardi's intent, then his instinct toward restraint is a good one. To get there, he'll have to tighten the reins."
6074,"A full, silvery moon hung over Antonio Marras ' show space. The room was studded with screens playing videos of wolves, howling at their own moons or just being their irresistibly beautiful selves. The effect was artfully poignant. In other words, the ideal cue for a Marras collection. The set also offered valuable clarity, given that this particular outing was an even more head-spinning stew of references than usual. Marras managed to draw a line from Annemarie Schwarzenbach, lesbian siren of the Weimar Republic, to Little Red Riding Hood to Joseph Beuys to Herman Hesse's Steppenwolf. A final touch: The models were done up like Rachael, the replicant in Blade Runner. A night on Google could scarcely fill in the gaps. And yet the common threads were always the wolf and the moon, masculine and feminine. Familiarity with Marras' work leads to the inevitable conviction that he is a frustrated movie director, today's show being a case in point. Each outfit was like a piece of an expanding narrative, light, dark, then light again. Inevitably, there was too much. Marras spillsãhe can fill a sketchbook with drawings over the course of a single lunchãso a judicious edit is anathema. Here, for instance, the sweet floral embroideries and appliqués that closed the show diffused the impact of the handful of stunning needle-punched outfits that preceded them, particularly the military hybrids. On the other hand, Marras has been making an earnest effort to keep things more accessible. His favorite silhouette was an A-line. There was charming knitwear and even his own graphic remodel of a track suit. And the shoes were some of the best flats you'll see in a season where flat shoes dominate."
6075,"With their latest offering, Apiece Apart designers Starr Hout and Laura Cramer stressed the notion of a woman becoming who she aspires to be. It was an apt metaphor for a brand that, over the course of a single season, seems to have progressed by leaps and bounds. Apiece Apart's Fall offering boasts exponentially more pattern than the label has ever shown before and a newly conceptual approach to the mix-and-match basics they've made their name on. Hout and Cramer cited the eighties downtown gallery scene as an inspiration, and indeed, there was a bit of Alex Katz around the edges of a multihued-stripe print. (It looked smart on a shift, smarter still on an A-line midi skirt.) The designers described another fabric, a fairly literal interpretation of television static, as an allegory for carving out space in the noise of a New York day. All of it struck a keen balance between graphic-art-inspired prints and cozier, organic elements, like gorgeous nubby wool coats and ponchos in custom Peruvian knits (the latter's own stark appeal saves wearers from looking as though they've stumbled out of a head shop). For Apiece Apart, the shift from Spring ê13 to Fall ê14 seems a bit extensive and a bit cerebral to be dismissed as pure organic growth. If anything, it feels like an exuberant creative exercise gone very right. That's to say nothing of the fact that they've grown by nearly sixty stockists over the course of three seasons. Sounds like they're well on their way to becoming the brand they want to be."
6076,"Luchino Visconti and Art Deco. We were a long way from the tropics and the Paul Gauguin references of last season at Aquilano.Rimondi tonight. That show seduced with its bare shapes and lush prints. Here, the designers were eager to explore mannish tailoring in heavy wools, and the different ways they could romance them. Not quite as obvious a sell, perhaps, but their ideas ran from the small scale to the grand, and the juxtapositions provided some pleasures of their own. On the small scale: mink buttons on a double-breasted jacket, and a mink ribbon belt cinching a single-breasted one. Little details like that were charming enough for you to look past the tailoring's sometimes challenging proportions. And on the grand scale: a V-neck sheath in charcoal silk jacquard laminated with bronze Deco roses, and, for something a bit more extravagant, a wool overcoat in that same shade of gray embroidered in three-dimensional steel flowers. Both pieces showcased their flair for embellishment yet retained a sense of restraint. That was less true of a dress in sheer organza featuring mink patch pockets and dense clusters of crystals. See-through dresses have become a thread in Milan, but we're not buying them. Elsewhere, it wasn't quite clear how Deco or Visconti apply to a cropped leather jacket and pencil skirt layered over another jacket with ribbed athletic cuffs and waistband. Those looks were points against Aquilano.Rimondi, but overall the good outweighed the bad here."
6077,"If you're looking for understated silhouettes, keep movingãyou won't find them in Araks Yeramyan's Fall offering. But if slim sheaths are your cup of tea, chances are you're not looking at Araks to begin with. In her world, eccentric shapes, plus-size peplums, inflated sleeves, and generous tiers are the order of the day, and they've earned her a following from women who are happy to wear their quirks with pride. This season, a serendipitous turn working on her parents' costumes for a clown-themed Halloween bash sent Yeramyan down an aesthetic rabbit hole, coming out the other side with a playful collection inspired by famed harlequins from Pierrot to those painted by Picasso. Clown costumes were stripped down to their essences and reconstructed. The trapeze silhouettes remained, and cheery polka dots appeared in Lurex jacquard. Floppy tiered collars escaped feeling costumey when seen atop a crisp, otherwise unadorned white button-down tunic. Even a ringmaster's coat found new life in blue buffalo check. Proportion and print were handled with flair; a paired sweater and skirt both seemed almost imperceptibly too long, and the result was a certain haphazard brand of uncool cool. Freehand lines from a Picasso painting were reinterpreted as a quietly off-kilter stripe on an asymmetrical frock. Elsewhere, on a skirt and blouse set, a pattern at first unintelligible quickly dissolved into the silhouettes of dozens of tiny birds. It's details like these that Yeramyan seems to delight in; it's hard for her viewer not to come along for the ride."
6078,"Right before his show, Ashish Gupta announced that he's doing another Topshop collaborationãnot a few pieces this time, but a full collection with around thirty looks, including swimwear. Gupta had been in his native India practically up to the eleventh hour before his Fall Ashish show. He may want to consider making that a habit given the result it had on his collection today.  For such a shy man, Gupta is an amazingly flamboyant showman, and that came through in a show that carried a now-expected fever pitch drama, superb soundtrack, and high-octane love from the audience. The first dress got the crowd excitedãa shimmery pink sequin gown that had Lily Allen snapping her camera like crazy in the front row. Gupta is well known for his love of sequins, but today he surprised with pearls in abundance. They were his new sequins, and he elegantly placed them on pieces that had something he hasn't been known for until now: silhouette. The baggy, shapeless looks from seasons past were gone. Here there was more structure in blouses, trousers, and dresses, especially in a prom queen tulle skirt that had uncharacteristically sharp lines.  Gupta used LED lights that sparkled and shimmered on platform trainers and underneath the layers of his tulle skirts. Sticking to the twinkly effect, he also experimented with tinsel-silver threads hung off a tracksuit that, again, had a more refined shape than in previous outings. Said Gupta backstage: ""If I was going to do a jogging suit, I wanted it to be the sharpest one ever."" Despite the sequined denim, tinsel, and overall sparkle, this wasn't just a lighthearted romp. Gupta surprised with some extraordinary tissue-paper-like looks: The craftsmanship involved was truly impressive. Maybe that's why he holed up in India for so long."
6079,"Dressing in the dark, for the dark, was how Assembly 's Greg Armas described his Fall men's and women's collection. He was inspired by cabalsãgroups of people who meet for mysterious reasons, often amid intrigueãand what their members might throw on for these impromptu, midnight rendezvous. It was a romantic concept that Armas realized to varying degrees of success. Men were dressed in dark uniforms with religious undertones, the best of which comprised relaxed navy wool trousers, a beautiful merino shawl-collar sweater, a matching knit scarf and cap, and an eerie wide-brimmed rabbit fur and felt hat, the result of a collaboration with Albertus Swanepoel. For the women, Armas played with vampy, layered looks and pajama dressing. A tiered black and white striped silk top was paired with skinny black pants and fantastic white lizard-stamped-leather creepers (a collaboration with Underground). Also a standout? The elegantly cut, navy cashmere overcoatãa surefire staple for many a downtown girl come Fall. The snafus here came in the form of fit, fabrication, and the wares' ability to translate from occult fairy tale to real life. To the first point, some misplaced details caused a few otherwise sharp garments to appear awkward. For instance, a double-breasted black jumpsuit would have been a total knockout were it not for some ill-placed buttons. Light cotton twill also seemed an unlikely choice for Armas' jackets, trousers, and pajama ensembles. It felt a little too flimsy, and an option with more warmth and weight might have served him better. On the desirability front, something about Armas' twisted silk tops, plaid suiting, and three-quarter-length skirts didn't feel very modern. However, his silk and velvet polka-dot shirtdress? That cropped alpaca jacket with a single leather lapel? His skinny goth-tinged velvet trousers? Those are the kinds of pieces that Assembly's quietly cool woman will want to live in."
6080,"While BCBG Max Azria 's twenty-fifth anniversary show wasn't a retrospective, designers Max and Lubov Azria did use the occasion to revisit many of the signatures they've developed over the years. ""I can't believe it. Our first runway show feels like yesterday,"" said Lubov backstage. Graphic color-blocking, asymmetric hemlines, and mixed materials were just a few of the label's recognizable tropes in heavy rotation here. There was an emphasis on longer lengths and relaxed silhouettes, with kinetic midi skirts and culottes paired with knee-high boots, which gave the lineup a slight seventies vibe. Taking advantage of the endless layering opportunities Fall permits, the Azrias piled each look up with blanket-stripe ponchos, oversize biker jackets (a lavender leather style was particularly appealing), and plenty of fur. The fuzzy stuffãpelts of all types including shearling, fox, raccoon, and rabbitãwas featured on everything from statement-making outerwear to playful clutches that doubled as hand warmers (why hasn't anyone thought of that before ). Occasionally, the fur flew too much, as in the case of a massive, teased-out Mongolian that seemed like a Fendi diffusion. Eskimo coat aside, BCBG's milestone collection was carried out with the characteristic confidence that has defined the contemporary label as ""bon chic, bon genre"" for a quarter century and counting."
6081,"Mark Badgley and James Mischka washed Fall in gold. Inspired by turn-of-the century Vienna, in particular artist Gustav Klimt and architect Josef Hoffmann, the Badgley Mischka collection was a study in the effect, whether on a bodice hand-beaded with rectangle paillettes and ruby gems, or a tweed wool shift with a metallic glaze. An almost-weightless metallic floral brocade made a beautiful ball gown, while a leopard print on a wool ""nod to the power suit"" was dulled down to contrast with the otherwise opulent materials. The richness was framed, smartly, in fifties silhouettes. ""We were interested in the artists, but not the fashions, of that time, so we thought of Dior and Balenciaga from the mid-century instead,"" explained Badgley at his studio the day before the show. He and Mischka certainly know how to make an Oscar-worthy gownãsee the pink, ruffled-collar column done in shimmering snowflake tulle for proof ãbut they have often struggled with day. However, this season's voluminous shapes, such as a black cape coat in a waffle-weave wool, gave the before-6 p.m. pieces some spirit."
6082,"Now in his third runway season at Balenciaga , Alexander Wang is settling in and feeling more confident. You could see it in the all-American sportswear, with its references to utility and speed. And it was there in his emphasis on knits, too. As a design student, Wang began his own business with a line of knits. Having noticed their absence in the archives, he was eager to bring some of that vocabulary to the house. We're not talking about run-of-the-mill sweaters, of course. Wang's Balenciaga is a laboratory and the clothes this season were experiments in hybridization. At a preview, he explained, ""I go back to pieces that feel familiarãit's a sweater, it's a wrap dress, it's a raincoatãand ask myself, 'How do I make it feel special '"" Cabled knits were laminated with latex or bonded with leather. Rugby-stripe dresses were knit from thin strips of Japanese polyester jersey, and ribbed pullovers were reimagined with thick fur ribs. Wang also gave the evening sweater idea a go, adding gray wool shrugs with dense ""sea urchin"" beading around the necklines to draped and wrapped duchesse satin tops. As it goes with experiments, many worked, but some didn't. The opening coats with their beaver fur panels, knitted leather kangaroo pockets, decorative zipper details, and belts looked belabored. His belted wrap coats in marled brights, by comparison, were unfussy and uncomplicated, and they were better for it. Moving forward, Wang should learn to trust in simplicity. Other elements in the show suggested he's absorbed that lesson. His slim, slightly flaring pants were exemplarily cut; they were sexy and leg-elongating, a fact that was put into sharp relief by an understated turtleneck with an asymmetric hem. Meanwhile, ""shopping bag"" bags, which the models carried in multiples, pointed to Wang's sense of humor. The seriousness of his responsibilities at Balenciaga had seemed to sap him of his signature playfulness in the past. To see him having some fun here was a positive development."
6083,"A year ago, the biggest attraction at the Bally presentation was a pair of Siberian husky puppies. A lot has changed since then. Designers Michael Herz and Graeme Fidler made their exit, and incoming CEO Frédéric de Narp arrived fresh from a Harry Winston turnaround. Today, Bally's newly appointed design director Pablo Coppola showed his first accessories and ready-to-wear for the Swiss label. Coppola comes from Christian Dior most recently and Tom Ford before that, so this didn't have the feeling of a tentative debut. On the contrary, it was a bold and welcome departure, one that had editors queuing up to meet Coppola. His instinct to clean up the bags and shoes and put an emphasis on construction both inside and out was a smart one. As a 160-year-old brand, Bally should stand for classics, although it certainly doesn't hurt that understated accessories are very much what's in the fashion atmosphere at the moment. Coppola kept hardware to a minimum, focusing instead on glossy leathers in subtly strong colors and non-flashy exotic skins. On the shoe side, an elegant pointy-toe pump and a stacked-heel knee-high boot with a vague 1970s feel both looked good. Among the bags, a square shape with one corner sliced off (an echo of the heel design on Bally's men's shoes) was the most distinctive. Coppola described the ready-to-wear as ""accessories to the accessories,"" but the clothes didn't look like afterthoughts. Here, too, there was an emphasis on craftsmanship and understatement. A camel coat, pinstripe trousers, ribbed pullovers, raw denim jeans, a leather puffer jacketãthey were elevated basics, essentially, and strong building blocks for a revived Bally."
6084,"Welcome to my jungle, Olivier Rousteing pronounced backstage, declaring this fearless mash-up of safari chic and hip-hop style to be his most personal collection ever. ""I'm French, I'm black, and I'm proud to be at Balmain , but this is a message of freedom and globalism,"" he said. Rousteing's new Fall show for Balmain continued in the groove of his pre-collection, which marked a departure from the glitz of his previous outings. In January he was talking about a more all-inclusive Balmainãone that embraces different ethnicities and cultures, and is reflective of his latest campaign face and new friend, Rihanna. Riri was supposed to be the guest of honor in his front row today, but she was waylaid by Paris traffic. Even without her, though, Rousteing's new message was hard to miss. From here on out, he'd be doing things his way. So, the baby pink and sky blue pied-de-poule of last season was out. In its place were cargo jackets and pants, leopard spots and zebra stripes, leather latticed with silk cord and gold chain, oversize motorcycle jackets, and electric pops of red and yellow lamb's fur, all showed on one of the most diverse castings of the season. Bare skin has been a big thing at Balmain since the house was revived in the mid-aughts, but Rousteing made a conscious break with that here. ""In 2014, you can be sexy without exposing two meters of legs,"" he said. Sometimes that meant his layered looks erred on the heavy sideãbut that's nothing that Rousteing and Rihanna can't iron out before her next photo op."
6085,"Band of Outsiders opens its first U.S. store in Soho this summer. Today, Band mastermind Scott Sternberg played host at the space, showing via presentation for the first time in many seasons. Due in part to the staging, there was a sense of humility to this collection: Silhouettes were easy; fabrics were cozy; and the debut Band of Outsiders shoe, a simple but refined oxford, was appealingly matter-of-fact. As Sternberg noted, he wanted to make stuff to ""fill out a woman's wardrobe, things she'll actually use."" Of course, these clothes weren't entirely down-to-earth. Taking cues from Lee Miller, Man Ray, and Elsa Schiaparelli, Sternberg flashed some surreal wit, playing trompe l'oeil tricks on his signature bandage skirt or introducing an element of the unexpected by offsetting pattern. The mix of the realistic and the surreal made this a particularly successful outing for Sternbergãthere will be plenty of customers for these clothes come opening day."
6086,"Barbara Bui 's personal evolution came from thinking primitively this season. It was clear as day in the prehistoric fossil patterning, and the python and printed leather jackets that mimicked a turtle's carapace. It was also evident in the way her statement ponchos draped like pelts and her leather Perfectos had been spliced with shaggy sleeves. The ivory knit leggings felt positively au naturel compared to Bui's typical polished black pants. Then, midway through the show, the designer ditched the turtlenecks and shifted gears to a night message in which she revisited two of her favorite themes: rock 'n' roll and sharp tailoring. The former played out in swirls of shiny studs from jacket collar right down to boot tip; the latter, as a lengthened jacket exposing the thigh and a suit in a neoprene-nylon blend (here, the pants were wider and low-slung). Was there a link between day and night? Yes, if you consider Bui's overall attention to technical detail. In a single coat, lamb's wool appeared sheared, furry, and fuzzy and had been embroidered to create a paneling effect. On a jacket, strategically placed zippers allowed pieces to be detached, producing a moto-bolero. Of course, it helped that Karlie Kloss was wearing the shaggiest coat of them all; anyone else might have looked like a primate. Along the continuum running from Bui's oversize cable sweaters to her gauzy side-ruched chiffon blouses, her subtlest tweaks made the strongest impact."
6087,"This year has already shaped up as a big one for Barbara Casasola . Last month, Casasola presented as the guest designer at Pitti in Florenceãquite a coup, given the fledgling status of her brand. The clothes she showed today both affirmed the attention she's been getting and suggested that it may be a touch premature. The collection was notable for its focus on daywearãnot typically an emphasis for Casasola, and a category she's still getting her arms around, it seems. Trim suits and jumpsuits in gray wool had a nice sense of polish; on the other hand, the proportions of her double-breasted blazers and culottes were a little off. That said, it was nice to see Casasola trying to work in a looser veinãsomething she did with more success in the sheer dresses, tops, and skirts in painterly color combinations. The pieces were designed with a kind of scaffolding of stripe in the fabric, which brought Casasola's mistress-of-discipline sensibility to bear on the otherwise soft silhouettes; these were easily the best looks here. All in all, this show represented another advance for Casasola. Stay tuned."
6088,"It's a shame today's red-carpet regulars and the stylists who dress them are so print-averse (and risk-averse), because it would be a treat to see someone like Pen_lope Cruz wear the rose-printed off-the-shoulder aqua jacquard gown that was the centerpiece of Barbara Tfank 's Fall 2014 presentation. Frankly, it's also difficult to imagine who besides Cruz, with her supermodel stature and Sophia Loren-style smolder, could pull off such a dress. But it was by no means the only formal option from Tfank, who shifted her focus to eveningwear this season because her clients had demanded more black-tie attire. For a designer who consistently works with couture-level fabricsãthat French jacquard, by the way, was far richer in person than it appears in photographsãgowns are a logical medium. Another floral option, this one less structured, with giant pink peonies on champagne-colored lamé, looked nearly vintage in its sixties silhouette, with a shoulder-skimming d_collet_ neckline and full, box-pleated skirt. That said, when the model wearing it stood with her hands in the dress' pockets, she looked far coolerãand more comfortableãthan the one in a platinum lamé camisole with a matching curve-skimming fishtail skirt. Tfank said those separates were her way of doing ""something truly modern for evening,"" but the brocade and jacquard dresses that looked a little like throwbacks were far more beautiful. The show was held at the Leila Heller Gallery, where Turkish artist Murat Pulat's paintings of such midcentury starlets as Marilyn Monroe and Janet Leigh formed the backdrop, and while it's true that a gold matelass_ pencil dress with a wide, rolled neckline would have been beautiful on Leigh, with matching metallic Manolos it looked lovely for today as well. Tfank said the models' updos were tousled to approximate the actress Monica Vitti's in the campy 1966 movie Modesty Blaise. ""It's such a wacky film,"" she said. ""I love it."" Tfank knows what she wants to seeãand what her customers want to wearãand she executed it with excellence."
6089,"According to creative director Martin Cooper, the Belstaff business breaks down 70-30 in favor of men. The collection the label showed on Saturday was an earnest effort to shift the balance, revamping Belstaff's biker heritage to make itÄwell, a little more vampy . Not in a particularly sexy way, but more as a statement of female dominance. Cooper and Co. pictured their woman effortlessly mastering her hog.  But it wasn't so much the company's own 90-year history on wheels that infused the collection; it was more the spirit of another, more recent period. The late seventies in the British Midlands and North was a grim, postindustrial era that shaped the sound of wildly influential bands like Joy Division, and it was that dark, utilitarian, androgynous mood that prevailed here. Picture kids using post-punk DIY ingenuity to pull looks together from army surplus stores and second-hand shops: an MA-1 jacket, old leathers and oilskins, military coats, vintage plaid jackets, kilts, as punk holdovers.  Of course, that was just the initial mood, pliable, waiting to be shaped by Belstaff into a fashion ethos. Details were lifted from all those elementsãthe shaggy shearling collar and orange quilted lining of the MA-1, for instanceãand collaged into a collection for ""a woman who rides with an irreverent attitude,"" the press notes declared.   Perhaps it was a kind of irreverence that dictated the waxed cotton that is hallowed cloth at Belstaff should be sliced into melton wool for a new take on the classic Roadmaster oilskin. Elsewhere, the iconic biker jacket appeared with short sleeves, or quilted, or artfully elongated. The favored accompaniment was a kilt-ish wrap skirt in leather or charcoal flannel. A concession to femininity was a floral print taken from the traditional patterns of the famous china made in Staffordshire, England, the home of Belstaff. And there was something unambiguously womanly about the plainest lookãa black turtleneck and leather skirtãthat would have suited a biker librarian."
6090,"Oh, Betsey. You always have to one-up yourself, don't you? For Fall, Johnson actually pared down her typically dramatic runway, save for a bit of theatrical smoke and some shirtless ""firemen"" at the end, who aptly illustrated the ""hot, hot, hot"" theme. But she went all out digitally. Indeed, Johnson chose to broadcast her collection live in Times Square, an ambition she's been harboring for several years. ""I always want more people to see the show,"" the infamous cartwheeler said backstage before the models hit the runway. ""This is an 'I can't believe my life' moment for me."" The clothes, designed for ""the rock 'n' roll girl in every one of us,"" were classic Betsey Johnson . That means a highlighter yellow lace catsuit paired with a fluorescent pink pleated skirt, electric blue satin pedal pushers worn under a (real) fur vest in lime green, and a sweetheart red party dress perfect for prom. Johnson, whose backer is the footwear mogul Steve Madden, was pushing accessories big time. And to be sure, the blue leopard-print lace-up booties and matching lady bags will please her teenybopper fan base."
6091,"Friends inspire Bibhu Mohapatra , yet they're not the typical muses. For instance, this Fall he looked to the landscapes in photographer Manoj Jadhav's work, but also to his acupuncturist, who recently returned from a falconry trip to Mongolia and Tibet. In turn, traditional striped Tibetan garments reminded the designer of DNA bar code, which he transformed into a digital print. It's a winding way to go about things, but the end result was anything but convoluted. Mohapatra made it his mission this season to further define his voice, tweaking silhouettes that have sold well at retail to emphasize consistency without going stale. It's a smart approach for a fairly commercial designer; ""I built the collection based on information,"" Mohapatra said at his studio a few days before the show, in the midst of model fittings. The end result was a mix of evening and day that was quite pretty but also more focused than past collections. The DNA bar code motifãwhich could have gone terribly wrongãwas a success, best when painted in metallic gold and silver on a series of ivory numbers, particularly a short, full-skirted cocktail dress that came in at a V at the waist. It was sort of a faux wrap, and it worked really well to freshen up the silhouette. That V showed up again on a black tuxedo dress, woven for a quilted effect. The sunset-print evening gowns, while pretty, might've been a bit too literal for evening. That print worked better as the lining of a fur coat. (Fur is a big seller for the designer, so he has teamed up with Blackglama to increase production.) Mohapatra's other subtle nod to Tibet was in the scarves. He slung them elegantly around models' necks and tied them at the back. They gave the collection cohesion, but also a certain polish. Mohapatra is a very emotional designerãhe speaks a lot of spirituality and values when referring to his workãbut his analytical side served him well this season. It was a collection of hits that will further establish where he fits in the fashion world."
6092,"The first impression created by the winter-white alpaca on the Blumarine catwalk was snow, so it seemed logical to expect clothes to suit. But no. Out stepped black kimono looks dripping in gold, followed by jewel-toned satin japonaiserie cut so high on the thigh that winter was clearly a world away. Eventually there were items that spoke to the season, like a huge bubble of blue alpaca, a winter-white greatcoat, and a red fox chubby, but the only place Anna Molinari's woman would be going in them was a coat check. Otherwise, what was emphatically on show (and you can underline show !) was Molinari's party-like-it's-1989 sensibility: pelmet skirts, plunging necklines, second-skin leathers, the gleam of lamé (lavishly trimmed with red fox) and gold. Stock markets may crash, economies may crumble, but the Molinari index has now stayed high on good times for longer than seems feasible, never mind logical. But we've already established that word has no meaning in the world of Blumarine."
6093,"A few seasons back, Tomas Maier did a Bottega Veneta collection solely devoted to dresses. The one he showed today had a similarly sharp focus. Not a pair of pants or, for that matter, a jacket to be found. But it would be a mistake to call it a simple collection of sweaters, skirts, and dresses. Quite the opposite. What it was, in fact, was an in-depth exploration of cut and pattern-making, one that showcased Maier's inventiveness on the one hand and his keen appreciation for fit on the other. It was outstanding. Maier said something apparently straightforward but telling at his pre-fall presentation back in December: ""It's about putting the color in the right place to make a woman feel good. It's what we're here to do."" That rather humble statement applied to what he achieved today, too. Cases in point: He spliced geometric panels of burnt-red leather into the midriff of a black crepe dress, and he boldly arranged the striped swatches of crepe on another dress in ways that subtly shaped the body. ""Puzzles"" was the word he used backstage before the show, and a lot of technical know-how went into these pieces. But the results were as far away from fussy as you can get. That's down to the fact that the silhouettes were understated: sleeveless or long-sleeve, with a little nip at the waist, and a swishy bit of movement in the knee-length skirt courtesy of some pleats. That's it. Only with Maier, a pleat is not necessarily a pleat. A charcoal flannel skirt was painted and beaded trompe l'oeil-style to evoke the pleating effect. Another time he used a zigzag seam below the hips to create the illusion. But real or pretend, there was a genuine sense of comfort here, which was one key to the collection's appeal. It's no small task making dresses that are as unfettered as these but still pack so much graphic energy. Maier did it handily."
6094,"A trip to Bouchra Jarrar 's atelier makes you realize how dangerous the runway can be for a designer. How it makes them do unessential, excessive, even silly things. A short list of the ridiculousness we've seen this week: two heavy winter coats when one would do, triple fisting handbags, and evening dresses made out of a material used for boots. Jarrar isn't a silly woman. She opts out of the catwalk for her ready-to-wear collections. With her, clothes are clothes, designed to be worn. She lets the cuts do the talking, and her cuts are exceptional. For Fall, she's done a fantastic lean-legged flare, but most of her pants have a sporty sixties mien, cropped north of the ankle and featuring ribbed stripes down the sides. Sleeveless coats familiar from her Couture show reappeared here in more everyday yet still unique fabrics. She works closely with mills to develop exclusive weaves, even colors. And speaking of color, Jarrar had a beauty on her hands with the hot pink she used as an accent on an army green side-zip jacket. It was a surprise. She typically uses black, navy, and charcoal gray. More proof that some of fashion week's most singular pleasures are to be found far from the runway."
6095,"Brandon Sun , the young furrier, was eager to take things up a notch for Fall, hosting his first-ever runway show. His muse was the heroine of the Norwegian fairy tale East of the Sun and West of the Moon, who grows stronger with every trial and tribulation. ""No matter what happened to her, she was able to rise above it,"" said Sun last week at his studio in Manhattan's tiny fur district. His challenge was to show what he could do with fur beyond the obvious, but also to present ready-to-wear that his outerwear client would be just as excited about. To do that, the designer looked to Kay Nielsen's Art Nouveau illustrations from East of the Sun , which inspired the narrow, high-slit skirtsuit in metallic floral jacquard and the shoulder-baring dress in a weightless gold brocade. He was also inspired by the markings of the African Ndebele tribe, interpreted best on a tank and skirt pieced together with thin strips of leather in navy, burgundy, and white. Sun played with fur in a new way too. He used tiny mink puffs as polka dots on a sexy sheer blouse and on a sheer insert on the slit of a gray flannel dress. But those were noveltiesãthe strongest stuff had yet to come. As part of the Swarovski Collective, he was required to incorporate crystals into the collection, and he did so by insetting them into hand-cut Blackglama mink. It looked right, not forced, and showed off his skill. But the showpiece was undoubtedly the sheared mink and tweed coat, trimmed in mink and chinchilla. It was glamorous and modern, which seemed to be the look Sun was going for, sweeping references aside."
6096,"If Thomas Burberry could have seen Christopher Bailey's parade of déshabillé nymphets today, he would been enthralled by the way his sturdy trench had been magicked into a sheer organdy wrap or a canvas for an impressionistic daub. Burberry was, after all, a man of prodigious, adventurous appetite. Ever since the spirit of Christine Keeler presided over the Burberry catwalk last fall, Bailey has given his collections an increasingly sensual gloss that the old man would have undoubtedly appreciated. And so must've Bradley Cooper as his squeeze Suki Waterhouse walked by in a sheer gold lace dress."
6097,"Cédric Charlier acknowledged some of the season's signal items today when he showed generously cut trousers, culottes, sweatshirts, oversize drop-shoulder coats, and short dresses paired with thigh-high boots. That's what is called being ""on trend,"" and it's a savvy place for a relatively new designer to be. But that's not really the hard part. The challenge is standing out in the crowd, creating a signature that is sharp and special enough that the world gets itãbetter yet, wants to get it. After two years, you could say Charlier's signature is dark and arty, precisely cut, and menswear influenced. But how does he elevate that handful of ingredientsãwhich, after all, crop up everywhereãso his dish is the tastiest on the table?  Snakes, that's how.  ""The illusion of reptiles"" was Charlier's cryptic clue. The visual and sensory aspects of serpents were a starting point, the way light touches their skin, highlighting texture and pattern. The designer used a rippling debossed pattern to suggest a snake's slither, and he pleated leather to look like a scaly skin. Same with the paillettes he applied to a shift dress. ""Clair obscure,"" Charlier called it (more familiar by its Italian name, chiaroscuro), meaning the interplay of light and shadow.  There is something nonchalant about snakes. They never seem particularly bothered by things. That quality was something Charlier was after. ""A deliberation on comfort, sensuality, and nonchalance"" was his description of the collection. True, all three were embodied by the slouch of a blue pantsuitãby all the trousers, in fact. But otherwise there was a very un-snaky uncertainty about this show. The holes that Charlier punched in his last three fur pieces felt like jolts of frustration. In the end, the snakes were no help."
6098,"Only Phoebe Philo could cause an intake of the fashion industry's breath with the way she placed a white button on a black coat. The first looks on Céline 's catwalk today featured sleek, thirties-styled tailoring, and double-breasted closings gone surreally askew. The thirties were on Philo's mind when she was first thinking about the collection, especially women like Hannah Hüch and Lee Miller, who were pivotal figures in the Dada and surrealist art worlds. In fact, it was a photo of Miller in the bath in Hitler's Munich apartment after the fall of the Nazisãtravel-stained boots parked by the tub, fatigues folded on a chairãwhich was Philo's starting point. ""These women were doing things which were quite radical at the time, like wearing men's clothes, but which today seem quite normal,"" she said. ""I very much wanted women in men's clothes, but it was a complex idea so we brought it back to a quite feminine silhouette."" Despite the masculine elements in the collectionãthe oversize, man-styled trousers, for oneãPhilo's preferred emphasis was the tenderness of the clothes. ""I wanted them to feel touched by human hands,"" she explained. ""The way I approached them was very from-the-gut. When I was engaging too much in thought, it felt jarring. When I was in a fitting, I'd just get my hands on the clothes and feel a very instant relationship."" That primal-sounding connection translated into pieces that Philo insisted were very much crafted by hand rather than manufactured. They were as sensual as the tweed knits that pooled extravagantly over platform sandals, as textured as the hazy animal prints. Philo underscored the importance of nature with the lush greenery that sprouted along the catwalk. She imagined her woman running through fields, ""wild, tender, strong."" The clothes themselves often felt bursting with life, with seams feathering and fraying. The earrings, strung together from found objects, offered another clue. ""Much of the collection was put together like that,"" said Philo. ""Like a collage."" The immediacy, the spontaneity, the sensuality of such an idea certainly connected with the audience today, as it will undoubtedly relate to women when the clothes hit stores come fall. Philo has turned herself into the conduit for a million dreams of self-realization. But there may be something more subliminal, even stronger, powering her vision. Hannah Hüch and Lee Miller worked in the particularly chauvinistic world of art, and their gender was held against them, leading to professional disappointment and personal frustration. The subtle fierceness of the Céline collection today could be read as Philo's response to the environment in which she works, where, as she pointed out, she is still a woman in a world of men."
6099,"With so many young brands getting added to the New York fashion week calendar each season, it's often difficult for up-and-comers to stand out. Chris Gelinas is an exception. After cutting his teeth at Balenciaga, Proenza Schouler, Marc Jacobs, and Theyskens' Theory, the Parsons-trained talent launched his womenswear range, CG , with a small presentation last September. His impressive debut won him the Made for Peroni Young Designer Awardãan accolade that comes with $40,000 in prize money and a guaranteed slot in Made's NYFW lineup. Which brings us to Gelinas' Fall '14 outing. The designer couldn't have found a more fitting space than the Standard hotel's mid-century-styled, wood-paneled High Line Room to show his retro-futuristic, space-race-inspired lineup. Dubbed And Time Stood Still, the collection considered traditions we use to preserve fleeting momentsãfor instance, all the models wore silver-plated chunky heels or brogues, a riff on bronzed baby bootiesãand showcased Gelinas' deft skills in construction and textile innovation. A spongy mono-spacer fabric (in September Gelinas told us it was ""the new neoprene"") was turned into a structured but airy sheer evening gown; the model wearing it looked like some kind of space-age angel. This same material was used for a pair of thoroughly modern screen-printed sweatshirts, one of which was nipped at the front to create a rippling peplum. Other interesting elements included laser-cut neoprene boning, seen on a beautifully engineered corset top, and a hand-tucked accordion organza detail, which appeared on the back bodice of what Gelinas is calling his signature dress: a short, slim-fit number that he showed over pants. His outerwearãnamely, a geometric cocoon techno-wool jacket with rose-gold zippers, and a convertible brushed-mohair parka trimmed in Finnish raccoonãwas particularly strong. Same goes for the sporty peach suit, which felt youthful with its boxy silk twill jacket and matching cropped trousers. A pair of ruched track pants, however, stuck out as being too fussy against Gelinas' otherwise streamlined silhouettes, and some styling details, like a nunnish collar draped over a black cotton dress, were distracting. Even so, this was a more than solid sophomore effort filled with wearable, forward-thinking separates. (Gelinas said the CG woman likes to mix it up and isn't a ""full-look kind of girl."") Considering he was just short-listed for the hypercompetitive new LVMH Young Fashion Designer Prize, we expect to be seeing more of this designer very soon."
6100,"This is the second runway season that Cacharel has been rudderlessãthat is, without any official voice attached to the design. It has been sailing along in lukewarm waters, inspiring neither high praise nor strong objection. For Fall, nothing changed in any public way, yet there appeared to be an improved focus to the collection. Much of this can be attributed to prioritizing silhouettes over pretty prints. Egg shapes had been modified so that they remained classic from the front, but the back resembled Watteau pleating. Wool crepe dresses with dropped waists presented a more mature alternative to the baby doll. Culottesãshort or longãseemed less tricky thanks to inverted pleats. Prints of falling leaves and dandelion poufs were rendered with enough color variation and digital manipulation so as to avoid cliché. The Cacharel fur offering was expanded to include soft rabbit shrug vests, shaded cropped fox-fur gilets, and two laser-cut jackets in kangaroo. And there were more options for evening, most notably a ""cosmic""-print sheath and a flounced dress that swooped ever so slightly longer in the back. The brand pretty much has all the bases coveredãincluding fine-gauge knitwear resembling lace and loden overcoats in attractive jewel tones. What it needs now is that elusive gust of wind known as buzz."
6101,"Calla Haynes' chow chow, Lilybear, is pretty famous in Paris, where the designer says the little dog is photographed about ""20 times a day"" outside of her studio in the Marais. So Haynes chose to dedicate much of her Fall Calla collection to Lily, who was the star of not only a gray sweatshirt, but also a series of colorful prints that appeared on dresses, blouses, and even a pair of skinny trousers. But Haynes' references didn't end at the dog, as cute as she may be. ""I like to make up a story each season, and this one was about a brokenhearted girl living in Paris, who moves to Nashville,"" the designer said at her Saturday night presentation. In came the country-Western nods, particularly a skinny suit done in a minty blue jacquard. ""It was a fun way to explore more menswear,"" Haynes said of the look, which was inspired by the style of the late Porter Wagoner, whose variety show, which ran from 1961 to 1981, launched Dolly Parton's career. Simultaneously, Haynes was also thinking about the Memphis Group, whose postmodern aesthetic informed the graphic quality of the prints. She could have cut a few of the looks, particularly a collared number in the aforementioned minty blue jacquard that read too sweet, but all in all it was an exuberant collection that didn't rely on Haynes' penchant for painterly prints, which have defined her previous efforts."
6102,"With New York fashion week all but sewn up, Fall trends are sharpening into view. After Francisco Costa's Calvin Klein Collection show this afternoon, it's fair to say that sweater dressing has taken the lead. Designers, Costa included, have embraced comfort in a big way, and that's good news. When a storm along the magnitude of the one we're currently living through comes rolling in next winter, we'll have Costa's lug-soled lace-ups (a definite first here) to negotiate the slush puddles with. And to keep us warm and cozy: not only furry mohair coats, but also furry mohair dresses, and all manner of knit separates. Costa estimated that 85 percent of the collection was knits. Not your standard-issue cashmere pullovers, of course. He approached the idea of sweater dressing with the same experimental mind-set that he used to tackle his avant-garde tailoring. There were turtlenecks hand-stitched with front panels that looked like they came straight off a loom, as crafty as anything you've ever seen on a Calvin Klein runway. And Costa also did his own take on Fair Isle; the sleeveless turtleneck tunic and matching tube skirt were the best pieces in the collection. Outerwear got a fair bit of the designer's attention, as well, and the results showed. The gradient color on one coatãpeachy pink at the shoulders to mandarin red at the flared hemãwas gorgeous. Another standout was speckled black with a wide band of navy nestled in the middle. Instead of buttons, Costa used oversize safety pins threaded with big plastic beads. Asked about the new direction, Costa explained that he was looking at Loretta Lux's photographs of children for some of the proportions. And then, on the other hand, he said, ""It felt like the clothes needed to be cooler, urban; there was this idea of a gypsy."" The overwhelming impression, though, was of a new softness, and a heightened understanding of what might feel good to a woman to wear. Both were positive developments."
6103,"There is a funny disconnect in learning that sister-and-brother duo Camilla Freeman Topper and Marc Freeman used Francis Bacon's Three Studies of Lucian Freud as a starting point for their new Camilla and Marc collection. Their clothes have none of Bacon's bilious color, and even less of the unsettled abstraction conveyed in the famous painting, which Christie's sold for $142.4 million last year. In the end, it was the geometric frame enclosing Freud on the triptych that inspired the Australian designers, who went so far as to have a similar piece made for their video and lookbook. While its sharp linearity appealed to the designers, they ended up with a more feminine balance thanks to floaty organza, a strong diamond jacquard, and soft georgette, all in a palette of mostly black, red, and white. Their checkered lace was the winning material; the openwork grid was pretty and assertive in equal measure. It also conveyed the ""game board"" theme they used as an additional frame of reference to convey ""power and confidence."" It's in these instances that you wonder whether ideas detract from execution. And yet the designers maintained their figure-flattering silhouettesãwaist-emphasizing, knee-grazing, d_colletage-baringãand even managed to introduce a neoprene duffle coat and flawless silk satin pant that showed their ability to think forward and finesse. Get past the Bacon comparisons and the other influences and you're left with a strong, wearable collection that can hold its own."
6104,"A whimsical play on proportions, Carolina Herrera promised before her show. The designer was thinking along rounder lines than usual. Karlie Kloss' black boiled-wool coat enveloped her like a cocoon; it was as elliptical as her pony-hair pencil skirt was straight. After that opening salvo, jacket shoulders sloped softly into bracelet-length sleeves and swung away from the back in generous volumes. With its deep sable hem, a fiery red wool gazar style in a silhouette ever so slightly evocative of Cristobal Balenciaga looked striking, as did another in bordeaux double-face wool with navy blue alligator appliqués.  In a way, you could argue that geometry was the collection's dominant refrain. In addition to those memorable rounded jackets (not to mention the somewhat regrettable fez-shaped hats), there were graphic patterns by the yard: triangles, diamonds, and parallelograms, all hand-painted, embroidered, or printed. They worked best when the cut of the garment was super-streamlined and the fabrics were straightforward, as was the case with a sleek cap-sleeve silk cady gown. Other times, the prints got in the way of textural fabrics, and when Herrera added fur trim into the mix, well, it just became too much. An ivory silk double-face gown provided an object lesson in simplifying. Adorned with nothing more than a deep mahogany velvet belt, it was the most pared-down, least eccentric thing on the runway, and far and away the loveliest."
6105,"There was a lot of feeling on the runway at Carven today. The show featured a ton of great-looking forties-inspired clothes, but the special thing was that these conjured a state of mind, a certain mix of dislocation and resolve translated into glamour that seemed right for a woman in the midst of war. Kudos to Guillaume Henry for capturing that. Now on to the clothes, bags, and shoes, which, come autumn, ought to be flying out the doors of the fast-expanding network of Carven stores. Standouts here included the belted wool jackets and coats with rolling collars, the short skirts with revealed pleats to one side, and dresses bedazzled with this way/that way crystal arrows. The soigné, long-line suits and frocks also had a lot of appeal, but the silhouette may not prove as convincing to the Carven customer as, say, a short, flared gray dress with a touch of crystal embellishment about the collarbone, or an abbreviated tweed suit with leopard-print pockets. Likewise, the graphic prints here will probably be an easier sell than the looks featuring disembodied figures collaged here and thereãthose, Henry explained, were an homage to Dadaists such as Blumenfeld, Picabia, and Man Ray. So far, so cool. But the killer part of this show was the footwear. Women are going to be murdering each other for the over-the-knee boots and peep-toe heels. Cadavres exquis , indeed."
6106,"Since launching Cerre in 2005, L.A. husband-and-wife duo Clayton and Flavie Webster have developed a following for lambskin biker jackets that are handcrafted in their Melrose Avenue atelier. In recent years, the West Coast brand has been tapped by A-list costume designer Trish Summerville to create hundreds of custom pieces for Hollywood blockbusters The Girl With the Dragon Tattoo and The Hunger Games: Catching Fire . But if it's Cerre's perfect Perfectos that continue to draw new customers, it's the increased focus on tailoring that keeps them coming back. This season, the Websters focused on a comparatively relaxed silhouette with high-waisted, wide-legged trousers and slouchy suiting separates that gave off a confident, androgynous vibe š la Katharine Hepburn. Elsewhere, they cut more feminine pieces from menswear-inspired materials that didn't feel too precious. A one-shouldered black dress and circle skirtãboth of which featured flattering, asymmetric cascadesãcame in a luxe felted wool that was also used on a windowpane-check poncho. As usual, outerwear was a particular strength here, with standouts including sumptuous wrap coats accented with subtle architectural pleats around the neckline. In terms of leather items, a swingy trapeze dress and tough pencil skirt with a zipper that curved around the hip felt fresh. Ditto went for the oversize, buckled hobo bag. Instead of models, the latest short video stars real friends and supporters of the brand, such as fashion editor Annina Mislin and Natalia Bonifacci. ""People always ask us, 'Who is your woman ' We have her and decided to show her off this time around,"" they explained."
6107,"This season, Chadwick Bell ""focused on the idea of nomadic women"" with a pared-down collection accentuated by eclectic pieces designed to look, he said, ""like finds from their travels."" A graphic, color-blocked suede belt (Bell's take on traditional South American fajas ) captured this sense of worldly adventurousness. Ditto went for the frayed, braided-rope trim decorating clean coats and sheaths that came in a pretty blue wool. Piled-on fox fur pelts further upped the luxury factor. Meanwhile, Bell displayed his first-rate tailoring skills with a precise, slouchy suit. He whipped up an oversize sweatshirt with a dramatic low back from a soft alpaca bouclé that highlighted the nape of the neck and paired it with a matching wrap skirt featuring a high slit. That standout look was simultaneously unexpected and sophisticated. Elsewhere, Bell energized the lineup with pops of on-trend fuchsia seen on a rounded suede jacket and the piping of a quilted puffer. For evening, he showed several gowns with simple silhouettes that had a linear purity. A long, cream-hued column merged geometric planes of silk with floating seams, while a sequined maxi dress cut from a block of ""shapeless"" tulle mesh twinkled like a starry night when in motion. All in all, Bell earned favorable marks here for his bold yet unfussy approach to everyday luxury."
6108,"Hussein Chalayan has been exploring the concept for his new collection, Through, for a while. Reenvisioning a journey through the physical space of his office scarcely suggests a promising fashion inspiration, but the designer already proved with his Pre-Fall Chalayan offering that such a fiercely abstract notion could produce concretely attractive clothing. And he carried over the best pieces. Crumbling drywall was duplicated in gorgeous shar-pei-like fake furs. Angora, mohair, and wool were intarsia-ed together in huge sweaters that looked, at a pinch, like flaking posters. The great print composed of makeup palettes had here been fuzzed and abstracted with the addition of fringe. And the conversion of three dimensions into twoãthe actual folding of spaceãwas once again present in Chalayan's seamless draping. Postshow, he insisted all that Pre-Fall preamble was just a starting point for his new collection. He'd gone beyond, to abstract the abstraction. Perhaps that's why there were a few too many droopy folding bits, a bit too much unresolved formlessness. And yet Chalayan does languor with ingenuity and wit. The final organza dresses featured panels that peeled back to reveal silvery, sinewy threads, almost intestinal, except they were beautiful. There were a couple of other gauzy gowns with an intriguing but mysterious texture that, on closer examination, turned out to be press-on fingernails in a full spectrum of finishes. Rihanna has been all over Paris in the past few days, but if she truly wants clothes that are a conversation piece, she need look no further."
6109,"If Chanel 's Spring show skewered the art world for the oligarchs'supermarket it has turned into, Karl Lagerfeld went one better for Falland imagined the whole world as a megastoreã un grand magasin ãunder the sign of the double C. The shelves of his extraordinarily detailed set were stacked with more than a hundred thousand items, brazenly advertised at 20 or 50 percent more. No bargains in these aisles. The labels of at least five hundred everyday products had been re-coded in Chanelspeak. Personal favorites included chic black cotton buds sold as bŠtonnets élégants ; boxes of handkerchiefs labeled Les Chagrins de Gabrielle; house paint in a color called Gris Jersey; detergent and potato chips; and, best of all, a hardware department that featured a chain saw with a real Chanel chain. The one that most entranced the locals was the recasting of a sac poubelle (garbage bag) as a sac plus belle (definitely not a garbage bag). There were also doormats printed with ""Mademoiselle Privé."" At show's end, as a locust horde descended on the shelves, those doormats were the day's key trophyãif you could get them past the security on the door of the Grand Palais. As Supermarket Sweep as the vibe was, the only goodies up for grabs were the fresh produce and the candies. It was entrancing to see the fashion world's great and good transformed into kids in a candy store by Lagerfeld's spectacle. An epic celebration of consumerism was also an epic satire of it. An instant analogy was Andreas Gursky's gigantic 99 Cent diptych. (Lagerfeld was kicking himself that he hadn't thought to invite Gursky to the show.) As a piece of conceptual art, as a critique of pop culture, as a fashion show, it offered the juicy meat of an academic thesis. Oh, yes, the fashion. Lagerfeld helped to make trainers the talking point of the Couture season. Here, he built a collection from the ground up on the footwear. ""They had to continue,"" he said bluntly. ""If you want to look really ridiculous, you go in stilettos in a supermarket."" The very notion was antithetical to the guts of a collection that was just about the most democratic Lagerfeld has ever offered for Chanel. ""That's exactly what I wanted to show,"" he said with an emphatic stab of a finger. So the Chanel catwalk accommodated an unusual variety of silhouettes and a massive range of options, from Cara Delevingne's raggy workout-wear to the sheath of clotted flowers that emerged at show's end. Couture's definite corseting inserted itself into the collection, but there was also a raggedy-hemmed smock dress and a black velvet jumpsuit, and a prevailing sense that Lagerfeld has no interest in offering directives. With today's overwhelming, irresistible extravaganza, he was saying that fashion's a supermarket. So you might as well shop."
6110,"To expect particularly challenging styles from Charlotte Ronson 's eponymous line seems unreasonable. Ronson makes pretty, feminine clothes that are wearable, and would look right at home on the fields at Coachella, or in a hipper-than-average workplace. No matter the hue, they seem to smack of a generally sunny disposition. So has new ground been broken with her Fall offering? Nope, and that's all right, by and large. Ronson's pieces have earned her a strong fan base (both celebrity and non), a collaboration with Uniqlo, and two diffusion lines with mass-market retailers (Urban Outfitters and JCPenney). Why mess with success? Taking off on the idea of a dark fairy-tale romance, the CR heroine got to swan about in lots of leather, velvet, and black for Fall. But the two floral printsãone a velvet spattered in poppies, the other a Technicolor rosebush patternãfell flat, and the former felt even a bit down-market when seen in a skimpy, strappy dress, like some American Idol _ized shorthand for bohemia. The collection's high points were many of the simplest pieces: a soigné black sheath with a sheer neckline and pussycat bow; a fit-and-flare black leather dress with a laser-cut skirt, which moved wonderfully; rich garnet velvet trousers; a black maxi gown with beautiful lace overlay. While surely there are customers out there who would be keen to see Ronson push the aesthetic envelope a tad, all told it was a collection that should serve to continue her career momentum."
6111,"With each passing season under the stewardship of Clare Waight Keller, the creative director of Chloé , there is often a swing between soft and hard, the girlish and the boyish. But this Fall there was perhaps an injection of a new element: something wild. The coherence and boyish discipline, together with the pretty-prettiness of Chloé, was given an additional jolt with the wild and woolly today."
6112,"Raf Simons radicalized menswear physically and philosophically, which is why the fact that he is now helming Dior still has such a pinch-me potency. The possibilities inherent in the tie-up are enough to make the senses swim.  Today, sight was the first sense to feel the power of possibility. The enveloping, surreal floral bower that was last spring's set had been replaced by an industrial simulacrum, flowers of light radiating in a spectrum that turned red into searing orange (Grace Coddington's hair was a flaring corona) and blue into bright turquoise. Then the light turned white, and hearing, the second sense, surrendered to the martial techno pulse of French Fries' ""Bug Noticed""Ä  It's impossible for Simons to design anything that doesn't come straight from the heart. So it's fair to compare Dior's rejuvenation under his watch to a heart transplant. The personality of the collection Simons showed this afternoon was the clearest consolidation yet of his transformative impact. One favorite instance: a Bar jacket whose emblematic flaring hip looked like it had been let down gently.  When he came to Dior, Simons talked a lot about his fascination with the secret codes of couture and women's clothing. In his own collections, he has always been equally entranced by their male equivalents. The two currents ran together today: Tailored coats and jackets in flannel, camel, and pinstripe had a masculine weight, but they were matched with intensely feminine colors and silks. Many of them featured the purely female detail of corset lacing, down the sides or the spine or, sensationally, across the Bar-silhouetted hip of a slipdress in khaki, which made Grace Mahary look like a nouvelle Maggie the Cat. But, claimed Simons, these were also suggestive of the laces of trainers, which he snuck into his Haute Couture show in January to such great effect, like a jolt of reality. Transmogrified into heels, they had a slightly more surreal effect today.  But that is, of course, because ""reality"" offers infinite possibilities. Simons elaborated on this some more when he closed the show with eveningwear that layered sheer, elongated, embroidered T-shirts over shorter, knitted versions of same. The simplicity of the proposition scarcely compromised its strength."
6113,"Christian Siriano doesn't typically have a specific muse for his collection, but this season he just couldn't get photographs of Lisa Fonssagrives-Pennãtaken by both of her husbands, Fernand Fonssagrives and Irving Pennãout of his mind. ""A friend sent me a photo of Lisa taken by Fernand, and I loved the way he created texture with light and shadow,"" Siriano said backstage before the show. ""She was his muse, and ours as well."" The collection was certainly an homage to the mid-century model, right down to the Heather Huey-designed hats. The silhouettes were couture-inspired and looked as if they were plucked right from one of Penn's photos, whether it was a wide, shawl-neck coat in silk faille or a royal purple alpaca coat shaped by rounded shoulders and paired with matching trousers. While Siriano didn't stretch far enough beyond his initial reference, it was hard not to like the clothes. An eveningwear designer first and foremost, he offered some beautiful options: specifically a swirling strapless ball gownãwhich was voluminous without looking fussyãand a black embroidered organza coat with petal-like white feathers. But he's working hard on day, too, and executed it better than in past seasons. ""I still want her to looked dressed ,"" he said of the oversize eyelet tops and tea-length skirts. Even if evening remains the crux of Siriano's business, it's good to see that he's thinking about the big picture."
6114,"Christian Wijnants began to come into his own this evening. This wasn't a collection that made you want to stand up and applaud, but it had all the makings of what a Wijnants collection should be: a painterly palette, relaxed yet elevated silhouettes, and lots of textural interestãparticularly in the designer's signature innovative knits. Per the latter, Wijnants had some really great examples on the runway this season, a relief after he almost totally eschewed knitwear last time out. Black, graphic gray, and white 3-D intarsias were highlights here, as were the variegated knit fisherman's sweaters. There was a similar collage effect at work in his silk print dresses, the best of which had the patchwork look of quilts. Speaking after the show, Wijnants said he had, in fact, devoted serious consideration to blankets of all kinds, hence the fuzzy, blanket-y mohair sport shorts and tees and the peak-collar blanket coats. There were also quilted minidresses and rolled-up trousers, though you do wonder how viable those looks would be on women with nonmodel bodies. All in all, though, this collection marked a real leap forward for Wijnants; it felt like a wardrobe, and it articulated a reasonably specific and coherent point of view. Plus, you've just got to admire a designer who understands the modern, stressed-out woman's desire to crawl under some lovely blankets and get some sleep."
6115,"Gaiters in knitted yak wool. Who wouldn't thrill to see such an arcane phrase in the context of the usual mundane descriptives on a fashion presentation's run of show? Christophe Lemaire was the originator of such a reference today, and it fell right in line with the Lemaire woman as he sees her. Smart, mysterious, well traveled enough that when ( if? ) she needs gaiters, she snaffles them up in yak wool from her Kathmandu connection. The type of woman who, in other words, left us feeling like we'd just been seduced by a Mata Hari when the last model sauntered off the catwalk in the ne plus ultra of trench coats. Lemaire showed in the Maison de la Radio, home to France's version of the BBC or NPR. His soundtrack was an artful collage of spoken and musical broadcasts, which promoted the notion that his woman was engaged in espionage of some kind. That cinematic quality has informed his work with Hermès, as well as his own collections, but it's a subtle thing, inspired not just by the way his clothes straddle West and East (yak wool ) but by the way they evoke fabulous female icons like Ingrid Bergman and Katharine Hepburn. And season by season Lemaire just gets better at it. There was an intelligent utilitarianism to the clothes he showed today. They served a practical purpose, in distinctly unfancy fabrics like indigo denim and felted wool. But at the same time there was a sensuality in the volume and drape. Nothing overtãjust a fine, strong line and a supremely confident cut. Like that very last trench coat: irresistible."
6116,"She's a girl named Kate who thinks she's really great, but she's not. The wonderful song that soundtracked Christopher Kane 's show today was by Chandra Oppenheim, whose single, edgy 1980 release has become a lost nugget of post-punk gold. Chandra was 12 at the time, which surely qualifies her as a child prodigy. That's a category in which Kane can match her, on one level at least (although he'll be a great big kid forever). His huge new collection was yet one more geyser of creativity, a spill of ideas that prodded fashion forward in unanticipated new ways. And if the spill was toxic at times, that was simply a measure of his limitless imagination. For every light, there's a shadow. And vice versa.  There was a lot of that in this collection. The vice was humble black nylon; the versa, lustrous mink. Togetherãfur lining a nylon coat, for instanceãthey made the most provocative statement about the fetishistic heart of fashion that we've seen in many a dark moon. Kane toys with desire in ways that unsettle. You'll hear women talking about how impossible it is to resist his clothes. His recent collaboration for Love magazine with Japanese eroticist Nobuyoshi Araki possibly infected this collection. The nylon was initially used as an almost military accentãthere was even a quilted nylon ""life preserver""ãbut it transmogrified into something more perverse: a ruffle on a skirt, a harness-like bodice, a lace-trimmed petticoat. A chunk of black PVC in the middle of it all was like a huge exclamation mark, adding heft to the elevation of nylon.  But the thing about Kane is that his collections are never just about this. There is also that ƒand that ƒand that. As one story was poking you, another was insinuating itself, the nylon hybridizing with guipure lace and fur; a linear scattering of crystals running like LED lights up and down a gorgeous double-breasted coat in ice pink; knits that were oddly evocative of an uptight Victorian blouse, except that they were in the sickest shades of yellow or Pepto-Bismol pink. One of Kane's signatures is mad science. The reproductive botanicals of his Spring collection were echoed in the lenticular imagery that he slotted into tops and skirts. This effect alone was so peculiar that you couldn't even imagine it occurring to any other designer. It was promptly followed by pieces whose ""sleeves"" looked like sinuous Plasticine forms into which the models' arms were inserted. The creation of new forms is a challenge for designers in any discipline. Kane leaves us with indelible new images from every collection.  This time, he saved the best for last. Kane said he'd been looking for a different way to treat organza. His solution? Dresses composed of fifty dark-trimmed leaves of the fabric, ruffling like the pages of a book in a dulcet breeze. Sculptural, etherealƒthere may have been a hint of the unsung Roman couturier Roberto Capucci. But the vortices created by the dresses in movement were pure, mad-scientific Christopher Kane."
6117,"For all the poor members of the press and buyers trying to navigate through the higgledy-piggledy BFC venue of Somerset House, the calm and collected helpers whose sole purpose was to direct crowds to the right place were a welcome sight indeed. And their ""uniforms""ãno-nonsense anoraksãwere amazingly chic yet thoroughly practical affairs. Lined in wool and weather-ready, they were a hit, especially with the photo bloggers who were tripping over themselves to get pictures. Oh, and this is worth mentioning because the coats' designer was none other than Christopher Raeburn , who showed his Fall 2014 collection today at Somerset.  Raeburn is a thoroughbred English designer in that he truly understands the elements unique to old Blighty. His garments are rain- and sleet-ready, with all the latest technical fabrics and survival gizmos: backpacks with spaces for energy bars; flaps for water bottles; hoods, so no fiddling with hats. For Raeburn, unlike various British brands, a simple trenchcoat to guard against the kind of storms we are getting now simply won't doãpolar vortex, take that. His readiness for the weather also makes him like a Boy Scout of designers: Raeburn is always prepared for that unexpected storm, that hitch on the mountain, the muddiest of trailsãwhich is probably why he was recently named artistic director of the Swiss Army Knife company Victorinox.  The designer is also focused on sustainability-meets-chic, demonstrated by his first look, a beige ""teddy bear"" faux-fur gilet. He used what are termed ""cabbages"" in the schmatta business (meaning, remaining cloth scraps from original pattern cuttings) to refit and remake this instantly desirable piece. The process is called up-cycling, in which high-end garments are fashioned from reused materials without compromising on desirability. (Incidentally, that gilet was born out of Siberian military coats that otherwise would have been on the scrap heap. And this tells you all you need to know about Raeburn.)  Later on there were culottes paired with military jackets with neoprene shoulder detailing, a retina-damaging orange peacoat (the color emanates from Raeburn's love of recycled parachute fabrics), and iridescent blue and black printed separates. The designer also ended his experiment with last season's body conãshapes were forgiving and back to the original Raeburn, where utility rules. But a rummage in the woods or mountains doesn't mean not having fun; polar-bear-motif jumpers and dresses and snowy landscapes of Russian mountains on fur-trimmed anoraks were very Sochi chic. Raeburn is peerless in his niche, and if you ever need a mountain guide, he's your man."
6118,"For Clover Canyon 's third anniversary, the brand headed (in spirit) back to Ireland. It's the place of designer Rozae Nichols' heritage, and it appears to be surprisingly lysergic, based on the designer's Fall collection. While Clover Canyon is known for its over-the-top patterns, this season's batch felt notably hallucinatory. Irish icons like Oscar Wilde, stained-glass windows, tartans, and the Book of Kells all got the kaleidoscopic CC print treatment. There were hysterically lime green meadows, unicorns and fairies, and even an appearance by Nichols' great-grandmother. The more successful propositions included a black overcoat with a flocked, distressed royal blue tartan print, and a relatively quiet trompe l'oeil frock where white curtains danced across a black background and over a field of crimson flowers. A worsted wool skirt that dissolved into airy lace was also nice, but it was overpowered by the rest of the ensemble. By the time a fluorescent rainbow set over roses on a velour fleece sweatshirt, the feeling was akin to having had too many bites of a particularly rich dessert. It didn't help that the collection was shown in presentation format, all the models standing on a lone mossy knoll in Lincoln Center's pavilion. Departing the room, the silhouettes of the clothes themselves faded away, leaving only a few acid-hued elements pulsating in their wake."
6119,"Stephanie Danan and Justin Kern took a season off from producing a film for their label, Co . That's largely because they were working on another big production: Their son was born this fall. And developments within the brand have come hard and fast as well, seeing Co tighten its price point and enter new stores.  For Fall, Danan and Kern found themselves taken with the work of L.A.-based photographer Amanda Demme, and their commission to have her shoot the lookbook this season resulted in a much more dynamic creative collaboration than either party anticipated. As Danan explained, showing the new collection by appointment today, she and Kern found themselves designing pieces with Demme's painterly photographic style in mindãan influence that resulted in Co's most romantic, most accomplished collection yet. There was a strong whiff of flamenco here, witnessed in everything from the oversize rosesãCo's first printãto the prevalence of ruffled sleeves to a calfskin bolero jacket with tonal bead embroidery. More generally, the clothes tapped into that flamenco duende ãthe ""deep song,"" in Federico GarcÍa Lorca's phrase, of limitless yearning. That was especially true of the sober, mostly black looks for evening, on which there was an unusually strong emphasis this time out.  But all that Spanish-ness was more leitmotif than theme; as always, the main point was wearable, sophisticated, trend-immune clothes. And the standouts in that regard had to be the knits, like the luxe cable cardigan that walked a line between sweater and outerwear. ""Practical but poetic"" was how Danan described the tone she and Kern were aiming to hit, and that just about nails it. Perhaps a season off from filmmaking allowed them to center all their creative energy on the clothes, with visibly positive results. Still, you do wonder about the flamenco film that might have been."
6120,"This could be a big week for contemporary brands and the women who shop them. Luella Bartley and Katie Hillier will show their long-awaited first collection for Marc by Marc Jacobs on Tuesday. And today, the British designer Stuart Vevers made a confident debut for Coach at the American leather goods house's first-ever ready-to-wear presentation. When Vevers, who previously helmed the LVMH-owned Loewe label, was tapped to replace Reed Krakoff last year, insiders wondered about the need for a clothing line from Coach. Could Vevers make it relevant?  He could and he did. Editors walked away raving about the collection, not least of all because of the accessibility factor. Vevers' coats and jackets will top out at around $3,000ãan opening price for a shearling from a European luxury brandãand most will retail for much less than that.  Vevers approached his new project by asking himself what makes Coach unique in the fashion world. Its Americanness was the answer he kept on coming back to. So he gave good ol' U.S. of A. classics like the jean jacket and firemen's coats fashionable tweaks, putting a removable shearling collar on the former and cutting the latter in rugged leather with suede accents and heavy-duty brass closures. Outerwear was the star of the showãthe oversize red-and-black houndstooth pieces in particularãbut Vevers has a sense of humor that should play well to the young customers he needs to be wooing. The Apollo sweater was a dead ringer for the pullover little Danny Torrance wore in The Shining . Quirky beauties like Shelley Duvall and Sissy Spacek apparently resonated with him, as did the work of Joel Sternfeld. A late 1970s suburban scene from Sternfeld's book of photographs American Prospects formed the show's backdrop.  On the accessories front, in contrast, it was the young women Vevers encounters on the streets of his adopted hometown of New York City that gave him his starting point. Shearling-lined, rubber-soled wedge boots and pebbled-leather cross-body bags drove home his message about function and utility. Vevers' Coach has good prospects."
6121,"How on earth would Rei Kawakubo follow up last season's collection? That's what many reviewers were asking themselves before the start of the Comme des Garçons show this evening. Would this be another complete break from fashion? After rejecting clothing and making ""objects for the body"" last season, it was a distinct possibility. Or would the fashion system and its clothing be fondly missed and fully embraced with open arms by Kawakubo once more? The answer was a mixture of the two. In many ways, that mixtureãwhich was in no way a compromiseãwas a more surprising move today. Has Rei Kawakubo moved the goalposts within the space of a season so comprehensively for the fashion industry? In a sense, she has. The sight of those monstrous shapesãliterally, largely knitted monstrositiesãenveloping the models with their oversize frames, knitted cages, and multiple arms was no longer a shock. As the first model appeared in her gigantic, David Byrne-style Stop Making Sense jacket, it actually all made rather a lot of sense. This gigantic, tailored, Prince of Wales-check item seemed perfectly feasible to be worn in a certain way, perhaps not day to day but certainly on special occasions. This was a clothing collection, but one where the boundaries had been redefined. Of course, not everything had so much ease; the ability to move your arms or see properly at times is an issue. Then again, women in burkas face similar drawbacks, and that seems largely the result of obligation, as opposed to the decidedly free choice of wearing Comme. But unlike with Kawakubo's last collection, much could be altered in the styling, thus making the clothing less inherently outlandish or impractical. But who cares if the clothing is outlandish and impractical, anyway? What Kawakubo now seems to be asking her customer to do is to consume clothing in a different way. She also seems to be making a point about the fashion system overall and redefining what it can be; for example, the sales of her last collection, with its ultraexpensive and outré single pieces, were very healthy indeed. Kawakubo herself defined the lineup in the following way: ""The theme of the collection this time is MONSTER. It's not about the typical Monster you find in sci-fi and video games. The expression of the Monsters I have made has a much deeper meaning. The craziness of humanity, the fear we all have, the feeling of going beyond common sense, the absence of ordinariness, expressed by something extremely big, by something that could be ugly or beautiful. In other words, I wanted to question the established standards of beauty."" What seems to really haunt Kawakubo is the demanding, rapacious monster of fashion itself, consuming everything in its path and always insisting on more from her. It might be a case of cod psychology, but those heavy knitted chainsãlike something Jacob Marley's ghost would wearãthe knotted sleeves, and the massive, enveloping, suffocating shapes all point to a nightmare pursuing Kawakubo. At the same time, it could all be a beautiful dream. Only she can really decide. But one thing is for sure: Without her, fashion might indeed be a nightmare and would certainly be a far poorer place."
6122,"The show for Comme des Garçons' secondary line, named Comme des Garçons Comme des Garçons , took place in one of the brand's spaces off the Place Vend»me mere moments after 9:30 a.m. on Sunday, when most of Paris was still asleep. By the time the show ended not even fifteen minutes later, you were left with the urge to swap your outerwear for one of the collection's coat-cape hybrids. Two in particular played with the idea of layering a shrunken jacket (in wool or velvet) atop a padded blanket, except that the former was just a front panel and the latter folded in on itself so that the final shape was remarkably controlled. And these weren't the only examples that you would place within a Venn diagram showing the overlap of comfy and conceptual. Those twisted jacketsãtheir closures askew and their bunching intentionalãexpressed a counterintuitive ""okay, this works"" message that qualifies as originality today. In fact, much of what was shown might seem familiar to anyone familiar with the label. In part this is because certain piecesãthe droopy pants, unstructured jackets, and the recurring white-stitched motifsãhave become such fixtures that devotees expect to find them season after season. But it's also typical for Rei Kawakubo to revisit and rethink, which is why you'll find a full skirt that has a slightly altered, uneven drape, or a rumpled serge-stripe jacket that has been afforded a tux tail. While it might be tempting to project some level of 1940s functional wartime dressing onto this collection, that labeling serves no purpose. What differentiates Comme des Garçons Comme des Garçons are the mini propositions; each idea gets explored as a handful of clearly delineated looks. Just notice how the four graphic-checked coats give way to a sampling of white georgette and cotton T-shirts with tied bows and flattened rosettes. The lineup was as precise as the show was punctual. It takes effort to achieve such ease."
6123,"Although Costello Tagliapietra 's show notes cited inspiration from sci-fi heroines, it seemed to be the Brooklyn designers' down-to-earth companions that best served the Fall 2014 collection. ""It's how we see our friends wear our clothes,"" said Robert Tagliapietra. ""Everyone always wants our sweaters. They'll wear a dress, but confiscate our cardigans by the end of the night."" So the designers reimagined their own grandfatherly button-ups in forest green futuristic ""fur,"" made by brushing the back of alpaca tweed. Those kimono-sleeved cardigans and coatsãoccasionally with shiny contrast pipingãwere layered over dresses in modern marbled prints. Some dresses undulated with the body, thanks to sinuous seams and strategically placed shirring, while others swung easily around the knees; several did both. Costello and Tagliapietra also continued their march toward separates with lots of options. Intricately draped skirts sat high on the waist, while low-slung ""track pants"" with gathered leather waistlines and cuffs offered cool, casual easeãand felt more in keeping with the collection than cropped tuxedo pants and nip-waisted jackets. Perhaps the designers were trying to channel feminine strength with those more structured pieces, but that feeling came across more clearly in the softer looks. If a sci-fi future includes more fabric innovation like that hairy brushed alpaca, we'll take it."
6124,"Cool woman, Ennio Capasa's mood board announced. That's a fairly sweeping statement, but the pictures below it provided some further illumination into his thought process for Costume National : the architecture of Frank Gehry, the iron arabesques of an Anish Kapoor sculpture, vintage pics of Patti Smith and Debbie Harry. ""They were women who mixed for the first time in a very modern way this men's energy,"" he explained.  One thing you can say about Capasa, this isn't his first time working the masculine/feminine angle. But you could argue that it was angles that went missing from this collection. Yes, this was a show about tailoring, as Costume National shows have always been and forever more will be, but the designer was making a new point about softness and roundness. To start, he replaced most of his trousers with elastic-ankle ""jogging pants,"" and what a surprise, they looked most convincing paired with double-breasted tuxedo jackets. Beyond those pants, he demonstrated a predilection for fabrics with a lot of body, like bonded leathers and dense felted wools. The latter posed a bit of a challenge on a one-shoulder cocktail dress in navy and black diagonal stripes; wool doesn't exactly slink. He did have a hit on his hands, though, with a sinuous black silk evening dress, the halter neckline of which was a riff on a tux's satin revers. With slits up the sides, you caught glimpses of the cropped pants underneath. Cool woman, in this case, is right."
6125,"Creatures of Comfort designer Jade Lai's unlikely jumping-off point for Fall? The beloved murder mystery board game Clue. Taking cues from the idea of an opulent yet sinister supper (models' lips were even berry-stained, as though they were already a few glasses of merlot deep), the brand's Fall woman was cloaked in enigma and Loro Piana in equal measure. Whether intentional or not, the concept of hidden things echoed in many-layered looks and lots of spruce outerwear.  Standouts included a swingy car coat in powder blue with a shawl collar and unfinished seams, which opened the show (its appeal only heightened by the raw Manhattan day on which it was presented), and sweeping, high-collared capes aplenty. Flatform shoes, created in collaboration with LD Tuttle, saved more vintage-inspired looks from feeling too precious or costumey.  The lone gown (backless and low-cut) in icy green washed silk seemed an unsuccessful marriage of sex appeal and intellect. Neither fitted nor flowing, and with a large, asymmetrical accent that swallowed up much of the dress, it was difficult to imagine the woman who would wear it. But on the whole, Creatures' latest outing was an impressively ambitious one. While the murky green flannels and bold cable knits would surely look good on misty moors, it's safe to say that their final destinations will be in the closets of many an urbane woman."
6126,"Monastic fantastic. That's the look Creatures of the Wind 's Shane Gabier and Christopher Peters appeared to be going for this season. On the one hand, they were interested in ""easy Eastern dress and non-Western patternmaking."" On the other, the designers said they were eager to push the luxury quotient of their three-year-old label. Clashing instincts, to be sure, but the results came together smashingly on a black wool robe coat bisected high on the waist by a wide swath of Saga mink, and again on a sleeveless wrap dress in mustard silk jacquard with a vivid border in teal. Transcendence would be harder to achieve under the folds of a circular-cut cape and full-length overcoat; like some of the looks here, that outfit felt too heavy. Elsewhere, though, there were pieces that struck a finer balance. An elongated tunic that hugged the thighs over a wispy skirt seemed like a winner in the wake of Phoebe Philo's Spring Céline collection. A shrunken blazer in that mustard and teal jacquard looked great over a blouse and cropped trousers. Whatever their proclivities for the East this season, Gabier and Peters excel at traditional Western tailoring. And a mauve velvet split-front jumpsuit was as elegant as it was effortlessãthe kind of combination a girl can really believe in."
6127,"What's the philosophy behind Crippen ? No one speaks to the brand's ethos better than Susie Crippen herself. This season, the Los Angeles-based designer, who launched her namesake collection in 2012, went in front of the camera to articulate her credo. ""I love making things for women. I love that conversation I get to have with them. I love creating something for women who were too busy to do it themselves,"" she said. ""I do not want to give up ease and comfort for style. Everything that I do comes from a very strong place of logic and how women think."" Keeping this in mind, Crippen aims to create understated, everyday clothes that will take her customers through the entire weekãfrom the office to after-work events to a soccer game on Saturdayãand there's an underlying emphasis on functionality. Denim has been a core category from the beginning (which makes sense, given Crippen was a cofounder of J Brand), but in addition to premium jeans, the collections have evolved to include tailoring, knitwear, and lots of leather. Themed ""Winter Gatsby,"" the new lineup reinterprets traditional menswear elements in a casual, feminine way. A sharp suit with slim, cropped trousers came in a flecked tweed with just a hint of sparkle, while a graphic bouclé topcoat nicely balanced tough with soft. Crippen ramped up her sweaters this time around with engineered ribbing, discreet notches, and side vents that took them from basic to beautiful. Other highlights included a snug, slightly cropped biker jacket boasting utilitarian patch pockets, as well as a standout shearling originally inspired by the one worn by Anouk Aim_e's character in the 1966 film A Man and a Woman . At a showroom preview, Crippen explained, ""Ever since I first saw that movie twenty years ago, I've been searching for one just like it. Finally, I was like, 'Let's just do it, let's just make it ourselves.'"""
6128,"Imagine, if you will, yonder a cowboy crossing a dusty plain. He's parched, his horse is parched, and he hasn't seen a soul for days. A figure shimmers in the distance, all cowboy hat and jet black curves.Ä And that, in a nutshell, was the vibe at Cushnie et Ochs today. What mirage would an avidly hetero cowboy conjure into existence? Karolina Kurkova, surely, in a ultra-tight bustier dress winking skin through black lace. Carly Cushnie and Michelle Ochs were not stinting on the sexy this season, that's for sure. The emphasis here was on cleavage, with the designers finding various ways to expose as much of it as possible. The results were mixed. A strapless velvet dress in teal, with a deep V sliced into the top, was just revealing enough. Ditto a chartreuse jumpsuit with a similar bustier. Elsewhere, though, Cushnie and Ochs' exposed bras and super-duper low-cut necklines came off as impractical, to put it mildly. There were a few demure looks here, as well. A long-sleeve lace top paired with a full organza skirt in black was very pretty, and an all-leather skirt and pussy-bow blouse ensemble had an appealing sexy-secretary edge. Ochs and Cushnie also took a nice jab at outerwear this season; their leather jacket and wrap coat were sharp looking and well executed, if not exactly paradigm-shifting. But sexy is their signature, and so it's only natural that they keep looking for new ways to push that body-con envelope. A more intense focus on fit is called for, however, as well as some additional measure of respect for the practical usefulness of these clothes. A breast popping out of a dress at a gala is no one's fantasy, except maybe a dying cowboy's."
6129,"Designer Custo Dalmau loves a busy pattern. But for Fall, instead of relying on clashing prints to get the Custo Barcelona message across, he played with texture and the idea of a guillotine splitting looks straight down the middle. A camel skirtsuit, for instance, was done on one side in wool and the other in a shiny faux fur. A set of men's and women's overcoats was split personality too: One side was a light tan, the other a zebra print. When Dalmau did incorporate more colorful patternsãone a digital GaudÍ depiction on gold lamé fabricãthey were grounded by black turtlenecks and tights. ""I wanted to create something optical,"" the designer said the day before his show, in his studio underneath the Custo Barcelona store in Soho. The collection also aimed to capture a single fashion moment: 1980. It was after disco but before the power suit, which meant people didn't know exactly what to wear. Dalmau did his best with a shaggy black coat dipped in pink and camel. It was a piece that could easily be found on the streets of New York, or even London. The rest, as usual, was designed for the brand's very specific customer, who probably does not reside in one of those cities."
6130,"Yigal Azrouïl recently created ballet costumes for choreographer Emery LeCrone, which debuted at the Guggenheim as part of the museum's Works & Process series. The cultural collaboration found Azrouïl contemplating the human form and complementing the dancers' fluid movements. The designer's new Cut25 collection reflects a different approach to the female physique. Instead of tracing the figure, Azrouïl focused on covering it with sharp, sculptural silhouettes. Still, he managed to keep the overall look sexy and consistent with the DNA of his brand. Azrouïl opened his Fall lookbook with a structured bomber coat that merged panels of regular tweed and ""reflective glass finished tweed."" He also incorporated bonded neoprene treatments into sporty sweatshirt dresses, and played up exaggerated volumes with enveloping outerwear items such as a draped, funnel-neck topper cut from a textured bouclé jacquard. Elsewhere, Azrouïl reinterpreted his linear preoccupations in more streamlined ways, featuring a graphic brushstroke print on soft crepe de chine separates and showing slim sheaths with asymmetric cutouts. Meanwhile, a cocoonish, blanket stripe wrap teamed with coordinating, relaxed trousers was a definite standout, as was a cozy, color-blocked cardigan styled with herringbone denim stovepipes. Overall, there was a lot going on in the conceptual mix, but it ultimately came together and felt like a considerable step forward for Azrouïl's diffusion line."
6131,"Cynthia Rowley has wanted to stage a presentation at the Diamond Horseshoe for a couple of years now, but the $20 million, surrealist renovation of the legendary nightclubãwhich hosted Andy Warhol's wake nearly thirty years ago but little sinceãonly came to fruition late last year. (It's currently the home of Queen of the Night , an interactive theater production in the vein of Sleep No More .) It all happened just in time for Fall 2014; ""I absolutely love the artistry,"" Rowley said while shooting her lookbook in the space several days before the show. The designer made good use of the space the night of the presentation too. As guests walked down the still-dilapidated staircase (although now the look is intentional), models standing in glass boxes greeted them. After entering the main area and passing the laboratory-like cocktail bar, more models awaited, standing against antiqued metal screens. On the stage, a collection videoãfeaturing a trained knife throwerãwas projected. Rowley put quite the effort into the scene, and the clothes were thoughtful too. A colorful series with an early-seventies vibeãinsert Rainbow Brite reference hereãwas all about turtlenecks, from the red dress with a flippy skirt that was topped with a pale blue parka to the bonded piqué knit in navy. Colorful appliqués were another big idea, either placed on the hips of a golden-hued skirt or scattered around a black bateau-neck dress. ""I feel like it's good to have one completely polarizing piece,"" Rowley said of the rainbow-striped racerback shift covered in a junk drawer full of doodads, from a pair of sunglasses to house keys and a blue ribbon. An ode to Leo Sewell's trash sculptures, it played to the youthfulness of the collection and also to Rowley's desire to keep fashion from taking itself too seriously."
6132,"The first thing you noticed about DKNY 's Fall show was its eclectic cast. Nearly half of the 55 total looks were modeled by real New Yorkers, including familiar facesãamong them, rapper Angel Haze and It girl DJs Hannah Bronfman and Chelsea Leylandãand more unrecognizable characters scouted on the streets, including contemporary artists, pro skateboarders, nightlife hosts, and more. They lent a certain credibility to urban staples like functional black parkas with fur hoods, puffer coats, and bomber jackets made for conquering the city's sidewalks. Karan touched on a variety of salable themes for Fall. Graphic houndstooth was featured on both a needle-punched tweed car coat as well as a printed tank dress paneled with lace. That menswear-inspired group gave way to a series of cool, striped shearlings like the one worn by Eliza Cummings, whose swaggering runway walk added appeal to her statement fur styled with a black vinyl midi skirt and flat-form sneakers. The lineup dipped into tiger stripes and blanket dressing, then transitioned into slouchy suiting separates and classic outerwear items, including the navy duffle coat worn by Bronfman. Meanwhile, sequins jazzed up the sleeves of a bordeaux-colored sweatshirt, which came paired with a matching fur stole and wool trumpet skirt. Things ended on a high note with a long slip gown that combined gray silk with a matching flannel skirt. At the end of the day, there was nothing particularly new about these wearable, contemporary clothes, but the eye-catching street casting made it all the more persuasive."
6133,"This year Daks celebrates its 120th anniversary. The temptation when tasked with designing a collection for a brand with such a long history is to dip too heavily into the archives and end up with a mishmash of greatest hits. Daks creative director Filippo Scuffi checked all the boxes, not least of which was an exploitation of the Daks ""house check."" It appeared on lapels, as fringes, in tube beads, in sequins, and even as a bearskin, which certainly hit you over the head with the heritage message (a member of the team suggested it will not be produced beyond the runway). Scuffi was at his strongest when restricting himself to camel knits; stretched extra long into a slinky dress or in second-skin double-face cashmere, they captured the streamlined, refined attitude you associate with the brand. But then the collection ended with a floor-sweeping knit gown inflated by a crinoline. Not even the lustrous leather opera glovesãwhich offered retro-futuristic C-3PO appealãcould distract from the blanket-over-a-birdcage effect. It was curious to watch Scuffi tackle the trenchcoat, manipulating it into a strapless dress or gathering its sturdy material into a bustle. One wonders if women want to dress in such a deliberately throwback manner (never mind the impracticality, which was ironic given the coat's original purpose). Moreover, the trench remixing invited an elephant into the roomãa very large, checked elephantãand it drew attention away from the label's impressive milestone."
6134,"There are dueling impulses at work in Damir Doma 's new Fall collection. On the one hand, he's eager to assert his designer bona fides; on the other, he's not quite ready to let go of being the cool kid. First the serious stuff: Doma has raised the bar with his fabrics. From the burgundy and denim-blue jacquard that he used for a loose-fitting day dress to the burnout velvet of an evening number, there was a richness and depth to his materials that felt new. It might make the clothes more expensive than they've been in the past. Doma also embraced classic tailoring: A petrol blue double-breasted officer's coat and a wrapped style in fuzzy ombré mohair looked on-trend. He's never seemed too concerned with trends before, but he proved himself quite up to the job here. As for those cool bits, Doma sent a keyhole sweater down the runway with a fraying hem, and there was a plaid skirt peeking from beneath that double-breasted coat, a hint of the grunge imperfections hidden beneath a sophisticated exterior. The push/pull dynamicãelegance tempered by edge, and vice versaãlooked a lot like real life. These clothes will find clients."
6135,"David Koma is a rigorous cutter whose prowess has been noticed by stylistsãvery recently, Gwyneth Paltrow, Miranda Kerr, and a clutch of other celebs have been wearing his looks on the red carpet. His Fall outing featured the kind of high-precision designs that caught the eye of the powers that be at Mugler, who recently tapped him as creative director. Accordion-pleated leather skirts, cage-like neck details, and the harnessing that he used last season were back. Colors were muted: It's no secret that Koma is not a prints man, so blacks, a deep purple coat, and a touch of pony skin provided the only bit of frippery.  Where Koma excelled was in a few looks of delicate leather mesh in a grid pattern that showed his artistry and craftsmanship at once. Where he went wrong was in the sameness of it all. The pieces were so similar to last season's: familiar silhouettes, the body-con harness dress, the abundance of leather, the skater skirt. The main difference was that this collection was even sterner. Perhaps Koma is holding back a bit because of his debut for Mugler for resort. Maybe then there will be more fresh ideas. In the meantime, it would be good to move the needle a bitãhe certainly has the skill to do so."
6136,"Delpozo has quickly become a must-see show after making its NYFW debut just one year ago. Under the stewardship of creative director Josep Font, the Madrid label has successfully revitalized the legacy of Jesus del Pozo and repositioned itself for a global audience. (Delpozo recently opened its first stateside flagship in Miami.) Font's inspired, meticulously crafted clothes blur the lines between ready-to-wear and couture. Each collection is an elegant composition of contrasting themes, simultaneously structured and fluid, strong and ethereal. Font cited two specific sources of inspiration behind Fall: the work of Italian painter Duilio Barnabe, and the retro-futuristic novel, Logan's Run . As a former architecture student, Font has a preoccupation with shapes. This season, he aimed to ""create something unattached to the body that flows,"" he said backstage. The designer added controlled volume to the hips of fluttering chiffon maxi skirts with subtle bustles, for example, and showed a gauzy mohair dress shaped by sheer, structured petticoats underneath. Silhouettes had geometric appeal. A triangular, A-line coat featured dramatic, peaked shoulders, and fuzzy mohair capes boasted rounded shouldersãthe Technicolor plaid toppers here would cheer up any wintry day. Font continued to riff on circular motifs with appliquéd holographic discs and delicate ""tubular crinoline details"" found on embellished evening gowns, which came in gorgeous color combinations. A particular standout was the strapless finale gown worn by Magdalena Jasek, which merged saturated shades of teal and coral that complemented the model's alabaster skin and fiery tresses. Ultimately, Font's creations make you dream, and that's what fashion should be all about."
6137,"From the private collections of friends to Manhattan's biggest institutions, Dennis Basso looked at a lot of contemporary art before designing Fall. (So much, in fact, that he didn't cite one specific artist as a point of inspiration.) Basso treated his collection like a canvas, hand-painting grand black-and-metallic brushstrokes on quite a few pieces, from a classic strapless ball gown in royal blue to a pair of narrow burgundy pants. For Basso, it's never about trends. But he also doesn't want the collection to look old-fashioned. Sometimes, as with a long-hooded vest in lynx, the longtime furrier succeeded. Not so much with the elaborately beaded Peter Pan collars on blouses and dresses. While the girl who loves directional clothes is not wearing this stuff, it certainly has an audience. And, as usual, many of Basso's most loyal clients were sitting front row. ""I want her to be able to buy it now and pull it out five years later,"" he said backstage before the show. One gown in particularãa black shell and floor-length tulip skirt covered in black bugle beads and white pearlsãdefinitely fit into that category."
6138,"Derek Lam had a bit of good news heading into his New York fashion week preparations. A private equity firm with ties to his longtime mentor Domenico De Sole just bought a minority stake in his 10-year-old business. It could set Lam up nicely for significant growth. Of course, extra cash to play around with doesn't mean much if you don't have the clothes to back it up. But that he most definitely does this season. A decade in, Lam knows his strengths. A fabulous coat, gratifyingly well-cut pants, an out-of-the-ordinary boot. They're not the kinds of things that fashion revolutions are made of, but they do tend to make women's hearts go pitter-patter. Ask those private equity guys what really matters. Backstage Lam was talking about Buddhism, Tibetan prayer flags, and Central Asian nomads. He said he was interested in the idea of clashing yet harmonious energies. But it's best not to read too much into that. The overall impression was rich (see the patchwork leather skirt) but clean (as in the elongated black blazer he paired it with). Coats have already become a meme this week. Lam's contributions were whipped up in a wool bouclé shot through with Lurex. He can usually be depended on for a big fox fur, but the mood here was too quiet for that. A haircalf jacket in a striking shade of curry was a more than worthy stand-in. There was news in his knits, too. Hard to choose between the multi-ply ribbed cashmere of an asymmetrically draped sweater dress and the Mondrian-esque intarsias of his fine jersey tunics. ""Prayer flag"" evening dresses with split seams held together by gold beads were harmonious indeed."
6139,"The unique starting point for the new 10 Crosby Derek Lam Fall collection was ""lava pottery,"" which came out of West Germany in the mid-twentieth century. While that doesn't sound like the sexiest inspiration, it yielded several terrific coats cut from an ombré brushed mohair wool that closely mirrored the collectible ceramics. In addition to anchoring the lineup, the textured toppers also got design director Elizabeth Giardina thinking about what modern artists might wear while working (she referenced Louise Bourgeois and Diane Arbus). The idea gave rise to pairs of utilitarian leather ""studio pants"" with a tapered, slightly baggy fit, and their matching boxy smock tops. Elsewhere, Giardina focused on developing texture with custom fabrications including bonded neoprene, which was hand-spray-painted to speckled effect, and needle-punched cotton voile. The silhouette here was generally relaxed. ""Volume is really important, but it was also about maintaining the integrity of the waist,"" said Giardina, pointing out pleated A-line skirts that hit just below mid-calf. Furãboth real and fauxãplayed a significant role too, with indigo-hued fox vests and a mint-colored coat that appeared to be shearling but was in fact 100 percent mohair. While Derek Lam recently moved into a larger office space farther uptownãleaving behind 10 Crosby's namesake addressãthe line coolly maintains its decidedly downtown sensibility."
6140,"Diane von Furstenberg 's 40th anniversary festivities began in Los Angeles last month with the opening of Journey of a Dress , a retrospective of the frock that made her fortune. They continued today at Spring Studios, a new venue for DVF, where St. Vincent serenaded the crowd with a live performance and gold glitter fell from the ceiling as von Furstenberg completed her victory lap around the runway. There was a cake and candles, and a special dinner followed tonight.  Von Furstenberg titled her collection Bohemian Wrapsody, and true to the pun, it was well stocked with that signature dress. Karen Elson opened the show wearing a black-and-gold collared version that featured the same darts as the original. Doing research for the exhibition, von Furstenberg explained, she came across a 40-year-old quote from the New York Times ' Bill Cunningham in which he complimented her patternmaking; the gist of it was, ""she knows how to do darts.""  Prints are an equal part of DVF's oeuvre, and there was no shortage of them here. Love knots, rosebuds, stars, moons, and cloudsãoftentimes in bold mix-and-match combinations. The smart thing about the show was that it didn't feel like a nostalgia trip. Backstage von Furstenberg said, ""I used to take the wrap dress for granted, and sometimes I even resented it. Now that I decided to honor it, I'm proud of it, of its timelessness."" But it would be a mistake to expect this force of nature to do wraps and nothing else. The most vital look in the show was a sweater-dress in an abstract cloud motif worn with a flared skirt, over the top of which von Furstenberg tossed a printed cocoon coat. Not a dart in sight."
6141,"Thursday marked exactly one year to the day since Nicola Formichetti took over at Diesel , and that was all the excuse Renzo Rosso, who founded the brand thirty-five years ago, needed to throw a party. He flew three hundred people from all over the world to Venice. ""My town, the most beautiful place in the world,"" Rosso enthused. After an Aperol-fueled gondola ride down the Grand Canal, only a churl could disagree with him.  But before the partyãand the after -party at the Palazzo Grassi, which saw the hardiest revelers reeling into a gray Venetian dawn this morningãthere was a huge fashion show to clarify how far Diesel has come under FormichettiÄand where it might be going. The denim, the leather, the military/utility looks have been pillars of the Diesel aesthetic for decades. ""But what makes it unique,"" Formichetti said before the show, ""is that it's not street, it's not luxury, it's a hybrid, a new breed of alternative-spirited brand."" Which kind of describes Formichetti's own work over the years, first as a stylist for magazines, then as a creative director for the likes of Uniqlo, Mugler, and Lady Gaga. The many facets of Formichetti were all over the Diesel show. ""Any crazy idea I come up with, Renzo says, 'You can do better than that,'"" the designer said with his insanely infectious giggle. So we saw power pop looks; digital backdrops by longtime collaborator Nick Knight; Brooke Candy on the catwalk; a Tumblr-enabled model casting; clothes customized and glamorized to individual taste; and an overall feeling of inclusiveness , which is something the designer has deliberately cultivated with his social media presence. ""There's no difference between the digital and physical world for these kids,"" Formichetti mused. ""They're a new species, indigo children . I find them through Tumblr. They're everywhere, but they don't know about each other till I connect them. That's what I am, a connector .""  His connections have inevitably led to some social/political subtexts in his workãLGBT models, a Pussy Riot-inspired finaleãbut that only makes Formichetti a better match for Rosso, who's no stranger to controversy himself. Last night was more than a mutual admiration society, it was a virtual lovefest. ""I want to be just like Renzo when I'm older,"" said Formichetti. And Rosso is going to make it easy for him. ""He said he's giving me the keys to the kingdom for the next thirty-five years,"" the designer added."
6142,"A swing through Diesel Black Gold 's backstage dressing area revealed silvery leather jackets with the quilted proportions of space suits. So Andreas Melbostad had watched Gravity, then? Turns out, Alfonso Cuar""n's spellbinding movie didn't figure into it; the designer hasn't seen it. ""It has always been a dream of mine to do a sort of astronaut-futuristic collection,"" he explained. Melbostad has never been one to venture too far out there, though. He had a look at Phi and he stuck to it, and he's very quickly established some signatures at Diesel. In keeping with that, this collection wasn't so much futuristicãeither by our contemporary standards or by nostalgic sixties onesãas it was sharp. Save for the rounded proportions of shiny leather parkas (positively great, by the way, with their substantial shearling linings), it was all hard edges, down to the studded square metal discs embellishing the pleats on miniskirts and stretchy dresses. Those discs were reminiscent of ones he used last season. You want to see Melbostad push his limits a bit more in that regard. But you'll hear no complaints from this direction about his tailoring. He makes a mean, mean pair of trousers. This season, they're slung extra low on the hips, cut lean through the thigh with some space-suit seaming at the knee, and unzipped at the ankle for a bit of a flare. Outer space, here on earth, anywhere, there's only one word for those pants: cool."
6143,"You can take the boy out of Australia, but you can't take Australia out of the boy. Now in his second season on the runway in New York after two in London, Sydney-based designer Dion Lee is once more exploring his roots. ""Nostalgic Australiana,"" he called it backstage. Having caught the attention of stores like Bergdorf's with earlier collections inspired by Bondi Beach surf culture and Sydney's famous opera house, Lee went beyond the city limits this season. His first order of business was to look at tailored silhouettes modeled on convicts' workwear. You might recall from world history that the Brits settled Australia in the late-eighteenth century as a penal colony. The boxy cut of the chalk-stripe jacket and asymmetric skirt that Lee opened with tamped down the sex appeal that has become his most important signature (the silver cap-toed ankle boots certainly played their part). And the foldover-sleeve coat that followed a few looks later seemed to signal we were in for a different Dion Lee entirely. As the show progressed, that turned out to be only partly true, but the ease of knitted mohair turtleneck dresses split up the sides over softly pleated, full skirts was certainly new for this designer. Everyday pieces like that will broaden his reach. Still, Lee remained at his most vital doing the body-con thing he's known for. Before long, we were in the Australian outback, and, amazingly, a crocodile hide was wedged into the back of a tailored leather jacket, while another one was placed down the front of a leather halter dress. Snakeskin was sliced into narrow strips and crisscrossed the torso like a harness. Those pieces were technical marvels, and they'll probably be prohibitively expensive, but he synthesized his ideas on softer dresses in sun-faded pastels embroidered in tarnished silver. They were gorgeous. Let's hope Lee never runs out of Australiana to riff on."
6144,"Once upon a time in Palermo, Domenico Dolce and Stefano Gabbana fell asleep and dreamed a fairy tale. Then they based their new collection on it. Which was obvious from the moment an enchanted forest rose from the bowels of the Metropol while snow swirled and Tchaikovsky's ""Dance of the Sugar Plum Fairy"" played. ""Enchanted Sicily"" was the title Dolce & Gabbana gave their collection, but what we saw was actually a timely departure from the overtly folkloric tone of the duo's recent collections. As wonderful as they have been, there was an inevitable sneaking suspicion that the Sicilian vein was nearing the moment when it would be well and truly tapped. Here were ten of the all-black, widow's-weeds-y outfits that established Dolce & Gabbana's fashion signature three decades ago, but they were like breathing spaces in a fantastic riot of fairies, princesses, owls, foxes, squirrels, and swans. There was even a frog for a princess to kiss. All of them were rendered in charmingly naive appliqués. The owls on a blue brocade shift were a particularly memorable combination of ultra-cute and hyper-sophisticated. Sicily was still in the mix, but in the same way it featured in the men's collection in January. The island has been enough of a cross-cultural historical crossroads that you can basically pick an influence and run with it. For the men's show, it was the seven Norman kings who swept down from the North (very Lord of the Rings ). Here, it was their female consorts who inspired the embroidery and gilding, the gothic appliqué, the studded balaclavas and gauntlets. Those antique invaders brought their myths and legends with them, and that, according to Gabbana, is when fairies arrived in Italy. The recurrent motif in the collection was the key that opened the door to a secret garden. For all the arcana of their inspiration, the clothes themselves managed to build a bridge to the real world, or at least a world real enough for a woman to wear an A-line tweed coat with a little appliqué, a skirt suit in deepest forest green, or even one of the beautiful Riding Hood capes. As a shortcut to escape while the world's weather patterns surrender to globally warmed insanity, they could scarcely be more apt. Of course, Domenico and Stefano couldn't leave it there. They marched a platoon of gothic Tinkerbells down the catwalk as a finale. Who doesn't need some fairy dust?"
6145,"Fashion is having a Donna Karan moment. Other designers have been referencing her jersey draping and velvet and silk chiffon gowns. This made witnessing Karan's 30th anniversary collection down on Wall Streetãshivering alongside the likes of Katie Holmes, Hugh Jackman, and Rita Ora in the drafty raw spaceãextra fascinating. Which parts of her own extensive oeuvre would the designer find compelling? No sense in avoiding the Seven Easy Pieces, the collection of foundation basics that started it all back in 1984. And remember those ads from way back when that starred Demi Moore in molten gold velvet dévoré? It was 1996, for those of you who've lost track, and, yes, those dévorés got an update on Karan's runway tonight.   But don't call it a retrospective. More than anything, Karan said, it was a tribute to the city that made her: New York. That came across in the monochrome color paletteãall black, gray, red, and white, with not a print in sightãas well as in her emphasis on sharp tailoring. She may be famous for the bodysuit, but Karan has always loved a jacket, and she didn't stint on them here. The best came with a crossover lapel buttoned at the collar and a leather belt cinching the waist. Karan avoided pants almost entirely, using thigh-high suede boots as stand-ins, and focused her efforts on skirts, often of the sheer variety. That was a puzzling choice, but luckily there was plenty to keep your attention on those jackets. Most fabulously: needle-punched cutouts and black jet beading designed to evoke the glinting lights of the city skyline.  All the while, photographer Steven Sebring's 360-degree images of a Donna Karan-clad body dancing and emoting played in the background. A body in motion tends to stay in motion."
6146,"Celestial was Douglas Hannant 's touch point for a cool-colored Fall 2014 collection. Maybe because starry skies inspired the designer, today's presentation seemed heavily bent toward eveningwear; an excess of shimmer made even button-up blouses look ready for nightlife. It's too bad, because a couple of quieter pieces (which may have been designed with daytime in mind) were overtaken by all the sparkle. A fitted black sweater dress with a single thick cable down its center was awkwardly hidden under a cropped metallic jacket that threw off its proportions. A pair of luxe leather trousers with subtle slouch also showed promise, whether or not they will resonate with Hannant's uptown clientele. But if those clients are shopping for gala season come fall, they should have plenty of dresses to choose from. The standout was a spaghetti-strap gown of bias-cut graphite woven raffia. On the hanger before the show it looked almost like metallic snakeskin, but Hannant said the surface appearance would look like liquid on the model. Perhaps better, it appeared more substantial, almost like leather. In spite of its slip-style silhouette, this dress had a bit of body, which should make it easier to wear. It was certainly more wearable than a trumpet-skirt gown of metallic tweed that cinched unforgivingly at a model's knees, restraining her movement. That dramatic, voluminous strapless silhouette also showed up in a gown of grape-colored silk faille that Hannant had hand-painted. The designer said he used a bottle to keep the process ""very controlled,"" and while interesting, it still looked very splatter-painted and, combined with the dress' color and silhouette, very 1980s. That era of excess was reflected in many of these layers of metallic sequins, lace, leather, and fur. This collection didn't feel especially current, but piece by piece, Hannant's customers may still have some fun with it."
6147,"Dries Van Noten showed his new collection on the eve of the opening of his exhibition at the Musée des Arts Décoratifs, two years in the making and promising to offer insights into a living designer's mind the likes of which we've never before been privy to. The experience of putting the exhibition together has filtered into Van Noten's past few presentations: delving into the museum's archives, reflecting on his own past, mulching centuries together. So there were two routes he could have gone todayãconsolidate that rearview mirror, or make the past another country and resolutely head off down the highway ahead.  In the end, it was hard to tell exactly which of those options the designer had adopted. There were so many Van Noten signatures on displayãsilvery flora, man-styled coats and trousers, a thirties-style languor, a shimmer of glam rock, the overall sense that we were looking at the wardrobe of one of life's decadent adventuresses. On the other hand, the show introduced us to a Van Noten we'd never seen before: Dries the Ibizan Psychonaut.  A museum exhibition dedicated to one's own work is so fearfully grown-up. What better way to set a new course than to reconnect with a delirious flicker of one's own misspent past. And what better flicker than rave culture"
6148,"#perturbedwonderful was the hashtag for the Girl, Interrupted video update that introduced the DSquared2 show today. It was a more savory variant on the institutionalized existence than the similarly themed men's show in January because it offered Dean and Dan Caten an opportunity to indulge their love of the endlessly entertaining netherworld of drag. ""Tonight I gave the greatest performance of my life,"" Shirley Bassey wailed at ten o'clock on a Milanese Monday morning. Right there was the very essence of extravagant female camp, in the spirit of the mid-sixties finest slice of lunatic glamour, Valley of the Dolls.  That was definitely the period in which the story had lodged itself. The lavishly trad couture reference of a feathered cape in emerald green duchesse satin over an Empire lined navy column was every La Scala opening rolled into one outfit. But our heroine was in a psych ward, living out a psychotic fantasy, and she paraded her operatic finery while nurses monitored her every move, each of them dressed in abbreviated white leather looks that evoked Courrges.  If the scenario wasn't as engaging as some of the Catens' past theatrical masterstrokes, it did provide a showcase for their skill as merchants of fabulous fashion pastiche. This was a show that ran in reverse, beginning with gussied-up eveningwear and ending with lingerie. In between, there was a reasonable spectrum of options, from a winning color-blocked shift striped with mink, to a camel cape, to a lacquered green-python miniskirt suit. The over-the-top accessories included extravagant restraints like bejeweled arm braces and collars. Nothing there to disappoint Dean and Dan's following.  But it was actually the complex and witty aural collage of crazy ladies on the soundtrack that left at least some audience members wondering if sonic wizardry isn't the Catens' true calling in life."
6149,"It takes a long time to grow into who you are, Daniel Silver said today, just before he and Steven Cox debuted their first designs for women, alongside another collection of the peerless, provocative clothing that has made Duckie Brown New York's most consistently interestingãand under-celebratedãmenswear label. They named their presentation The Duckie Has Two Faces, the latest in their inside-joke plays on the titles of Streisand movies, and an obvious nod to the gender mix on the catwalk. If Silver's words suggested that the move into womenswear somehow completed them, the fact is that Duckie Brown has always had two faces: scally lad and Savile Row gent, extreme and elegant, butch and femme. Cox's technical skill has alchemized the opposites beautifully. That much was made perfectly clear on the catwalk today, with a huge amount of help from a soundtrack that mixed Vivaldi and hardcore electronics. So maybe Silver was right after all. But even with the collection done, Cox confessed he was frightened to do womenswear, possibly because he wasn't prepared to do anything so obvious as to simply repurpose menswear for women. ""We focused on not doing that,"" he said firmly. ""We wanted to make clothes for women , not girls."" The distinction was important, because Duckie's menswear has often had a quirkiness that reads as boyish, even more so when counterpointed by the gimlet-eyed confidence possessed by the women in today's show. One stellar male ensemble matched an MA-1 bomber jacket in cyclamen with gigolo-tight pants in midnight silk and evening slippers (the men's shoes throughout). Adam the model was a skinhead with a thousand-yard stare. The mix of feyness and menaceãfop and hooliganãfelt like Cox's ideal match. It was the essence of the men's clothes, which used elaborate tweeds and rich silks for hoodies and trackies, and layered such classically masculine pieces as a peacoat or donkey jacket over narrow silk pants. For women, Cox collaged a Crombie out of pell-mell intarsia, or elongated a T-shirt or sweatshirt into a surprisingly elegant dress (the fabric did the heavy lifting). And he cut some supremely elegant pleated pants. And if that sounds like the womenswear was distinctly straightforward in comparison with the menswear? It was. The short-over-long proportion play that is a Duckie signature was in full effect for the boys, with blousons over coats (the effect was skirtlike) over trousers. When the blouson was tweed, the skirt was cyclamen pink and the trousers were Chinese red; it nibbled at the confident excess of eighties couture. Cox had actually been looking at the couture of Charles James ( before the Met announced its upcoming exhibition, he hastened to add). The blue silk evening coat that closed the show was his subtle salute. In comparison with such spectacular follies, ""straightforward"" couldn't help but look a little tentative. Still, given the glorious indignities Cox and Silver have inflicted on menswear in the past, the girls of the world should feel slightly relieved that Duckie's womenswear debut let them down so gently."
6150,"Duro Olowu didn't exactly reinvent the wheel this season. But then, why mess with a perfectly good wheel? Olowu celebrates the tenth anniversary of his brand later this year, and the more seasoned he gets, the more he limits himself to fine-tuning adjustments to the look of his clothes. This season, the adjustment was inspired by 1920s-era furniture designer Elizabeth Eyre de Lanux and the Dada setãMan Ray, Schiap, etc.ãwho were some of her cohorts in Paris. There were a handful of vintage touches, like the prim organza collar on a silk print dress, and a handful of surreal ones, like the fur pockets on a coat. Silhouettes had a hint of Deco about them, and a recurring printãalso executed as a jacquard knitãwas directly inspired by the look of Eyre de Lanux's inlay woodwork. But these were all niceties; there was hardly a piece in this collection you wouldn't immediately identify as Olowu's, whether a tailored jacket with 3-D inverted seams in back, or the full skirt patchworked from fabrics ranging from vintage Bianchini brocade to an African artisan print harvested from Olowu's mother's house. After a decade of doing his thing, this designer is in no doubt as to what his thing is."
6151,"Edeline Lee is part of a burgeoning cadre of Canadian designers in London, a list that includes Erdem Moralioglu, Thomas Tait, Todd Lynn, Mark Fast, and Jean-Pierre Braganza. Unlike her fellow Canucks, most of whom come from the eastern provinces, Lee grew up in British Columbia, as a Whistler Mountain ski jock. Her new Fall collection is devoted to her inner teenager, a sporty 17-year-old who dreamed of life in the big city. Even when Lee references the past (as she did with the Bloomsbury Group last season), she imagines how those from bygone days would dress in the future. She also has a penchant for the architectural and the artistic. The first look encapsulated that: a boned bustier dress, from the waist down it was half-culotte, half sun-ray pleats. The cocoon coat that followed was made from double-faced satin and wool with a prodigious shawl collar in laminated bouclé and neoprene. Grid detailing in asphalt gray felted fabrics replicated the color of the New York City streets, and there were paper-bag waists and a top with an oversize bow that could be tied in a multitude of ways. Flaps on a jacket shoulder were shaped like glass shards from I.M. Pei's Louvre pyramid. Lee is a self-described ""pattern-cutting nerd""ãher precision comes from her days at Alexander McQueen, John Galliano, and Zac Posen. In the past, she's gotten flack for her monochrome-loving ways, so she injected a fair bit of Yves Klein blue here. Her arty, intellectual fans will gravitate toward the graphic black-and-white print on blue that was inspired by Japanese wood-blocking techniques."
6152,"You can tell that Edun designer Danielle Sherman has worked behind the scenes for most of her career. She doesn't talk about clothes in a sweeping wayãthere's no big dramatic story or inspiration behind her work. It's more about the individual techniques and using them to give the Edun brand context. This is Sherman's second season watching over the LVMH-backed, Bono and Ali Hewson-founded clothing line. (Before that, she was design director of T by Alexander Wang and was on The Row's launch team.) Edun Spring 2014 is just landing on the sales floors now, yet Sherman has already fully redirected the label's aesthetic and talks a lot about building on the house codes, a term typically reserved for much more established brands. So far, she's two for two. For Fall, Sherman focused on materials and texture-blocking, giving sporty silhouettes a fuzzy, earthy quality. ""There was a lot of fabric manipulation,"" she said of the way the wool and alpaca was often brushed upward to create a ""hairy"" effect. ""Even though it's Fall, I wanted to keep it light."" For instance, a brushed herringbone wool coatãthe sport element reflected in the blown-up engineer stripes near the hemãwas unlined, creating a substantial look without the weight. The chunky turtleneck knits, too, had a certain bounciness. The narrow skirts had style, particularly a gray knit with those same white stripes, but the pants were the thing. Sherman showed a ton of oversize trousersãa camel and suede pair, others in black, gray, and ivory woolãbut they weren't so huge as to be impossible to wear. Especially when paired comfortably with Adidas Stan Smiths, which Sherman customized with charcoal alpaca or fun fur woven into a check pattern. (Those were made especially for the show, but the handwoven herringbone boot, a collaboration with Manolo Blahnik, is for sale.) Sherman said that she wanted the collection to be playful, and those furry elementsãincluding an ivory gym sack covered in wavy wool fringe, texture-blocked tunics and jackets featuring ""teddy bear fun fur,"" plus the aforementioned charcoal alpacaãachieved that. There is one point of inspiration Sherman plans on revisiting time and again: Africa. (The original and continuous mission of the label is to support trade in the continent, and to do so by producing garments and accessories there.) This season she visited the archives of the Quai Branly museum in Paris to look at African textiles dating back to the 1800s. ""What was interesting to me was the natural, earthy colors,"" which informed Sherman's palette of cream, camel, black, and gray. The good news is, she has all of the continent to use for ideas. Enough for dozens, if not hundreds, of collections to come."
6153,"While Electric Feathers designer Leana Zuniga made no concessions where her usual billowing shapes were concerned, her Fall offering was notably more lissome than collections past. Perhaps that's owed in part to a couple of heavyweight influences. When presenting the pieces, Zuniga name-dropped Yohji Yamamoto (circa the eighties) and Isadora Duncan, both of who represent different sorts of lightness. Yamamoto could be spotted in a boxy, utilitarian, funnel-neck jacket and tool-belt-like vest, both in indigo-and-cream-checked raw silk (the latter tricked out with black plastic snap buckles that felt improbably charming). Duncan, meanwhile, came through in diaphanous numbers, like Electric Feathers' signature Infinite Rope dress, which stunned in a blush double georgette. There was plenty of gossamer silk lamé, too. A gorgeous swingy ivory coat with poet sleeves and a chunky, striped silk belt was a true standout, and bore hints of the Ballets Russes around the edges. Even at its most dialed-back, the label is going to be a hard sell for some womenãfor the body-conscious, for those who'd rather their clothing show off weeks' worth of Pilates rather than double as an ensemble in which to do Pilates. But Zuniga comes by her aesthetic quirks so naturally, it's hard to escape their pull. Fall boasts some of her most impressive fare yet, and with a boutique on Williamsburg's South Side just opened? Things look bright for the brand."
6154,"Elie Saab had a good night at the Oscars. No less a superstar than Angelina Jolie wore an haute couture dress by the Lebanese designer. Coming off a coup like that, it's no surprise he was inclined to focus on his eveningwear formula at his ready-to-wear presentation today. Saab called the collection Dark Opulence and said he was looking at the work of Mark Rothko. The artist's Color Field paintings made up a template of sorts for the designer's ombré effects. Bands of merlot and black colored a long strapless gown cut from ribbed silk, and a deep stripe of black bisected a pale rose tunic in the same material. These graphic looks felt new for Saab, who tends to prefer monochromatic color schemes. The dégradé velvets and chiffons of a long-sleeve minidress and a halter-neck evening number were less unexpected but quite pretty in a low-key way. Saab's print this season, a painterly floral with brushstrokes for petals, felt likewise subdued, probably because its background was black. He saved the opulence for the end, closing with a group of burgundy, emerald green, or black dresses densely embroidered with paillettes. The black one with the thigh-high slit had Jolie's name all over it."
6155,"Fall found Elie Tahari in top form. The designer, who is celebrating the fortieth anniversary of his namesake label this year, always succeeds in making urban, wearable clothes (not to mention office-appropriate sheaths), but this season felt a bit more in touch with the here and now. The collection's theme was ""lightning through the darkness,"" a notion enhanced by the clear plastic umbrellas covering the walls and ceiling of Tahari's Fifth Avenue flagship for the presentation. In keeping with this after-the-storm mood, the color palette was full of smoky neutrals accented by pops of sky blue and sunset pink. As usual, there was an emphasis on sporty tailoring, but the overall look was more relaxed than in seasons past, which felt current. Chunky, hand-crocheted sweaters and fuzzy mohair pullovers were paired with wool skirts featuring either kicky trumpet shapes or graceful pleating. Other modern proposals included slouchy knit trousers, borrowed-from-the-boyfriend bombers (several of which featured fleecy shearling hoods), and cropped sweaters with built-in shirting details for a cool, layered effect without the fuss. Speaking of layering, outerwear was a clear highlight here. Tahari understands that if there's one item his customer needs this season, it's a statement-making coat to get her through cold months like these. So the lineup offered a range of functional yet fashionable toppers with high points such as a cocoon-ish style cut from bonded tweed, and a standout baby blue number that looked fresh shown with a matching leather biker jacket underneath. Meanwhile, sidewalk-ready accessories like knit beanies, fur trapper hats, and cozy looped scarves added a touch of grit to the mix and underscored the clothes' real-world appeal. Without a doubt, this was a definite step forward for Tahari."
6156,"Recent outings have found the Elizabeth and James  girl embracing a more casual tone (Resort and Spring 2014 included faded, distressed denim, and pre-fall featured grungy layering), but she cleaned up her act a bit for Fall. ""This season was more about oversize jackets and oversize menswear,"" Ashley and Mary-Kate Olsen said at their presentation. Their latest lineup emphasized relaxed suiting separates, such as borrowed-from-the-boyfriend blazers and cropped, relaxed trousers that were cut from an Oxford-stripe wool reminiscent of prep-school uniforms (this concept was underscored by the basic Bass loafers teamed with each look). The design duo also reinterpreted the classic haberdashery pattern in a softer way: as a print found on silk twill skirts. They continued to riff on masculine motifs with tailored wool pinstripe coats, and tops layered over long, crisp shirts. Elsewhere, the sister act played up toasty textures in the form of thermal alpaca turtlenecks paired with knee-length leather skirts. While these sweaters couldn't hold a candle to the dense, 900-gram double-face cashmere knits the Olsens showed earlier this week at The Row, they still conveyed a coziness that felt current for the contemporary market. Outerwear was a particular highlight here, with noteworthy styles including a charcoal-colored, ankle-scraping topper that could be zipped off to create a short jacket, as well as functional parkas and fuzzy faux shearlings. ""There's nothing more to say with these things,"" said Mary-Kate. We'd have to agree: These wearable clothes didn't require much explanation to grasp their modern appeal."
6157,"As a general matter, ambition in a designer is a good thing. It's good to want to elevate the tone of collections, and to create strong, memorable looks. But ambition is a bit like a horseãyou've got to break it, make it docile and willing to proceed at a trot when called for. Otherwise it'll keep getting away from you. Australian Kym Ellery is about midway through the process of ""breaking"" her ambition. Her latest Ellery collection was more attuned to nuance than her last few, with more of a sense of measure in the silhouettes, and a handful of pieces that showed their refinement in subtle ways. A bustier top debossed in paisley, for instance, or a pair of lean black trousers fronted in green or blue were elegant in their reticence. Meanwhile, more ""special"" pieces, like another bustier that featured draped sun-ray-pleated silk, had quiet forceãit was rightly styled to stand alone."
6158,"At its height in the eighties, the house of Emanuel Ungaro was synonymous with exuberant prints and ultra-feminine silhouettes. Today the label's new designer, Fausto Puglisi, opted to explore one of the less-remembered parts of Ungaro's oeuvre: androgyny. ""What I used to like most were his masculine suits in all those prints,"" Puglisi said backstage. There's nothing wrong with going against the grain. Brand revivals don't have to pay obeisance to the founder's legacy to be successful these days: See the upward trajectory of Hedi Slimane's Saint Laurent. In any case, with their easy attitude, the suits Puglisi opened with were two of the show's strongest piecesãone herringbone, the other in royal blue with ""broken"" black roses. Other highlights included a black-and-white jacquard sweater tucked into slightly oversize printed black trousers, and a couple of neatly constructed short-sleeve dresses with a fifties flare to the skirts. But the collection did have some problems. At times, Puglisi's innate tendency toward excess resulted in heavy-handed fabric combinations. On other looks, there was a preponderance of embellishments. If Puglisi can find ways to continue to simplify, he'll have better luck next time."
6159,"OK, everybody. Forget what you thought you knew about Emilia Wickstead , because the designer has suddenly done a fashion volte-face. The old Emilia Wickstead, very much a to-the-manor-born designer, known for her pink and citrus palettes and super-feminine silhouettes, suddenly went all goth-metal today, with a decidedly masculine edge. The first few looks effectively jolted the crowd wide-awake (half of them were jet-lagged). A featherlight napa leather coat opened the show, and yes, it was beautifully tailored, but definitely dark and masculine. The pearl and Swarovski crystals appliquéd onto the seam lines added a much-needed lightness to the strong look. Then came python prints, which, when combined with a leather skirt, looked like some kind of ""don't mess with me"" city armor. A Matrix -esque leather coat followed, the whole thing made more armorlike by the ""film noir"" headgear inspired by a vintage photograph the designer keeps on her desk. These pieces still had Wickstead's hallmark tailoring and fabric innovations, but their look and feel were radically different from anything she has done before. The crowd palpably relaxed as some more familiar looks came down. A tangerine jumpsuit had Wickstead returning to her citrusy color palette, then dresses in blue and cream lace overlay took us out of the goth-metal clubs and back, safely, to the manor. And then came the jumpsuit. It now seems like a garment we have to accept as a wardrobe mainstay, like a blouse or a trouser, and Wickstead's white take on it was mathematically perfect. As were the honeycomb dresses and coats in a luxurious black crepe that had buyers craning their necks for a closer look. There were some ensembles that had no right to look good, but did, including a blush pink lace jacket over a python skirt. Its success may have something to do with the fact that Wickstead was using a stylist for the first time (Donatella Musco). Then there were other looks that were immediately gorgeous: namely, a cream and gray floral coat and dress that had sellout written all over them. Wickstead is still relatively new to the scene, so it's good to know that she isn't getting complacent. Perhaps she felt she was getting pigeonholed into a certain mold and this was her way of breaking out, even if just for a few looks. Message receivedãand appreciated. After all, in fashion it's always better to surprise than to sedate."
6160,"It never hurts to go back to your roots. Over his five years at Emilio Pucci , Peter Dundas has soaked in the house's Italian jet-set heritage and turned the show into one of Milan's hot tickets. But tonight Dundas tapped into his own history, and the result ranks up there with his best collections for Pucci. Dundas has Norwegian blood in his veins. His granny's hand-knits inspired the chunky fringed sweaters here. He was a hockey player way back when, and his old uniform got a second life in black jerseys whipstitched in leather. And all manner of cold-weather outerwear was reimagined in super-luxe fur: A tribal blanket pattern was intarsia'd along the hem of an orange fox chubby, and mink was collaged on the sleeves of a pony-hair parka lined in beaver and lambswool. Northern vibe though there was, the collection remained identifiably Pucci. The label's familiar prints were front and center at the top of the show on minidresses overprinted with Appaloosa horse patterns and heavily studded in silver. And they reappeared at the end on a pair of chiffon gowns stitched in a gold-thread ikat pattern. Jersey was another house signature, but back in Emilio's day it never draped quite as fabulously as it did on Joan Smalls, who wore a long brown dress that dipped precipitously in the back from crisscrossing gold chains. In the end, though, this collection's most lasting images didn't have much to do with Dundas' Nordic lineage or Pucci's jet-set past. For all the dressmaking Dundas does here, he has stealth skills as a tailor. A pair of velvet pantsuits cut rakishly in glorious shades of ruby and emerald green put that talent in the spotlight."
6161,"Emilio de la Morena has spent the past few seasons focusing on daywear. This time out, he reversed course and reasserted himself as a maestro of the party dress. As de la Morena explained after his show this morning, he was inspired to return to first principles by a reengagement with, as he put it, his ""Spanishness."" Specifically, he said, he was contemplating Goya's alleged mistress, the Duchess of Alba, and considering how to evoke her baroque carnality in a modern way. Step 1: Lots of velvet. That most sensuous of materials was all over the place here, and put to particularly good use in the collection's trim trousers, nicely redolent of the ones Tom Ford did at Gucci ages back, and in the knockout pencil-shaped cocktail frocks. The ruched, tricolor dress that closed the show was a particular red-carpet-ready highlight. Step 2: Ruffles! De la Morena has long had a soft spot for ruffles. Here, he rendered them supersize, to pleasingly sculptural effect. Step 3: Mongolian fur, dyed in various shades of pink. Curly Mongolian was the other key texture in this collection, and together with the omnipresent velvet it created a tactile atmosphere that bordered on sensory overload. The real caveat to this collection, though, had to do with its silhouettes. De la Morena undoubtedly makes money from short, flared party dresses, but their appearance here diminished the force of the otherwise lean 'n' mean look on the runway. They were just too ""cute""ãa word, one imagines, no one would have dared to use to describe Goya's duchess back in the day."
6162,"London designer Emma Cook effectively relaunched her label in 2011, taking it off the runway and shifting to a contemporary price point. What's remained the same since then is Cook's graphic and rather surreal take on print, which was in eye-popping evidence this season. Her starting point was the traveling circus, which mainly served as an excuse to gather pattern inspiration from hither and yonãMoroccan tile, traditional American quilt, Egyptian scarabs, etc. A Persian rug print was rendered with trompe l'oeil fidelity. The results here were mixed: Cook has gotten very slack about her silhouettes, which may serve her commercially but does little to distinguish the collection as a whole. There were a few pieces that stood out, howeverãa trim black dress embroidered with gold scarabs, for instance, and a bomber patchworked together from various fabrics. And there is a palpable charm in Cook's sensibility. This didn't feel like her most focused effort, though."
6163,"The Emporio Armani show today was called Al Momento. No English translation offered. Assuming it's not someone's name (Alberto Momento ), it might mean ""At the moment."" Was this Giorgio Armani's way of telling us that this is where his head is at right now, in a collection that brought masculine and feminine elements together more vividly than he has done in living memory? The first suitãgray, man-styledãhad little of Armani's curvy slouch, but it was paired with heels. The next outfit was more feminine, but this time worn with loafersãand a collar and tie (no shirt). Both ensembles were topped by oversize bowler hats, because you have to allow Armani his headgear eccentricities.    All the models were rendered uniform by black wigs cut in an urchin cropƒOliver Twist, except that Oliver Twist's lower eyelids were never lined with icy turquoise. This effect gave the girls the glassy-eyed look of manga dolls. Their outfits, seesawing between elements of masculine and feminine, assisted in the impression of a new urban tribe, crossing time and place. The palette was a monochrome black and white, with one color accent: the aforementioned turquoise, which added a synthetic tinge to a silvery fur cape and a startling shot of color to a fitted little jacket that looked like it had been scissored from alien reptile hide. It was that kind of outré visual interest that gave the collection a new kind of kick, even when more predictable Armani elements asserted themselves. Pants pinstriped with pearls? Al momento, that's an appealing decorative notion."
6164,"The finale music sounded like Debbie Harry singing ""Heart of Glass"" over Michael Nyman's theme from The Piano. An aural culture clash maybe, but it was actually weirdly compatible. And weird compatibility might have been the theme of Erdem 's new collection. He mashed French icons of sixties cool like Anna Karina and Betty Catroux together with seventeenth-century Velˆzquez infantas, eighteenth-century botanical prints, and Romanovs on the run from marauding Bolsheviks to create ""an army of girls"" (his words) he described asãwhat elseã weird."
6165,"Erin Fetherston gave her Fall collection the title ""Charmed, I'm Sure."" And charming it was. Inspired by the Barbizon Hotel, that Upper East Side female residence hall where Grace Kelly, Sylvia Plath, Joan Didion, and Cybill Shepherd all boarded at one time or another in the middle of the last century, Fetherston presented a collection of fifties-inspired frocks that offered a modern take on what those illustrious women might have worn out for an evening. Fetherston's models stood and sat together on risers in an unexpectedly elegant little room at the W Hotel in Union Square, so the feeling was more cocktail party than presentation. And the ladies looked like they were enjoying themselves more than the typical fashion week gig allows. Maybe that's because these were frocks they might actually wear. The standout was a short lavender and pink floral number that looked as if it popped right out from the pages of Lula . (It could very well end up there in the months to come.) The floral appliqué gown with a ball skirt and a curved crop top was lovely, too, and brought texture to the mix. ""I wanted to show it in a tableau format so that you could see all the layers,"" Fetherston explained. The fit could have been better on some stylesãa shimmery pink and orange dress made the most slender girl look frumpyãbut all in all it was a fun, clever idea that should give Fetherston a nice little retail jolt."
6166,"Escada is having a James Turrell moment. After inspiring the label's Pre-Fall collection, the renowned artist's light installations also informed this season's jewel-toned color palette. The new Fall lineup addressed a current trend in the form of relaxed suits (in either malachite green or graphic windowpane checks) that featured slouchy, cropped trousers and a double-breasted jacket for a bit of flattering definition at the waist. Patterned furs, leather pieces, and a classic camel coat also felt of-the-moment. Elsewhere, design director Daniel Wingate experimented with several newer silhouettes for the brand, such as scalloped lace tea-length skirts. Pretty, painterly winter florals looked relatively fresh on matching silk separates but seemed somewhat stuffy on printed organza cocktail frocks and a strapless evening gown. Speaking of eveningwear, Escada has started putting more emphasis on its red-carpet program, having recently outfitted Edie Falco and Helen Mirren for the Emmys and SAG Awards, respectively. According to a rep, the vibrant, draped duchesse numbers here were created for one of this year's Oscar nominees."
6167,"Veronica Etro took a trip down the Silk Road today. Hailing from an Italian family known for its fine textiles, she was particularly well equipped for the journey. But this collection's satisfactions went beyond Etro 's famous paisleys. It was the designer's most accomplished show to date, confident in its layering of textures, patterns, colors, and embroideries, and chock-full of fall trends like blanket dressing and shearling.  Veronica has long had a knack for sussing out which direction fashion is heading and putting an Etro gloss on that. What made this collection stand apart from previous ones was the list of special pieces that women will want to pull from the sometimes-heady mix on the runway to wear and wear. Backstage the designer was talking about timelessness, and more than a handful of the coats and dresses here had the feeling of an exquisite vintage find: a copper and black dévoré velvet dress shot through with shimmery Lurex, an almost weightless silk chiffon number in a tapestry print woven with thick stripes of gold, a wool coat paneled here and there with intricate thread embroideries.  Amid all that finery, a couple of fox-fur jackets looked like too much; a long wool paisley coat lined with mink was just as luxurious, but more discreet. Elsewhere, Veronica did a smart job of balancing the riches of her materials with easy, flowing silhouettes. We can think of a lot of girls who'd like to go on this journey with her."
6168,"The mise-en-scne for Eudon Choi was a set of black-and-white photos of crazed Beatles fans projected on the venue walls, with the soundtrack blaring corresponding screaming fans and the band's tunes. The carefully set scene reflected some of the pieces in the collection, but the stars of the show were the edifyingly modern looks that hit the runway, leaving us jettisoning the past and looking firmly toward the future.  To wit, a rigorously tailored plaid jacket with statement shoulders was fairly contemporary, then Choi added fresh and sharply executed details like an oversize funnel-neck collar and lantern sleevesãbut with one sleeve placed higher than the other. Choi probably doesn't even realize it, but he is something of a hero for the modern working girl. Case in point: A superb pinstriped ""suit"" with a longer jacket teamed with jogging trousers will hopefully sound the death knell for the standard-issue work suit. Another office standby of gray flannel suiting appeared, but in an exquisite shape. Among Choi's many strengths in this collection were the coats. Yes, the gray fur chubbies provided a bit of nostalgia, but the Prince of Wales-check capes and military coats were slavishly devoted to tailoring and hit all the right commercial notes.  At that stage, the neutral palettes seemed sufficient, but then the designer decided to add color with suede patchwork trousers and angora leggings. Yes, yes, we get that whole Pallenberg/Faithfull/Penny Lane reference, but it wasn't even necessary. Why? Because Choi's last looks killed it. A white jumpsuit in a trompe l'oeil paneling, a simple white frock with bib beading, and a fluid black dress are future collectibles. He did himself a disservice by trumpeting the past, especially the tedious sixties, which is a reference that fashion should take a break from or kill outright. In fairness, Choi is probably too modest to suggest what was patently obviousãthat he heralds a bright new era in fashion."
6169,"Fashion East had an all-female lineup this season. On the rota for Lulu Kennedy's incubator were newbie Louise Alsop, Helen Lawrence, and Ashley Williams. This was Williams' third and final shot at the Fashion East runway, and she presented an equine-themed whimsical collection. The designer's father comes from the deep American South, and she had just returned from spending a few months in a Mississippi town so small she couldn't remember its name. (Maybe she was a little distracted because the proceedings were held up for Harry Styles, only for him to be a no-showãdisappointing every girl in the crowd.) Anyway, back in that nameless U.S. town, Williams was given an heirloom hat that had belonged to her great-grandmother, which became the prototype for the amusing Amish-style hats that set off the tone. Williams' kooky accessories are a talking pointãshe loved furry little animals well before a crazed Fendi bug came alongãand this season's bags were typically adorable. There was a clutch with a horse motif (with fringing to mimic its mane), little pink piggies with pearl handles, and a snake-print bag shaped like the state of Texas. There were also multicolored cowboy boots that had camera flashes popping in the audience. The looks that came down were correspondingly youthful and purposefully lightweight: silver overalls, slouchy jeans, and sweaters with kitten motifs. Then there were leather looks with the horse theme, again with hanging fringe. It was all fun and Susie Bubble-esque until one exceptionally tailored, sleek, and expensive-looking black coat came outãit was definitely more West End than East. Even though Williams has owned the cutesy, Shoreditch-chic thing, she's also a pretty deft hand at sophisticated tailoring. All in all, it was more than OK at Ashley Williams' corral.  Things went a little caveman with the rising star of knitwear, ex-Craig Green collaborator Helen Lawrence. Cutout leather and suede tops came out in a patchwork shape that one would expect to see on Barney Rubble and Fred Flintstone. The effect was made even cooler by its pairing with double-brushed wool felted skirts and trousers, deconstructed coats and jackets. Lawrence continued on with last season's trick of vinyl ""squiggle"" embroideryãhitting the up-cycling theme of which we're seeing more and more. The dark goth look Lawrence is normally associated with was a little tempered today: Granny Smith apple green mohair sweaters and lavender skirts lightened everything up, and the multilayered technique the designer loves appeared on cropped tops and skirts. Overall, it was a very good showing.  Then there was newcomer Louise Alsop, who presented a collection that spoke to East London streets. It was mostly monochrome, except for a shot of mint green, with lots of layered chiffon and staggered hems. Alsop even put her models in laddered socks and plimsolls for a moody-teenager vibe. The designer clearly wants you to remember her name, because she embroidered it on her flowy poncho over pleated culottes, with jagged threads hanging loose from the signature. Also displayed were slogans like ""hopeless"" or ""loveless"" scrawled down trouser legs and on sweatshirtsãa reference, Alsop said, to tattoos on the knuckles of street urchins. These kids are going to gigs, too, as she had printed images of crowds at concerts on T-shirts, skirts, and shorts. Then there was the milk bottle clutch, which was cool and very youthfulãare Alsop's customers even old enough to drink the real stuff? Alsop herself is young, and that may explain why the collection was just a little bit timid. With the time and tutoring she'll receive from Lulu Kennedy and her team, that should get sorted out."
6170,"Fausto Puglisi isn't quite Milan's newcomer anymore. There are others coming up behind him who are eager to take that title. But that doesn't mean he's gone staid and grown up on us, not with AC/DC and Led Zeppelin on the soundtrack, and not with the explosion of color and embroideries on his runway tonight. As usual with Puglisi, his reference points came from far and wide: the artists Kazimir Malevich and Sonia Delaunay, the Ballets Russes, the Statue of Liberty. Yes, Lady Liberty herself made a few cameos, emblazoned on the front of sweatshirts and repeated in miniature on silk button-front blouses. ""I want to be a little Frank Sinatra of fashionãyou know he was Sicilian, right "" Puglisi said backstage. ""This is my American dream."" With Malevich and Delaunay for inspiration, there was a serious graphic punch to Puglisi's clothes this season, but color and embroideries have been his signatures from the start. What pushed his story forward were the new silhouettes: less body-con, more generousãnot that Lindsey Wixson's opening color-blocked T-shirt and tiny embellished mini gave any of that away. Puglisi may still be at his best and most believable when he's working a bit of cling. Either that or embellishing a tough-chic leather jacket. Tutu skirts keyed in to the Ballet Russes theme, but they were a bit too exclamatory for real life off the stage. The easy volumes of knee-length plissé skirts and loose-fitting crewneck sweaters were the timeliest developments in this sometimes repetitive collection; they were not only in keeping with the major trends of the season, but also a smart way to spread Puglisi's DNA further into the daytime category. Best in show: a long-sleeve, flaring A-line dress inlaid with energetic swoops and slashes of red, lavender, yellow, black, white, and green."
6171,"It's a street-style-obsessed moment. Any girl who has tried to get her picture snapped by the photographers outside the shows knows that a great coat can be her ticket in. Tommaso Aquilano and Roberto Rimondi, the designers behind Diego Della Valle's outerwear-focused Fay brand, are tapping into that. At Fay this season, everything was camera-ready: The red quilted jacket trimmed in white Mongolian lamb was no ordinary puffer; a shrunken leather and wool varsity jacket turned to reveal a fur back; and a toggle coat had bold rugby-stripe sleeves. Hybridization of this kind has become a thing following the huge success of Chitose Abe's Sacai. The Fay guys made the look theirs with this collection's playful co-ed vibe. Elsewhere, houndstooth was supersized to cartoonish proportions on a zip-front coat and abstracted as a design motif on a chunky ribbed pullover. Both were great pieces. Other sweaters featuring Snoopy's little yellow friend Woodstock were way too easy, but we can already see the street-style pictures."
6172,"The moveable feast of fashion month has landed in the Big Smoke, and one of the first out of the gates at LFW was Felder Felder . For those who missed this show because of NYC storms/Marc Jacobs (or because they were just plain too tired to get out of bed), more's the pityãthe Teutonic twins put on a solid show partly inspired by their fellow countryman Gerhard Richter, the artist who made blurred lines famous before Robin Thicke. However, unlike Thicke and co., there was not even a hint of impropriety from designers Daniela and Annette Felder. Brilliant quilted skirts with mesh paneling were descended from a watercolor Richter print, topped off with a somewhat unforgiving bralet top in mohair that provided cleavage and an exposed midriff at the same time. (Well, the Felders have always been body-con advocates.) Mohair coats with gold Lurex made the blurred lines print pop even more. They were followed by the now familiar Felder Felder skater dress, which, along with waist insert cutouts and one-shouldered looks, drove that body-con thing home. The Felders experimented with laser cutting on leather pieces, adding a layer of organza underneath to mix things up. (""We always like contrast because of the twin thing,"" explained Daniela backstage.) Then came a blond-hair-like fabric, as if it just came off the spool, encased in plastic and sewn on blush pink pieces. It was an effect reminiscent of cutting off a lock of flaxen baby hair and pressing it into a favorite book for safekeeping. Feathered pieces followed, with Annette explaining that each piece took four weeks of hand-stitching to create. All fine, but with a yellow feathered dressãbeautiful though it wasãthe designers had better brace themselves for some Big Bird comparisons. From the first look on, it was clear the Felders were making a statement on fabric, prints, and color, with silhouette coming second. That may well change next season, though, as Annette is seven months pregnant. There is nothing quite like a post-baby body to make one rethink the shape and fit of clothes."
6173,"Today's Fendi show provided one of the most poignantly incongruous images that this season is likely to offer: a fresh spray of orchids pinned to a wild fur stole belted around Georgia May Jagger's shoulders. A Neanderthal's attempt at flower arranging? Not at all. Karl Lagerfeld was inspired by Billie Holiday's song ""Violets for Your Furs,"" and he'd been thinking about the charming old tradition that dictated a woman's husband or lover would pin her with a floral corsage as she set off cross-country by train. That led to travel being the theme of his new Fendi collectionãtravel for the sake of travel, the journey being more important than the destination, romantic notions that were reflected in Michel Gaubert's blend of Shostakovich and Philip Glass on the soundtrack. And yet there were sci-fi drones hovering above the audience today, recording the event. The handful of evening-ish outfits at the end of the show looked like star maps printed on stygian velvetƒthe multiverse, the ultimate journey's end. So past and future melded in typical Fendi fashion.  The collection was rather prosaically titled Made in Italy because, said Lagerfeld, the quality of workmanship is so far superior in Italy than anywhere else that it merits a constant reminder. Perhaps that's why the construction of garments seemed more emphatic than usual, especially with the pixel patchworking. And the show opened with fitted dresses in earnest bourgeois colors and shapes that were literally erupting into tufts of fur at their seams. Lagerfeld punned that the effect was a ""fur escape"" (geddit ). It was irresistibly ridiculous when the shoulder of a sober loden coat-dress exploded in a green-tipped Mohawk.  It may have been the notion of travel by train that inclined one toward thinking of the elegant, elongated lines of the collection as thirties-inflected (it's a decade that is everywhere at the moment anywayãmaybe the trumpets of economic recovery haven't been enough to dispel the sense of incipient collapse lurking on society's margins). But Lagerfeld is always fiercely nonliteral, so zippers and athletic mesh dissected the silhouette. When things got too sleek, there was crocodile as armlets or collars and half belts on coats to inject a flavor of the primal. And humor tooãCara Delevingne paraded down the catwalk dangling the latest update of Fendi's Little Monsters: a Bag Boy, a simulacrum of Karl himself, expertly fashioned in fur.  Ultimately, it was impossible to pin the mood to any one time and place, just as Lagerfeld intended. He had a nice term for it: couture universelle."
6174,"Karmen Pedaru was in the front row at Francesco Scognamiglio 's show. True, she's naturally blessed, but wearing high-waisted black trousers by the designer, the model had legs for days and days. It's no small skill to be able to cut pants as well as Scognamiglio can. He put a few pairs on his runway; there was also a trio of suits in wine, icy gray, and black with metallic embroidery, and they looked predictably sharp. lingerie is Scognamiglio's other obsessionãthis was mostly a collection about underpinnings remodeled as outerpinnings. A fur coat was inset with a corset at the waist, and corsets in turn became miniskirts with elastic brassiere straps dangling from the hemline. Provocative, if not quite shocking. After all, Jean Paul Gaultier was doing this kind of stuff way, way back. Where Scognamiglio went wrong was with his newfangled full-torso corsets. Made in conjunction with an engineer, he explained, they extended from right below the chin to the hips, and to the touch they felt like thin, rigid neoprene. In a flesh tone, they were particularly creepy, turning the models' torsos into smooth, featureless mannequin bodies. Where's the sexy in that?"
6175,"Each season, Gabriele Colangelo chooses an artist's work and builds his collection off it. Sometimes the referencing is just glancing, other times it's quite literal; his Fall show belongs in the latter category. Anyone familiar with Bandau's grayscale watercolors of geometric shapes could make a quick connection between them and Colangelo's clothes. A shift dress featuring panels of sheer gazar layered at askew angles looked as if it could have come from the hands of the artist himself. Colangelo approached many of the pieces here as if they were a canvas for his minimalist embellishment. Well-executed though they were, it gave them a two-dimensional quality that left the show feeling emotionally flat, a quality that wasn't helped by a black-and-white palette. Bright chartreuse and baby-pink leather accessories provided the only hits of color. You wanted more soul from Colangelo, or at least a bit more heat. Without it, he'll have a difficult time breaking through to a wider audience. Before the end, there was a glimmer of promise in a group of black pieces inset in a gridlike pattern with small studs and beads."
6176,"Today's intriguing Gareth Pugh collection sent you searching for a raison d'être. Surely there must be a unifying theme to account for the mirror looksÄand the ones made from great draped swaths of plastic construction sheetingÄand those that were insanely soigné, in almost a New Look kind of way, and created out of some scrunchy white material that from a distance resembled curly lamb's wool. Not to mention the disco-ball effect of square plastic paillettes, and the squared-off construction of sculptural sleeves, and the twisted trouser-boot hybrids, andãcan't forgetãthe animal pelts, and the clear shell covering on looks in neutral tones of cream and sand. You searched for some kind of keyãa metaphorical one to match the literal one that was affixed to the back of a couple of looksãto define all this fashion, much of which was high-impact memorable. And if you came up empty-handed, maybe that's OK, because after his show tonight Pugh pretty much copped to the fact that there wasn't necessarily a statement here. According to the designer, he was being ""intuitive"" this season and seeing where that got him. Fair enough. In the end, it got him a collection made up of moments and parts. A sharp belted coat in beige here, a dress and cape made of pelts there. The latter was among the looks that pointed at a possible theme: You could imagine this being the very pith of chic in some postapocalyptic world, women scavenging glamour from plastic sheeting, animal skins, and whatever else was left lying around. Considered from that angle, this Gareth Pugh show had a real sense of optimism."
6177,"Gary Graham has a distinct viewpoint that is decidedly sepia-tinted. Instead of chasing after current trends, the designer operates according to his own codes, and continues to draw inspiration from history. His clothes often have a modern heirloom qualityãas though you might find them in an upscale antique store or swank Victorian-themed bar. This season, Graham spent hours delving into the textile archives at the Met, and came away thinking about what he called ""fragments of the Middle East."" The saturated prints found here on silk tops and slim leggings nodded to ancient Turkish rugs and Byzantine tapestries. Those patterned pieces were layered with sequined dresses and felted jacquard wraps. ""Everything is kind of oversized and drapey,"" said Graham, pointing out a canvas twill coat with an exaggerated cocoon shape, which could also be worn upside down (as it was styled here) for an eclectic effect. Graham's references aren't always so esoteric. Old snapshots of Keith Richards exiting the Stones' private jet gave rise to the collection's standout piece: a curly lamb jacket with a shellacked leather finish that had a worn-in look and far-reaching appeal."
6178,"There has been a big, bad masculine thread running through womenswear this season, and Giambattista Valli has had enough of it. ""I wanted to design for a woman who was confident to dress in women's clothes,"" he said after his show today. For the designer, that meant short skirts, exaggerated florals, and extended sleeves. ""Like the hug of a man around her,"" he explained. Valli was feeling a moment of introspection, a tender moment, in fact, conveyed by jacquards and wools brushed into a soft pile. Fabrics you wanted to touch, in other words, in a palette of gentle pinks and reds.  Valli made his point by limiting his optionsãeither a fitted top, neat little waist, and flaring skirt, or a pannier silhouette for extra volume. Both emphasized the leg, emphatically bare because, as Valli astutely noted, the sun is always shining somewhere. But even as he defined his collection as an antidote to the ambiguity of others that draw on menswear, he still incorporated an impression of duality in dresses that featured, for instance, tufty in front versus flat in back, or wool in front and fur in back. In this, at least, he acknowledged that however confident his clients may be in their womanliness, they don't want to come across as an instantly readable open book."
6179,"Though he's a designer whose aesthetic tends to pinball around, Giles Deacon is undoubtedly best known for his baroque gownsãthose demi-couture creations lavish with fabric and somehow macabre. To wit, Binx Walton closing the Giles show last season in a gown seemingly made from bats. That's the signature Giles, according to popular opinion. But popular opinion was in for a shock at this evening's show: Once again, Miss Walton did the honors, opening the proceedings by stomping down the runway in lug-soled man's shoes, a collaboration with Grenson, a bird-embroidered tank top, and color-blocked motorcycle pants. It made an impression. So did the chunky oversize knits, and the scarred leather looks, and the little sheath dresses topped by wool tanks in the shape of scythes. The strongest looks here felt streetwise and matter-of-fact. There were also some relatively understated cocktail dresses with a sculptural Giles flourish, like the short black dress with a swathe of white satin draped off to one side."
6180,"Profligacy has never been Giorgio Armani 's calling card, but today he took rigorous discipline to an extreme with a collection based almost entirely on gray flannel. On paper, it scarcely sounded like the most promising proposition. Is there any fabric more dully corporate? So how on earth did Armani alchemize flannel into clothes of such serenity and grace? First, he pushed wool to the limit, offering it in every possible weight, from chunky to gauzy: a substantial cardigan jacket versus an evening dress that hugged the body like silk jersey. Then Armani added a splash of lime. That was the perverse stroke of genius that elevated this collection. Green, fashion's least favorite color, in one of its most polarizing manifestations. Except that it worked. That was basically because Armani covered the spectrum of grays and greens, finding unlikely but seductive compatibilities that blurred any distinctions. A knit coat, for instance, that ombré-d its way from dove gray to the vaguest suggestion of green. And a strapless gown that latticed charcoal and pistachio together. When they were layered, green made an eerie underpinning for loosely woven mohair tops.  The designer dubbed his collection Fade to Grey, so it was clear where the emphasis lay. The strongest look in the show was the very first: a single-lapelled jacket curved over cropped, pleated trousers. As corporate outfits go, it was a humdinger. But there was a slash of green stitched where the jacket's buttonhole would be, and that was all you needed to see to know that Armani will always enjoy implying much more than meets the eye."
6181,"Giulietta designer Sofia Sizzi is an undeniable romantic, and for Fall she took that idea in a fairy-tale direction. ""This is the story of a girl who enters the forest in a collegiate, innocent wardrobe and, as nature creeps up, she becomes darker, and just a little dangerous,"" said the designer backstage before the show, sporting a newly shorn blunt bob. The look played to Sizzi's love of 1960s film and its stars, including Catherine Deneuve, Sophia Loren, and Monica Vitti. A midi-length emerald-green skirt was paired with a feminine placket-front blouse, which was worn under a jacket in a floral-on-black print that popped up again and again. Culotte jumpsuitsãSizzi canêt get enough of culottesãwere tailored to look like dresses. (The dark-blue version, with olive panels at the waist, was a standout.) And a berry-color day dress with allover pleating showed off some of the techniques Sizzi and her team are capable of executing. Sizzi worked for some of the biggest brands in the worldãincluding Gucci, Calvin Klein, and Donna Karanãfor a good decade before launching her own collection. That time was obviously well spent, as it seems to have allowed her to form an opinion about fashion with which she can confidently stick. Her tailored jumpsuits, for instance, are becoming sort of a signatureãa lot of designers this season are talking about dressed-up daywear, and Sizzi is actually delivering polished pieces with a nod to the past, but not too long of a nod. (Her fitted, feminine suiting is a great example of this.) ""I'm in love with this collection,"" Sizzi said. A woman who seeks elegant, modern pieces when adding to her closet might find herself feeling the same."
6182,"You knew you were in for something different from Riccardo Tisci when you saw the runway. For the past two seasons, the models seemed miles away from the front row as they did their loops around the Halle Freyssinet. Tonight you could reach out and touch them as they breezed past you down the carpeted catwalk. The intimate setting suited his new direction: The man who gave the world the designer sweatshirt has grown up. This was a very womanly, very French collection, and it was just as convincing as when Tisci was looking at the street. ""This time it was about celebrating elegance and bon ton,"" he said backstage. ""My own bon ton, of course."" The trio of dresses that opened the Givenchy show cued the new mood: softly printed, just sheer enough to offer a glimpse of a bra underneath, and worn with black stockings and strappy heels. Tisci's ladies were not quite models of decorum, as would become clear as the show progressed and the animal prints got bolder and more colorful. By the end, the butterfly intarsia on Jamie Bochert's gown was so magnified it was essentially abstractãfierce and wild. Tisci's pretty is laced with plenty of sexãthe show had the erotic charge of a Carlo Mollino photograph. But for every pussy-bow blouse and dress, there was also a powerfully cut suit. Tisci's avant-garde tendencies have held the spotlight in the past, but tailoring just may be what he's best at. His pants this season are high-waisted and full through the leg with the graphic Bauhaus-inspired banding at the pockets that he used in his men's collection in January. The new jacket is cropped and boxy. Three sharp outfits in glossy brown leather trimmed in fur suggested he still has his eye on the street, but the overwhelming impression here was one of sophisticated luxury. See the leopard-spot coat edged in beaver and astrakhan, or the blush-pink fox with the metal grommets. Fur even featured on some of the evening pieces, others of which combined simple pleated black skirts with densely beaded sleeveless bodices. Nobody missed the sweatshirts."
6183,"Back to the sixties. Maybe it was all those old pictures of movie stars sporting Gucci in The Director , a new documentary about her design process, that got Frida Giannini going about the brand's glory days. The film, produced by James Franco, was screened this January in Paris. Giannini has mined the house archives before, as recently, in fact, as her Spring 2013 ode to principessa glamour. Only this time, the look was Swinging London rather than Roman dolce vita. Think more Jean Shrimpton, less Marella Agnelli. ""I felt the need to materialize the essence of Gucci. A longing for precision [and] clean lines."" Such was her stated aim, and that instinct made for a spirited outing, one of Giannini's best. She tapped into the casual side of Gucci's heritage (yes, those were honest to goodness blue jeans) and its tailoring smarts without sacrificing much of the house's trademark glam. Echoing her menswear show last month, the silhouette was fairly shrunken: Snug peacoats hugged pullovers and button-downs, and drainpipes tapered above the ankle, the better to show off the cool shoes, a horsebit loafer hybridized with a Chelsea boot. Sleeveless dresses with sharp, above-the-knee hems had a youthful efficiency. But London's dolly birds never had it this good. Those A-line dresses came in soft napa leather in poppy pastelsãbaby blue, sage green, and a mustardy yellowãor animal-spot pony hair. And was there ever furãcurly teddy bear shearling, goat hair, beaver, minkãonly rendered in shapes (a sweatshirt, for example) that downplayed the luxury factor. For evening, Giannini eschewed gowns in favor of mod minidresses and knee-high boots. But if the shapes were simple, the smoky crystal discs embellishing a neckline or the panels of a pleated skirt were not. The starlet set will fight over the yellow long-sleeve number with its black leather collar and bib of crystals. In that sense, Giannini and Gucci came full circle this season."
6184,"Marcel Marongiu arrived at the colors for his Fall Guy Laroche collection after viewing the Serge Poliakoff show that recently ended at the Musée d'Art Moderne in Paris. Cinnamon, teal, deep green, and deep purple were among the intriguingly muddy hues favored by the painter. (Marongiu, who paints in his spare time, seemed less interested in the vermilion, rose, and ocher that would have rounded out Poliakoff's preferred palette.) But the artist's modernist, irregular shapes didn't figure into the Guy Laroche silhouette story, which for the most part appeared more streamlined than last season's tiers and tulips (one exception: two shaggy Mongolian sheep fur coats). Marongiu, who has been the artistic director of Guy Laroche since 2007, softened his volumes with long accordion-pleat skirts and a floor-grazing sack dress, while keeping pants lean and cropped. The designer drew attention to garment construction with raw-seamed edges that projected outward from felted wool tops, and pinched waists on dress coats. Lacquered leather and calf hair were surface-treatment alternatives for outerwear. For evening, Marongiu introduced black sequin polka dots embroidered onto tulle sheaths sans underpinnings. In case this was too much provocation, he showed how they could be worked into LBD variants with solid knit layers and a soigné coat. The fact that you can add Guy Laroche to the list of brands flaunting exposed nipples for Fall is the most obvious proof that it has relevance today. But don't discount the less risqué looks; they'll hold up much longer."
6185,"Elisa Sednaoui walked into the Palais de Chaillot this morning wearing a coat from Haider Ackermann 's recent men's collection. With Ackermann, there has always been a symbiosis between masculine and feminine, but if he was touting his dandyism at his men's show in January, this women's collection was pulled way, way back. Here, he seemed to be reconsidering his signature sumptuousness; the jewel-tone colors and metallic sheen of silks along with the sheer tulles of last season were replaced by a palette of grays, taupes, and browns, and substantial menswear woolens like an oversize pied-de-poule. More evidence of Ackermann's new mind-set could be found in the ribbed knit of a slouchy sweater and matching pants, as well as the washed cotton sweatshirt material he used for zip-front jackets. Not that he's completely abandoned his more decadent instincts: Those hoodies were lined generously with fox fur. His ""jeans,"" meanwhile, combined gunmetal python skin and olive green wool.  The restrained mood was cued by a soundtrack of Schubert's Piano Trio in E Flat from The Hunger. There's something quite haunting about that music, but it's stately, too, and that's a good way to think about Ackermann's new eveningwear. In the past, his gowns have often been more dishabille, the advisability of which was in serious question. Today there was a fairly chaste flash of skin on a long dress that married a tailored jacket above the waist to a bias-cut silk skirt. It was provocative, but retained its elegance. Ackermann did some hard thinking about his clothes this season; this was a canny evolution."
6186,"If you want to know what the contemporary floors at major department stores will look like in six months' time, go to a Helmut Lang show. Nicole and Michael Colovos' collection is a top seller at chains like Saks, Neiman Marcus, and Barneys. They were all in the front row tonight, and they'll be buying into the Colovoses' new message about texture in a big way. Like other designers this week, the husband-wife team have fallen hard for multi-ply knits, teddy bear fabrics, and fluffy mohair. ""Spring was about flat, clean, crisp fabrics, and we wanted to flip that on its head,"" Nicole said backstage. That was never truer than in the case of two sweatshirts made from fur laser-cut in a deep, three-dimensional pattern. White or orangey red, put on one of those and you'll never take it off. One key to the show's success was its lightness. All the layers could've weighed things down, but even a funnel-neck, cocoon-shaped shearling jacket looked lofty, as if it had been injected with air. The Colovoses kept that theme going, cutting tunic dresses and the stovepipe pants they were worn with in graphic photoprints of the surface of Mars. Tailored separates in complementary solidsãcamel with red, or white with blackãrounded out the collection. They'll appeal to the label's more minimally minded customers, but they didn't come close to those fur sweatshirts."
6187,"It is a fact that Hwan Heo is a Korean designer and that his young brand is based in Seoul. But is that information relevant? Heo studied design in London. He presented his first five collections there, and the latest he debuted in Milan. Beyond that, though, you wonder about the relevance of Heohwan Simulation 's geographic origins because it's so difficult to locate anything specifically ""Korean"" about the label's clothes. They have an international passport, you might say. This season, for instance, Heo was riffing on the not-very-Korean themes of eighties metal bands and, er, Kant. As in Immanuel Kant, the 18th-century philosopher. The link between these two themes was both simple and hilarious: Metallica's second album is called Ride the Lightning , while Kant located beauty in the sublime of nature, e.g., awe-inspiring spectacles such as lightning. Duh. That translated into an appealing lightning motif through much of the collection, and lush floral prints and one collaged from the covers of old hair-metal albums. Apropos of the latter, this collection had a nice sense of funãfor all the rather dour black jackets and coats, with their cocoonish, Claude Montana-ish cuts, there were also pieces like a white leather bomber with black lace and fringe, which seemed the very apotheosis of late eighties L.A. groupie-chic. But then there were also items with a really artisanal loveliness, like those in a graphic, black-and-white wool fabric that seemed to be unraveling. All in all, this was a collection that showed a lot of promiseãHeo hasn't quite defined himself yet, but he's full of good ideas and capable of making some very desirable clothes."
6188,"The Hermès show was staged in the Palais Brongniart. It was once the stock exchange, which made it an appropriate location for a presentation from a label whose name is a global byword for luxury. It also made the atmosphere all the more striking: There wasn't a moment of ostentation, just dark velvet curtains with a twenty-foot drop, a sense of shadowy mystery, and Echo & the Bunnymen on the soundtrack. Stealth wealth, indeed.  Christophe Lemaire wouldn't want it any other way. The woman he envisions for Hermès is remarkably consistent with the creature that populates his own collections: She's a little bit mysterious, a little bit exotic, and fiercely independent. After the show tonight, Lemaire mentioned the Russian steppes, the ancient East-West trading route known as the Silk Road, and Persian carpets as reference points. It was easy to see the carpets in his dense, rich prints, and a Mongolian horsewoman might recognize some of the designer's proportions. The coat in shaggy goat was as wild as the wind.  Lemaire said he'd been musing on all the characters a woman could be. But it wasn't really those ethnic personae who carried the show. His notions of a strong, graceful, urban style were more persuasive. He tipped his cap to trendsãlush knitwear, oversize coatsãbut the slightly exaggerated proportions of his jackets and pants once again seemed more of a reference to Martin Margiela's tenure at Hermès, and were just as elegantly slouchy, especially in an ivory tux with an extravagant shawl collar, or a coat-dress, also in ivory, that was closed with a single button.  About that stealth wealth: Lemaire offered a tunic in paper-light chiffon crocodile, pinned at the back, casually falling open from a single closure at the back of the neck. Such ease, combined with the utter luxury of the material, defines Hermès. In fact, with Véronique Nichanian as creative director for the men's collection and Lemaire in charge of womenswear, the company now puts forth an idiosyncratic but completely convincing statement about luxury dressing in the twenty-first century."
6189,"Calling out fashion week attendees in bare legs and open-toe shoes amid New York City's slush has become a bit of a social media blood sport this season. What would the practicality police say about the peep-toe, thigh-high boots that marched down the Hervé Léger runway today? Ridiculous in their open-toe exposure, or practical in their sheathlike protection of the leg? Regardless, Hervé Léger has never been about utility. It is about one thing, and that is sex appeal, delivered via the bandage dress. The line stayed true to itself for Fall 2014, although there were variations. Several skirts reached the knee in a fit-and-flare silhouette, instead of hugging every curve; pleats, and even a few hems, were split into carwash-style strips that swung around models' legs. Those dresses in particular will be perfect for dancing. Elsewhere, there was a cage-corset story that didn't always translate, along with some cutouts that gaped below belly buttonsãmore windows than keyholes. More successful in the skin-exposure department were long-sleeved crop tops paired with high-waisted skirts to reveal fashion's current favorite swath of flesh: the upper midriff. Silver and gunmetal beading further contoured several silhouettes, and jacquard knits gave some bandage fabrics geometrically patterned surfaces. Others looked almost reptilian, but the most unexpected animal appeal came from glossy black feathers trimming dresses' shoulders and peeking out from petticoats. (A friend quipped that those shoulders recalled The Hunger Games ' Katniss Everdeen, and she wasn't wrong.) Backstage after the show, creative director Lubov Azria may have been her own best advertisement, wearing a perforated black top of Léger's signature fabric that fit more like a sweatshirt than a bandage, with a matching A-line skirt. She said she was interested in transformation this season, the way a video game heroine begins as a digital character and then ""turns into a bird, then a fox,"" as she moves through different rooms. That went some way toward explaining the superheroine appearance of a single catsuit, as well as the fact that those feathered pieces could be transformed, or rather, removed, via zippers. ""You can't dry clean things with feathers!"" said Azria. Perhaps there was some practicality here after all."
6190,"Holly Fulton knows she's no minimalist; she allowed as much backstage while dressed in a blouse from her new collection. Its stylized gingko motif fell on the classic end of a print spectrum that combined craftsmanship with machines. This mechano-Deco idea functioned as a visual metaphor to express the way Fulton worksãdrawing her graphics by hand, cutting the fabric by machine, and then doing appliqués on the pieces by hand to close the production loop. It all sounds rather esoteric (likewise, the reference to Dziga Vertov's Man With a Movie Camera ) when, in fact, the collection was all sorts of fun. Hand patterns were a trend at the Paris men's shows last month, and they were a triple entendre in Fulton terms (she once dreamed of being a hand model, and her love of accessories design played out as dimensional chain bracelets adorning an oversize, manicured-hand appliqué on several skirts). In one version, the hand was clutching an old-school cell phone. But that notion is not nearly as throwback as the nuts, cogs, lightning bolts, and exclamation points that conjured up Fritz Lang's Metropolis via Lurex intarsia sweaters. Fulton's bonded pattern play was so magnetic that her constructionãtailored topcoats, forgiving drop-waist dresses, pleated kiltsãbecame the secondary story line, even if it was the solid foundation on which the horn and crystal surface details sat. It might be too much to ask Fulton to dial back the ornamentation; doing less can be daunting."
6191,"Even without delicately wafting ""snow,"" a creepy music box intro tune, and clear plastic stretched taut like a window from which models emerged, you'd have been hard-pressed to miss the inherently eerie beauty of Honor 's Fall outing. Then again, the staging didn't hurt. Backstage preshow, designer Giovanna Randall cited terrariums and the idea of lovely things trapped beneath glass. The collection, heavy on sixties baby-doll aesthetics, might have made Mary Quant proud; the mod frocks of William Klein's 1966 culty art flick satire Qui tes-vous, Polly Maggoo? certainly sprang to mind once or twice. Sporting dresses in dreamy plaid organzas and mikados, Honor's Fall woman is a saucer-eyed, romantic beautyãprobably a bit troubled around the edges. It came as no shock that the show's styling was courtesy of Leith Clark, former editor in chief of the gauzily filtered Brit biannual Lula . There was a bit of that sensibility here, albeit less sun-bleached; Wednesday Addams' oversize, razor-sharp signature collar made more than one appearance, and swingy little cropped jackets felt surprisingly fresh. About halfway through the show, though, the girl changed. The soundtrack got bigger and brassier, and pastels turned crimson. Swingy frocks went floor-length and gave way to sizable cutouts across the backs that made for bold, appropriately self-possessed exits. Here and there (particularly around pinks and purples), things started to feel a bit saccharine. Sure, pleats can be sweet, but when proposed in the form of a big collar, big hem, and big cuffs on one little bubblegum-hued dress, it'll take a special brand of girl to carry them off. The lone print, a loud-ish rose, also left quite a bit to be desired. But Randall had a lot of dreamy, delightful winners on her hands here. And they said the Manic Pixie Dream Girl was deadÄ."
6192,"There's no question that Shayne Oliver uses the Hood by Air runway to make statementsãabout gender, about power, about class, about beauty. And more. But it's also true that he's trying to sell clothes. Talking to Oliver, one doesn't get the impression that commerce is uppermost in his mind. But among the many interesting things about today's Hood by Air show was that sound of ka-ching you could just make out amid the bombastic soundtrack. Oversize football jerseys with a magnified bruise print? Ka-ching . Grommeted suede and leather bombers? Ka-ching . HBA zip-embellished jeans? Ka-ching, ka-ching, ka-ching . The denim in particular seems like it will have a very short trajectory from cult must-have to mainstream phenomenon. Oliver seems to get the appeal: In a perfect mash-up of art and commerce, he concluded the show with an extraordinary performance, as about a dozen muscular young menãall in Hood by Air denimãtook to the runway for a vogueing extravaganza (although this was such an athletic, aggressive style of vogueing, it probably deserves another name). The dancing was unforgettable. So were the jeans."
6193,"Before his show, Henry Holland claimed that this collection marked the first time he has offered an LBD. But let's remember whom we're dealing with: The opening look combined a coat trimmed with fun fur, metallic lime leisure pants, and a T-shirt scrolled with ""Riche Bish."" House of Holland does not do safe. Starting with the theme of debauched debutantes, Holland assembled a group of girlsã""a gang of HOH harlots,"" according to the program notesãwho seemed determined to display their conspicuous consumption with no shortage of cheek. Poring over the social pages translated into patterns and puns; trippy interpretations of ballroom-floor parquet and flocked damask wallpaper and curtains appeared on polo-collared minidresses and sweatshirts. Sequined lipsticks, lobsters, and champagne flutes floated through space on a black velvet dress top. On one shirt, naughty Pre-Raphaelites had their bits blacked out. Elsewhere, those bits were barely concealed by openwork shimmery dresses. Of course, when your theme so narrowly speaks to a certain age and social strataãthe back of a satin bomber screamed the same callout from earlier, spelled properly this timeãyou potentially alienate everyone else. Which perhaps explains Holland's comparatively mature use of douppioni silk for a few retail-friendly suiting options plus the LBD (he also introduced a handbag range this season). So would a reformed party girl ever wear the ripped jeans stuffed with tulle poufs? She might. And then she'd insist on a selfie with her teenager."
6194,"On the surface, Jason Wu wasn't an obvious choice for Hugo Boss . The German brand is known first and foremost for its menswearãBenedict Cumberbatch looked dashing in a Boss suit in the front rowãwhile Wu is famous for designing Michelle Obama's inauguration gowns. It had to count for a lot with the Boss brass, which is eager to make a big push into womenswear, that the 31-year-old designer is a notoriously hard worker. Ambitious as hell, to boot. Both characteristics were on display today at his assured (if imperfect) debut, where Reese Witherspoon, Gerard Butler, Diane Kruger, and Gwyneth Paltrow, the face of a Boss fragrance to be released later this year, were also in attendance. That's a deep celebrity bench, and it's worth noting that they stood up and clapped as he came out for his bow. Not an everyday occurrence at New York fashion week. The company's menswear provided an obvious way in for Wu. ""The first order of business was to get into the DNA of the brand,"" he said afterward. ""At their technical facilities, they have every kind of machine, including a shirt-folding machine. That precision, that rigor needed to be expressed, but in a feminine way. It needs to be authentic."" Without a doubt these were precisely tailored clothes, and quite minimal too. The palette was strictly neutral: all black, charcoal, camel, and ivory. Hidden snaps or D rings replaced buttons in most cases. What embroideries there were were rendered in a Bauhaus-inspired grid. Rigorous, indeed. Leather belts accentuated waistlines, but the silhouette was long and lean, hardly voluptuous. The clothes will appeal to a no-frills kind of woman who likes the idea of having a uniform. The statuesque Stella Tennant comes to mind; she closed the show in a pretty faultless black pantsuit with satin revers. Other types will likely find it a bit dry. Wu's challenge going forward will be to maintain the Boss polish while figuring out ways to loosen up and have a bit more fun."
6195,"Hunter, the heritage English rubber-boot company, put on its first runway show today, for its first-ever clothing collection, Hunter Original , helmed by new creative director Alasdhair Willis. The brand hit LFW with gale force, putting on a big display with an elaborate scene of silver birch trees and a runway made of water, plus a front row that was the starriest so far this week (the fact that Willis is married to Stella McCartney probably didn't hurt). The atmosphere was electric, inquisitive. What was Willis, who in a former life was a publishing guy, brand consultant, and furniture-design entrepreneur, going to pull out of his bag of tricks? (Magic was a theme, as Dynamo, the great British magician, was in attendance, even joining models for a smoke-and-mirrors disappearing finale.) When the first looks hit the runwayãas if by magicãany lingering skepticism melted away: The clothes were really good. With floods in England, the polar vortex in North America, and unseasonably mild temperatures thanks to global warming in Siberia and Sochi (where athletes are slushing around in what should be snow and ice), fashion increasingly has to seriously address the elements. We all need protection from us, and from schizophrenic Mother Nature, but in a cool, chic way. Cue Willis. When the models strode over the water (splashing the front row in the process), eyes naturally turned to the footwear. And there it was: a heeled rubber boot. There was a Chelsea boot for men, and another with a black and white paint-splashed effect. When the audience's eyes finally moved up, they saw some very technical fabrics like vulcanized rubber, neoprene, high-tech fleece, and vinyl. The color palette was practically print-freeãmoss green, deep purples, tobacco, red, yellows, and shimmery silver. Functional details abounded: double enforcing with two zippers on a fleece jacket, big pockets to carry survival instruments, shorts for wading through floods, a fierce balaclavaãpresumably to rob Mother Nature, not a bank. The sleek design was notable. There were clean lines, even on an anorak; no-nonsense military jackets; a sturdy silver puffer jacket that had us thinking of space jumper Felix Baumgartner, or Sandra Bullock in Gravity . It became apparent why Willis is such a success in the design world. Then there was a nod to Hunter's nearly 160-year history: A cozy woolen sweater with a funnel neck had the brand's ""mustache"" motif (what the Nova check is to Burberry). But key to the whole collection is that any of those looks would work equally well if you were a lumberjack in the Canadian backwoods, a fly fisherman in Alaska, a city girl heading to work in the rain, or a sports fan in a wet stadium watching a soccer game. It was at once urbane and rural, chic but totally focused on function. All of a sudden, Canada Goose, Moncler, Sorel, the North Face, and Christopher Raeburn are looking at some stiff competition. Backstage, Willis said he wasn't just thinking of floods or polar vortices, but also where the next weather woes will hitãin the deep seas, or in space. That's not a million miles off, since Richard Branson plans to launch his first passenger space voyage in the next year or so. Willis also said he wants to move Hunter away from the ""festival girl"" tag it has been saddled with in the U.K. The label did outfit soldiers in the muddy trenches of World War I long before anyone pulled on its boots at Glastonbury. Willis' show was all so slick and professional, we had to ask: Did his wife lend a helping hand? ""No,"" Willis said, unequivocally. ""All Stella said was to go with my gut feelings. So I did."""
6196,"An ancient Game Boy found in a Lower East Side thrift shop got Prabal Gurung thinking technologically about his Fall collection for ICB . ""I'm also addicted to Candy Crush,"" he added backstage before the show. From there, Gurung pulled in menswear elements like houndstooth and pinstripes, but thought about how he could digitize them to look like, well, a video game. The effect was almost animated. Flashes of supersize houndstooth accented a hunter green sateen blazer, as well as its matching drop-crotch trouser. The print showed up again in the form of a pailette-embroidered appliqué on a white and green dress with deep, origamilike skirt pleats. But while the houndstooth was like an electric jolt, the pinstripe was done in classic shades of gray. (That bastion of corporate fashion has become a trend with sticking power, and Gurung is surely taking advantage.) The stripey standout was a pair of skinny drop-crotch pants, worn with a white high-neck sweatshirt and an oversize ivory angora coat. In the midst of it all came a series of monochromic looks in a blue color Gurung called ""ultramarine."" The skirtsuitãwith a matching shirt underneathãowed everything to its coolly sculptural pockets. Gurung has done a good job of keeping his ICB girlã""curious, adventurous, slightly defiant""ãon track since he was appointed creative director in 2011. He might call her all those things, but what he's really doing is making clothes for women who work in an office but don't necessarily want (or have) to wear a standard suit. And so far, he's on track."
6197,"In the late sixties, Parisian high society escapes to the mountains for an acid moonlight party getaway. As setups go, Alexis Martial's for Iceberg this season ranked high on the weirdness scale. And true to his press release, there were ideas both space age and spacey on the runway today. The transparent plastic rectangles that decorated a few of the designer's sweatshirts come to mindãthose definitely weren't washing machine safe. Slightly less odd, but still somewhat superfluous, were the transparent chiffon overlays he added to simple knits. As Martial gains experience and confidence, he'll learn to pare down such runway tricks. Anyway, most of his knits were plenty interesting on their own. We liked the roll-neck ribbed pullover and wrap dress in navy. Chunky sweaters treated with a crinkly silver foil, like an astronaut's space suit, were even better. Iceberg's foundation is knitwear, so the fact that Martial is so handy in this area counts for a lot. But his real talent just might be tailoring. The mod jackets and pants looked timely and sharp, despite the fact that they were cut from spongy neoprene-bonded fabrics. As Martial gets situated at Iceberg, what we're really looking forward to seeing are more of his suits."
6198,"This morning Karl Lagerfeld vacuum-packed the iconic Chanel handbag in his stupendous Supermarket Sweep of a show. This afternoon Iris van Herpen went one step further and vacuum-packed the model. Both the handbags and the girls were basically the same: perfectly packaged products. Both designers were making a comment on consumerism: Lagerfeld staging a Pop masterpiece, an event that resulted in a sort of self-fulfilling prophecyãa mini riot with the looting of doormats and rubber gloves. Van Herpen presented an unsettling tableau about the human genomeã30 percent of which is already patentedãwith three models wriggling about like tadpoles as the air was slowly sucked out of the large plastic bags they were suspended in. While that went on, the catwalk show paced stately by. With almost a third of the models' and our genetic codes already pilferedãand not by editors who really should know better this timeãVan Herpen titled her show ""Biopiracy."" And yet Van Herpen is not a designer who disagrees with progressãthat's not to mean she agrees with the abuse of it, either. ""It is just raising questions,"" she said of her show. In fact, the designer is one of the few who is truly striving for progress in fashion. The most obvious example of this is her groundbreaking embracing of 3-D printing, which is becoming something of a signature. It gives many of her clothes an architectural quality, and today's final silicone 3-D-printed dress was made in conjunction with one of her collaborators, the Canadian architect Philip Beesley. Collaboration is key for Van Herpen; one of her other working relationships is with the Material Department of MIT. Her next step is a project with CERNãyes, the supercollider people. Many of these collaborative relationships can be found in the latest issue of A Magazine , of which she is the guest editor. They are both impressive and heartfelt. Van Herpen defined that final dress as: ""Bringing an explosion of the inside to the outside."" And in terms of ideas, that is exactly what the designer is doing. With her mix of handcraft and technology, the real and the artificial, Van Herpen is breaking new ground. Her clothes today featured that characteristic mix: a sinuous new fabric of silk and plastic, artificial fire opals embedded and glinting through embroideryã""I don't believe in using real ones,"" she said. ""They should be left in the ground."" Neither does she believe in using real fur; hers today were fake, and the shagreen was not shark or ray but printed leather. The overall impression was of event-wearãwhere the event is the end of the world. Some elements of Van Herpen's silhouettes today seemed familiarãboth Boudicca and Gareth Pugh have mined similar territory before, and the aquatic master class of Lee McQueen's ""Plato's Atlantis"" show was present. But Iris van Herpen has a unique approach and a wealth of new ideas that mean the future outer explosions will grow and match the inner ones in collections to come."
6199,"It's a funny thing about references: Some designers cite a familiar muse and you roll your eyes; others say her name and you think, Oh, yes, that makes total sense. Such was the case this season with Serafina Sama, the designer of Isa Arfen . Her inspiration was Tina Chow, and Chow's sensibility is such a good fit for Isa Arfen, maybe she should just be a continual influence. Refined yet streetwise, a little eccentric, too. Check, check, check. If Chow was the spirit informing this collection, which was the most complete and cohesive expression of the Isa Arfen woman yet, its conceptual girding was the idea of the dynamic life of clothes, the way women wrap a jacket around themselves for warmth, or how a shoulder slips on a top or a dress. There was something nicely humane and well-observed about that, but Sama should have treated the theme with more convictionãa heavily embellished tunic dress, for instance, was cut to sit straight, but presented awry. That kind of thing should be incorporated into the pattern, really. And there were places here where it wasãa pair of wrapped tops, for instance, got the slipped-shoulder look exactly. Sama's not really a conceptual designer, though. She makes clothes for living in, not thinking about. And this time out, there was a real sense of elevation and polish, with attention paid to subtleties like the seam detailing of a red wrap coat. Sama's also very good with her fabricsãthere were about six different kinds of silk in the range of blouses here, aloneãand she showed her knack for them again as she emphasized easy-to-wear jerseys and expanded into knits. This season, her sweaters were a velvety chenille, very nice. The main quibble, really, is to do with Sama's silhouettes: She needs a few fresher ones to work in with her signature pencil pants and culottes. All will be well if she just keeps asking herself, What would Tina do?"
