review_id,review
5800,"This season, Sydney-based Ellery staged its first-ever fashion show outside of Australia. Designer Kym Ellery chose the big stage of Paris for her international debut, and so it was entirely understandable that her new collection emphasized sculptural looks, ones that expressed the effort of their creation. You sensed an attempt to rise to the occasion. The designer should give herself a break. This collection was at its strongest when the clothes conveyed a sense of ease to wit, in the black midcalf dress with a slit down the neckline and a skirt of fluid pleats. There was also a nice touch in the metallic mesh aprons Ellery used as layering pieces; a simple thing, but it really elevated the designs. The most directional pieces here were the woven bustier tops that the she created out of bricklayers' line and abseiling cord, working with artist Ben Barretto. The garments were great aesthetically speaking, but they were too stiff to have any practical use. It would have been nice had Ellery found a way to translate that idea into textile development, for which she has a knack, and made some really wearable looks. Elsewhere, the focus was on dressy clothes with ballooning volumes, some of them quite beautiful, and new adaptations of signature silhouettes such as the bell-bottom (now with bigger bells!) and short shorts with hanging pockets. It all served as a good introduction to the Ellery aesthetic, for those who hadn't known much about the brand before. Now that the intro has been made, here's hoping that Ellery will let herself, and her clothes, relax a bit."
5801,"BCBG Max Azria is entering its twenty-fifth year in business. But judging by today's runway show, the brand isn't experiencing any kind of quarter-life crisis. At a preview of the new collection over the weekend, co-designer Lubov Azria said that she and husband Max approached this season by reflecting on their archives and identifying the pieces that felt the most meaningful. ""In the end, we realized that it was less about particular pieces and more about the overall process."" So instead of looking to the past, the couple decided to start with a clean slate, and reinterpreted classic men's shirts by deconstructing and reconstructing the crisp staple in a variety of unexpected ways as though a woman equipped with scissors and a sewing kit got creative while rifling through her husband's dry cleaning. The cascading peplum on a chambray skirt was fabricated from a shirt yoke, for example, while belts were actually spliced-together cuffs. A tuxedo-inspired jumpsuit featured an untucked tail in back. Staying true to the label's feminine DNA, the Azrias softened up all that starched cotton and tailored twill with swaths of silk georgette and sheer mesh panels. In the second half of the lineup, floaty floral maxi numbers and an asymmetric black, beaded tulle gown felt more familiar for BCBG, but they didn't have the freshness as those opening shirtdresses."
5802,"A.P.C. 's Jean Touitou doesn't lack for opinions. His Paris presentations are must-sees for the frank way in which he rails against the fashion system and current trends. People grab a coffee, plop themselves down on the couch, and settle in for some real talk, not to mention, of course, a chance to see the label's new clothes. Today, Touitou had two big gripes. To begin, designers are showing couture, not ready-to-wear. ""Fashion is not only about celebrity and finance,"" he said, alluding to the big production shows for which Paris is famous and the front-row types whom they attract. ""It's also about proportion and styling."" His second point was about his distaste for extreme sexiness. ""To be dressed, you don't need to be high in the sky in heels,"" he continued. ""My whole purpose is to sex down things."" Put those ideas together and you'll get a pretty good picture of what A.P.C. has on tap for Spring. Dresses in chambray, denim, or broderie anglaise-trimmed white linen fell in A-line shapes to the mid-thigh, and there were shirtwaist styles in microprints. None were un-sexy, but they weren't obviously come-hither, either. A quartet of jumpsuits followed. Touitou called them ""an obsession"" on his part and that of his customers. The best came in a nice shade of cargo green. And for the beach, or those moments when you're returning home and don't want to kill your weekend buzz: easy separates like high-waisted shorts or a popover top with djellaba detailing from A.P.C.'s ongoing partnership with Vanessa Seward. All of it came out on flat vegetable-dyed leather sandals or very manageable heels. Touitou practices what he preaches. He also managed to deliver the feel-good moment of the week when three young kids danced out in pieces from a new A.P.C. collaboration with Bon-Ton."
5803,"Veronica Etro's English grandmother, Audrey, used to bind her books in the beautiful fabrics that draped the Etro family's life. In each volume, she'd write the time and place she read the book. That's how we know the prints Veronica lifted from her gran's library for her show today were from the 1940s. Graphic, abstract, na«ve, whimsical, they were the meat of the collection. Yes, Veronica paraded the family's signature paisley, splintered, collaged, and mutated, but it was those prints that captured the imagination. And she let them sing in fluid, wrapped shapes. True, there was a metal spine to the collection the placket trailing down a blouse, for instance but its essence was deconstruction. Maybe it was the Donna Summer remix on the soundtrack that cued the free and easy disco spirit. Whatever the cause, this was a collection that felt fresher and more alive than usual."
5804,"Tina Lutz was appointed as TSE 's creative director earlier this year. It was a natural fit considering her background in luxury knitwear (she co-founded Lutz & Patmos, which was shuttered back in 2010). Lutz has been growing into her new role and showed a Spring collection her third for the label inspired by a recent hiking trip she took through the Italian Dolomites mountain range. Working in a quiet color palette of cloudy white and lake blue, Lutz whipped up clean, minimal separates: a structured T-shirt, vest, and slim trousers cut from sturdy cotton canvas, as well as a series of tailored chambray pieces. (The delicate silver chains and metal studs used as trim were reportedly a tribute to abstract expressionist artist Agnes Martin.) On the softer side of the equation, she did a billowy linen maxi dress and soft cashmere sweaters featuring on-trend fringe details that added artisanal appeal to the lineup. Speaking of artisanal, Lutz has been gradually introducing TSE to things that are important to her, like using organic fabrics and collaborating with female artisan collectives. She commissioned Afghani women from the Kabul-based Zarif initiative to hand-embroider the draped top in look 15 with each of their initials. Engaging in more socially conscious projects like that will help raise TSE's profile."
5805,"Hearing a French designer cite Sonic Youth as inspiration is akin to an American name-checking Serge Gainsbourg: It implies a certain pop-cultural fetishizing from afar. Vanessa Bruno used ""Bull in the Heather"" as her runway music, and described the nineties alt band as the aural equivalent of the pattern clashing that made her Spring collection so lively. Certainly the colors started off high-frequency: red, orange, deep green, and vibrant blue. They gave depth to geometric patterns, butterflies, simplified poppies, and zebra stripes and when those prints were matched or mixed together, the impact intensified. Bruno is not the first in the Parisian contemporary sphere to mention the sportswear message this season, and her focus on exposed midriffs confirmed her interest. She gingerly touched on grunge with a few romper overalls suede Perfectos lined with pretty lepidoptera didn't really qualify. And mostly, the French touch persisted in well-cut trenchcoats, gamine dresses (strapless and white-collared to cover the bases), and slim cropped pants. Bruno said that the print focus was a challenge for her, but it hardly showed (only on one or two occasions did the mix register as discordant). In fact, her biggest challenge could be at the retail level, where sales associates will need to get comfortable styling these looks on customers. But the Bruno girl should be game."
5806,"A season ago, Damir Doma 's collection felt dour. But over the course of the summer, he made a correction. Backstage, he reported that his trip to Florence's Pitti trade show, where he was invited to present his Resort collection, was a fairly life-affirming rite of passage. Apparently, he's still basking in the afterglow. For Spring, he displayed a renewed interest in decoration and color, and they warmed up his familiar asceticism. Doma started off with all-white looks in graphic lines. A cotton dress sliced diagonally down the front revealed the all-in-one underneath, while a horizontal vent on the back of a crisp sleeveless jacket exposed a flash of skin. Khaki dresses, meanwhile, were built from the elements of trenchcoats. Business as usual for Doma. But then came the polka dots. Printing them would've proved too heavy-handed, so instead he laser-cut them, adding a sense of feminine froth to everything from boxy linen T-shirts to skirts whipped up in silk plissé. The show came alive when Doma injected color. Tiger-lily orange looked particularly strong paired with a black and white check, although bright yellow also resonated. He came back to a trio of little black dresses at the end, but he kept them light with the polka dots or with an asymmetric sleeve. A much improved effort."
5807,"Vivienne Westwood often uses her Red Label show as a springboard to talk about climate change, and today's catwalk presentation was no exception. At the beginning, a figure hunkered down in the center of the square stage underneath a red spotlight, with wild hair and a full-length dress vaguely classical in feeling, draped and dusted all over with white powder. She began to dance. The figure turned out to be Lily Cole, who interpreted a passage from Hans Christian Andersen's ""The Red Shoes"": Once the girl in the story has been seduced and taken over by the red shoes, they dance her to death. After that the show began. The models all emerged in similar white makeup, a look later described by Westwood as ""like an animal trapped in the headlights, trying to flee and trapped."" ""The Red Shoes"" had been a metaphor for climate change refugees, both people and animals, trying to flee but with no place to go. Westwood's clothing for Red Label was somewhat more conventional in feeling. There was a vague nature motif a great, intense recurring floral photoprint that looked particularly good on a slouchy silk jumpsuit tied at the knees with scarves but the point of Red Label is that it is about practical, timeless Westwood pieces rather than overly disposable fashion. As always, there were many standout items: the photoprint floral dresses; a gunmetal chain-mail trench and trousers; high-waisted, knee-length shorts with a halter fastening like braces; the always-excellent striped cotton shirting and shirtdress; a characteristic Westwood skirtsuit with that nipped waist and tumbledown front. The message of Red Label abides by Westwood's personal maxim that she reiterated after her show: ""Buy less, choose well, make it last. Quality rather than quantity: That is true sustainability. If people only bought beautiful things rather than rubbish, we wouldn't have climate change!"" Of course, the metaphor of ""The Red Shoes"" also applies to the rampant consumerism engendered by fast fashion. And if there is one thing Westwood wanted people to take away, it wasn't to do with consuming material things at all; it was to read ""The Red Shoes,"" and to read in general: ""There are certain writers who give true meaning to the imagination,"" she said. ""There's that line in 'The Red Shoes' when she says to the executioner, 'Come out, come out! I cannot come in, for I must dance.'"""
5808,"Sister-and-brother design team Nicholas and Christopher Kunz grew up in Tucson, Arizona, near an Apache reservation where they spent time as children, fishing and just being outdoors. Christopher still visits two or three times each year, and this Spring shamanism is a main source of inspiration for the duo. ""We started with a smudging fan, which is used by the shaman to ward off evil sprits,"" Nicholas explained. Native American themes can go politically incorrect fast, but the Kunzes' closeness to the subject kept it in check. There was a focus on draping and proportion, which played out perfectly in a women's cropped leather jacket in a color they're calling ""Earth,"" which looked like warm-brown mud. Paired with a geo-pattern top, shorts (slightly sparkly, thanks to the ""mica""-colored yarn woven through the garments), and a washed-out sweater, it delivered the ease for which the label is known. The men's looks were similarly drapey, but with a bit more of a utilitarian bent: below-the-knee black shorts looked almost like rugby pants with their oversize pockets, and loose knits were given structure when layered over collared shirts. The collection's defining look was a long white dress with bias-cut layers that rendered it one step above a beautiful nightgown. Would a shaman wear it? Hardly. But his followers might."
5809,"Gaby Basora isn't trying to reinvent the wheel with her casually whimsical label Tucker . ""Can't it just be clothes that are pretty to look at and wear? It shouldn't need to be more complicated than that,"" the designer said at a preview of her new collection. Revisiting easy, signature silhouettes like wispy silk shirtdresses, accordion-pleat skirts, and retro-inspired trench jumpsuits, Basora updated them for Spring in an assortment of feminine patterns, including sweet red roses, mini polka dots, butterflies, and leopard spots. Shaking things up a bit was a cool third-eye motif (the mystical symbol has really taken off with the street-style crowd, thanks to Kenzo's Fall show) and a pout print featuring the word ""Love,"" which was part of a new print collaboration with jewelry designer Solange Azagury-Partridge. Striped rompers and cutout-neck frocks with stripy crisscross backs rounded out the lineup, which also included on-trend bomber jackets and relaxed track pants. At the end of the day, Basora encourages her contemporary customer to mix and match her wares for an eclectic result she isn't trying to timestamp anything. ""I'll see a girl wearing Tucker from five years ago, and it fits right in with the new stuff."" Still, it would be nice to see the designer push her own envelope a bit more."
5810,"Before the collection's unveiling in New York, Pierpaolo Piccioli and Maria Grazia Chiuri weighed in on this season's story over e-mail from Italy. Inspired by ""a sense of wonder and curiosity,"" the designers went whimsical, calling on ballerinas, butterflies, and blooms to set the fanciful tone. Soft cotton leotards and leggings paired with frothy point d'esprit tutu skirts were a nod to the innocent girl the design duo is courting this season, albeit one with enough moxie to hold her own in signature Valentino bows, embroideries, and full-on flower prints. A peplum bustier in hemp lent a grounded, earthy feel to a meringue of a skirt, and a crisp black and white gingham looked refreshingly clean against a sensual floral motif. Decidedly playful, this outing certainly skewed young, but a closer look revealed beautiful, grown-up touches like a subtle thistle print woven into a knit top and embroidered leather flowers on the collar of a monochrome coat that are sure to appeal to those in full bloom."
5811,"The first thing you saw when you walked into Martin Grant 's presentation today was a bodysuit. Black, with a deep scoop in front and a racerback, it was made from a double-face acetate, the designer explained, so it sucks you in, lifts you up, and smooths you out. Just about everything a girl could ask for. Bodysuits were the foundation of the collection. Grant used one as the bodice of a party dress with black tulle skirts that blossomed on top of crinoline; another was teamed with a ball skirt in a graphic black and tan diamond jacquard of Grant's own design. The proportions looked just right. Grant has made a success of himself with his responsiveness to clients' needs. Not every occasion calls for something clingy, he knows, so he had other options, the best among them an elegant short-sleeved black coat with crinoline at the hips. There was also an exceedingly well-cut sheath in tonal black jacquard. Grant's ambitions here weren't grand, but the collection's narrow focus ensured he was able to lavish his prodigious dressmaker's skills on each look. The intimate presentation on mannequins put those talents into sharp relief."
5812,"We've finally found something that Ashish Gupta likes more than sequins, and that is Coca-Cola: Its slogan was seen over and over again, emblazoned in sequins (of course) in his show today. Ashish 's narrative was one that many will relate to, about a party girl who, after a particularly late night, rolls out of bed, throws a sweatshirt over the party dress she passed out in the night before, and nips out to the corner shop for that ultimate hangover remedy: Coca-Cola. Ashish had his girl pegged, down to the mismatched socks, messy hair, and grocery-shop bag festooned with sequins. The story was also about the internationality of the shop owners: They are Indian, Arabic, African. Said Ashish: ""My local corner shop is owned by Arabs, and I love seeing everyday products like beans stacked next to exotic products like figs, where the packaging has this wonderful lettering that looks like calligraphy."" That explains looks like this show's gray sweatshirt suiting, and caftanlike robes with Arabic characters spelling out ""Thanks for coming,"" ""Joy,"" or ""Love."" It also explained the abundance of African and Indian chunky jewelry never mind the regal crowns that might've belonged to a Viking. ""It was all a celebration of everything international and what a great multicultural city we live in,"" Gupta explained. Looks to note included loose denim trousers in rainbow sequins and a dress that crossed zebra and leopard prints. Ashish has a bona fide groupie base of fashion students who stand for hours to get into his show, and the cheers and hoopla can reinvigorate even the most cynical critic. But now that he's nailed the whole sequin/pop culture/underground-cool thing, we wish he would turn his eye more to shape and structure. When that happens, who knows how high his star could rise."
5813,"Jonathan Simkhai is such a fashion fan that one wonders if he's sometimes a bit too inspired by what's going on around him. This Spring, however, that outside influence evaporated: It was all Simkhai, all the time, his brand of sexy athleticism evident in look after look.  The collection, presented tonight at Milk Studios, was inspired by the battle of Brighton Beach in England, where in 1964 gangs of mods and rockers rioted against one another. ""I was imagining beach chairs strewn around, which is where the intersecting lines came from,"" said Simkhai. The result was stripes in all different widths, at all different angles, creating a new sort of patchwork on sheath dresses and sweatshirt-skirt sets. The designer's dueling palettes of red-white-navy-gray and peach-white-black-gray played well against each other, too. It was hard to pick sides.  Simkhai was also eager to age his girl up a bit. ""I want her to dress up more but still have fun,"" he said. To accomplish that, he's pushing a longer skirt length for Spring. ""I'm really feeling the long,"" he said. ""It can be sexy paired with a crop top."" Or cool, worn with a leather-detailed sweatshirt. Either way, Simkhai wins."
5814,"If Marco Zanini is indeed headed to Schiaparelli, as has been strongly rumored this week, he sure went out with a bang at Rochas . Today's show, held at the Palais Chaillot, with million-dollar views of the Eiffel Tower through the windows, was the eccentric, irreverent acme of Zanini's nearly five-year tenure at the label, and a summation of what he loves: classics made unconventional through obsessive fabric development, for one thing, and for another, a genuine penchant for the strange. For evidence of said strangeness, see the models' slingback flats decorated with acid yellow or baby blue ostrich plumes that dusted the runway with each step. They gave everybody a good laugh. ""Nobody comes to Paris to see another white cotton shirt,"" Zanini said before his show. You'd better believe there weren't any here today. As opposed to those funny flats, the shapes of the clothes were straightforwardly formal: a straight skirt here, a shirtdress there, a three-button blazer with a nice cut. It was the fabrics that were extreme. Extreme as in a jacquard velvet bonded to duchesse satin and thermo-sealed with Swarovski crystals. Everything glowed or glistened, from the hand-painted velvet roses on organza gowns all the way down to the sheer cardigan worn over a pleated lamé slipdress. The most riveting material was a chartreuse technical fiber more tinsel-like than velvet that Zanini used for an otherwise simple coat. Zanini said he was inspired by Tennessee Williams' play The Glass Menagerie , and that he wanted to capture the ""translucent qualities of glass, frost, and crystals."" This wasn't a bittersweet good-bye; it was a lovingly rendered, head-spinning sugar rush."
5815,"There was a celebratory energy in the air at the DKNY  Spring runway show, which officially marked the label's 25th anniversary, a.k.a. #DKNY25. Donna Karan and company took the occasion to revisit some of the line's greatest hits, ranging from streetwear staples (a focal point since the beginning) like sporty parkas, bodysuits, and track pants all plastered with bold DKNY logos to the slinky, low-backed ""naked dress"" made infamous by Carrie Bradshaw. Joan Smalls kicked things off in a pair of baggy, tapered denim overalls, paired with a crisp button-up and a menswear-inspired blazer, then topped with a swingy trench and baseball cap. The collection swiftly transitioned through a dozen or so distinct moments, including a series of cool bandanna-printed looks, pastel-colored tailoring, and fit-and-flare neoprene frocks. Then Karlie Kloss took the final turn in a fiery red bias-cut satin-backed crepe gown and a pair of wedge sneakers. Rita Ora, the current face of DKNY, ended things on a high note by dancing down the runway to ""(You Gotta) Fight for Your Right (To Party)."""
5816,"Has LFW lost its spirit of fun? There is so much hard-hitting business, so many slick shows and corporate parties, so much A-list celebrity preening going on, that it's all beginning to look a lot like New York. Ironic then, that it takes an Italian brand to remind this town of its roots, which is exactly what Moschino Cheap And Chic did today with its new collection for Spring. Moschino transplanted its younger brand Cheap And Chic here a few seasons ago because it felt that London was the perfect city to express its DNA. This season, instead of a show, the label shot its lookbook in an East End warehouse. But runway or not, the upbeat mood remains. The story was ""Barbie goes to Miami Basel"" land of pool parties and cocktail soir_es. Flamingos abounded: embroidered on white wide-legged trousers and on easy denim chambray looks. Some fun flippy silk jersey dresses in palm tree prints continued the party theme, but that doesn't mean Moschino abandoned its tailoring roots. There they were in a sturdy yet sweet pink plaid jacket with a scallop trim, and another with a chunky crystal neckline detail. Many of the looks had feather detailing. ""We are trying to bring something fun and fresh into the hard times that we are living in,"" said creative director Francesca Rubino. ""That's not a bad thing, is it "" As usual with Moschino, the accessories stood out. Hilarious handbags came in the shape of cocktail glasses and giant yes flamingos. Another was emblazoned with the word PARTY in bubble gum pink."
5817,"Extreme contrast is the Giambattista Valli essence: short/long, masculine/feminine. It was more intriguing than usual with his latest collection. Valli's clothes and clientele define an indolent, brittle beauty, but here, the designer was influenced by filmmaker Pier Paolo Pasolini and Arte Povera master Alighiero Boetti right away, that injected something rough-edged, real-ish. As left-field as such a notion sounded, the couture slant of Positano-ready opening outfits that featured bared midriffs and shorts pleated into aerodynamic Capucci folds was soon followed by dresses jacquarded with Boetti's word pieces (earlier this season, Jil Sander went there, too). Other outfits were inspired by the burlap sacking in which coffee beans are transported.  Valli kept up the contrasts, counterpointing the rough-and-readiness of burlap with flurries of floral appliqué or gilded sheaves of wheat. But the overwhelming impression of this collection was one of heartfelt simplicity: pared-down silhouettes, hand-painted stripes, waists cinched by cords of gold. Sheerness has many implications in fashion. One of the most obvious is the notion of nothing to hide. You could apply that to this collection and run with it. Valli was offering his own take on authenticity. And if you could find a neorealist, Pasolini-esque gem in the heart of the clothing on display, then his work here was done."
5818,"If you had any doubt that pop stars have usurped Hollywood celebrities as the be-all and end-all of the public's fascination, the proof was on Peter Dundas' Emilio Pucci runway tonight: its embrace of streetwear, its celebration of gym clothes, its extreme body confidence. To us, it had Bad Girl Riri's name all over it. Dundas pointed out that he's been dressing more musicians lately. Rita Ora and Beyoncé both wore his clothes on recent tours. Clearly, the experience has energized him. Designers up and down the runways have been at this kind of thing this season Gucci's Frida Giannini in Milan; Alexander Wang in New York. Dundas differentiated himself by mashing up the basketball and scuba and boxing gear with Masai embroideries. A beaded bustier dress with a draped silk jersey skirt is destined to be a big hit. That was hardly the end of the beading, though. There were a tank top and track pants embroidered in gold on black net, an allover beaded hoodie emblazoned with PUCCI and the year of its birth, 1947, and long dresses made from beaded basketball mesh. It'd take a top-of-the-charts paycheck to afford any of these. But maybe the most interesting thing about this collection was that the sporty element wasn't only for show. The parachute silk of a printed parka, the liquid silver material Dundas used for running shorts, the draped sarouel-meets-jogging pants they were practically weightless. Naysayers will argue that Dundas has ventured too far from Emilio Pucci's born-in-Capri DNA. Really? If there is a twenty-first-century jet set, Rihanna is it."
5819,"Backstage after his show, Manish Arora could be heard telling an influential Parisian editor, ""I've woken up; the devil is out."" Well, the designer must have been under quite a spell, because today's collection came across like a video game full of flappers on molly. In envisioning Josephine Baker at a rave, Arora gave himself license to incorporate fluoro Art Deco patterns and kaleidoscopic botanicals in a single outfit. If you accept that restraint isn't his style, the pattern clash activated the eye even more so when broken up by Necker cubes (the Escher-esque geometric pattern that appears on bistro floors all over Paris). The thing about Arora is that all of the visual noise is backed up with exceptional beading and hand embellishment, all executed in his home country, India. The surface treatments are not arbitrary; they represent his cultural influence. Yet this might have buried his other key message: The designer sent out a surprisingly sporty, lightweight collection one that was anchored by pebbly sweatshirts, waterproof parkas, embellished backpacks, and knitted flapper dresses. Only the unwieldy plastic bead fringes and heavier brushed cotton seemed ill suited to a night of dancing. Arora rehashed and remixed M.I.A.'s ""Bad Girls"" as the soundtrack she's a friend, apparently and surely she would appreciate the riot of emoji-style lipstick, heart, and airplane motifs (the last an arbitrary nod to Amelia Earhart). Overall, Arora's devil remains obstinately devoted to detail."
5820,"Felipe Oliveira Baptista's new collection for Lacoste offered a master class in futurizing a venerable legacy. He teleported Lacoste from the 1930s to the 2030s without compromising the label's sporty credentials. In fact, if anything, he reinforced them, because the collection was a very clever celebration of all things tennis. A suede shift with dropped waist and pert side pleats smartly adapted a classic tennis dress. The clichéd polo in piqué was reconfigured in a generously airy cotton. The terra-cotta of a clay court was one of the collection's base colors. And the lines on that court were duplicated throughout: in the piping on a polo shirt, in the futuristically linear pattern on a latex duster. Baptista toyed with the lines, outlining icily pale shirt and pant ensembles with thick bands of contrast color to create an oddly two-dimensional effect. But he balanced that with the sensuality of crunchy knits and sheath dresses in rugby stripes of solid and sheer.  On every seat was a booklet of images from the Lacoste archives, manicured men and women from a eugenically perfected future. Mercifully, Baptista injected genuine sex appeal into that vision. Intelligence, too. This space is genuinely worth watching."
5821,"Like many designers, Carven 's Guillaume Henry was preoccupied with the nineties this season. And he found an appealing angle into the era, conjuring not its sneering riot grrrls but its sweethearts. ""I was thinking about the girls I went to college with, first of all,"" Henry explained after the show, ""but then also about women like Drew Barrymore and Liv Tyler. There was something tough about them, but they also seemed upbeat and approachable."" Henry certainly got at the upbeat-ness, what with his bright florals, gingham check, and frisson of rodeo chic. And certain of his pieces, like the buttoned, waistband-free skirts, had a real cool-girl authority. But this collection wasn't entirely convincing. For one thing, the inflated volumes of the jackets came off forced, especially alongside so many trimmer looks that felt fresher. Another quibble was with Henry's emphasis on curvilinear matte-crystal embroidery that read as a bit carbuncular (though the way it had been worked into the garments was impressive when seen up close). More generally, though, Henry just succeeded too well at reanimating the hip mall-rat chick of the late nineties, and fell a touch too short at elevating the reference for the runway. That said, there were plenty of items here that ought to sell like hotcakes, starting with those buttoned skirts and ending with the bow-tied slingback platforms."
5822,"About a year ago, Suzy Menkes hosted one of her International Herald Tribune fashion conferences in Rome. This one had a strong emphasis on the future importance of Africa. Giambattista Valli took it all to heart. So here we are, eleven months later, with his new collection for Moncler Gamme Rouge and a show reflecting Valli's conviction that Africa has ""the coolest, most eccentric people in the world."" The catwalk was draped in vines, but sirens wailed and red lights flashed: This was clearly an urban jungle. Diversity has been a touch paper all season Valli's multiracial catwalk mix of boys and girls, hip-hoppers and skaters felt like a natural assimilation of urban cultures. Anyway, Moncler already has a natural advantage in the sportswear stakes, so Valli's collage of couture feathers, snakeskin, and go-fast athleticism made sense. When worlds collide in a coat that mashes up leopard spots, mesh, and feathers, Moncler Gamme Rouge is what happens. The silhouette was as trim as a Valli girl could wish. And as sharp as a blue leopard tee paired with a pert striped skirt draped to one side. Consider for a moment that such a look shared the catwalk with a giant zebra-print duffel Valli's marriage of form and function for Moncler has clearly opened up a whole other arena of design for him. His favorite look in this collection might be a match of cropped utility jacket and jodhpurs, some in silk, others in denim. Sure, the feathery froth spoke to the Valli we know, but this look suggested someone more interesting."
5823,"Backstage, Kate and Laura Mulleavy gave a very concise pr_cis of their new Rodarte collection: ""Los Angeles,"" they said, and not much more except for the fact that they saw it as a companion piece to their Fall show, which was inspired by Northern California. That left room for the rest of us to make our own associations. Some saw East L.A.'s chola girls in the plaid silk shirts over shiny bra tops and brocade skirts with studded suspenders. Others had visions of the 1980s hair-metal bands that were born on the Sunset Strip. On the way out the door, we even heard a passing reference to Beverly Hills, 90210 . One thing's for sure, the show felt very much an exploration of their own personal fixations. That's nothing new for the Mulleavy sisters; they're archivists of arcana. And it's nothing new for their audience, either. We've gone down hundreds of memory lanes with designers over the years, and we'll surely see many more references to the 1980s going forward. So we can't fault the Mulleavys for indulging their obsessions. It's a question of allure. Do women today want to look like this? A few quick clicks through the Nasty Gal shopping site says yes, but what about high-end shoppers? What have the designers done to the denim shorts hiked up above the hips, the deeply fringed miniskirts, and those peaked bra tops to make them new? Although animal print and tweed jackets with rolled sleeves looked fine enough, we left without an answer. But then, sportswear has never really been their jam. There were a few quirky-cool evening dresses that starlets will want to wear on the red carpet. That's enough to keep the kids in RADARTE T-shirts for another season."
5824,"He stands alone. There is simply no one else whose postshow rationale could run a gamut from peekaboo cutouts based on ""sterilized petals"" (his words), to the equivalence of the female anatomy to a flower, to inspiration derived from the process of photosynthesis, to the inadequacy of high school sex education. All of those elements were present in the collection Christopher Kane showed today, but, as fearsomely academic as at least some of them sound, the overriding impression was enchantment. It was a joy to see Kane take a sweatshirt and satin skirt gorge grunge and make the outfit quizzical by slicing out one shoulder and trimming it with the same crocodile clips he used to pin back skirts like he was dissecting them. Same thing when he applied those sterilized petals (they looked like metal teardrops) to a long, mint green tank dress. So much exposure, so little revelation. Genius.  Spring '14 has gone furiously floral in London, but there was a primal fierceness to Kane's use of flowers. ""I never like to do anything like anyone else,"" he said (mild understatement). ""We live because of flowers and trees,"" he said. ""They produce oxygen. But we take them for granted."" His effort to redress that situation involved an emphasis on flowers' reproductive capabilities and their inevitable correlation with women. If they weren't quite as graphic as Georgia O'Keeffe's flower paintings, Kane's spreading blossoms still managed a lush physicality. Some of the most startling pieces in the show featured magnetic, silvery images of reproductive organs, trimmed with cellular filigree. The staging of the presentation acres of mirrors created a cloning effect as the models walked, which offered another unanticipated kind of reproduction.  Science and medicine are Kane's wellspring. He lifted the arrow motif that was a graphic feature in the collection from a textbook describing the oxygen-out-carbon-dioxide-in process of photosynthesis. And he said the last dresses were ""like huge textbooks blown up."" The presentation suggested he wasn't happy with the way school taught him science, never mind sex education. ""Another Brick in the Wall,"" Pink Floyd's classic of classroom disaffection, soundtracked the finale. But what a spectacular way to redress childhood injustice. Yep, he stands alone."
5825,"Can we go ahead and anoint Sofia Sizzi the queen of the jumpsuit now? For whatever reason, the Giulietta designer has a real knack for that garment, and this season she turned out her best versions yet: strapless, culotte-length jumpsuits that came in cherry red and color-blocked white and black. Dead chic, they were. And most days, clothes don't have to accomplish anything more than that. This collection was a very good case study in the positive effects of a designer setting her sights neither too high nor too low. Sizzi didn't aim to challenge, but she wasn't content to bore, either, and so she found ways to make her very polished clothes gently surprising. The print here, for instance, was a smatter of smudge marks, really, applied via screen; both the pattern and the process served to introduce an element of rawness. Elsewhere, Sizzi innovated an intriguing construction for some of her pleated skirts and dresses a few of them featured areas crisscrossed by diamond-shaped blocks of contrasting color. (Optical graphics have shown up on more than a few runways so far this season, but Sizzi has a smart, measured take on the aesthetic; you could even argue that the graphic has replaced the 1960s as the defining Giulietta signature.) All in all, this show found Sizzi pushing herself in an interesting way she focused on smaller gestures in order to make a stronger statement."
5826,"The Maxime Simo•ns look came into sharper focus today. As this new collection affirmed, the Simo•ns aesthetic is very, very French think of it as the love child of Isabel Marant and Balmain in its current, Olivier Rousteing helmed incarnation. The look is très sexy, très fitted, très short, with a taste for graphic embellishment courtesy of the Balmain bloodline, and a touch of boho from the Marant DNA. As fashion formulas go, that's not a bad one; you immediately grasp that the market exists for those clothes. The question raised by this collection was whether Simo•ns is going to develop the right touch to pull his program off. The evidence here weighed both yea and nay. The paneled looks often came off clunky, and pieces such as the low-slung silk track pants, zip-detailed about the ankle, should have looked insouciant and sporty but instead read as overthought. On the other hand, Simo•ns hit his stride with the fringed leather pieces: In a look that paired a color-blocked black-and-turquoise collared blouse with a fringed leather mini, you saw the Simo•ns girl very, very clearly. Long story short: Simo•ns? strategy is right, but his execution still needs a bit of finesse. He seems to be moving in the right direction, however."
5827,"Do not underestimate the power of the polka dot. The Sportmax design team changed tack this season, swapping the hard edges and haberdashery elements of the Fall collection in favor of something much softer and feminine. It was a positive development. As a brand known for its outerwear (note the great-looking double-face suede coat in tan and black that opened the show), tailoring is often the focus here, or at least it has been lately. But for Spring, Sportmax has embraced the dress. Silk slipdresses with supersized dots or inset with sheer circles of tulle had a nice sense of ease. Same goes for the V-neck tunics with handkerchief hems that were accompanied by below-the-knee full skirts. Other dresses were draped from circles or squares of fabric, creating flowy, away-from-the-body shapes. Win, win, win. The motif was picked up by Lucite-heeled satin mules accessorized with fur pompoms. Those in particular rated with the Instagram audience. The polka-dot point had been sufficiently made by the time the show was over and in all honesty, probably a few looks before then. But even if the Sportmax team could have left a few of the spotted narrow sheaths and spotted pajama sets back in the atelier, a V-neck dress with an overlay in a circle-patterned guipure lace was still a sophisticated, subtle evocation of their idea. All around, a strong outing."
5828,"Punk and ""positivity"" were the buzzwords behind Johnson Hartig's Spring '14 Libertine collection, which fused rebellious, DIY sentiments with his brand's bejeweled motifs and phrases most of which were in French. Backstage after the show, the designer said that this season his outré embellishments were meant to serve as ""amulets protecting from negativity."" They ranged from the label's signature skulls to sprigs of coral, as well as a kaleidoscopic array of abstract shapes that turned up on chiffon frocks, shiny men's blazers, and voluminous, tactile overcoats. For a brand known for its color play, there was a lot of black this season, and Hartig's vivid muchness seemed to pop best against that hue. A few busily printed blazers and dresses devoured the intricate beading and appliqué, and two bohemian yellow and pink maxis were a little off-message. So, too, was the opening jumpsuit, whose white and cobalt horizontal stripes could hardly be considered a flattering choice for anyone but a catwalker. A wine-colored swing coat with heavy beading and a corded neck and sleeves, however, offered the kind of over-the-top but wearable drama that the Libertine customer craves. And a series of tailored looks en noir, like a slim men's suit printed with the phrase ""Love Oui Non"" in white, and bejeweled sheaths and overcoats for her, merged an air of savvy sophistication with the designer's affinity for kitsch. Same goes for a black dress with tiers of sheer, embellished overlay. Paired with an embroidered, tasseled shawl, it was witchy fun. As for the punk elements, which surfaced via a men's bondage jacket and a riff on Vivienne Westwood's iconic QE2 print that read, ""God Save the Libertine, Original DIY Only,"" Hartig justified them by explaining that he is, in fact, a former punk. ""It's just a concept that's near and dear to my heart,"" he said. At the risk of sounding like a stereotypical fashionista, those bits felt a touch last season. That being said, an embellished bomber which was worn by one of the boys but will no doubt appeal to Hartig's female fans was indeed befitting an onstage hooligan. And while it might be more likely to appeal to a rocker of the glam variety, it was a clear standout."
5829,"The Camilla and Marc look has always been sexy, in that sporty way particular to brands from down under. This season, the sex appeal was turned up a notch: The collection had an almost feral quality. Much of that had to do with the materials Marc Freeman and Camilla Freeman Topper were working with, most of which featured some subtle textural robustness, like the honeycombed silk deployed in tank tops with a cowl neckline. Some of the feral-ness emerged from the collection's emphasis on leather and leopard-patterned jacquard, and another portion was due to the black lace and sensually draped dotted tulle. But nowhere was the tone better exemplified than in the wrapped tops and dresses, a group that stood out as this season's most interesting new development. There was a sense of spontaneity in the way the satin had been whorled around the body, and an implied intimacy with the body's tucks and curves. These pieces hinted at the possibility that they could easily come undone, although that wasn't the case at all; they were properly finished (of course). But the wink was enough."
5830,"Reed Krakoff was making headlines before his show started today. It was announced that the designer and a group of partners have closed on the purchase of his business from Coach. His Spring show augured well for the brand's future. Krakoff has established his minimalist codes, and slowly he's evolving them. After a nice Fall outing focused on tailoring, this season he took more of a dressmaker's approach. ""It's super-fluid and feminine,"" he said of his collection before the show. The first dress had ruched details and raw-edged, asymmetrical hems; it came in a chintzed nude chiffon with a lacquered sheen. Slipdresses have become one of the big developments of the week, and Krakoff has inserted himself into that picture.  He also had a few things to contribute to the emerging sporty story. There were tracksuits in fluid twill, a white mesh sweatshirt with delicate black ivy embroidery, and most appealing, a very luxe take on a sexy sleeveless dress we'll call the wrapped towel (a Spring micro-trend). A sleeveless trench in the same substantial bonded satin also looked good. Where Krakoff was most innovative was his suiting. A leather shell that wrapped in the back was made from a single piece of fabric, with no side seams, and the vest underneath a white linen coat was constructed from the hem of its lapel. It was a deceptively simple trompe l'oeil trick that was actually incredibly difficult to pull off. There is a cool precision to Krakoff's tailoring. It might take some time until his dressmaker skills are as confident as that coat, but give him a hand for trying."
5831,"Elie Tahari is celebrating forty years at the helm of his eponymous label, and he's clearly gunning for forty more. Spring was about the future, with Tahari incorporating high-tech materials into his designs and injecting everything with a sporty, modern ease. The seams on the menswear were closed with silicone tape, and laser-cut perforations abounded on the women's looks. Of course, you have to look back to look forward, so Tahari updated a few of his iconic silhouettes a swing coat, a jumpsuit and peppered those pieces throughout the collection. Those Edition 1974 items weren't very different from the current offerings an indication, perhaps, of a strong Tahari DNA and everything, in both men's and womenswear, shared a casual, relaxed, unstructured vibe. One exception was a pair of zip-front, curve-clinging leather dresses in one of the collection's sole prints and pops of color, a tropical floral mélange and bright turquoise, respectively. They felt like an unnecessary departure from the chill vibe and winning palette of cool blues, black, and pale, icy neutrals that Tahari had established. Fabrics were mixed to good effect: A long sheer blouse in the faintest hint of blue looked great layered under a perforated white leather jacket and paired with white jacquard shorts. That look had just as much sex appeal as the zipper dresses and felt like a future classic, to boot."
5832,"Carly Cushnie and Michelle Ochs make for mighty good mistresses of discipline. This season, the CFDA/ Vogue finalists took inspiration from straitjackets, and thus did binding, belting, and strapping make their way into the brand's idiom. But that S&M-inflected discipline was less compelling than the design discipline at work here: This was an exceedingly focused collection, and it considerably elevated the trademark Cushnie et Ochs vixenish look. As a case in point, consider the black viscose bustier top with a reverse halter neckline, which the designers showed with a pair of matching sharply cut, buckle-detailed pants. The look was sexy in a very high-end way, and the conceptual elements were applied with (ahem) restraint. The same went for a fluid, buckle-detailed strapless gown, and the body-con dress strapped by elastic. (The show-opening one on Karlie Kloss looked particularly good, but then, it would.) Perhaps the most interesting developments here, though, were the swimsuits, a natural brand extension for Cushnie et Ochs, and the seamless knits. The latter made for an apropos new medium for the brand's vocabulary of cutouts and skintight-ness. Very slick, girls. Very slick."
5833,"You know it's a sporty season in Paris when a designer like Anne Valérie Hash moves in on the action. The closest she's ever gotten to activewear was the Nike Air Max sneakers she used last season, but she really went for it today. Her big idea was to splice reflective jersey into just about everything. The technical term is actually retro-reflective, because the fabric itself didn't shine, only the images of it snapped with flash cameras. When the audience took pictures on their iPhones, their little screens lit up like neon. Sometimes it was a whole suit, other times it was just insets on T-shirts or dresses that were collaged in a way that resembles modern workout gear. It was a neat trick, but it didn't convincingly add any real value to the clothes. Aside from that high-tech material, which looked bluish gray under the normal runway lights, this was a familiar Hash collection satisfyingly so. She designs a nice pantsuit, relaxed and with a generous, slightly boyish cut. Lately she's also made a specialty of jumpsuits, and she was sure to include a few here. Strolling out on white oxfords, they had a low-key, casual vibe despite the accomplished interplay of lace, silk, and that tech fabric above the waist. It's not often that Hash does a floor-length dress, so the two she showed for Spring were a welcome sight, especially because they retained the honest-to-goodness ease of gym clothes."
5834,"News flash: The nineties are back. Joseph was way ahead on that trend, and now that the zeitgeist is fully on board, the British retailer has obliged by turning out a crisp and sporty collection for its house label that leans hard, but not too hard, on the look of the era. Long slipdress? Check. Shower slides? Check. Bright orange parka? Check. (And extra checks and gold stars for the version in ultra-supple kangaroo.) There were also trousers with gargantuan cuffs, kilts, cool looks in sheer or silver foil cellophane silk, and knits with graphic shapes screen-printed onto them graffiti-style. Very tomboyish, overall. The standouts here, though, were the pieces in worked leather, like a sleeveless leather button-down laser-cut in a floral motif and a bomber lined with sponge for textural effect. Both of these pieces had the accessible, versatile feel of basics while not being basic at all. That's the Joseph sweet spot."
5835,"Crime and Punishment. War and Peace. The Gulag Archipelago. Vladimir Lenin and Vladimir Putin. Russians are not exactly famed for their buoyant dispositions. So why do the territories of the ex-USSR turn out designers with such a puckish take on fashion? Vika Gazinskaya is one such; Natalia Alaverdian is another. Each season, she bases her A.W.A.K.E. collections on another animal; this time, she elected the rooster. Why? Because she'd been watching Takeshi Kitano movies, and like the director's yakuza antiheroes, the rooster has a strut. Fair enough. Another Kitano takeaway was this collection's homage to the Hawaiian shirt, inspired by the wardrobe of Kikujiro . Poultry plus gaudy florals should not be a recipe for fashion success, but this collection was bursting with charm, and somehow, Alaverdian managed to keep the quirk factor to a minimum. A lot of that had to do with the collection's restrained shapes, which Alaverdian had reined in quite a bit from last season. There was a nice sense of volume here, but expressed in small gestures rather than grand. A pair of culottes, for instance, featured a broad side pleat that opened them up and gave them a sense of movement. Those culottes were a standout; other winners here included the drapey silk suit in white and the crisp pleated cotton dresses. And though the collection's graphic rooster print could have been used a bit more sparingly, it was hard to argue with its appeal in taut pencil skirts and dresses or a kicky little A-line shift in jacquard. Alaverdian was in the business of making realistic clothes this season. They were accessible, but they had a nice little strut."
5836,"To the litany of great Irish artist/muse relationships W. B. Yeats and Maud Gonne, James Joyce and Nora, Oscar Wilde and Bosie, Francis Bacon and George Dyer we should probably add John Rocha and his wife, Odette. She clearly inspired his show today. Unrepentant romantic that he is, he's obviously a sucker for Odette's other-timely style, which infused his collection with a dark dreaminess. Its edgiest expression was a black cage dress in an oily plasticized lace; its sweetest, a print that sprayed roses across a flaring skirt. There was a drifty something about the tiered, fluted, airy languor of the dresses that suggested Miss Havisham if she hadn't been such an old misery. Where her love was thwarted, Rocha's was clearly realized in items as poignant as a full-length white tank dress traced with tiny red blossoms, or a white skirt appliquéd with flowers that he'd snared in sheer georgette. Though he was in pursuit of lightness, there was a genuine substance in the way fabrics were worked and embellished. And it was perfectly complemented by picture hats painstakingly constructed, said Rocha, from organza piping. That idea effortless beauty, arduous effort rang true as an enduring metaphor for fashion itself."
5837,"Has Bill Gaytten found his groove at Galliano ? Fall's rigid, severe collection for women put a complete full-stop on the gorgeous but exhausting and exhausted creative chaos that defined the tenure of the man whose name is still on the label. Then came a Spring collection for men that hurtled off in a new direction techno, lurid, courage of its convictions and all that. That direction was compounded today with Gaytten's womenswear for Spring 2014. It had a colorful, synthetic, almost cartoonish kick. Like Pop Rocks. Which was why Azealia Banks banging her way through  212? on the soundtrack sounded fizzy enough to dodge the not-her-again bullet.  That cartoonishness came through in a sci-fi Betty Boop (or maybe it was Minnie Mouse) quality. There were short, flaring dresses, belted tightly at the waist; zippered neoprenes, eye-popping or icy-cold; embellishments of laser-cut petals, or punched perforations that looked like the notorious hanging chads of U.S. electoral legend. They all contributed to an airy, go-fast urgency that put Gaytten fair and square in Spring's athletic camp. And Stephen Jones outdid himself with hats that were either perforated visors or aerated racing bike helmets. In the light of which, a handful of gala gowns at the end of the show felt like an incongruous concession to alt -Galliano, like Norma Shearer, all dressed up, gate-crashing sports night. Mind you, those gowns, made of sheets of organza, looked pretty damn glamorous."
5838,"Mark Fast told us in his show notes that his Spring collection is all about the party girl. Back in the day, regular broadcasting in rural Canada, where Fast is from, would shut off at midnight, leaving his muse, home after a late night, to stare at the static of TV screens.  Given the body-con dresses and the teased Joan Jett hair on the runway this evening, it would be easy to say, oh, ""There's that Mark Fast cobwebby knitted thing again,"" but on closer inspection, his work is much more important. This is because Fast is a fabric innovator, a fact he demonstrated this season with his woven wool dresses. ""I guess I am quite technical,"" he said backstage. ""I work a lot with Woolmark and especially now with this great new fabric called cooling wool, which does what it says cools down, rather than heats up. It's perfect for those who don't like scratchy wool. It is a genuine innovation."" Fast also used a ""racking"" technique, which created the zigzag in his dresses that mimicked the static of his television. (Though it was tempting to see references to Missoni's zigzags, that was not it at all.) Fluoro yellow fringing very Stevie Nicks added to the interest. Blue and black also looked great together. The problem with Fast is that he's better than he thinks. He needs to move beyond what has become his shtick and translate all that innovation into something besides a body-hugging dress. We are all waiting."
5839,"This season, Ennio Capasa brought his women's show back to Milan after 23 years of presenting in Paris. He justified the move as his own contribution to Italy's regeneration. ""If Milan is strong, everything is strong,"" said Capasa. But it wasn't just Milan that gained from the relocation. Going back to his fashion roots seemed to refresh Capasa as well.  Deconstruct/Reconstruct was the collection's theme. It fitted the show space, a huge raw concrete bunker that may eventually become a museum. And it also gelled with an inspiration of Capasa's, the work of young conceptual artist Giulio Frigo. An image of one of his 3-D graphite installations was printed on the invitation. Frigo's world-taken-apart was echoed in Capasa's own dissections of clothing: ""My experience of Italian tailoring reloaded in different ways,"" he called it. So jackets and dresses were deconstructed and put back together with proportions shifted in often fiercely asymmetric ways. If the result occasionally felt like it was trying too hard, it had the paradoxical effect of making the more straightforward outfits in the collection like the white side-slit tabard over a white skirt, or the kimono-like top in black leather over cropped pants that much more appealing. Capasa's yen to experiment yielded results with sheer techno-organza shells rendered decorous with handmade brushstrokes (difficult but delightful), or a group cut from a tweedy linen-cotton that had a utilitarian glamour we've never seen from this designer before. He liked the idea of work . On his mood board was Peter Lindbergh's famous photo of Kate Moss as a worker girl in dungarees. ""She's always made an effort to connect with the time in which she lived,"" Capasa explained. ""And that's my goal too."""
5840,"Joseph Altuzarra made headlines this week when it was announced that Kering (the mother ship behind Alexander McQueen and Stella McCartney, among other labels) had taken a minority interest in his company. This collection was completed before the deal was signed, but the news added to the buzz surrounding the designer's show, already one of the most anticipated of the New York season. He didn't sweat it. Where his Fall collection felt somewhat strained, this one put the emphasis on effortlessness. Sometimes ease can be a code word for basics. Altuzarra embraces separates, but blouse or skirt or cropped jacket, each and every one is thoughtfully considered. It takes a lot of work to look as artfully déshabillé as Joan Smalls did in her striped silk button-down (down to the waist, that is) and three-quarter-length skirt with thigh-high slit. Willowy silhouette established, Altuzarra offered variations on a theme. Blouses also came in banker's blue cotton or a patchworked indigo print. Cropped jackets were hand-embroidered in the style of Japanese boro fabrics. And trompe l'oeil dresses looked like thin-gauge sweaters worn over narrow silk skirts. Other designers make a fetish of fantasy. Altuzarra genuinely gets off on making clothes for real life. For him, it's about the everyday, only elevated. For evening, Altuzarra sourced fabric made from metallic threads that looked like poured platinum and gold. The generous swags of fabric on the front of dresses and skirts added bulk between the waist and the hips. If there was a quibble here, it's that they'll prove troublesome for all but the slimmest of his clients. Fastened with a crystal-studded strap at the waist, his gorgeous smokings offered a more equal-opportunity chic."
5841,"French art students learn about Jean Pierre Raynaud at school. He was the conceptualist who spent 25 years building his house, only to decide it was too perfect and, in 1993, tear it to bits. Center stage at Deborah and Priscilla Royer's laser-sharp presentation for Piece d'Anarchive today was a major piece by Raynaud: 64 stainless-steel buckets filled with rubble from his demolition job, installed by the artist himself. (The boxes they arrived in, stacked by the exit, made a Warholian installation all on their own.) Raynaud was their inspiration because, said Deborah, ""We were thinking of the parallel between creating an actual house and a fashion house."" But the look of Raynaud's house, with its linear grids of white ceramic tiles grouted in black, also seemed pretty significant in determining the look of the collection: black and white, matte and shine, big squares, little squares, gingham, honeycomb textures. The Royers remodeled sporty athleticism, one of the big stories for Spring 2014, with their own knitwear expertise. ""Fusing French craftsmanship with street influences,"" said Deborah, ""less archive, more anarchy."" The black-and-whiteness, the kilt over drop-crotch leggings, suspenders on oversize checked silk trousers, gender neutrality shades of Bodymap in the eighties? OK, grant the girls that flicker of fashion anarchy, but otherwise, the linear precision of the clothes was less about letting go, more about complete control of the body, with pieces in substantial technical yarns that celebrated the fit form. The Royers added extra definition with contrast grids that echoed Raynaud's grouting (a bike short was a basic building block). And the futuristic tennis dress that has popped up a few times this season remember Rag & Bone's transmission from Wimbledon on Mars  reappeared as a grid-checked shift in a tech fabric with a pleated skirt in wool flannel hanging off its dropped waist. Behind Raynaud's installation, a giant screen played Tiffany Godoy's film of the boys and girls of the Piece posse wearing the clothes from the collection. Given that the show space was the impressively brutalist bunker where the Cin_mathque Franais screens movies, Godoy's monochrome, nouvelle-vague-ish piece enhanced the sense that the Royers are surfing their own vague in French fashion. It certainly made for a memorable and enlightening alternative to catwalk convention."
5842,"The Moschino invitation arrived with a T-shirt emblazoned with the legend FOR FASHION VICTIMS ONLY. Years ago, Franco Moschino himself printed the same message on a straitjacket he showed in one of his collections for men. And, starting with the baby photos in the video that preceded the actual show, ""years ago"" was on people's minds tonight with the thirtieth anniversary of the label that still bears Moschino's name nearly two decades after his death. Alberta Ferretti helped Moschino set up his business in the first place, and from her front-row perch, she insisted, ""I want to say thank you to Franco a thousand times."" Catwalk legends Pat Cleveland, Violetta, Amalia, and Gisele (the original, pre-B™ndchen one) modeled iconic pieces from the archives. And Gloria Gaynor showed up to croak Franco's favorite song, ""I Am What I Am."" That T-shirt sentiment pretty much summed up Franco's contentious relationship with the fashion industry. Keeper of the flame Rossella Jardini has done a remarkable job of carrying on his legacy while smoothing off her mentor's ironic, abrasive edges. Bill Shapiro, Jardini's lieutenant for twenty years, defined the label ethos before the anniversary presentation tonight: ""Let's move forward."" If the body of the show offered a good/bad duality two outfits for the price of one catwalk moment it was kind of kitten cartoony. Brassy belts broadcast GOOD GIRL or BAD GIRL so you knew exactly where you were at any given moment. Franco's claws would have been more lacerating. Nevertheless, what was on offer was a pretty effective edit of the label's ongoing strengths. Clothes for every occasion with enough of a twist to make them seem like ""fashion"" and not some generic interp of the same. Still, the highlights were those archive pieces that ring now with a quite surreal strength: Erin O'Connor wore a jacket with golden spoons for buttons. Princess Caroline of Monaco had that jacket. As Lou Reed spat so memorably, ""Those were different times."" And Alek Wek modeled the iconic sequined question-mark sheath. Franco's question was this: What is fashion? Decades later, are we any closer to knowing?"
5843,"Clothes you want to wear. That shouldn't be a novelty at a fashion show, yet somehow it is. We bring it up in the context of Derek Lam because, last season and today, clothes you want have been what he's put on the runway. For Fall he was talking about control; this afternoon, the topic on his mind was letting go of it. Either way, the results were dependably chic: all-American sportswear with refreshed proportions and little idiosyncratic twists. ""We're going into our tenth year, and it's been a tumultuous one,"" Lam said backstage, referring to how he and his partner, Jan-Hendrik Schlottmann, bought back his company from Labelux last November. ""Design-wise, my tendency is to look at clothes in a minute way. The challenge was to allow playfulness."" Pulling back like he did lent the clothes an appealing minimalism. Not much in the way of embellishments, save for some raffia fringe trim, but plenty of interesting textures. Textures including the printed jersey of a crisscross-back vest and matching pants that read like tweed bouclé, or the hand-painted guipure lace of dresses over which he layered spongy crepe cropped tops. We've seen lots of denim on the runway this week, but nothing quite as cool as his dark indigo belted dress with the kicky volume in front.  As for those idiosyncratic twists, they were literal this season. Riffing on the idea of wrapping a towel on the body, he made a strapless yellow crepe georgette gown with a tucking detail below the bust that really did look about as easy as stepping out of the shower and reaching for the terrycloth. Gorgeous."
5844,"Shape, Victoria Beckham pronounced before her show. When she launched her label five years ago, she was interested in the form of the body underneath the fabric, and presented dresses constructed to best highlight it. Clothes have been moving away from the body for the last couple of seasons. Beckham's early history as a designer makes her an unlikely proponent of the new look, but she made a believable case for herself today with rounded jackets; ruffle-hem, A-line tunics; and full, cropped trousers that were clean and sharp. The midi-skirts she did last season were replaced by apron minis, the diagonal hem on top revealing a spray of pleats below. Leggy! If ""cling"" was her mantra way back when, now ""crisp"" is a more apt description. The collection was super-graphic and sporty mostly black, white, and icy gray, with shots of fuchsia and brick red. Visual interest came courtesy of double-crepe triangles bonded to the organza base of button-downs and sleeveless tops. Elsewhere, she embellished a short-sleeve shirt with large overlapping rectangles of color. There were body-conscious harness dresses in the mix. They'll be snapped up by her fans. But it was the boyish tailoring of the cropped pants and the boxy tunics and vests that pushed the Victoria Beckham story forward."
5845,"It's funny that Alice + Olivia designer Stacey Bendet started the brand in 2002 based on a pair of great-fitting pants, because these days the line is best known for girly cocktail dresses. Those prom-y looks were again at the center of things for Spring, but this time they were given some more athletic touches. ""It's preppy meets pretty,"" said Bendet in the midst of her always jam-packed presentation. When Bendet delivered on that idea, the collection worked. A bone-white piqué polo, for instance, was paired with a color-blocked cream, black, and red cotton ball gown skirt, which was a fun take on the theme. A standout was an aqua silk crop top worn with a tea-length aqua leather pleated skirt the outfit would have looked just as good worn with a pair of slip-on white Vans as it did with silver pointy-toe heels. Alice + Olvia is totally commercial, and Bendet is totally OK with that: ""It's contemporary, you know "" she said. And even though an embellished jacket felt uninspired especially paired with ripped-up rocker jeans it might sell well. A better use of embellishment was on a sparkly silver bustier, worn with a cropped white tuxedo blazer and white leather pleated skirt. It was, indeed, both preppy and pretty."
5846,"It could be a paint splatter, said Maki Oh , describing one of her adire prints after her show today. ""Or it could also be a splatter of blood, from murdering men."" Welcome to New York, Maki Oh! The designer would be a welcome addition to our fair city's fashion week based simply on the fact that she makes absolutely lovely clothes. She would be an exciting new name on the calendar merely because she's based in Nigeria, and those absolutely lovely clothes mash up African and Western references in sui generis ways. But as it happens, Oh may be necessary in New York: It's hard to think of another designer here who is using fashion, as Oh does, to evoke and interrogate female experience. This season, her collection told the story of, in her words, ""women's confusion about their place in society."" And the clothes marked a journey from demurely femme to boy drag. En route, there were looks that paid sidelong homage to the domestic realm, with apron shapes and gourd embellishment (gourds being a traditional kitchen utensil in Nigeria, Oh explained). And there were layered looks some of the standouts here, in fact that found Oh literally squishing extra fabric underneath fitted silhouettes, a metaphor for the ways women find themselves constrained. And then there were the reinterpretations of workwear and sports jerseys, the feminization of the masculine world, and yes, prints meant to look like spattered man blood. A heady mix of elements, for sure, but Oh handled it all with finesse. The clothes didn't seem overdetermined, and they had at least as much aesthetic as intellectual appeal. The ruffled tops and cutaway fringe dresses were particularly effective at sparking that feral I want that in my closet now kind of need. And Oh's fitted dot and sheer-paneled dresses were so pretty, they short-circuited brain activity entirely."
5847,"Tracy Reese typically works the sweet angle, but this season she headed in a more sensual direction with a vibrant collection infused with Afro-Cuban influences (three standing drummers accompanying the mambo-filled soundtrack drove home the show's theme). ""It's about just really being able to bring your personality to the clothes,"" Reese said backstage. Curve-hugging white lace trumpet skirts and dresses with flouncy flamenco-inspired hemlines illustrated the designer's new, sultrier side, as did a tropical silk cocktail number with an appliquéd tulle overlay that had definite cha-cha-cha appeal. Reese mixed these romantic pieces with more athletic ones like bomber jackets, on-trend crop tops, and long board shorts done in a graphic windowpane check. She showed plenty of signature fit-and-flare frocks (to give Michelle Obama maximum options to choose from) in hibiscus florals, a charming tapestry print, and a techy laser-cut neoprene, which gave the flattering A-line silhouette a nice structure. Meanwhile, the closing look a slinky piqué knit maxi skirt paired with a lace polo felt fresh for evening."
5848,"Osman Yousefzada is one of those London designers who collects celebrity clients like stamps: Amber Heard, Emily Watson, Selena Gomez, and Beyoncé all wear his clothes on the red carpet and in everyday life, and he has proven he can design for a wide range of shapes, sizes, and ages. Still, when the show notes for Osman 's Spring outing said the collection would be a bit of East meets West, a bit of the Raj, veterans in the crowd went into brace position: After all, how many times has a designer promised to take people on a magic carpet ride to Rajasthan, visiting some festooned and fragrant royal court? As it turned out, Osman's collection featured impressive clothes that avoided the heady, pungent, embellished looks that designers often churn out when their thoughts turn to India.  The first outfit was a skirt laid over a trouser, teamed with a tank top with the minutest of gold embroidery details; it was followed by a kimono-sleeve white trouser look. Then came splendid prints and color combos: ""a tree of life"" in the hues of a Serengeti sunset mixed surprisingly with a sharp duck-egg blue skirt. There were some intricate lace details in white that were reminiscent of the latticework of doors found in Rajasthan castles, and some trousers with a fan-pleated, cummerbund-esque waist, but the use of the references was subtle and discreet.  In addition to the prints, there were interesting fabrics and textures: a beaded clutch, a denim trouser that masqueraded as silk, a sturdy sweatshirt combined with a lattice silk lace skirt. Design details were also strong: a bandeau, a cutaway at the waist, a tie detail at the back of a blouse. Toward the end of the show, a model came down the runway with a bright tangerine sash diagonal to her body like, say, a pageant queen. Did Osman know that, the previous night, the first woman of Indian heritage had won Miss America? ""No,"" he said. ""But it's bloody well about time."""
5849,"With his generally well-received Balenciaga debut in the rearview mirror, Alexander Wang felt encouraged to go beyond the homage phase today. Where that first show had a certain purity of form with its direct lines to Cristãbal Balenciaga, his new effort had a sense of experiment and play. If the result was more uneven, it also pointed to potentially fruitful avenues of development. And it's fair to say you saw clearer glimpses of Wang in it, especially with the opening pieces a muscle tee, a tank, glorified running shorts, and Perfecto jackets. This was sporty streetwear, in other words, albeit executed in densely handwoven leather braid. ""The idea was to start strong and austere, and let that unravel,"" Wang said earlier. ""I want to bring ease into the DNA and codes of the house that I'm working with."" He presented the new collection at the Observatoire de Paris, a lofty space that has apparently never been used for a fashion show before. Wang knows the value in being first, and that appreciation informed the materials he developed. Molded leather that was embroidered with thread and then printed with a swirling floral motif, along with those hand-braided pieces, are prime examples of innovation, where couture and twenty-first-century technology meet. But they looked somewhat stiff. A trio of dresses meringues of ruffles suspended from corset bodies erred on the overwrought side, too. The clothes got better as the show went on, and rigidity gave way to the ease that Wang was talking about. He cut an excellent new pant, high-waisted and with a tulip-shaped peplum that curved over the hips, and he showed this item with crop tops made from a crushed, pressed, and laser-cut printed fabric that came off as quite effortless despite the crazy amount of work that must have gone into them. Paired with elegant silk cape-back tops in white or black, for a more dressed-up evening look, those trousers were handily the hits of the show. Elsewhere, caped jackets just long enough to legitimately be called dresses, as well as their barely more demure sisters with sheer organza veils, emanated a cool confidence. Wang is learning as he goes at Balenciaga. No one said it was going to be straightforward; quite the opposite, in fact. But his idea of injecting ease into the house codes is a good one, and those chic evening pieces point to a viable way forward."
5850,"In May of this year, Barbra Streisand sang for us in Berlin. This compelled us to methodically review our huge pile of chronologically sorted Barbra DVDs . Have less encouraging words ever been written in a brand's show notes? Frankly, the idea of a collection inspired by a year-over-year rethink of the career of Barbra Streisand made the mind boggle, and induced a kind of nauseous dread. How bad could this be? Well, not bad, really. The Talbot Runhof clothes aren't groundbreaking by any stretch of the imagination, but they are executed with a lot of polish, and it's easy to understand why designers Johnny Talbot and Adrian Runhof have made such a commercial success of their label. There's a market for a covered-up gown with deftly placed color blocks, or a pastel satin cocktail dress with a cape back and jeweled neckline. The embellishment here did border on gaudy, but the designers never actually crossed that line. And their customer will undoubtedly appreciate the eccentric flourish of holographic flowers on a group of pert cotton-tweed dresses. It's tempting to sum all this up with a lyric from Babs, but you know what? Never mind."
5851,"Sicily is proving a truly bottomless well of inspiration for Domenico Dolce and Stefano Gabbana. Today was their umpteenth collection drawing on yet another facet of Sicilian culture, in this case the island's interaction with Greece in the ancient world. Sounds kind of academic, but it wasn't. Dolce and Gabbana are designers, after all, not history teachers. So when they used old photographs of ruined amphitheaters as prints, they had a pleasing graphic quality. Ionic columns reproduced as heels on shoes were a flash of wit. So were the gold coins that exploded into chunky prizefighter-like corset belts, especially when those belts gripped delicate dresses petaled with Sicily's almond blossom. That hard/soft contrast is a Dolce & Gabbana signature, the same way that a woman in a bustier and black lace slip (she's a stock character in the designers' repertoire, and she reappeared here) is anything but vulnerable with her go-on-I-dare-you attitude. Women like Bianca Balti and Bianca Brandolini d'Adda, in other words, who were both front-row today.   Gabbana described the collection as ""an unconscious dream,"" in the sense that the clothes embodied the blend of the real and the irrational that can only be found in dreams. Perhaps that was why the designers invoked Federico Fellini, whose movies blazed trails in that territory over and over again. But there was scarcely Fellini's flavor of surreal exuberance here, unless you count some odd alpaca wraps. Rather, there was actually a pretty grounded, earthy feel to the collection; it was at its most ethereal when the almond blossoms started to fall.  Sophia Loren was a reference point. Once again this season, it was Catherine McNeil, in a red slip with black bra showing, who summoned up the ghost of screen goddesses past. But the sheer polka-dotted blouses, pencil skirts, and coat-dresses all had Loren's distinctly ample, womanly slant. The more modern shapes a mini-trapeze top with shorts, say were the sort of sheerly pretty looks you could imagine Dolce girls like Bianca, Giovanna, and Anna parading around the Med next summer.  What brought all the strands of the collection together were the wonderful artisanal workmanship and fabric research. One standout: a richly aubergine-toned shift in glossy lacquered silk, with embroidered blossoms trailing down its front. For the finale, the gilded army of women that stormed the catwalk offered another vision albeit rarefied of the female empowerment that other designers have been talking about all week."
5852,"Flora, fauna, and Frida Kahlo were the starting points for Daniel Vosovic 's Spring collection, but he toughened up those typically feminine references by reinterpreting them in sporty silhouettes and materials that feel current for his contemporary customer. Vosovic updated a classic jean jacket in perforated white leather and lightweight shaved neoprene that featured a pixelated garden print, and whipped up on-trend skorts from the same techy fabric. Sweatshirts, meanwhile, came with built-in bibs peeking out from the hem, which gave them a layered appeal. Other athletic standouts included long silk shorts splashed with a graphic mosaic pattern that echoed the mosque ceilings Vosovic encountered on a recent trip to Istanbul, and playful T-shirts screened with a cartoony outline of Kahlo's face (instantly identifiable by her signature floral headpiece and bushy eyebrows). ""Frida is the original tomboy, and my girl always likes a mix of masculine and feminine,"" Vosovic said. That balance came across in pieces like tailored blazers cut from a spongy basket-woven raffia, paired with matching A-line miniskirts, and slouchy utility trousers with a subtle drop crotch. The overall look was easy, confident, and accessible."
5853,"It's Carolina Herrera meets Axl Rose, Fausto Puglisi said backstage before his show. Now that's a sound bite. Puglisi has been fairly fearless from the start, but he went right up to the edge of bad taste in this, his label's first full runway outing. For one thing, he commissioned a saddlemaker in Tuscany to hand-make black leather harness bras that exposed a lot more than they concealed. The saddlemaker's straps and buckles appeared on a flouncy A-line skirt and a menacing motorcycle jacket, too. Going head-to-head with all the bondage couture? Some very of-the-moment palm trees. Puglisi used them as prints on silk twill shirts and ball skirts ( très Carolina Herrera, as it happens), and stitched them in crystals and gold paillettes onto long dresses split hem to hip lavish embroideries like that are his signature. As unlikely as the combination sounds, Puglisi's collection connected. He's got an engaging color sense, and he's a talented technician. Importantly, having costumed musicians for years before launching his label, he has a real eye for what makes a strong picture. It's no coincidence that street-style star Anna Dello Russo was an early fan. As the Italian shows come to an end, it's been a week marked by the emergence, long overdue here, of new designers. After false starts elsewhere, Alessandra Facchinetti made a good first impression at Tod's. Alexis Martial got noticed at Iceberg. Puglisi has the makings of a star. He already has a Super Bowl halftime performance under his belt Nicki Minaj and M.I.A., supporting Madonna (a Puglisi fan herself) in 2012 and he's been hired to revive the French label Emanuel Ungaro. He definitely added some sizzle to this Milan Sunday."
5854,"Tibi designer Amy Smilovic couldn't have explained her new lineup better: ""This is the culmination of things. We've been stripping the clothes back to make them clean and minimal, and now that this platform has been set, we added on to it and brought in more femininity."" Part of the label's appeal is that it stays ahead of the contemporary curve. After doing structured, sporty neoprene separates for the past few seasons, the designer found herself craving natural fabrics and deflated silhouettes. The first look out a tailored vest-and-skirt set accented with delicate mesh panels set a softer tone for the collection. Smilovic paired the look with flat beaded sandals. Elsewhere, she added fringe to sheath dresses and tank tops, and whipped up jumpsuits and culottes from breezy silk. These romantic pieces were mixed in with signature modern ones, like structured, coated leather jackets and updated tracksuits, for an of-the-moment result."
5855,"It's really about addressing the way girls want to dress, Ashley and Mary-Kate Olsen said before their Spring Elizabeth and James presentation. Ultimately, their contemporary E&J customer wants to dress like the stylish designers themselves, and the new collection provided plenty of ways to do so. For example, Mary-Kate made the rounds in ultra-baggy, ripped, and distressed jeans similar to a pair from the latest lineup, though hers were actually vintage ""I couldn't steal all the samples,"" she explained. The E&J pair was shown with a flimsy white trench, oversize shades, and a gold pinkie ring. It was a standout outfit (styled differently in the lookbook) that had a lot of real-world promise, as did casual olive cargo separates and a slouchy, slightly wrinkled bubblegum pink suit, which conveyed a disheveled sort of sophistication. Keeping a modern lifestyle in mind, the Olsen twins showed pieces that could be dressed up or down (perhaps with some of the new slingback heels, or comfy Birkenstock-like flat sandals), including washed-silk maxi skirts and a long navy gown with a laser-cut netted overlay. Since Elizabeth and James introduced handbags and jewelry in the past year, accessories have become a burgeoning category for the label, and the ones here didn't disappoint. On-trend backpack slings came in pebbled robin's-egg blue leather or painted snakeskin, and chunky chain necklaces were partially coated in rubber to make them feel less precious."
5856,"Stella McCartney has a lock on stylish-but-not-slavishly-fashionable clothes that work for busy women. A quick glance around the audience at the Op_ra Garnier and you saw countless pieces from recent collections. Over here, the washed-out plaids and pinstripes from Fall, over there a dark cape with the scrolling white embroideries of a year before that. Today's show put an emphasis on understatement; it was right there in her program notes ""an accent on understated seduction,"" it read which made the front-row hits of the future harder to pick out than usual. With the installment of Raf Simons at Dior, there was talk of a new minimalism in fashion, but the Belgian has somewhat confounded expectations since his appointment. McCartney, on the other hand, is still feeling its pull for Spring, which made this quiet collection feel somewhat out of step with other things that are happening in Paris at the moment. Even so, McCartney did have some worthwhile things to say about suiting and slipdress-ing, two areas where she's been strong since the beginning. Alongside the slouchy, almost unconstructed silk men's jackets and trousers that have become a signature, she proposed a popover top and high-waisted, full-through-the-thigh pants in a dense knit that keyed into her sporty Adidas affiliations. In monochrome black or rosy nude, they'll do the pulled-together work of a suit. On billowy dresses, meanwhile, she played sheer against opaque, slicing them horizontally below the hips and threading them back together with basting stitches. See-through skirts have become a thing this season, but McCartney's interpretation looked fresh and new. She wrapped things up with delicate summer dresses; their patchworks of lace will grab eyeballs in stores. Still, this show felt like a bit of a letdown. McCartney's loyal customers expect more."
5857,"This was Maiyet founder Kristy Caylor's big debut after the departure of former designer Gabriella Zanzani. It's been two years since the label began showing in Paris, and tonight's outing held in a rarely seen inner courtyard of the Ûcole des Beaux-Arts qualified as a moment. The questions on everyone's mind: Can Caylor take Maiyet beyond its artisanal, ethical fashion origins? Can she make it a relevant part of the fashion conversation? Judging by the white shirtdresses that opened the show, Caylor has a canny sense for what's news. Her shirtdresses, naturally, come with silk embroidery done by hand. Proving do-gooders have a sense of humor, as well as a nose for trends, she stamped a couple of pieces with block print messages. A  No future without forgiveness? miniskirt walked by (that's the name of a Nelson Mandela book, by the way), and a few looks later, out came a dress with the slogan  No goats on the loom.? (That, in case you were curious, is a reference to a problem pet that belongs to one of Maiyet's Varanasi weavers.) The strongest argument for the label's relevance, though, just may be the slipdresses. They're one of the key pieces for Spring '14, and Maiyet had some of the best, chief among them a peach silk version whose embroidery turned out not to be embroidery at all, but a shibori dyeing technique done on a scale that was almost minuscule. It was beautiful. Another slip came in navy blue with an understated stripe of silver embroidery below the bust just enough to elevate it above the everyday. So, back to that key question, can Caylor make Maiyet interesting to women for whom ethics don't enter the shopping equation? After tonight's performance, our answer is yes."
5858,"For Spring, Mark Badgley and James Mischka's point of reference was Jacques Henri Lartigue's 1920s photographs of women lounging around the French Riviera. The resulting runway told a notably concise story, taking the Badgley Mischka woman from the beach to a yacht to under the sea in twenties- and thirties-inspired silhouettes. ""We are always thinking about designing for real people, even when we're designing couture,"" said Mischka at their studio the day before the show. Spring will give those clients plenty to choose from. The collection started with a set of navy and white looks for day, and it starred the most perfect summer tweed: a navy taffeta threaded with a white cotton slub, which was made into several separates, including a boxy cropped jacket and a formfitting trumpet skirt. There were pretty polka dots, too, used deftly on a pair of chiffon palazzo pants and a bra top. The designers soon transitioned into evening, sending out a series of gowns that reflected the colors of sunlight on the sea: Grecian-esque columns in pale peach, lavender, and orangey red were mixed in with similar numbers in a soft chrysanthemum print. For the finale, Badgley and Mischka looked to the mermaid to create the heavily beaded styles for which they're best known, in colors like aqua and iridescent pink. A cream column dress embellished with floral appliqués sewn on with navy yarn was particularly beautiful and reminiscent of Badgley Mischka's work from the late nineties, when the label first became a red-carpet smash."
5859,"This season, London catwalks have turned into a giant English garden petals, buds, and green grass everywhere. Was this fashion week or the Chelsea Flower Show? There was so much in bloom that Maria Grachvogel 's Spring collection, with its sedate palette and spartan embellishments, came as something of a relief. The only note of botany was opening model Chloe Nèrgaard's bright green hair. That detail, Grachvogel said, was too good to resist. The bulk of the collection was more muted. There were trapeze-shaped, gossamer-light dresses and sensible daywear, like the kimono-sleeve trouser suit in Egyptian ramie cotton. The prints, for which Grachvogel is known, were more serene, too: hand-painted plays on inkblots. ""I really love the idea of dropping ink and letting it free-flow in water and seeing what emerges; it is always totally unexpected,"" she said. There was a touch of a garden, but more like a haunting Japanese bamboo landscape than an English one. It was enough to stir longtime fan Emma Thompson, who clapped along enthusiastically from the front row. It also looks like Grachvogel has been working as hard on silhouette as on print. The result of her explorations included a soundly engineered dress with a cross-panel neck detail. Similarly, a meticulously tailored jumpsuit showed the time she has spent on the drawing board. Her collection is the better for it."
5860,"I was inspired by traditional notions of femininity, said Michelle Smith backstage before her Spring runway show at Lincoln Center. And by femininity, she didn't mean bows and ruffles but rather real curves. Nearly every look in the collection will give Smith's woman an hourglass figure, regardless of whether or not she was born with one. A black, almost empire-waist wiggle skirt with chevron-patterned netting up the seams showed just a flash of skin paired with the season's requisite bra top. ""I'm very strategic about how much torso to show and what part to show,"" Smith said. And she's right there is a certain sliver that most women are fortunate enough to be able to pull off. Textiles are always a big part of Smith's repertoire; she does the fabric research and designs the prints herself. This season, those designs were inspired by a trip to Japan and Hawaii, and they were fun in a kawaii sort of way. The most successful was a multicolor parrot print, done on a bra top and high-waisted micro shorts layered under a honeycomb-knit camp shirt and matching bubble skirt. There were couture-inspired elements, too, including a white jacket again in the lattice knit with a super-swingy back. By the way, that knit, which came in black and white on a million different separates from molded sweatshirts to below-the-knee pencil skirts was very, very see-through. Smith guaranteed that the pieces would be lined for the hordes of buyers that are sure to come a-calling, but on the runway, it looked hip as it was."
5861,"Richard Nicoll tried his hardest to coat his Spring collection in ice, from the soundtrack featuring Nico's ""Frozen Warnings""; to the chill palette of black, white, silver, and pink; to wintry fabric references like the houndstooth pattern that was embroidered or sequined onto sheer white tops. Moral of this particular story: Nicoll is his own worst advertisement. His collection was cool, not cold. It's exactly ten years since he launched his women's collection, and it's taken him that long to settle into the confident groove that defined today's show. The obvious rationale is that the launch of his men's collection has helped Nicoll define what he stands for as a designer, but that may be a little too pat when applied to his latest offering. It's more relevant to conclude that he has finally isolated his own sweet commercial spot. Because that's what we saw today: salability with avant-garde sass.  One funny little sidebar in New York fashion week was the 1920s/2020s time warp. Nicoll flew the flag for the same notion here. Drop-waisted layers suggested pre-flapper Chanel; the way that different-sized stripes were juxtaposed hinted at an urban geometry (the designer cited the sixties pics of photographer Garry Winogrand); and the sheerness that Nicoll layered over everything had a sci-fi quality. But in the end, it might have been an op-art graphicism that had the most appeal: A black-piped white sheath and its reverse were clean, clear expressions of the Nicoll aesthetic. There was a time when a decadent undertow sucked his collections sideways. He still pays lip service to that time, but reality has dictated something more pragmatic and ultimately appealing."
5862,"A bit sexy, said Peter Jensen of his new collection. ""Maybe I'm growing up,"" the 44-year-old designer added. Or maybe it was just that his muse of the moment had a little more va-va-voom than his usual left-field inspiratrices . With his typical OCD thoroughness, Jensen mined the wardrobe of Diana Ross for it was she who was la muse de Printemps  for every warp and weft of motivation. He started with the album sleeve of 1979's The Boss . That's where the twisted top with the low-V neckline came from. A Las Vegas concert from the same year all-white costumes by Bob Mackie inspired items in virginal broderie anglaise, and silver-sequined sweatshirts and pencil skirts. In 1983, Ross performed in Central Park in a thunderstorm. That's where Jensen got his raindrop print. A petal-lapelled coat echoed an outfit from Ross' OTT turn in the camp classic Mahogany . Then from the sublime to the ridiculous a duffel coat in striped cotton reproduced an outfit in which the star was snapped returning a video to Blockbuster. Jensen's artist friend Julie Verhoeven contributed Diana collages that, when printed on black, artfully duplicated her visage surrounded by a corona of superstar hair. Jensen turned to Andy Warhol, an artist he didn't know, for a serial print based on the singer's lips, taken from a portrait for the cover of the album Silk Electric . It was a reminder that Jensen is a print master. (With this collection, he launched a capsule of dresses in ten prints drawn from his archives the female counterpart to the group of men's shirts he launched in June, which have already proved a hit with retailers.) Jensen's Spring thing begged a couple of questions. Why Diana? Why now? You scarcely needed a familiarity with the oeuvre of the ex-Supreme to appreciate that this was Jensen's most polished, most ""grown-up"" collection to date, but it was also enlightening to hear the designer's own breezy justification. Setting aside the ™ber-arch Blockbuster reference for a moment, Jensen felt Ross stood for a good time, a chance to dance away the dark. It's the same impulse that has seen the fashion world fall all over again for the work of Antonio Lopez, and it's the same reason Studio 54 will never die (however much you wish at times it would). And, quite frankly, it's a joy to see Peter Jensen get down and get back up again."
5863,"Sexy cowgirl? It's an apt, if slightly misleading, description for Wayne Lee's Spring offering. These were not skimpy clothes for square dancing, but instead sophisticated separates with just enough Southwestern influence to make them interesting. Bolo ties, designed in collaboration with Lee's sculptor boyfriend, Eric Fertman, were worn with deep, chest-exposing V-neck tunics and something the designer is calling a ""blazer cape"" which has the collar of a blazer and the silhouette of, yes, a cape. Leather, made to look like bleached denim, was used for a more traditional blazer ""I couldn't find anything like that, so I went ahead and designed it myself,"" explained Lee. Black sweatshirts were screen-printed with dragon-crystal-bird-of-paradise motifs. (The only thing missing? The requisite dream catcher.) These verging-on-kitsch pieces were balanced with Lee's utilitarian basics. This season, she experimented with oversize cargo pockets that elegantly dipped below the seams on jackets, shirts, and shorts. The skort, which Lee introduced into her repertoire back in 2009 but has gained major traction for Spring 2014, was well represented in both leather and crepe versions. ""Now that everybody is on a Citi Bike, it feels like the skort is finally having its moment,"" she said. Indeed it does."
5864,"A pair of wings was the symbol that Rachel Roy chose as her logo when she launched her label nearly ten years ago, and she revisited it for Spring. They represent ""strength and elegance taking flight,"" said Roy, who embroidered bird wings on white denim pencil skirts and slim jeans, and also showed the feathered motif on intarsia knit pullovers with novelty appeal. Elsewhere, she updated sophisticated everyday staples like tailored suits (a standout marigold two-piecer with a DB jacket and flared trousers had a slight retro vibe), crisp menswear-inspired shirts, and a strapless jumpsuit featuring a built-in bustier. ""I'm trying to help the girls out here,"" said the designer. The lineup didn't present any particularly new ideas, but honing what she does best worked well for Roy here."
5865,"Gaia Trussardi has stepped into the driver's seat at the house that bears her name after Umit Benan's departure earlier this year. For Spring, she used the notion of the great American road trip as fodder. That might've struck her predecessor as too obvious an idea, although anyone who was present at the show he set on a New York City rooftop will remember that he wasn't immune to the seductive powers of the good old U.S. of A. either. In any case, Trussardi would've been smart to lose the cowboy hats and the bandannas clasped with metal slides; they gave the clothes the feel of costumes. Otherwise, this wasn't a bad beginning. Trussardi retained much of the menswear-inflected tailoring that Benan introduced at the label. A double-breasted ivory jacket tossed over the shoulders looked well-cut. Elsewhere, she added items that indicated she's sensitive to the way the fashion winds are blowing, like overalls in luxurious matte python, and any number of bandeaux and crop tops. And, of course, she made the most of the house's leather heritage, trotting out bombers and elastic-waist trousers in the stuff. For a designer novitiate, you can't legitimately expect much more. But the Milan calendar is stuffed with the most famous names in the business; this crowd will only tolerate a tyro for so long."
5866,"Only a man as obsessed as Ralph Rucci could consider a sixty-four-look show ""a tight edit."" The night before his presentation, he was running seventy-eight, unheard of in this day and age, when around thirty outfits is the maximum number that designers care to show. But Rucci is barely of this day and age. The intricacy and refinement of his workmanship have always located him in another era, when connoisseurship of clothing counted for the kind of clientele that still shows up for him and ovates furiously when he takes his bow at the end. But while the clock might be ticking for them, Rucci has managed the rare feat of transcending temporal limitations. Yes, there were some outfits in his latest show that spoke to the needs of ambassadors' wives and lady tycoons of a certain age, but on the whole, the collection he offered was so lean, light, and fierce that sixty-four looks flew by like they were well, thirty. It was all the more remarkable when you consider that his materials were python, gazar, organza the fine stuff of the couture that is his natural habitat, but treated here with a casual confidence. An ivory slipdress in matte python? A bubble of hand-painted organza, layered over a black leather skirt? They showed a relaxed side of Rucci that his longtime boosters have longtime hankered for. Technique is technique it can enhance an evening dress but it can also elevate a T-shirt. That's what Rucci did to great effect here. One dressy look featured a torrent of electric fringes (he called them ""eyelashes,"" and who are we to disagree ); another, equally effective, was not much more than an elongated tank in sheer black silk, slashed to the thigh over a little black sheath. There is always a point in his shows when Rucci takes his technical mastery for a walk. In this collection, that meant a crepe jacket whose midriff was made up of a ""barbed wire"" in black leather, or a wrap coat in laser-cut broadtail, or a dress in the basket-weave technique that looked like something he'd borrowed from a samurai's suit. There was a time when such effects would overwhelm Rucci's shows and leave you awed but somewhat breathless. With time, he's learned to oxygenate those moments. It's lightness that prevails now: jackets slashed and reconstituted with tulle-filled seams, tunics of gloriously shimmering paillettes, trailing laces and fringes to loan movement. And most memorable of all, the aprons that Rucci wrapped around waists, in metal mesh or black velvet or bugle beads over pants. ""The new suit,"" he called the look. And that's exactly how it looked? new ."
5867,"Last thing first: Naeem Khan closed his show with a sneak peek at his upcoming bridal line, launching in October. There will be lace. Back to the beginning: Khan found inspiration in all things Latin this season, a sweeping landscape that was home to Frida Kahlo, flamenco dancers, Mexican churches, and the Moors. The models were crowned in Kahlo's signature headband braid (no unibrows), and the dresses dripped with vermilion roses. There were a few distinctly Spanish silhouettes like an embroidered georgette peasant blouse and trumpet skirt and a few distinctly Khan silhouettes, including a black-tie caftan with a floral cameo embroidery. Lace was used to beautiful effect here. On one strapless tulle gown it functioned as an embroidered print, a technique achieved by individually cutting and hand-sewing each piece. ""It's almost like couture,"" Khan said. It certainly looked decadent, and was proof that a gorgeous gown doesn't need lots of feathers and finery to make a statement. This collection was feather-free, but it wasn't lacking for finery. One paillette-covered tee-and-trumpet-skirt look was so drippy with beads it provided its own clinking soundtrack. And, toward the finale, a few of the taffeta tufted and metallic beaded dresses looked positively heavy with decoration. But that's a quibble. Khan showed considerable restraint overall, and when he didn't, the result was still worth the weight."
5868,"There were two Marni shows this morning. The first played out as planned, with Sid Vicious howling ""My Way"" on the soundtrack as the models walked. The second was bedeviled by a power outage, which meant that, after a lengthy delay, the models eventually had to take to the catwalk in complete Sid-less silence. It was such a perfectly serene complement to the character of the clothes themselves that it was hard to imagine seeing them any other way, let alone with a Vicious holler drilling into your eardrums. So let's make that one for the Happy Accident. With her sporty visors, platform flip-flops, and bomber jackets, Consuelo Castiglioni did her own expert take on the athletic spirit that has gripped Milan this season (maybe Olympic fever had a particularly long gestation period in Italy). She also had a response to the boom in fashion flora: Her flowers were graphic, Japanese-y, ranging from a ""Jack and the Beanstalk"" vine to pixelated blossoms to allover petals that spectacularly hardened into jagged flints for the startling green suit at show's end. They were the strongest expression of the organic quality that shaped the collection. The clothes were at their most seductive when they were quiet: a sage green sarong; origami-folded pants; pieces cut from cotton organza, as ghostly as toiles; the long coats belted over voluminous trousers with huge cuffs. The throwaway glamour of the look evoked, in an entirely nonspecific way, the mood of the Man Ray portrait of Nancy Cunard with her armful of bangles. Aristo languor. Eccentricity, but strength of character. Marni in excelsis."
5869,"Bhutan was on the inspiration itinerary last season at Just Cavalli . For Spring, the label took a trip to the tropics with a stopover in London's punk enclaves. But as they say, it's the journey, not the destination. Wherever Roberto Cavalli goes, digital prints, animal spots, trussed-up denim, and handkerchief-hem slipdresses follow. All of that and then some made an appearance on the runway today. This was Just Cavalli at its most hedonistic, starting with the first look: a stretch catsuit with a plunge in front that dipped precariously south of the navel. There were more prints in that one look than in other designers' whole collections. Another thing this show had plenty of: cutout dresses, cropped sweaters, and bra tops. All those bared midriffs gave Cavalli ample room to show off one of his neatest tricks: skin-tight pants that unzipped at the side and folded over to reveal a contrasting inner waistband. They conjured images of surfer girls peeling off their wetsuits as they emerge from the waves. This collection is really, really going to speak to the Miley Cyrus generation. Their parents, on the other hand, are going to need a Xanax."
5870,"The fashion exhibition Punk: Chaos to Couture might have ended its run at the Metropolitan Museum of Art, but fashion's obsession with that unintentionally stylish movement will never subside. Or, at least, that's what the house of Pierre Balmain is betting on for Spring. The design team, which presented its collection in digital format again this season, created a range of layering basics that included lace-up leather leggings for women, tanks with stretched-out armholes for guys, and white jeans for everyone. If white jeans don't sound very punk, that's because the whole thing was polished up with clean, early-nineties accents. A cutoff black denim mini and fishnet tights, for instance, were matched with a sexy, cool black cropped turtleneck and a white broad-shouldered cotton blazer. An oversize motorcycle jacket was layered over a mini with a cutout neckline perfect for Cindy Crawford in her Pepsi-girl days. And for the men, a utilitarian white shirt short sleeves, collarless was worn with black jeans and the ultimate punk accessory: a studded belt. A few items a sweater with a ripped-up collar, a holey sweatshirt might have taken the theme a bit too far. After all, a real rebel lets that sort of decay happen on its own. But for those with punk in their hearts, not their bank accounts, Pierre Balmain could be the new go-to brand."
5871,"There was a whole clutch of elegant women clad in Roland Mouret who were sitting in the front row of the designer's show this morning. It's worth making a note of that, because at this point, it's clear that those women are coming to Mouret for a very particular look: one that's body-conscious, graphic, and at least of late premised on a kind of origami-like construction. All those signatures were in play today; what felt fresh here was the sense of rawness, evidenced both in the collection's dissonant colors and in the roughed-together look of the construction. A number of these clothes looked as though they'd sprung to life via Mouret grabbing a handful of fabric and pinning the crumple, or folding a bolt of fabric over, stapling it together, and calling it a skirt. Naturally, there was a lot more to these garments' creation than that some of those folded-over skirts, for instance, were all patchworked leather but Mouret's intention was to conjure something improvisational, and he achieved that. Strips of black patent leather that read like gaffer tape helped to underline the effect. You can debate how much relevance these clothes would have outside the Mouret fan club, but for that group of women, there was without a doubt a lot here to like."
5872,"As coat specialists, team Max Mara face a challenge at the Spring shows. Camel hair just isn't a warm-weather material, and double-face cashmere not so much either. So what's the message? As it turns out, they made a compelling case for the latter's seasonless-ness today, cutting it in cool shades of pearly gray and nude buff. The show opened with a slipdress in double-face cashmere and a matching coat in the stuff a couture version of the twinset, the program notes called it. With faint gray hose and silvery sandals, the model was a vision in monochrome. Head-to-toe single color was the other big takeaway. It looked effortlessly chic on skirt suits and tailored coats over sheath dresses, as well as on more directional outfits like an oversize tee tucked into a long pencil skirt with suspenders. All of this felt true to the Max Mara label (save for the too-cute-for-their-own-good rompers). The fabric play was on brand, too. Beyond the double-face, the designers leaned on all-natural materials like linen, canvas, and a silk with the rough, raw texture of burlap, juxtaposed with others that had a more high-tech hand. Denim separates were treated to resemble a Robert Ryman canvas call it art-gallery acid wash.  Where the trouble arose was with the Crayola brights. The colors were searing, which in and of itself isn't a bad thing, but accessorized with not one, but two coordinating bags and matching hosiery and shoes, it was a case of visual overload. In the end, those were mostly styling miscues. What Max Mara does best is sophisticated understatement. And getting back to that, a hooded poncho in oatmeal double-face cashmere was pretty much faultless."
5873,"After several seasons of presentations, Spring marked the full-blown runway debut of Marques'Almeida , the label established by Marta Marques and Paulo Almeida in 2011, after graduating from the Central Saint Martins M.A. program. Since then they have built a rising reputation based around their signature denim pieces. To do great denim, contrary to popular belief, is one of the hardest things to achieve in fashion. And these fledgling designers have produced some of the best pieces in the world over the last two years. Yet Marques'Almeida is not a denim brand; the designers have simply found it a convenient medium to explore many of their preoccupations in fashion. They adhere to the Helmut Lang maxim that ""Fashion is about attitude, not hemlines,"" and their schooling has been through the style magazines of the early nineties. ""We'd notice again and again in the images we liked that there was a code in terms of clothing,"" said Marques. ""A white T-shirt, a pair of denim jeans, a denim or black leather jacket. The denim was always there. It was the way a girl looked, how she stood that cool, effortless, easygoing girl was important to us."" A remembrance of things past might permeate their collections, but at the same time the duo's output exists very much in the present. And while the early-nineties grunge aesthetic was really the provenance of older siblings and the British style mags, the somewhat younger Portuguese duo have turned their attention to the late nineties and early naughties this season their own teenage years and coming-of-age period. ""What happened then is borderline tacky,"" said Almeida. ""But we decided to confront something uncomfortable and be playful with it."" The resulting collection was Marques'Almeida's most playful yet, and it worked. The effortless, cool girl was still there, as were all the covetable raw-edged denim signatures in the collection, this time in a dark indigo and mid-blue. Yet this season there was the creeping addition of the much-maligned boot-cut jean and the mandarin collar, as well as cowhide pieces and the renaissance of the spaghetti strap. A floaty, pan-ethnic West London attitude what somebody floaty and in West London would have called a ""vibe"" was filtered through the collection; there was a little bit of Goa going on in those shot silks, tie tops, and transparencies. But the duo made those pieces seem desirable and peculiarly of-the-now. All Saints' ""Never Ever"" was their closing song, and Marques'Almeida even made that seem cool rather than kitsch."
5874,"It was just like old times: the antique cabaret that Jean Paul Gaultier could reclaim as his own; guest appearances by extravagant personalities of stage and screen; the opportunity for models to display facets of their personalities other than the ability to walk from one end of a catwalk to the other put them all together and you found yourself in the midst of the kind of captivating spectacle that Gaultier used to be able to toss off in his sleep. Maybe it was moving away from that HQ on the rue Saint-Martin that re-triggered his Mr. Showbiz gene, but Gaultier staged something so irresistible that even Catherine Deneuve was clapping in time by the finale. And it was satisfyingly wicked, too: The sensational reconceptualization of Grease 's ""You're the One That I Want,"" with Coco Rocha playing the Travolta role, was a fabulously sly acknowledgment of the ambiguous roots of the original John 'n' Livie performance. The invitation summoned us to dance with the stars, and a panel of judges, helmed by the fearsome Rossy de Palma, was parked center stage to pass judgment on the models as they pranced and danced. Gold stars to Rocha, obviously, and Hannelore Knuts who managed a pretty fierce tango and Karlie Kloss, whose elongated frame was heaven-sent for voguing. It was an entrancing notion that Gaultier might have had Step Up and its celluloid progeny in mind when he was creating his collection. There was certainly a much street-ier, more straightforward Gaultier on show than usual. But his street was all over the place. He opened with quiffed-up black-leathered biker molls, girls who were just plain bad from the get-go. Then he toyed with the dance hall (she wore a leather pencil skirt with a diagonal zip, lace top, sweater knotted around the neck, fishnets, beret). Then rap (Liu Wen in a red tracksuit) and Amy Winehouse. And Gaultier's trans-tux covered the he/she bases so effectively (fishnetted leg and all), it couldn't help but drag us back to the moment when he was The Man."
5875,"For a movie in which the stars spend so much time out of clothes, Zabriskie Point sure has inspired a lot of designers. Fiona Cibani called out the Antonioni film at her Ports 1961 show tonight. The photoprints of a desert sunset that appeared on a knit crewneck, a silk tee, and a deep-V pleated dress looked like a direct link with the movie, but otherwise the connections between the crisp shirting and A-line sundresses of this show and Antonioni's cult classic about America's 1960s counterculture weren't that clear. So be it. Those prints were out of character for Cibani, who usually plays it more minimal; they stood out even without the highbrow cinema reference. But what to make of the rest? There was a smart-looking one-button blazer, an effortless polo-collar dress, and a double-breasted khaki jacket cut with efficiency. Simpler was better; the box pleats and panel embroideries tended to muddle things. All in all, it was hard to pin down much that felt vital about this collection."
5876,"Emilia Wickstead has always been known for her feminine touch and a fresh color palette. Her charming aesthetic has won her a devoted fan base, most notably the Duchess of Cambridge. Her gorgeous colors were out in force today: Neapolitan-ice-cream hues appeared on a cotton-and-silk sheath, a finely executed bandeau jumpsuit came in a bright tomato red honeycomb-effect fabric, and tangerine and strawberry pink were especially lovely on striped dresses that she left unlined to emphasize their lightness. There was a lot of sweeping drama here. Both the duchess and Wickstead have recently had babies, perhaps explaining the more forgiving silhouette. All pretty, but also pretty standard stuff. Then Wickstead shifted gears, sending out a creamy white dress with a brilliantly executed fan-pleated detail on the back. It was noteworthy on its own, until Wickstead informed us backstage that it was made from denim. To make the stuff of jeans look like structured silk takes real talent. Wickstead said she was inspired by the Memphis blues this season, and there were strains of Dusty Springfield's ""Son of a Preacher Man"" on the speakers. It may not be the duchess' cup of tea, but the piano and musical-notes print that appeared on a little strapless dress and a top and matching culottes made for a fun, flirty change of tempo. Nice to see this designer move beyond her comfort zone."
5877,"Naked lightbulbs flickered against the backdrop of a padded cell as a monotonously plinking xylophone soundtracked an interminable delay that pushed the assembled throng to the brink of madness. Then came the show itself, a handful of wayward and difficult associations that toyed with insanity: Bette Davis' Baby Jane; Heath Ledger's Joker; the Asylum story arc of American Horror Story ; noir goddess Gloria Grahame disfigured by Lee Marvin in The Big Heat ; renegade star Frances Farmer torn apart by her brutal and involuntary electroshock therapy; a society lady institutionalized for strangling the family pets with her string of pearls; papier-m_ch_ keeping lunatic fingers busy. Let no one say that Thom Browne makes things easy for his audience.  And yet this was hardly McQueen's profoundly disturbing glass cage. Instead, it was a bare smirk away from cartoon. Browne has mastered a peculiar species of Broadway couture. The workmanship is dazzling but numbing in its obsessive detail. The fabrics are the stuff of fairy tales. You crave a show tune to bring it all to vibrant life, especially when Browne is almost Warholian in his steadfast refusal to impart the weight of metaphor let alone intimately personal subtext to presentations that are so heavily weighted with weirdness. An Elizabethan silhouette? Well, that really speaks to the here and now. But Browne would at least admit Judi Dench as Elizabeth I in Shakespeare in Love might have had something to do with his fascination with ruffs, elaborate shoulders, leg-of-mutton sleeves, funnels, whorls, and sculpted plissés of fabric. (These were located, one might add, above erogenous zones, meaning it was not just weird but sexual sort of.) It is, after all, manipulation of form that is Browne's design signature. Here, it was sharpest in the slashed latex sheathes that confined extravagant collages of zibeline and lace and silk. How the designer could deny the subtext in that particularly graphic image defies comprehension. But there was another question that demanded more immediate resolution. If it's an asylum cliché that men imagine themselves as Napoleon, do women see themselves as Elizabeth I?"
5878,"Rachel Antonoff knows how to have fun, and her personality comes across in her whimsical clothes and creative films. Forever Crush is the name she gave her Spring lineup and its accompanying video, which tells the story of how her parents met. Keeping things in the family, Antonoff asked her mom and dad to narrate their courtship stage for the clip and hired her brother Jack and Community star Gillian Jacobs to play them. The actresses Mae Whitman and Aubrey Plaza, Antonoff's friends, also make cameos. As for the collection, it too provides a window into Antonoff's past. The quirky cartoon print depicting a nude woman holding a red carnation that she used for boxy shifts, bra tops, high-waisted pants, and matching baseball caps was borrowed from a Francine Dressler painting found in her grandmother's bathroom. Unless you know the backstory, those patterned pieces could come off a tad peculiar. The digital carnation print on sweet strapless dresses and skirts was definitely more approachable. Elsewhere, floaty column gowns and wide-leg trousers were cut from a soft cotton voile lace that resembled, as she put it, ""the prettiest Swiss cheese ever."" If you're still in the market for a novelty sweater, it doesn't get much cuter than the pullovers Antonoff had embroidered to resemble the childhood game MASH."
5879,"Speaking after their show today, Peter Pilotto and Christopher De Vos explained that their key reference this time out was the L.A.-based artist Ken Price. As a ceramicist, Price was particularly clever at creating a sense of depth and dappled variety in his glazes. As the maker of surreal, two-dimensional landscape images, he gave his work a cinematic quality and evoked a world of gaudy color. Pilotto and De Vos absorbed all those aspects of Price's technique into their new collection. And the results were intriguing: Essentially, De Vos and Pilotto elaborated their engineered prints with embroideries, in particular lace that they layered over brightly colored printed fabrics. But that was just a surface effect. The really compelling thing about today's show was its take on the hourglass silhouette. The most emphasized shape here was a sculpted full skirt; in some cases, a crinoline underneath was exposed. It is very, very hard to make a crinoline look relevant, but De Vos and Pilotto seemed determined to discover an expression for the full skirt shape that didn't seem costumey and/or atavistic. This wasn't Dior's New Look, for sure. And this season's Pilotto girl certainly wasn't demure, what with her muscular, Céline-like sleeves and skin winking from cut-out tops and dresses. That said, the looks here were indeed rather sweet even the ones most indebted to Price's rather grotesque abstract forms. There were the short, printed pencil skirts, for instance, which featured a kind of half ruffle; they were paired with skin-baring tops, the flutter of which echoed the ruffle's undulating form. Frankly, it kind of looked like some dark creature had gotten ahold of the model's legs and was trying to pull her into the deep. Somehow, De Vos and Pilotto made that look cute. They made crinoline look sort of futuristic, too. This was a collection full of contradiction."
5880,"The first bite is taken with the eye; so say the Japanese about food. In fashion, that might translate into the impression generated by a designer's invitation. Ann Demeulemeester 's was an expensive envelope, no address. The details of the show were printed on the inside flap. Totally interior. Just like the clothes, which were, according to Demeulemeester, all about a woman whose instinctive, utterly natural eccentricity inevitably finds outward expression in the way she dresses. Something about that particular scenario suggested Sunset Boulevard, and there was indeed a Hollywood Gothic something in Demeulemeester's extraordinary flocking effects, spread across jackets and dresses, crawling up tulle-clad legs. Demeulemeester's woman has often been a warrior, but here you imagined a room with thick velvet curtains closed against the daylight, in which a creature of the night would languidly sprawl in poetic layers of flocked silk. Should she be compelled to venture into the outside world, it would be in a long, filmy skirt with a decorous pelmet underlay. And, in the interests of communicating her fuck-you eccentricity to the humans whose paths she'd cross, what more would she need than one of Ann's wild-is-the-wind neu -wimples?"
5881,"Never mind the foreboding music that soundtracked the Meadham Kirchhoff show this afternoon. Disregard the dying roses on the catwalk, and the stage set to resemble the entrance to some abandoned, possibly haunted estate. Ignore the palette's preponderance of witchy blacks and lick of vampire red. Whatever menace was being conjured here by Edward Meadham and Benjamin Kirchhoff, it couldn't disguise the glee in this collection. These clothes were simply extraordinary, and you got the impression that the designers had tremendous fun making them. That sense of playfulness derived, in large part, from the collection's cheerfully ahistorical mash-up of references. There were the Meadham Kirchhoff standbys baby-doll dresses, punkish takes on the classic Chanel suit, hand-embroidered slipdresses that hinted at the boudoir circa the Belle Ûpoque. And more. The notable new addition to the mix, this time out, was an Elizabethan/Jacobean homage, witnessed in particular in the corset tops and microfloral-embroidered silk satin looks. Speaking after the show, Kirchhoff also pointed out the palette derived from that era: Elizabeth I, he explained, only wore black, white, red, and gold. If she were alive today, she'd undoubtedly have taken a shine to the collection's bright gold python, 1960s-style swing coat. It was certainly fit for a queen. And there were other ways you saw the designers enjoying themselves. The bat-shaped sunglasses, for instance, were total camp, while the standout look may have been an apron dress with cutwork scenes of cartoonish bunnies riding baby giraffes. That motif was also echoed in the handmade lace, and in both instances the detail drove home the crazy labor that went into these clothes. Every single piece on the runway had really been attended to, and the finish of every garment was immaculate, whether a slinky, allover beaded dress or a snappily tailored double-breasted jacket. That the labor wasn't hidden redounded to the clothing's royal mien; it reminded you that, once upon a time, expensive clothes were supposed to expose the sweat and toil of great artisans. Today, it all read as a labor of love."
5882,"The prefix trans- means, among other things, ""beyond"" and ""changing thoroughly."" There's not much more you need to know about Raf Simons' show for Christian Dior today than that this was, according to his show notes, ""Trans Dior.""  Of course, that's not strictly true. Whether you actually need to know it or not, you might like to know that the collection represented a startling dissection of Christian's codes, and an equally striking injection of Raf's. The bifurcated Bar jacket that launched the show was the barest statement of intent. And he's always liked badges and insignia the emblems of clubs, gangs, tribes, youth cults so it was fascinating to see him apply them to a clubhouse as heavily codified as Christian Dior.  Equally, Simons took his own fascination with slogans, gave it a distinctly surreal spin, and embroidered it all over dresses printed with hyper-real iterations of classic Dior flora. ""Alice Garden"" read one such slogan, and suddenly everything fell into place: The setting for the show, a psychedelic farrago of plant life real and fake, was the wonderland into which Alice fell. We were all down the rabbit hole. ""Primrose path"" read another embroidered slogan. As Raf himself wondered after his show, where might that path lead?  In this case, it most definitely ended up in a world where, like Alice, Dior had topsy-turvied. Ladylike pleats went sideways, Dior's pretty garden was toned toxic, seaweed beading crept eerily over shoulders and around throats. Even an otherwise lovely shirtdress in a light gray wool was bound in the indignity of a metallic-pink bustier. Something about that contrast between classic and crass felt like a clue to what Simons was up to: Respect for the past is all well and good, but the future won't wait (a metallic-pink bustier standing in, in this case, for fabulous things to come). He's always been urgent like that. And yet, given that Simons is not one of those couturiers who was born with a needle and thread in their hot little hands, his remarkable instinct for form and color revealed him here as a natural upholder of fashion's fundamentals: silk skirts that ballooned on the hips shouldn't have worked but did, with able assistance from startling combinations of green and ice pink, orange and lilac.  Toward the end, Vlada Roslyakova appeared in a Bar trouser suit, the classic Dior silhouette, but when she turned, the jacket's flaring hip had been sliced into a bustle of acid-floral-printed pleats. The Bar silhouette was also sprinkled through a final parade of strapless silver jacquard dresses. In another era, they'd probably have been called cocktail dresses, but they were metal, and each woman was wearing one of Raf's emblems, as if they were members of a secret society. Simons' Women? After Prada in Milan, and Rick Owens yesterday, it's fair to say that the tribes of fashion are in mighty shape."
5883,"Like the tiger sweatshirts before them, Kenzo 's eye prints from Fall are everywhere you look. Now that Carol Lim and Humberto Leon have seized the style world's attention, they're serving up some fashion activism for Spring. Good for them. Today, they took up the cause of overfishing. As the pair are natives of California, the ocean's troubles hit close to home. Backstage, they rattled off a list of fish tuna, cod, trout (and there are many more) that are nearing extinction levels. To do their small part, they've designed a slogan tee, a portion of the proceeds of which will go to the Blue Marine Foundation. ""No fish, no nothing,"" it reads.  Since signing on at Kenzo, Lim and Leon have been fairly reverent of the Kenzo Takada codes, even as they've tweaked them for their social-media-mad young fans. This season was the first time that they've used their personal history as a guide, and it proved a good move. Born mixologists, they wove together sea motifs, surf culture, and references to L.A.'s underground music scene in the new collection. For a venue, they chose Luc Besson's film studio La Cit_ du Cin_ma; as Left Coasters, ""the Hollywood of Paris"" is a natural fit. And where else but on a movie set could they have created the waterfall that flowed the entire duration of the show, or the drums that sprayed water to the beat of the music?  The collection's melting-fish print stands a very good chance of becoming the Kenzo Eye of Spring '14. Those pieces will get snapped up by the label's acolytes. As usual with Lim and Leon, this show was chock-full of prints, and they weren't without cheek. The scribbled blue waves eventually turned red. If we don't stop overfishing, the color shift seemed to suggest, things won't end well. Activism aside, where Lim and Leon made advances was with the fabrics not the neoprene, which is a touch predictable by now, but with a glossy tech material that looked like it had been submerged in water and came out glistening. The tailoring was ingenious in its own way, too, with back vents cut into jackets and dresses, as the designers said, to let the breeze in. All around, an enlivening experience."
5884,"Since his show in February, Francesco Scognamiglio has separated from his business partner. Backstage he was talking about the difficulties of doing it all on his own again, but he was fairly upbeat. He named his new Spring collection Renaissance the models' faces were covered with glitter, as if they were freshly emerged from a chrysalis and after last season's scaled-back efforts, this did feel like a return to fanciful form. But not too fanciful. Scognamiglio seems keen to do some business. So you had a few stretch jersey ice-skater dresses and even an embellished sweatshirt in the mix, where once upon a time, when he was a good bit greener, there would've been only latex blouses and PVC trousers. Scognamiglio loves lace, and there were scads of it here. He cut it into short dresses with squared-off backs and apron-fronts with extra volume blooming from the midriff. That's a new proportion for him, and in keeping with his idea about rebirth, it was very youthful. Scognamiglio will need Hollywood starlets on his side as he tries to raise the profile of his label. But as he rebuilds, it might be wiser to work on refining what he's already good at. We suggest starting with that gorgeous empire-waist lace cami and the floor-grazing skirt with the front ruffle kick."
5885,"Fashion's obsession with the masculine/feminine thing goes back at least as far as the heydays of Yves Saint Laurent and Helmut Newton. And yet it never seems to get old see any number of runways this season, from Michael Kors to Nina Ricci. But trust the Maison Martin Margiela team to put their own stamp on it. In the shadow of the Eiffel Tower, windows open to a gorgeous breeze, the Maison show today wasn't so much boy-meets-girl as it was boy-meets-showgirl. Paris, Nevada, let's call it. Spangled briefs peeked from the top of low-slung men's pants, and a pink sequined bustier stood out against the black of a topcoat and trousers. By rights, this should've felt predictable. But if it wasn't agenda-setting the way Margiela the man's collections could sometimes be, it didn't fail to charm anyway. That's mostly due to the excellent cut of the Maison's tailoring an unassailable pair of pinstripe trousers, or a clever gilet that combined structure and flou. It's hard to make a real-world case for sleeves hacked off at the shoulders and suspended from the neck by grosgrain ribbons; no one wants to work that hard at getting dressed. But lapel-less coats in leather or brushed cashmere? Despite the mad bits of sequins worn underneath, they were utterly desirable. Replica pieces apparently re-created corsets and bustiers lifted from real circuses. They razzle-dazzled you. In the end, though, the masculine side of this story edged out the feminine."
5886,"The Alessandra Rich look is very, very specific: Rich makes fancy clothes in essentially one long and lean silhouette. She uses lots of lace and is a fan of the ruffle. Given that Rich's aesthetic is so narrowly defined, it's really quite impressive that she manages to refresh it each season. This collection was a case in point: Riffing on Rumi's love poetry, she conjured a vaguely mystic vibe, with a whiff of seventies boho to it. The most immediately appealing looks were spangled with stars; others somehow defied you with their charm, including a high-necked, multiply ruffled pastel floral gown. In another designer's hands, those same elements would have come together looking like something a Lawrence Welk backup singer would have worn once upon a time, but Rich made it work. For the right woman, anyway these clothes are not for everyone. Elsewhere in the collection, Rich stretched her vocabulary a bit by introducing dresses that looked like long, lace polo shirts, and others with a salwar kameez feel, which were worn over sheer silk pants. Another innovation: dresses that looked like two pieces, a crop top and a skirt; in fact, they were joined together by a narrow band of nude-toned tulle. It bears saying again: This tactic could have gone badly wrong, in a Dancing With the Stars kind of way. But Rich made the stars dance for her instead. God knows how."
5887,"Domesticity. As a concept for a fashion show, it doesn't exactly get the blood racing. But in Lazaro Hernandez and Jack McCollough's able hands, it produced a fine collection, one that put them at the forefront of New York's serene new mood. Over the last several seasons, the Proenza Schouler designers have cemented their reputations as designer craftsmen; the hand is very obvious in their work, even if many effects are achieved by twenty-first-century technology. For Spring, Hernandez and McCollough said they were looking at furniture designers and artists Sergio Rodrigues, Robert Ryman, and Piero Manzoni were all name-checked backstage. It's an eclectic bunch, but what they have in common is that they rejected the slick and the sleek in favor of texture and depth just like Lazaro and Jack.  Cotton crepe pantsuits and a coat were garment-printed to look as if a paint roller had been taken to the fabric, with only the seams and edges untouched they were more elegant than that description sounds. Hernandez and McCollough printed silk crepe dresses with silhouettes of branches and trees; it was remarkable how three-dimensional the patterns looked. And a coat was embroidered with a dense silk pile; it resembled nothing so much as a Moroccan Berber rug. All of those artful details could've weighed the collection down. The three-quarter-length hems of dresses, skirts, and cropped culottes might've looked droopy. But the designers mostly avoided those pitfalls. Meanwhile, pleats, which they began exploring in their Resort collection, got the couture treatment, bonded with razor-thin strips of silver and bronze foil. Those dresses looked effortless to wear; they'll be spending a lot of time on the red-carpet circuit.  There's been a definite uptick in the number of cold-weather coats on the Spring runways. With their turn-key closures and squared-off contrast lapels, Proenza Schouler's rank among the best."
5888,"Tonight at Givenchy the photographers were kicking up a fuss about Kim and Kanye, as usual. We were back at the Halle Freyssinet, and the show was once more in the round accompanied by live performers. But beyond those first-impression factors, we saw a very different Riccardo Tisci. The hothouse flowers, the Disney deer, the mad bunching of fabrics around the waistline from Fall all gone. In their place was something that was by comparison rather restrained, every last look gliding out calmly on flat sandals. Tisci is one of the most popular high-fashion designers working today; members of his fan club are instantly identifiable in their graphic tees and sweatshirts. Backstage he hinted that it was time to do something else, and smartly so. He had the same inclination a year ago and turned to ecclesiastical ruffles. For 2014, he's done a lot of thinking about Japan and Africa. ""It's a car crash of the two cultures the fragility of Japan and the draping of Africa,"" he said. To underline his point, Tisci had a smoking pileup of vintage Benzes, BMWs, and Jaguars in the center of the runway. The crash was lurid in its made-for-Instagram way, a counterpoint to the clothes, which were elegant not quite to the point of refusal. Kimono-inflected suits came with twisted lapels, flaring sleeves, and interplays of matte and shine, with a filmy little layer between jacket and pants like stepping out the door in your silk robe and pajamas. Dresses were draped a hundred different ways: from a ring below the throat, from an integral necklace that dipped to the navel, from a rugged leather strap slung over the shoulders like suspenders. To begin, Tisci showed them in stretch jersey, and by the end they were awash in pastel embroidery, or pleated and strewn with sequins, slinking quickly into flashy territory. The jersey dresses were the ones that resonated. They were thousands of miles away from last season, and still indisputably Tisci."
5889,"One thing you can say for sure about Jacquemus : The brand's attitude of youthful exuberance is not affected. Simon Porte Jacquemus launched the label four years ago, when he was just nineteen; the young women he designs for are his peers as much as they're his muses. That might account for the realism of his clothes. This season, Jacquemus was spinning a tale of a girl who goes to visit the seaside town of La Grande Motte, in the South of France, and his geometric construction reflected the fifties-era architecture of the place. But he cut those looks in cotton, and everything was wearable. He is not a designer getting lost in his concept. Nor is he a designer trying too hard to make a big editorial statement his sleeve silhouettes had a touch of Céline about them, which made them feel au courant, but it was just a suggestion. The debt wasn't onerous. In any case, the playful tees and graphic sweatshirts didn't look like anything other than the kind of thing the peppy Jacquemus girl is going to want to have in her wardrobe come spring."
5890,"It was business vs. boho at Matthew Williamson today and business had the upper hand. Eagle-eyed watchers will have noticed that last season, after fifteen years of floaty, chiffon-y, ""I am just sunning myself in Ibiza"" looks, there was a discernible shift in shapes, structures, and fabrics chez Williamson. For Spring, he built upon that new maturity: ""My girl is growing up,"" the designer said. ""She is no longer on a perennial vacation she is in her thirties and forties now; she has kids, a job, and responsibilities. She is the same free spirit inside but, like the rest of us, maturing and I have to respond to that."" To move forward, Williamson took a step backward, so to speak, and tossed out all of his computer-generated motifs; his prints were either hand-drawn or painted, and as a result everything looked more genuine. There was also much less float: That ship, for the most part, has sailed. Instead, there were more versatile daytime looks, as evidenced by printed banana-shaped trousers, and an abundantly wearable gray floral shift dress. For evening, there was also less of his usual red carpet fare and more options suited for a nice dinner after work. A sturdy black organza dress with white embroidered flowers showed a new restraint, while a soundly constructed peplum organza jacket with a chiffon overlay announced, ""I am still a Matthew Williamson woman just with a few gray hairs.""  The abundance of colors and prints showed a reinvigorated business spirit; he's simply giving his huge fan base an abundance of choice. So, here is gray dip-dye if you wish; here is an indigo ikat; here is a Keith Haring-inspired print; here are some lemon yellow daisy looks. For those keeping a digital scorecard, all of this is enhanced by a revamped Matthew Williamson site, updated, somewhat ambitiously, daily. But hard-core fans needn't fret too much there was still plenty of the old Matthew in there: Dragonflies and flowers were well represented, as well as a couple of restrained chiffon gowns that had the likes of Sienna Miller and Paloma Faith clapping enthusiastically. Then there were the bright fuchsias and oranges. ""Louise Wilson told me she wanted to see more of the 1997 show,"" Williamson said, referring to his debut collection, Electric Angels, with Kate Moss, Jade Jagger, and Helena Christensen a moment that put him on the map. ""And so I needed to reissue that."" We couldn't help but notice a brightly colored dress on the rack backstage, somewhat shapeless, festooned with embroidered flowers, colors, and sequins. Why didn't it make it on the runway? ""Well,"" said Matthew, ""I guess that is really the old Matthew Williamson. Onward, I suppose."" Good thing, then, that maturity suits him."
5891,"Edeline Lee has an interesting way of getting at her collections. She's intrigued by signs and symbols, visual clues to some recalled or fantasized experience. This season, for instance, her main motif was piano keys a metonym, she explained at her London fashion week presentation, for her memories of childhood. She played piano as a kid, you see, and so here she experimented with black and white graphics, stripe-based patterns, and paneled piano pleats. All this threatened to be dangerously literal, but Lee stopped just short of that. Her most successful pieces were the ones furthest removed from the source material, like a trim pencil dress in vaguely tribal weave, the color-blocked sleeveless jackets, or a red Grecian dress draped off to one side. There was a Constructivist feel to Lee's understated white, black, and blue print gown, and the paneled construction of the collection's checkerboard looks was genuinely impressive. Lee may have been inspired by her childhood, but the effort here was decidedly grown-up."
5892,"For those attendees who couldn't get to their phones fast enough to Shazam the first tune that played at Simone Rocha 's show today, it was ""Island Song"" by U.S. Girls. (The other song on the soundtrack was ""Atmosphere"" by Joy Division.) It's worth mentioning the music because, even before Sojourner Morrell made an entrance on the catwalk in the collection's first look, ""Island Song"" augured a new Simone Rocha tone, one much darker than we've seen up to now. Simply put, this collection felt like the end of innocence. There was a poetic depth to these looks, and an edge of menace. Not to mention a sense of sexual authority. Those qualities came through most clearly via Rocha's key construction innovation: a way of hanging a full skirt low on the hip and off to one side, so it almost looked like it was falling off. Quite a bit of skin was revealed in the process, but Rocha played that coy, applying a clutch of tulle to the naked areas. There was a similar commingling of provocation and coyness in Rocha's slits, which she cut horizontally into bouffant skirts and bordered with pearl embroidery. The slit/pearl interplay was an idea so good you wondered why no designer had thought of it before. Elsewhere, that tone of elegant dishabille was echoed in a pair of little silk slipdresses with articulated busts; these felt really new for Rocha in that they dispensed with any kind of sculpted volume. Rocha was plainly pushing herself here. Although the collection included several of her signature sci-fi fabrics the most notable being a kind of plasticized crochet they didn't read as the main story. She also tried on a new proportion, eschewing the Perspex-soled platforms she's known for in a few looks and using ballet flats instead. But the accessory that stole the show this time out was the pearl-rimmed knee-high stockings, which are guaranteed to be all over the Spring 2014 fashion editorials. You get the feeling Simone Rocha has a lot more ideas where that came from."
5893,"The Paris-based brand Surface to Air has always had its finger on the pulse of what's happening in the streets. This season is no exception. The new Spring lineup and the accompanying video were inspired by Los Angeles' low-rider subculture. Working off that theme, a black satin bomber with chrome-colored lining came emblazoned with the label's name scrawled in sparkly script above the hood of a tricked-out car. Easy silk blouses and trousers were printed with a gold Rolex band motif or vibrant hibiscus florals. And elsewhere, the offerings were characteristically hip and sidewalk-ready, with highlights such as cozy grandpa cardigans, patchwork-denim biker jackets, and pinstriped shirting separates including a perfectly slouchy pair of long shorts that had a slight iridescent sheen."
5894,"Alexis Mabille hit upon an intriguing starting point for his new collection: He was reimagining Rosie the Riveter as a Vargas girl, a kind of pneumatic tomboy pinup. That gave Mabille some depths to plumb, especially given his historic interest in ultra-feminizing masculine signatures. Here, that modus operandi was evidenced in a myriad of slinked-out and/or be-flounced adaptions of workwear, such as the military jumpsuit and the denim dungaree. Some pieces worked better than others; the flounced trenchcoat, in a sheer laminated nylon, was indeed very cool. And the show-opening khaki silk jumpsuit nailed the sex-bomb tomboy inspiration right on the head. Elsewhere, though, there were some head-scratching looks, like the one-shoulder dungaree romper or the crystal-bedazzled rodeo shirts or the atavistic racerback tank tops and dresses. There was a very scrambled take on Americana going on in the collection a kind of fantasy of hardy American girls but Mabille never really rose to the occasion of exploring that theme properly. Some of the embellishment looked like decoration for decoration's sake. The simplest looks came off the best: This season's standout for Mabille was a navy gown, almost monastic in its covered-up-ness, with an Empire waist, three demure buttons at the collar, and a jaw-dropping amount of volume in the skirt. The gown wasn't particularly literal to Mabille's theme, but it expressed it, somehow."
5895,"It's masculine meets feminine. As many times as we've heard that, it's never been uttered by Peter Copping at Nina Ricci . This Paris label is as femme as it gets, so Copping's Spring collection was something new. ""I was looking at the eighteenth century, when men were romantic,"" he said. In other words, there were no Wall Street-ready pinstripes here, but rather modern interpretations of tailcoats. As a sheer white scrim was drawn across the length of the Tuileries tent, the first model emerged in a collarless redingote, only a sliver of her appliquéd lace dress peeking out from its hem. From there on, Copping set up the boy-girl interplay in countless ways: a bib-front tuxedo top was married to a mirror-strewn pencil skirt; other skirts came with shirttail-shaped hems; and a delicate knit was accompanied by cropped pants in a suit-lining stripe. The details invited close study. The only thing is, Copping did nearly the first half of the show entirely in white. It would've been more compelling to see him turn his delightful color sense to his chosen topic. When the Sevres blue did arrive on strapless duchesse satin dresses, it was a revelation. Pictures do it little justice. The flower-print silks were just as riveting patchworked on a pleated V-neck dress or collaged with lace on a halterneck style. The whole collection was pretty, but it only really came alive at the end."
5896,"There are enough ugly things in life for us not to add to them, Pierre-Auguste Renoir once said. After watching a film about the artist this summer, Rebecca Taylor was moved by those words. ""I thought it was such a lovely sentiment,"" she said backstage before her Spring show. ""So I wanted to do something modern, fresh, and beautiful."" Taylor is known for her ultra-feminine wares, and at times she stayed the course, offering crystal embellishments (which, truth be told, often felt a bit much), flippy little dresses, and fields of floral prints inspired by pressed flowers. ""I really love a floral, but I think it's important to present it in a modern way,"" she said. The designer achieved this on the runway, showing soft pink petals on a sweet hoodie (worn under a tactile rubberized terry bomber in tan), as well as a relaxed top-to-toe floral suit. Supplementing Taylor's girlish signatures was a new sporty coolness. Referencing nineties street wear, the designer turned out perforated leather (which was particularly appealing as a double zipper-front baby blue shift) and lots of mesh. Sometimes, those elements were juxtaposed with ladylike lace, which appeared on the lapels of vests and bombers, and, on one occasion, as a mid-length white skirt. The crop top, it would seem, continues to reign, and it turned up here in the form of zebra-print sweatshirts, floral organdy tees, and chunky cropped sweaters (worn atop crisp blouses). In an attractive example of layering, a brocade mini-top was shown over a geometric voile cutwork shirt and paired with easy white trousers. Less appealing were the engineer denims, which, sometimes accented with pink zippers, read a bit too Railroad Barbie. All in all, however, Taylor's Spring collection felt youthful, light, and embraced the ""fresh beauty"" she aimed to create."
5897,"This season was about developing my dark edge, Giovanna Randall said backstage before her show, conceding that she's been known in seasons past for her pretty femininity. If there was a darkness here, it registered less as Wednesday Addams (the character Randall name-checked before the show and the obvious inspiration behind the collection's severely pointed collars) and more as another morose anti-heroine: Dickens' Miss Havisham. Where Addams is otherworldly, Miss Havisham is frozen in time, the last girl at a long-forgotten party. The idea of decaying in state could certainly be one interpretation of the laser-cut flowers in paper nylon that crept their way up the sides of shorts and ate into tweed lapels. The mix of materials, like tulle layered over iridescent jacquard, and the use of embroidered lace and sequins created depth. They gave the clothes a handcrafted feel, as if pieces of beautiful flotsam had been assembled into gowns. The prints, a mix of botanicals, interpretations of vintage textiles, and a cool birch bark graphic also served to heighten the clothes' impact. A sheer, sleeveless cropped blouse in neon green with a contrasting collar hovered over a pink-and-burgundy pencil skirt a look that managed to be both prim and sexy all at once. It wasn't dark dark, but Randall did end up somewhere elegant and edgy a retail sweet spot. And while the runway show may have tried to project an eerie vibe serious soundtrack, girls emerging from a misty wood the finale put all bleak thoughts to rest. Hand in hand, the models skipped down the runway, looking positively gleeful."
5898,"It would be an exaggeration to say that this season's Co collection was all about volume. But the use of volume here was definitely the thing that made you see the degree to which Justin Kern and Stephanie Danan have been challenging themselves. Much of it was incorporated subtly, like the backward-facing vent on a georgette V-neck top or the expanded proportion of a pair of wide-leg trousers or cuffed culottes. But there was at least one garment here that went big in every sense: a pair of balloon pants, cut in cotton poplin and in leather, that tipped into editorial territory. They weren't unrealistic, those pants at the end of the day, Kern and Danan want women, real ones, to wear their clothes but they pushed the envelope. More than that, they had a really distinctive look; here, the designers were attending only to their own muse. That muse encouraged more measured gestures through the rest of the collection lots of nice refinements, like the short pouf sleeve on a jacket, set at an angle, or the gathered hem on a draped silk slipdress, or a waterfall of soft, asymmetric pleats on a cotton poplin skirt. There was also more than usual attention paid to texture here, especially in the knits. Elsewhere, the pale tweed pieces definitely scored. All in all, though, it was all about volume, the canny deployment of which gave this collection a pleasing sense of romance. The burst of flowers here and there was merely punctuation."
5899,"Young designers come around so infrequently in Milan that when one does emerge, it's cause for celebration. Even better is when they arrive with credentials in hand, like Alexis Martial, the newly installed creative director at Iceberg , who worked under Riccardo Tisci at Givenchy for five years. The Frenchman's new role at this Italian label should go some way to raising the relevance of the brand, which has lacked a strong point of view. ""I wanted to turn the page,"" he said backstage, going on to explain his story line for Spring: ""It's a Boy Scout on a dreamed visit to Tokyo."" Well, that's different. But Martial balanced the quirk with good business sense. Having witnessed the phenomenon firsthand at Givenchy, he made sure to include his own versions of the designer sweatshirt. Martial's riffs on the item were influenced by manga and decorated with Japanese letters, or printed with an iceberg. Why hasn't anyone here thought of that before? Beyond the clever sweatshirts, there was an emphasis on uniform and a strong preference for high-tech fabrics. We could take or leave the newfangled plasticky knits with the chest patches, like you might see on a Scout aboard the Starship Enterprise . But there were interesting things going on toward the end with straightforward tanks and tees encircled by iridescent acetate bands, which Martial showed with nicely cut rolled-hem pants. Definitely one to watch."
5900,"Pamella Roland attended the Cannes Film Festival for the first time last spring, and this season's collection was inspired by sixties starlets on the Mediterranean red carpet. (It rained a lot on Roland's trip, so she threw in a few raincoats, just in case.) You could feel the actresses' influence in the capes and trains that trailed behind the eveningwear and in the shape of a few dresses that were demure and Grace Kelly-esque with their full skirts and accented waists. There was a mod mood, too, with bursts of color-blocking breaking up the predominantly neutral palette and a beaded geometric motif that recurred on several looks. The beading was hit-or-miss. A sparkly honeycomb overlay on the opening dress was interesting enough, but the gridwork that made up the sleeves and yoke on an otherwise fine ivory crepe jumpsuit looked like a style trap best avoided. In general, it was the embellishments that faltered, like too-heavy black Plexi beading and mirrored hexagonal ornamentation. But underneath the add-ons, Roland benefited from using lovely fabrics this season. Silk faille, crepe, and jacquard all lent the simply constructed clothes a special-occasion air."
5901,"If you want to reflect on the way that fashion shows seem like a world of weird to the rest of the universe, a DSquared2 show isn't a bad place to start. Dean and Dan Caten blow a perfect fashion bubble, an immaculately detailed re-creation of whatever temporal fancy has gripped them for the season. That's because they are consummate Ziegfeld-scaled showfolk, geniuses at realizing every single detail of their fever dream. Today was all about an ideal tiki lounge, staffed with the kind of gorgeous showgirl talent pool into which Sinatra and Co. would dip their wicks with the chauvinist entitlement of Vegas gods. Ava Gardner even made an appearance, reincarnated in the ultra-shapely form of Catherine McNeil, spectacularly shoehorned into the bathing suit/cocktail dress hybrid that was the collection's defining item.  So defining, in fact, that you could only wonder at the milieu in which the Catens move. How often do designers declare that they're dressing their girlfriends? Dean and Dan must surely hang with the cocktail-swilling-est, poolside-lounging-est posse of broads in the (barely) civilized world. Their women today were all curves, all micro-this and mini-that, lampshade hats and cat-eye glasses, indolent, kept. It was kind of sensational. And, when the Catens took on clothes that might have a life outside a Rat Pack orgy, it hinted at Ginger in Casino . An apricot silk top with matching pedal pushers? There is a supermarket somewhere that is craving a visit from the overmedicated wearer of that outfit."
5902,"Vivienne Westwood continued her medieval streak today, shifting from last season's riff on the Crusades to this one's bounce off the Canterbury cloisters. What got Westwood going, according to her show notes, was the idea of how ordinary people lived in the Middle Ages with a completely matter-of-fact belief in transfiguration. That's an interesting theme, but per usual, Dame Viv pursued it in a flotsam-jetsam way: There were peak-shouldered jackets, second-skin knits, lace made out of leather, draped bias-cut dresses with a goddess-y feel. There were also painted tropical florals, fantastic full skirts bursting with tulle, and, among other things, cats. The cat thing really made you wonder if Westwood was up to something much more crafty and clever than she was letting on, which was to create a collection so unbelievably random and occasional in its appeal that it actually re-created the experience of falling down the K-hole of the Internet. Anyway, kudos if so, and even if not, you always have to give Westwood total credit for the knockout looks she inevitably flashes up on the runway. Catching sight of her full black skirt with wine-colored tulle, plus matching cleavage-baring top, was a bit like happening upon a cut of the dance scene from Bande _ Part on a glassy-eyed browse through YouTube. Cat video, footage from an eccentric wedding, some vlogger's selfie rundown of the stuff she bought on a recent shopping trip, a drunk cover version in Finnish! of Britney Spears' ""Toxic,"" and then, out of nowhere, a masterwork. The woman's a legend. She can do what she wants."
5903,"Short, long, short, long, short, long. If the audience at Véronique Leroy 's runway show were paying close enough attention, they would have noticed that after each fuller, longer silhouette came a shorter, body-conscious one. For the final walk, the models were arranged two by two, making this oppositional design entirely obvious. The precise styling arrangement was also echoed in the soundtrack, which jumped between a German rock band and classical music. While Leroy once again took her cue from cinematic references? Noir et Blanc and Mortelle Randonn_e  she also made her own point with this duality, which she applied to shape, color, texture, and heel height. The textural contrasts were the most noteworthy of the lot: A supple embroidered clear vinyl from Switzerland emphasized gloss, whereas a woven terrycloth had an uneven furriness. The patterning on the former was meant to evoke wood grain; once Leroy started layering it, the effect became dizzying. The terrycloth, in contrast, remained comforting, whether appearing as a minidress or a belted military-inspired jacket. Chalk it up to a case of foreign versus familiar. Leroy's binary protagonists seemed more alike than different when dressed in leather, denim, and oversize polka dots. Shoulders remained consistently strong. Still, Leroy was perpetuating the stereotypical setup that sexy women wear short dresses and high heels, while longer lengths are the uniform of more conservative types. Although the cuts of her coats and jackets were contemporary, this notion was not. Best-case scenario: People were too focused on the stacked-heel platform terry-covered sandals to figure out this deeper message. Worst: They wear the slippers to the symphony."
5904,"Who shows the showmen? Baz Luhrmann, Rihanna, and Justin Bieber were all in the crowd tonight at Opening Ceremony 's first runway show. You'd hardly want to suggest that Humberto Leon and Carol Lim invited the reigning gods of silver screen and arena pop for the purpose of out-entertaining them. So let's say only that the duo proved at least the equal of anyone in the house. If all the world's a stage and with their other baby, Kenzo, grabbing the spotlight in Paris and O.C. hitting the runway in New York, for Leon and Lim, it increasingly is they're directing on an epic scale. Through an O.C.-erected, riverside mini mall (hot dog cart, zine newsstand, nail salon, pop-up shops), an audience of thousands filed into what looked like a covered car park. Maybe that should have made it a foregone conclusion that fifteen-odd sports cars zoomed in. Out of each climbed the models, who made their way, no less souped-up than their rides, around the endless track. The reference, the designers said after the show, was to the car-craziness of their suburban, Southern California youth, where street races in abandoned washes were the entertainment of choice. That influence coupled with an homage to Lim's background and a loose interpretation of traditional Korean garments. The crossed-strap tops owed roughly equal debts to wrapped Korean jeogori jackets and seat belts. The rest navigated a path between streetwear and fashion: culottes like upscale basketball shorts, oversize neoprene T-shirt tops, cargo shorts, and tank dresses. In technically savvy jacquard and elegant crepe, they had a shiny insta-appeal. But at the center of the maelstrom, the collection's bright snazziness belied a reticence to test the boundaries of its lane. It may be that the clothes struggled to be heard over pomp and circumstance's roar. But then, part of Opening Ceremony's charm is that it's about the whole package. It's the show, it's the clothes, it's the after-party, it's the mall. The talk around the tents this week has been of fashion fatigue and ennui. The day's best antidote was Leon and Lim's dazzling brand of showmanship."
5905,"I don't like to be called a Puritan, said Christophe Lemaire today in a wry acknowledgment of the fact that the monk-ish, Eastern-inspired volumes of his clothes have occasionally conspired against fashion horndoggery. But sensibilities shift, and now it's adult-onset sensuality that's conspiring to loan Lemaire's creations a grown-up physicality. For example, the long knit shift, (un)buttoning all the way down the back. There was still the lightness, the purity, the restrained palette of white, navy, and sand, but with more of a sensual flow. Today, there was also something more urban in a sheer shirt over an athletic white tank over the pleated flare of a short white skirt, and even some subtle drama in the way a black cape swirled around white shorts.  You can guarantee that Lemaire's will be the only show notes that wrap Meryl Streep and the Vietcong in the same blanket this season or any other, for that matter. But Streep's patrician WASP-iness and the Vietcong's practical pajamas happily coexisted on Lemaire's catwalk. The fantasy of his presentation combined the elegance of a Southeast Asian colonial idyll (a floaty, feather-printed tea dress) with the same kind of pragmatic French sophistication (trench insouciantly thrown over shoulders) that illuminated his last collection for Hermès. There was still the signature dash of the East in the kurta-over-pants look that is a Lemaire favorite. And one thing that was clearer than ever is how artfully Lemaire repurposes the same tightly edited handful of ingredients; the way, for instance, that the check of a coat lining reappeared as a scarf worn casually as a halter-style top."
5906,"Today, the Guy Laroche show opened with a hoodie. But the filmy fusion of silk and polyamide ensured that this was no average sweatshirt. Paired with a flared miniskirt in matching material and ankle-bracelet python stilettos, the look pushed the brand into far cooler boy/girl territory than in seasons past. Except that this was not the collection's main message. Artistic director Marcel Marongiu looked to dystopic cinematic references? Gattaca , Metropolis , and David Cronenberg rather than Rihanna off-duty. He cloned the diamond-shaped buttons on crisp white shirts so there were two rows, and he experimented with optical fiber as neo-fringe. He could have convinced us that the small white leather pieces puzzled and sewn together were the skin of an otherworldly animal. Marongiu was clearly focused on fabric innovation, but the stronger moments included the coats and gilets that were as amply shaped as they were buoyant in weight. Here was volume that looked forward, rather than the box-pleated dresses that looked back (to Laroche's sack silhouettes). Hemlines that curved with exaggerated effect, fabric that folded in on itself, and asymmetrically fastened blouses went against the natural albeit unscientific laws of how garments are constructed; some ended up too tinkered. Laroche, an early colorist, might have wondered about the bilious yellow grouping that emerged midway through. Marongiu explained that he had been obsessed with the hue of the highly poisonous golden frog. Its scientific classification: P. terribilis . That kind of backstory doesn't auger well. Fortunately, the collection had the type of movement and form that will play well both on-screen and off."
5907,"Sir Paul Smith opened and closed his show today with two identical suits, one in blue and one in yellow. The suits were slouchy, comprising a square single-button jacket and fluid cuffed trousers, and they had the sexy, shrugged-on attitude of a woman playing dress-up in her husband's closet. Ah , you thought, watching the first suit, the blue one, walk down the runway: Paul Smith has got its authority back. And then, at the end of the show, as the yellow suit took its turn on the catwalk, you thought about what might have been. This collection wasn't bad it was stocked with perfectly nice pieces but it had a grab-bag quality, and the clothes only rarely seemed to articulate a point of view. Smith's long shirtdresses exuded some of the sexy, carefree confidence found in those mannish blue and yellow suits; his baggy, rolled-up trousers, ruffle-detailed blouses, and multicolor hand-knits had a workday look and a vacation attitude. Most of the other looks, though, only offered novelty. Notably, Smith was fixated on lapels this season and created jackets that emphasized the lapels in a variety of ways, in particular by exaggerating their size or silhouette. It was hard to see the point. It was also hard to imagine the woman who'd wear the mannish suits or the sexy long shirtdresses, bothering with those jackets, or the printed minidresses, or the short shorts."
5908,"Soft geometry was the theme du jour for Richard Chai . And that theme may have had no better extrapolation than the very first look Chai sent down the runway this morning a slender white seersucker gilet worn with a sheer pencil skirt and trousers in a hypnotic variegated stripe. The stripe was what popped, and it served as a deft introduction to Chai's use of graphics. In essence, he was finding ways to play optical tricks, without being migraine-inducing. Frequently that entailed embedding pattern in the texture of the clothes by working tonally or piecing fabrics together, and in other instances that meant applying strong print to diaphanous fabrics and dreamy, bias-cut silhouettes. Chai's bias-cut slipdresses looked fresh, and for that matter so did his super-wide-leg pants, which he showed with sporty fitted crop tops. The menswear emphasis, meanwhile, was on leather. That's a tricky material to advocate for Spring, but the weather is screwy everywhere and fashion's a global business now, so what the hell? Anyway, as of this season Chai has embarked on a collaboration with leather brand Andrew Marc, so lots of leather was a given. Boys will be snapping up the Andrew Marc x Richard Chai motorcycle jackets, which looked very snappy indeed quite fitted, and just a bit unexpected in their proportions. The rest of the menswear was rather understated; Chai's most forceful silhouette proposition was a wide-leg pant, and his iterations looked credible. But for the most part the focus here was on materials, both the aforementioned leather and a handful of creatively messed-with, lightweight seersuckers. The Richard Chai man is ready for any kind of springtime weather."
5909,"Alessandro Dell'Acqua has sent his gal packing for Spring. She's off on holiday, or pretending she is, with a tropical-print bowling shirt, a dense wool jacket with hibiscus-shaped cutouts, and even a white piqué polo. The tropics are trending in the wake of Miuccia Prada's Menacing Paradise menswear collection, which she showed back in June. We don't suppose we've seen the last palm tree of the season. For No. 21 , Dell'Acqua put his own stamp on the look by mashing up womenswear with menswear. There wasn't a sarong to be seen on his runway today, and nothing water-ready either. Rather, it was his familiar mix of boy and girl: a boxy bonded leather shirt worn with an embroidered lace pencil skirt; a double-breasted blazer, one side of which was encrusted in a delicate swirl of beads. lingerie has been essential to the Dell'Acqua look since long before he lost the rights to his name, so it was something of a surprise that the sheer dresses and their sloppy layered underpinnings were the weak link in his show today. Much better was a crisp blue cotton poplin men's shirt, just long enough to be a dress, with a hem dripping in jet it had an easy sex appeal that telegraphed the getaway feel Dell'Acqua was going for."
5910,"Patternmaking is in Katie Ermilio 's blood. A granddaughter of Grace Kelly's personal clothier, Ermilio grew up in her father's bespoke menswear atelier, and continued down a similarly elegant path with a ready-to-wear line of her own focused on ultra-feminine eveningwear. Over the past several years, Ermilio has earned a following for charming cocktail frocks, which have been worn by such stars as Michelle Williams, Mickey Sumner, and Nora Zehetner, the latter of whom appears in the designer's Spring video. In the short clip, Zehetner stirs up trouble in Williamsburg, Brooklyn, skipping across sidewalks, playing on bike rails, and even painting a dashing muralist with the hand-drawn blue rose print that appears on silk taffeta pieces in the new collection. In general, Ermilio makes the kind of clothes you could picture a grown-up Eloise wearing around the Plaza: petal-pink silk faille tea dresses with sweet bow details and full crinoline skirts, swingy box-pleated strapless gowns, and a range of options for sophisticated bridesmaids. Special-occasion dresses are Ermilio's niche, but there were plenty of daytime wares here, too, including tailored shorts, miniskirts, crop tops, and a short-sleeve fur chubby that kept things from feeling too saccharine."
5911,"Count Tsumori Chisato among the few designers today who give their imagination complete free rein. Because she brings a sketchbook with her everywhere, her spontaneous drawings invariably materialize into designs. But in order to assemble the clothes into a collection, she constructs a narrative that's often cohesive to her alone. For Spring, her muse idled through the Japanese countryside, got dolled up in Europe, flirted with dragonflies, and ultimately settled on the moon all while rarely stopping to remove her conical hat. Chisato wrestles with and mostly gets the upper hand on personalizing traditional Japanese garments by imposing her doodles and madcap fabric blocking. By now, those have become her codes. But she also charted new territory with materials that registered as more artisanal: crocheted raffia, cotton treated to resemble Japanese washi paper, and white organza that had been manipulated to mimic lace. While Chisato can make you smile with an illustration that shows lipstick on a shark, she can also make you dream about a summer spent exclusively in her all-white grouping. She could have stopped there, or milked that message with a few extra variations. Yet Chisato would rather express the widest range of ideas than self-edit, so she also showed relaxed sportswear, printed swimsuits, and ladylike dresses. The collection was far bigger than it needed to be: fifty-four looks in total. But Chisato defended this by saying she simply likes to make things. She even seemed surprised to be asked about the number of looks. And how, in fairness, can you tell a designer to dial down her creativity?"
5912,"The press always needs a clear message, Giorgio Armani announced at the conference for the Italian media that followed his show today. So that's what he gave them, with a muted presentation that was, for him at least, tightly edited down to two distinct stories. ""A woman who's free to fly but can carry her own weight, gentle but gutsy"" is how Armani defined the two faces of his collection. The gutsiness was summed by city suits: jackets and shorts or wrapped skirts. The freedom to fly came through in fabrics that started off sheer and steadily insinuated themselves in ever enveloping volumes, until a final outfit that was like a billowing highwayman's cape of silk. There are artists who rage as they age like Picasso, for instance but on the evidence of recent collections, Armani has adopted a much more serene attitude to the passage of time. The gentleness of the clothes today was enhanced by a palette of pale blues, grays, and pinks and delicate effects like streams of crystal tracing a watery trail across a chiffon top, or patterns that suggested faded watermarks, or blurry florals. It was distinctly ladylike, an impression that was, again, enhanced by the tousled eighties-style semi-quiffs with which each model was cursed. That same decade made an incongruous appearance when the designer sent a trio of models his Three Graces, perhaps down the catwalk cloaked in vast swaths of silk georgette and topped with huge square hats. They looked rather like creatures from the Tony Viramontes drawings that currently line Carla Sozzani's gallery in Corso Como. It was the kind of idiosyncratic gesture same with the kerchiefs a number of the models ended up wearing that underscored Armani's own enduring gutsiness."
5913,"When Ruffian was born about a decade ago, designers Brian Wolk and Claude Morais were going after an upper-crusty lady-who-lunches type. As they've grown up, they've rejiggered things, and now they have that matron's granddaughters in their sights. Their new Spring collection was their youngest in spirit yet. Devoid of all the accessories that weighed down their Fall show, it looked particularly fresh.    Franoise Sagan's novel Bonjour Tristesse and the Jean Seberg movie that was based on it were their starting points (Claude is French Canadian, so they love a Gallic reference). Saint-Tropez in the fifties came through in the adorable leather-fringed, polka-dotted flats the models wore. A new collaboration with Allagiulia, the shoes will be a hit with Ruffian customers. So will the almost-but-not-quite-prim blouses in pretty French cotton floral and the exceedingly well-cut ankle-cropped pants in jewel-toned cotton silk. A shift in black-and-white bouclé with rubber-coated vulcanized canvas insets could go either way: good girl or bad. Tristesse 's Cecile, as anyone who saw the film knows, was something of a hellion, so there was more spice than sugar in this lineup. A silk and cotton pantsuit in sea green looked striking and well constructed, but it's the rubberized cotton biker jackets (like leather, but a lot less expensive!) that are going to speak to the Ruffian girl."
5914,"Luisa Beccaria 's show is a friends-and-family affair. Many international editors have crossed it off their list because, let's face it, there just aren't that many ways to reinvent the party frock. But Beccaria and her daughter Lucilla Bonaccorsi, who design together, do have a way with an occasion dress. And within the narrow, rather precious niche they've established for themselves, they do innovate. Their freshest idea for Spring was to laser-cut humble cotton into narrow strips that they affixed onto tulle. The resulting coral-on-white sheath was crisp, not clingy; its demureness gave it a real appeal. Bonaccorsi's hand was evident in newer, youthful shapes like the crop tops, which were a success, and the shorts-under-a-dress look, which may be happening on other runways but was less convincing here. Elsewhere, iridescent butterflies embroidered on the bodice of a gown and the hem of a shorter cocktail number were a shade too chaste. But falling squarely in the designers' sweet spot this season was a cotton voile V-neck shirtdress with covered buttons and light blue lace appliqué. Nothing life-changing about it, but in this case, pretty was enough."
5915,"There's clever as in smart, and there's clever-clever, as in smart aleck. Hussein Chalayan is the longtime standard-bearer for smart in fashion, but still, one suspects there are some who confuse the two when it comes to the designer's long and challenging body of work. How else to explain why more attention isn't paid to what he's doing, especially now that he has so effectively mastered the art of mixing smart with sensual. Chalayan 's new collection was one of the season's loveliest: a fresh, airy paean to summer, with the designer's technical ingenuity creating artfully charming effects. These were present from the opener picture a striped beach towel, wrapped as a strapless sheath to the closing look, a dress made up of vinyl ""feathers"" of Pantone color, topped by an attached coat lined in the same, which shrugged off to form a kind of tailcoat. Reading that back, it sounds clever-clever to the nth. It wasn't. It was just beautiful, especially with the ravishing soundtrack of the movie Perfume swelling in the Palais des Beaux-Arts. The wrapped-towel effect was one of the collection's summery anchors, as it was in Chalayan's Resort range. For day, the stripes; for evening, long columns gathered at one shoulder, like the tuck of a towel. But summeriness also prevailed in the photoprint of couples kissing on a beach (so abstracted that there will be no invasion-of-privacy lawsuits following); in the perforated pattern of palm fronds; and in a tropical print that was blurred, according to Hussein, as though viewed through the plastic of a tent. All of these visual elements were delivered in appealingly cut or draped silhouettes that took summer to the city. But the most intriguing effect the most Chalayan-esque was the one that embodied the collection's somewhat abstract title, Breeze Corridor. If we got it straight, that corridor is the line along the beach where you linger when the sun is hot but the water is cold, so you've got your wrap half-on, half-off, undecided about whether you're going to plunge in. In that spirit of tentativeness, Chalayan attached jackets to tops so they could be shrugged off, as in the show's last look, and worn as a bustle or tailcoat. Oh, and about those hats on sticks: In the breeze corridor, it's hard to stabilize your headgear."
5916,"After the buzz surrounding last season's Galliano interlude did he have a hand in the collection, or did he not? the atmosphere chez Oscar de la Renta this evening was comparatively subdued. But cue a George Harrison medley on the sound system and Karlie Kloss gliding onto the runway in a double-face gilet, cardigan, and pencil skirt, and the crowd perked right up. To start, there were classic day clothes in navy and white, with little adjustments here and there to bring proportions up-to-date. All looked well judged, though the chicest of the bunch was a gathered lapel jacket and matching pencil skirt in oversize houndstooth. From there, paths diverged. On the one hand, de la Renta showed a white cotton leaf dress with crochet knit trim, the picture of innocence. And on the other, he whipped up a blouse in black guipure lace with dramatic puffed sleeves out of a period drama. It takes all kinds, de la Renta knows, and he had a little something for all his ladies tonight: a graphic black and white interlude, vivid silk faille party dresses, stretch viscose separates embroidered with crystals, and a multicolor botanical printed on top of a polka dot, as cheery as can be. The variety continued into evening, which ranged from a narrow column dress in tiers of aqua georgette trimmed in tiny pearls to a frothy confection in citrine silk faille and tulle with black filigree embroidery. Just lovely, all around."
5917,"Trina Turk , Angeleno, dressed her girl for a road trip up the Pacific Coast Highway for Spring. She brought her bathing suits (""Because you will need your bikini if you're driving up the Pacific Coast Highway,"" Turk leveled, backstage before her presentation) and she brought her man, a.k.a. Mr. Turk, the label's menswear line. Before we continue, let's take a moment to appreciate Mr. Turk: It takes a confident man to match his blazer to his board shorts, especially when both are covered in an acid rainbow of Warholian flowers. Add those flowers to the bell-bottoms, chunky clogs, and other trippy prints on offer and you've got a road trip headed back to the seventies. As long as we're making that detour, might as well stop in Palm Springs; there'd be no better place for the collection's groovy palazzo pants and matching bandeau (her) and plaid linen suit (him). A long crepe dress in chartreuse, on the other hand, could be worn pretty much anywhere in the present day; it connected in the back with two delicate straps and was simply lovely. If there was a deficit of pieces that felt new, there was a surfeit of gaiety and good humor essential ingredients in any vacation."
5918,"Julien David called his Spring show ""The Tribe of the Seven Seas."" Backstage he rattled them all off: the Adriatic, the Mediterranean, the Red Sea, the Black Sea, the Caspian, the Persian Gulf, and the Arabian. Each one inspired a group of clothes. ""I tried to make a collection with stuff from different places,"" David said, explaining that he got the idea from castings, when models descend from all points on the globe for his show. But this was no ethnography lesson. The world is flat cute is cute wherever you go. Water was David's loose theme, but mostly the seas motif was a way for him to explore the special fabrics he loves. There was quite a range on the runway tonight: holographic polyurethane that had the rubbery consistency of seaweed, an open-weave nylon with dots meant to represent tiny pearls of caviar, iridescent cotton jacquard that looked like dappled moonlight. David whipped it all into what the kids are wearing today: oversize hoodies, varsity jackets elongated into dresses, paper-bag-waist shorts. Those paper-bag waists kept the mood particularly youthful. Playful palm trees and giant corals (he called them ""cosmic sea fruits"") stayed on message. If it were up to us, we'd have tossed overboard the tulle net David used as a layering piece on V-neck dresses. Too fussy for the streetwear vibe of the rest. But not those life-preserver intarsia sweaters those are keepers."
5919,"I was thinking about obedience and disobedience, and the roles they play in personal style that idea of making rules that you know you're going to break, said Mona Kowalska backstage before her A Détacher show. Kowalska designs for cultured, thinking women like herself who don't necessarily adhere to trends, and that gives her collections a refreshing ingenuity. The new lineup featured slightly offbeat details like ""runaway zippers"" that strayed off their garments, and sweaters that appeared to be unraveling or artfully moth-eaten. Kowalska also had her teenage daughter scrawl out the phrase ""I will pretend to care"" repeatedly, then turned her handwriting into a print, used on silk rompers and sack dresses. The primary silhouette here was squared with angular shoulders and zero emphasis on the waist or hips, as seen on boxy shifts and plaid skirt sets. To be sure, it's not the most flattering shape for all body types, but then again, Kowalska isn't trying to please everybody. Still, the designer suggested that she might crowdsource her next collection: A slip of paper included in the show notes read, ""I think this is a good time to do something new. Maybe instead of thinking about my stuff, I could think about yours. We could form a mind meld for one collection."" A beguiling proposition, indeed."
5920,"This season was really about refining what we do best, Lindsey Thornburg said at a Spring preview in her Lower East Side boutique. The downtown designer is known for taking pieces often described as ""hippie-dippie"" and making them hip, and the latest lineup was Thornburg at her free-spirited finest. For the past several years, Thornburg's secret weapon has been a Nashville-based tie dye artist, and this time around, Thornburg gave her carte blanche to do as she wished (providing several Rothko prints as a starting point). The result was breathtaking kaleidoscopic swirls, each one more intricate than the last, displayed on rainbow-bright caftans, languid kimono gowns, and sweet baby-doll dresses cut from fluttery georgette silk. Thornburg introduced swimwear here with a range of triangle tops and retro, high-waisted briefs featuring her signature totem pattern. A maillot shown under a fuchsia silk shantung smoking jacket was a standout look. Discussing the aforementioned topper, Thornburg offered, ""Maybe she lives in the Versace mansion."" Elsewhere, simple black sack dresses and a reversible velvet bomber jacket were realistic options for those who shy away from the more psychedelic stuff."
5921,"Derek Lam has always designed for down-to-earth women with worldly tastes. His new 10 Crosby collection tapped into his contemporary customer's natural side with organic fabrics and a predominantly neutral color palette, which was influenced by a series of black-and-white photographs capturing Zanzibar's sandy beaches. A strapless wrapped top and relaxed wide-leg trousers were cut from hemp linen, while a loose raw-cotton trench, which appeared almost sun-bleached, was punctuated with black leather trimming. Refined sweatshirt dressing was a key concept for Resort, and 10 C design director Elizabeth Giardina continued to elevate the sporty staple this season with a bolero sweatshirt paired with white leather overalls (a standout look), as well as beautiful woven pullovers that crisscrossed over the torso. Other highlights here included graphic guipure-lace dresses and pencil skirts (reminiscent of several pieces from Lam's Spring  13 mainline collection) and a two-in-one tailored jacket with a built-in button-up shirt. Why hasn't anyone thought of that before?"
5922,"It's still early days, but New York seems to be in the midst of a nineties moment this season. The nineties belonged to Helmut Lang . And Nicole and Michael Colovos, the designers of the current iteration of the label that bears his name, appeared to be riffing on his minimalist signatures tonight. It was most direct in a pair of bright pink boxy organza slipdresses, the precise pink that Lang himself favored, but there were also flashes of Lang in an unstructured black jacket bonded to white jersey no shoulder pads, no lining that slouched on as easily as a button-down shirt, and another in a soft peach color, as well as in the muscle tees and perfect trousers. Whether the riffing was intentional or not, the Colovoses weren't saying. It's not that they've avoided the house heritage until now, but the through lines have never seemed so strong. Backstage, they explained that they were looking at the work of the contemporary artist Wade Guyton, whose canvases are bisected with clean, straight lines. They reproduced Guyton's lines on a strapless linen dress with an easy, slouched-on sort of feel (prepare yourself to hear much more about slouchiness in the next few days), as well as on a strapless top and wrap skirt. Last season, their artistic reference point was Picasso, who produced a much busier collection. This one was mostly in black and white, which reinforced its pared-back appeal. ""Not precious"" is the vibe they said they were going for. They nailed it with flat slides in stingray and slip-on loafers constructed from perforated leather. Bags were a new addition to the lineup. Walking out there was consensus: a great collection."
5923,"From a distance, this Katie Eary collection looked awfully frothy: whorls of red and pink, lots of flounced, diaphanous silk. Also, it was basically just a swimwear collection. But Eary had dark things on her mind namely, the Irvine Welsh novel Maribou Stork Nightmares . Without going too deep into the story, which is apparently pretty vicious, suffice to say that what Eary plumbed from it was a theme of woman-as-fantasy-sex-object. And so there was an interesting interplay between the ultra-sexy swimwear, like a maillot with sheer inserts and a fretted back, and the cloudy cover-up pieces, like a baby-doll-style top or capelet with a pussy-bow tie. The latter looks gave the collection, limited as it was, an ethereal, miragelike quality, helped along by the fact that Eary was so emphatic in the use of her print. Aside from the suits, for which Eary has an uncommon touch, the strongest piece here was a silk V-neck knit with bell sleeves; it was proposed as another poolside cover-up, but obviously could be put to everyday use. The sweater had a quality of true, insouciant, jet-set luxe, and it made you sorry there weren't more versatile looks like it."
5924,"Youthful. Bright. Colorful. Happy. Those are all words Prabal Gurung used to describe his Spring collection for the contemporary label ICB , and he wasn't wrong. The starting point was the fluorescent light sculptures of the artist Dan Flavin. Gurung aimed to capture the color spectrum by turning out a rainbow of sculpted-shoulder, boxy dresses and separates that looked darn easy and fun to wear. The show began with a series of stark white looks, which had the feeling of tennis gear without being too literal. The final all-white number, a cocoon dress, hinted at what was to come with its green exposed zipper going up the back. From there, Gurung moved on to fuchsia the best piece in that set was an A-line coat with a swingy wing back and then to a grassy green, which he called Verdant. That particular passage included a zip-front cropped jacket paired with a high-waisted, pegged-leg trouser: a new kind of suit. There were holographic moments, too, which added a nineties-raver element to the mix. But instead of using holographic leather that often looks ""costumey,"" as Gurung put it, he printed iridescent metallics onto cotton: A silver foil was applied to a honeycomb-stitched sweater, and a raglan-sleeve dress was given an iridescent stamp. Gurung ended on a pastel note, offering shift dresses in lavender and mint, embellished with his signature graphic paillettes. With this collection, ICB might finally be a brand that can stand on its own, as Gurung so badly wants. But there's no denying that it's all owed to him."
5925,"Designer Custo Dalmau was feeling a bit subdued for Spring. ""This collection is about sophistication,"" said the designer earlier this week in the basement of his Soho boutique. But subdued and sophisticated mean something different for the always vibrant, entirely eclectic Barcelona-based label than they do for most. Instead of a collection of beautifully engineered jacquards and woven raffia haphazardly piled on one another, Dalmau was content with pairing two or three textures. The change was good. For instance, a sheer white blouse with sweet broderie anglaise accents was worn with a pair of long culottes, the front of which were done in a red and white Aztec embroidery, the back of which were printed with a black and white hieroglyphics motif. The outfit was topped off with a red and white visor. Yes, it was a lot, but it still looked good. Same went for a shimmering rose-gold blouse embroidered with neon raffia at the shoulders and worn with a metallic jacquard skort. On the men's front, a pair of iridescent, tiger head-printed trousers elicited cheers from the males in the audience. They would never fly north of Miami especially worn with that fishnet tank but there's obviously a market for them. In this increasingly global world, the way we dress day to day will continue to homogenize. It's good to see that Dalmau recognizes the fact that globally, consumers are more clued in to current fashions, and that he's willing to offer some more practical, trend-driven pieces. But it's also nice that there's still a colorfully printed bathing suit with purple leather fringe hanging from the sides in the collection, even if it's something only one in one hundred would want to wear. It's pieces like these that help Dalmau keep his standing as a fashion original."
5926,"Rhié 's Rie Yamagata has never been afraid to let her quirky personality come across in her clothing. For Spring, she featured a ""psycho polka-dot"" print (with eyeballs instead of circles) on otherwise sophisticated pieces like silk pajama separates and a fluid trenchcoat that doubles as a dress. Her subversive side was also on display in an action-packed collection video, which was shot at the Perris Auto Speedway just outside of Los Angeles, where she grew up. ""I've always been interested in weird subcultures and was fascinated with things like monster trucks and demolition derbies, so I wanted to incorporate those elements in some way,"" she said at a preview. The resulting film tells the classic story of a good girl falling for a bad boy, complete with things like cars, pit bulls, caskets, and guns. The lineup itself is more straightforward wryly elegant instead of racy. There are casual, easy pieces, including crisp pinstriped shirtdresses and a slouchy satin tailored jumpsuit, as well as gauzy popover frocks that feel, she promised, ""like wearing a cloud."" Knitwear is a particularly strong category for Yamagata: A leather biker jacket with woven metallic sleeves that look like bristly Brillo pads was the definite highlight in this category."
5927,"It's hard to go wrong with a rock-chick theme; black leather Perfecto jackets, clingy dresses, and motorcycle boots are entrenched in our perception of cool. But it's harder still to go right and Cecilia Bönström did get it pretty much right with the Spring collection she showed for Zadig & Voltaire today. There was a good balance of strong and soft: All those leather-fringed pieces were offset by scalloped-edged lace shrugs and camisoles meant to be worn outside the bedroom. Python jacquard leggings and knits that behaved like mesh went beyond mere basics. Jackets in woven rabbit fur represented a one-two punch of smart positioning: first, as transition pieces to bridge winter and spring, and, more symbolically, as a sign that the brand is considering an elevated product offering (and price point). Meanwhile, Bönström played around with heavy metal in the form of shiny silver boots and a gold sequined jacket designed to look distressed with intermittent black sequin patches. And, for the first time, she introduced a jewelry range featuring cross-shaped open cuff bangles that were more graphic than goth. Among the hits, a few misses stood out. A white pantsuit trimmed with yellow tuxedo stripes did not belong here, nor did the polished knee-length shorts especially as styled with a black fedora and mini-bow-tie choker. Backstage, Bönström was sporting the same T-shirt that was gifted to guests. In sparkly gold lettering, it read, ""I should have been a cowboy."" Judging by today's generally successful outing, the Zadig & Voltaire gal wears this persona just fine."
5928,"A long-planned vacation to Mexico's Isla Mujeres provided Christian Siriano with just the right inspiration to build his Spring collection. ""There was something so cool about the neon-painted houses and the women selling handwoven baskets in tiny markets,"" the designer said backstage before his runway show. To bring relaxed Mexico to his typically formal collection, Siriano incorporated basket-inspired raffia into several looks. A chiffon circle dress was decorated with rose-and-cream French knot raffia; a jacket and miniskirt combo was made of straw in a rainbow of colors. Although formalwear remains the crux of Siriano's brand, these daytime looks proved that he is capable of making all-occasion clothes. While some of the pieces were still a bit overdone there were a few too many flounces on blouses and day dresses Siriano's work is certainly improving in the category. But the major moment was left for the gowns. Siriano went with a garden party theme, offering floaty numbers in celadon and coral, adorned with floral appliqués. They were the most sophisticated he's done. ""My customer asked for color, so I gave it to her,"" he said. Just proves that the customer is indeed always right."
5929,"Antonio Marras  made a woodland glade in his showroom, filled it with mutant musicians, and quoted Ovid's Metamorphoses in his show notes: ""I want to speak about bodies changed into new forms."" Marras will never play the fashion game, walk the fashion walk. Instead, he has carved his own peculiar niche, populated with renegades and gorgeous hybrid life-forms. His sensibility is that of the couturier: I make these clothes for the people who get me . On the evidence of today's presentation, that tribe is growing by the season, so it was gratifying that the collection Marras showed was a perfect encapsulation of his otherworldly fashion sensibility. It was most obvious in the couture shapes, techniques, and fabrics: trapezes, bubbles, duchesse, dentelle lace, brocade silvered or over-embroidered, hand-painted flowers appliquéd on tulle all of that. But then there were perverse home-decor details like the jacket with a rose-printed cape back that was ruched like a curtain, or the print of an ornamental garden. It was easy to imagine an artistic, free-spirited, slightly deranged woman tearing her world apart for inspiration. And when the models walked out with their heads wreathed in green leaves, the idea of pagan communion became much clearer. The musicians were playing something stringy and pretty when a deep, sonorous sound weighed in on their performance. A hunter's horn? The winds of change blowing though Marras' enchanted forest? Is there any other designer who could compel you to such unusual flights of fancy?"
5930,"Elie Saab went back to the garden for Spring. ""A Lace Garden,"" he called it. There were scads of the stuff in his pretty collection today, all in the colors of flowers: camellia white, rosy pink, bright bougainvillea, and a vivid green. To see this show was to be reminded of how commonplace sheer fabrics and views of the bare skin underneath have become on the runways, even while they're still scandalously off-limits on the red carpets. Points to Saab's stylist for finding ways to make the see-through lace look discreet; lingerie could become a growth market for the designer. Saab gave his filigreed dresses a graphic edge this season with the grosgrain ribbon he used to trim seams. Also new: not one, but two prints. It's rare to see anything but monochrome on Saab's runway, but here, colorful roses appeared on the hem of a white party dress and the neckline of a white jumpsuit. There was also a black and white chiaroscuro lace dotted with more flowers that decorated gowns from bust to hem. The chiaroscuro came out ahead. Even if the color black doesn't have much place in a rose garden, the black lace dresses at the end of Saab's collection stole the show. A halter style that alternated horizontal bands of silk crepe and lace was gorgeous, but getting back to that attractive sense of discretion, the best-looking dress was opaque everywhere except for its lace sleeves."
5931,"Tawfik Mounayer is obsessed with Tina Chow, so for Spring he viewed his sophisticated client through a preppy, Japanese filter. There were flashes of kimono in the obi-style belt on a textured faille and corded organza tunic top and in the simple hidden, single-snap closures on a wrap dress and unstructured ""dojo"" blazer. One of the prints, geometric white checks on black, was taken from men's kimonos. Understated and fresh, it contributed to the general rock-garden tranquillity of the clothes. But there were some interruptions in the Zen. A swirly sand-art print in bright pastels on a cropped jacket and matching pair of wide-leg pants was pretty wild. Mounayer said he had nonagenarian Iris Apfel in mind when he designed it, and frankly, we're not sure who else could pull it off. The same colors in a block print on a textured faille wrap dress in white were very sweet way too staid for Iris, but much more manageable for the rest of us. Mounayer's attention to interesting, rich fabrications and meaningful details like the bra-keeps in every dress are what makes these clothes special. That, and his genuine interest in what women really wear; more than once he stressed that he designs clothes women will actually pull out of their closets. ""It's about girls getting up and getting dressed,"" he said. For the most part, these were just the heavy-rotation pieces he envisioned."
5932,"This season, Jean-Pierre Braganza found inspiration in the way his daughter and her friends wear their school uniforms just so everything a little off, a calculated insouciance. If that reference sounds a little matter-of-fact for Braganza, whose collections always have a fantasy-novel quality to them, well, don't fret: There were a Möbius strip-inspired print and a raven motif meant to invoke the trickster/creator avatar of native Canadian mythology. So this was a Jean-Pierre Braganza joint, for sure. But the schoolgirl element did introduce a sense of lightness and sweetness that felt fresh for this designer; the mere presence of baby pink came as a shock. Ditto the lace, and the low-slung trousers with a sporty mien. And the schoolgirls also brought forth this collection's most interesting and most emphasized idea, which was a way of folding garments closed, at an angle, that conjured exactly the studied nonchalance of a teenager off-tying her sweater. A graphic black-and-white top carried the technique best. Eventually, though, the collection drifted; the folding technique was somewhat overused, and the gray and red ""Möbius"" jacquards came in silhouettes that looked out of place here and more than a little tired. All in all, though, it was nice to see Braganza experimenting with a different energy."
5933,"Alexandre Herchcovitch has always been known for a punky aesthetic, but he's been cleaning up his act the past few seasons, and Spring felt decidedly grown-up and polished while still maintaining a subversive edge. Backstage before his show, the Brazilian designer explained that he ""built the clothing by piecing together bands of fabric cut on different angles to flatter different parts of the body."" The splicing technique added deconstructed appeal to the opening series of broken-stripe looks cut from couture-grade, heavy double satin, which Herchcovitch whipped into a rash guard-esque crop top and matching pencil skirt with frayed chiffon peeking out at the hemline. The designer experimented with a variety of silhouettes, including on-trend minidresses and slim cropped trousers with sheer overskirts. His most novel proposition was tank tops with lightweight coats attached to the straps, which fluttered like capes behind the models as they walked. Elsewhere, Herchcovitch mashed up zebra stripes and black lace on perfecto jacket-inspired dresses and re-created the same exotic pattern with caviar beading on tough leather sheaths. The lineup felt somewhat somber compared to many of the more uplifting shows so far this week, but Herchcovitch has always been a bit of a dark horse."
5934,"After aiming for a more youthful audience in recent seasons, for Spring, Escada refocused on its core clientele of mature women who wouldn't be caught dead in a crop top. Still, the Escada gal isn't opposed to showing some skin, and the latest lineup played up shoulders as the new erogenous zone with one-shouldered caftan dresses, strapless evening gowns, and embellished cocktail sheaths with rippling cascades down one side. Creating a sense of escapism is a continual goal for creative director Daniel Wingate and co., and they achieved that here with bold prints including blown-up florals, wild zebra stripes, giraffe spots, and playful pineapple motifs that added a graphic pop to flattering cap-sleeve dresses, easy tunics, and double-knit, fit-and-flare frocks. A tailored suit featuring an abstract wave pattern was a standout, as was the floaty finale maxi dress with rope straps, which would work as both a poolside cover-up and a party-ready look for a night on the town. Other highlights included specialty leather pieces like a cropped-sleeve car coat and an A-line shift featuring perforated details achieved by strategically blasting high-pressure water, not the usual laser-cutting. It'd be nice to see more envelope-pushing like that from Escada moving forward."
5935,"After years of presenting in Sydney, Australian label Zimmermann took a major leap and made its official New York fashion week debut today. ""It's a progression for our business and where I want to be in terms of creativity,"" said designer Nicky Zimmermann after her Spring runway show. Entitled Ringmaster, the new collection had a circus theme, which was fitting, considering how the scene at Lincoln Center often is. Zimmermann interpreted the concept literally, adding theatrical neck ruffles to diaphanous organza frocks with a harlequin diamond pattern, and incorporating a drippy black-and-white ""mascara"" print (an ode to melting stage makeup) into several looks, including the finale number worn by Ruby Jean Wilson. Although most girls wouldn't be caught dead in clothes with clown faces on them (some pieces made it into the mix), the lineup never came across as too costumey. Standouts included a graphic eyelet lace ""cross-body"" dress with arching almost acrobatic cutouts at the bust and torso, as well as a champagne-colored satin coat with a curved, asymmetric tail and a supple pink leather circle skirt. Although Zimmermann is best known for its swimsuits, the racy bikinis seemed out of place here at times; but overall, things are looking up for the Down Under brand stateside."
5936,"A little of this, a little of that. A good cook has the confidence to improvise. And this season, Band of Outsiders honcho Scott Sternberg threw a myriad of flavors into his pot. Athletic apparel, the 1990s, Nina van Pallandt in Robert Altman's The Long Goodbye  all that went into the mix, plus a soupon of that Band-trademark prep school vibe and, of course, more than a few tips of the old hat to menswear. The mashing up was all in service of conjuring, as Sternberg put it, ""the ghosts of Malibu,"" those girls sauntering down the beach into the Pacific sunset. It was easy to picture them in one of the collection's wafting long T-shirt dresses, or a sheer floral-printed poncho. Sternberg's way of using sport elements to get at a diaphanous, bohemian vibe was genuinely intriguing. And the looks worked. So, for that matter, did the patchwork shirting dresses; and the piped soccer shorts made from a crinkly material that looked like Tyvek; and the sleeveless, raw-hemmed, extra-long blazers; and the oh-so-nineties halter tops and bias-cut slipdresses. This wasn't a perfect show, but it was a very good one, and for all the variety of its influences, it felt cogent. Apparently, Malibu breeds friendly ghosts."
5937,"The Carolina Herrera woman has always been a classy, cosmopolitan character. Backstage after her show, the designer said that her Spring femme was active and international, stopping in France one day and South America the next. This spirit shone through in some of the collection's more youthful, sporty wares, like an embellished black dress with meshlike tulle detailing and a boxy, ivory suede frock with strict-but-subtle sheer insets. Spring '14, however, was decidedly evening-centric in comparison to recent Herrera outings. While there were about a dozen fluid gowns sent down the catwalk this morning, the designer offered only a handful of trousers and focused more on ladylike cocktail frocks and swooshing floor-length dresses than daytime separates. Perhaps this had something to do with her inspiration. While dreaming up her Spring prints and silhouettes, Herrera referenced kinetic art, specifically the work of Venezuelan artists Carlos Cruz-Diez and Jes""s Rafael Soto. She translated the movement's graphic lines into geo-prints, which appeared in chocolate, citrus, and plum on skirts and gowns as well as on their organza overlays. As they swished down the catwalk, Herrera's layered lines produced mesmerizing optical illusions. ""When you layer the fabrics like this, it becomes an entire visual experience ,"" she said. No doubt, it would be tricky to achieve the same effect with classic suiting or separates.  That's not to say Herrera's loyal customers won't have before-dark options for Spring. A series of viscose-blend day dresses were soft, energetic, and easy. And a glamorous black and white bikini covered with wafting organza (and topped with a very Audrey-esque sun hat) seemed to cater to Herrera's newer devotees, such as Christina Ricci, Michelle Dockery, and Christina Hendricks, who sat in the front row. Only, it would've been nice to see more attention paid to the chic sportswear that's been so integral to the Herrera brand."
5938,"With all the art referencing on display this week and particularly today? Jean-Charles de Castelbajac 's vibrant exploration of his own art could not have been more on-message. Backstage, he fervently pointed out that fashion and art have always been indistinguishable in his work. The trend we're seeing now, he added assertively, is the outcome of everyone else catching up. Rather than debating who did it first or even who's done it best, what matters most in this moment is that de Castelbajac lives to create. How else to explain the backdrop projection that showed him painting a dress in real time while his models walked the room? It appeared as the final look, still wet. The runway music, produced by Mr. NÈ, featured the designer's voice identifying all those who make the industry go round: ""We are models/We are journalists/We are buyers/We are stylists/We are bookers ."" It oozed with Zoolander camp, but the concept came from a sincere place. This was de Castelbajac as fashion's poet laureate. His poems could also be read on the clothes. Most were barely decipherable, as if the designer were speaking in tongues. But printed atop silk organza caftans and linen separates, they balanced lightness with graphic impact. Layers of habutai silk were even lighter, to suggest the pages of a notebook. Whether deliberate or not, there were detectable art references: the Ellsworth Kelly palette of red, green, and blue or Brancusi-esque kissing faces. The gold grouping of laminated silk and satin evoked the sculptor, too. Despite the high shine, it was also the least compelling. Smaller details thick black soldered rubber stitching like marker outlines and trompe l'oeil touches spoke loudest. The collection could have benefited from more finesse. Then again, de Castelbajac has also reached a point at which his perseverance is unbridled."
5939,"Think ""summer"" and the mind will instantly unpack a handful of stock images: surfers, girls in bikinis, cutoffs, spaghetti-strap sundresses. Summer is the casual season. But as J.Crew 's Tom Mora noted at today's presentation, 'twas not ever thus. Though the latest Crew womenswear collection was inspired, in part, by California surf culture, Mora got somewhere richer and stranger by strapping that reference to a theme of summer on the Venice Lido, circa the turn of the twentieth century. ""Back then, going to the beach meant dressing up,"" he pointed out. ""It was very polished."" With that in mind, Mora and company gave the signature J.Crew punchy aesthetic a soigné twist, with pieces like a trim floral neoprene skirt with a ruffle and articulating seams, or a ruffled white minidress of varied eyelets. The clothes weren't fussy that would be a breach of Crew protocol but they did express some formality. Still, some of the other standout pieces expressed exactly the opposite, like the paint-splattered army green khakis sure to be on many an editor's must-have list for Spring. Also on that list: a pair or two of the Sophia Webster for J.Crew heels that made their debut at the presentation. Mora's pick? An orange pair, dotted with stars."
5940,"Karl Lagerfeld had a great summer: The sun shone, Choupette was happy, creative juices geysered . The concept and the clothes for his new collection came together at the same time. Art! You can scarcely pick up a magazine or newspaper these days without coming across something about the volatility of the art world, the millions that are being spent in the getting of pictures on which the paint is scarcely dry. It's become a huge oligarchical pissing contest, with the annual art fair in Basel, Switzerland, its most competitive arena. And Lagerfeld, antennae attuned to every wrinkle of the here and now, didn't miss a trick with his Chanel /Basel mash-up today. Right there on the soundtrack: Jay-Z's ""Picasso Baby,"" with its accompanying video ripe with images of art-world grandees lining up at the Pace Gallery in Chelsea so they could bask in Hova's glory. The Grand Palais was transformed into a gigantic white-walled hangar of paintings and sculptures quintessential Basel or Frieze all seventy-five of them made by Lagerfeld during his Summer of Prodigious Creativity. He didn't actually make them himself that feat would be too Olympian even for Karl but he drew the pieces or made maquettes so his studio could realize the finished product. Just like Jeff Koons. And, as with Koons, Karl's reference points were identifiable, though he cleverly twisted them so they each included some element of Chanel: a camellia, a pearl, a bottle of No. 5. Some of them had red dots beside their titles, like they'd already been sold. Postshow, he wearily insisted he had no intention of doing any such thing; he'd already been asked a thousand times, just like he'd been asked to sign the whole lot. The coming together of concept and design was clearly responsible for the way Lagerfeld's theme infected his collection to a greater degree than usual. ""Transformative!"" was Koons' response at Stella McCartney's show the other day when he was asked about the common ground between art and fashion, and the transformations the Chanel atelier achieved with the signature tweeds were nothing short of art. In fact, they weren't even tweed as we know it: They were some indefinable multi-processed hybrid of de- and reconstructed stuff that was then mounted on tulle to create outfits that were identifiable as iconic Chanel. Phew! And you can only imagine Lagerfeld's delight at fooling all of the people all of the time. Deconstruction, trompe l'oeil, collage, bricolage this Chanel collection was a fest of art processes. You never get the sense that Lagerfeld is pushing himself; he makes everything look much too easy for that. Nevertheless, in the ninety-ish looks he showed today, there were more stories than he would usually be bothered to tell. For instance, a paint chart from the 1900s yielded a whole group of primally Pantone-ed pieces. They were something quite new for Chanel. There were great things that looked like they'd been scissored from charcoaled canvas again, in keeping with the theme but intriguingly raw for Chanel. And Lagerfeld's collaborators kept the dream alive with their impeccable contributions. Sam McKnight's wigs were paintbrushes-cum-Darth Vader helmets of hair. Peter Philips' makeup looked like an artist had wiped his brushes on eyelids instead of on clothes or canvas. Macabre maybe, but one more Chanel pointer to the transformative art of fashion at its most far-reaching."
5941,"The weather in London today was very, very English: gray, damp, chilling. The Brits are resigned to weather like this; it's the beautiful days that astonish them. So imagine the disbelief and delight that attended this summer's long spell of sunshine: It may as well have been hailing pound coins and pink Champagne truffles. Everyone felt rich and sugar high. Energy like that is infectious, and one of the people this summer's heat wave got to was J.W. Anderson . ""It was actually boiling in my studio,"" he explained after his show today. ""Which really made me find an appreciation for bare flesh and lightness.""  There certainly was a lot of bareness on the Anderson runway. But the designer worked it to his own formal ends, playing with various ways of draping, suspending, twisting, and gathering material in order to reveal maximal amounts of naked skin. One top, for instance, was pretty much just a handkerchief-sized square of sheer fabric with a semi-obscuring square of opaque, scrunched-together material at its center. Another look featured broad, paperlike strips folded together to make a top you could have easily mistook for a collar. Not for everyday use, these pieces, but Anderson likes to push. The nudity worked as a balance against the weight of Anderson's materials: This was a season of intensive textile development, with chevroned, linen-backed pleather; gossamer, organzalike nylon; thick embossed leather; multilayered sequined lace; and much more. Many of the materials appeared to have been sculpted into shape by hand. There were a few looks that read as perhaps a little too weighty for Spring, but the individual pieces were so compelling, it would be uncharitable to nitpick. A more valid complaint might be that, here and there, Anderson fell back too much on a familiar clinical tone, when the freshest thing about this collection was its levity and sexiness. Many of these clothes were also uncharacteristically, well, pretty  in particular, the show-opening group of long sheer skirts and matching, vaguely peasantlike tops. At this point, it's reasonable to expect J.W. Anderson to advance the technical and formal aspects of his brand by leaps each season; what made this outing such a wonderful surprise was that he stretched himself in terms of mood and point of view. You could even say it was a surprise analogous to a whole month of English sunshine."
5942,"When Hanako Maeda launched ADEAM (an inversion of her last name) back in 2011, she chose to accent the label's logo with a plum flower taken from her family crest. Fittingly, nature has served as a continual source of inspiration for the young designer since the beginning. For Fall, Maeda conjured up a modern woodland fairy tale. She referenced Japanese cherry blossoms during Resort, and used hydrangeas as the jumping-off point for her latest lineup today. Riffing on that theme, she developed an interesting, shibori-effect pattern by manipulating hydrangea cells viewed underneath a microscope. The blown-up biological print was shown on feminine pieces like an A-line cap-sleeve dress and a pair of shorts with sheer fabric peeking out from underneath the hem. Maeda also embroidered petals along the sides of a kicky navy miniskirt. If the collection sounds very sweet, it was indeed particularly the flirty frocks that mixed together eyelet lace and delicate organza. Still, ""every rose has its thorn,"" as Maeda pointed out backstage before her presentation at Lincoln Center. ""All beautiful things have a darker strength, too. I wanted to do pretty pastels in grayer, washed-out tones,"" she said. Working in that palette, she toughened things up a bit by including more menswear-inspired silhouettes and clean lines. A slim tailored suit looked fresh styled with a structured wool bra top underneath, and longer, lilac-colored leather shirts tapped into current trends. Overall, it was a carefully considered, easy-to-wear collection. The only remaining question is, what will be in bloom at ADEAM next season?"
5943,"Whenever we go out, people always ask us where we got our clothes, Robert Tagliapietra said of the genesis of his and partner Jeffrey Costello's collection this season. ""So we decided to feminize the pieces we make for ourselves."" The duo certainly have a trademark look (they were Brooklyn lumberjacks when today's hipsters were still in high school), the rugged masculinity of which has always made a charming contrast to their soigné womenswear. This season's outing didn't move too far into masculine territory (if you're curious, the models were not kitted out in bushy beards), but Costello Tagliapietra 's personal staples like plaid work shirts and chunky cardigans were very much in the mix. The plaid had been blurred and printed on loose tops and semi-sheer, buttoned-up blouses, and the cardigans came slim, long, and sleeveless. Worn open and belted, they ensured that even the dressiest dresses, like the draped, bright pink, floor-length one that closed the show, were low-key. The drawback of this season's easy silhouette was that some of the pieces had an awkward fit. The designers' aim was to trace the body not cling to it while still creating slim lines. They succeeded in creating simple, lovely shapes, but a few of the looks, like a crinkle-treated cotton dress with a wrap skirt, were too ungainly to flatter. But ultimately, Costello and Tagliapietra (obvious proponents of uniform dressing) created a neat body of separates for well-dressed women to throw on and take their kids to the park they even provided carabiners for your keys. The collection would also work just as nicely at dinner in, say, the backyard of someone's brownstone. Nothing wrong with that. Leather shoes and handbags, made in Greece, were a new addition for the label, and they provided a touch of structure amid the slouch."
5944,"Once again, the Sonia Rykiel show played out within a deliberately dim venue. This may have suited the Fall collection's PG-13 call-girl theme, but it felt less fitting today, with clothes that begged for light. Geraldo da Conceicao's show notes did refer to this latest Rykiel reincarnation as ""a creature of the dusk,"" but the loosely interpreted argyle pattern and generously proportioned knit tunics summoned up girls strolling a bygone boardwalk, not the Sunset Strip. Oppositional color accents of sky blue and peach or limeade and rose gave the collection a freshness that would have occurred to Madame Rykiel back in the day. She attended today's show, but we weren't sitting close enough to her to gauge her reaction. The likability of the stretch pencil skirts flecked with metallic yarn is not in question. And the floral pattern shown inside out had an updated Art Nouveau appeal. But the suiting attempts fell flat quite literally: From the back they hung without much shape. Cute color-trimmed ankle socks couldn't rescue the forced fluted heels. And furry two-tone stoles overwhelmed the final grouping of slipdresses, making it impossible to see whether they had been cut well or not. Da Conceicao has many skills under his floppy striped hat (shhh, it wasn't Rykiel), but brand direction is a work in progress. Before the show, he said he wanted the collection to be ""special casual"" an idea that dovetails with the Rykiel DNA. The designer also explained that his lamé knitwear comes alive in artificial or restricted light. This would explain the dimness. Now the label must ensure it doesn't fall out of the spotlight."
5945,"Andrea Lieberman may have begun her career as a stylist, but her aesthetic is worlds away from the OTT, more-is-more vibe that often reigns in magazine pages. Lieberman says she is dedicated to creating ""an understated sense of refinement"" with easy, everyday clothes that will get noticed but are never attention-seeking. She sticks to ""what feels right now,"" and addresses trends on her own terms. The result is of-the-moment, without seeming here today, gone tomorrow. For Spring, the designer introduced more athletic influences, but kept the overall look elevated with pieces including sophisticated knit separates done in bold rugby stripes and tailored jumpsuits with built-in sporty bandeau details. The silhouette was loose and inviting, with standouts such as a relaxed mint-colored trench as well as fluttery, pleated chiffon skirts with drawstring waistbands and full trousers. Leather jackets are perennial highlights at A.L.C. , and this time around, a bright orange biker done in buttery nubuck was definitely covetable. Speaking of leather, Lieberman is launching a new line of handbags that fit with the brand's message. Fold-over briefcase clutches that came with detachable shoulder straps combined form and function, while smaller cross-body bags featured three slim, square pouches for compact cargo storage. They should be a hit with A.L.C.'s practical yet polished customer."
5946,"Phillip Lim got deep into geology this season. And when asked, after his show, what got him so interested in the earth and its elements, the designer replied, simply, ""standing on solid ground."" Hmm. The comment was interesting not only because it was pretty opaque but also because the thing Lim got at really well in this collection wasn't earthen solidity but flux. That was especially true of this season's standout looks, which featured geode-inspired embroidery on organza. Geodes, for those readers who haven't visited a natural history museum in a while, are those rocklike mineral formations that split open to reveal swirls of many-hued crystal; they are a record of a moment of becoming. Lim's embroideries captured that, as did (to a lesser degree) his geode-inspired silk prints. Elsewhere, Lim took on the variegated palette and texture of seemingly monotone landscapes, translating that quality into metal-mottled, patchworked, and pearlized leathers. The pieces themselves never felt obnoxiously literal, though; women are going to like a fluid, knee-length skirt made from contrasting leathers whether they get the backstory or not. And Lim being Lim, there were a ton of garments here that were all about commercial rather than conceptual appeal to wit, the wide-leg cuffed trousers or the pieces in sherbet-toned jacquard. Lim is an avid explorer; he just chooses to do his exploring close to home. On terra firma, as it were."
5947,"The first two Isa Arfen collections were marked by their matter-of-factness. Designer Serafina Sama plainly had a fanciful streak, but she indulged it sparingly. This season, however, Sama gave fancy a wide berth: One of her inspirations this time out was Paolo Roversi's photos of Romeo Gigli's late-eighties oeuvre, and she distilled that into clothes that had a dreamy quality, like the white bias-cut dresses with asymmetrical seams, or the voluminous full skirt and coat done in organza cloque the color of lemon sorbet. Sama also pushed the collection in a rather eccentric direction by collaborating with the illustrator Marcela Guti_rrez, who contributed the giant painted eye screen-printed onto a few garments; the volume on the signature Isa Arfen embellishment was turned way up as well, with drops of multicolored crystal. All of this integrated surprisingly well with the more straightforward looks, like the anoraks in duchesse satin and the striped pieces made from strips of cotton and organza. That said, this collection didn't have quite the force of the previous two Sama's effort to expand her brand's vocabulary was praiseworthy, although it entailed a slight loss of focus. But this designer is one with an instinct for simplicity, and, ultimately, she called on it this season to keep the flourishes in check."
5948,"Fresh out of the gates, Rosie Assoulin emerged at the front of the pack of new designers to watch this week following her impressive Resort debut, which was picked up by retailers including Moda Operandi, Fivestory, and the Webster. Her Spring presentation (which drew a crowd of top editors, buyers, and street-style stars) proved that her initial success wasn't just a case of beginner's luck. Architectural volumes and modern eveningwear separates were the takeaways from Assoulin's premier collection, and she expanded on those ideas here while introducing more color to the mix (after sticking to a predominantly black and white palette last season), which better suited her vibrant personality. A carnation pink strapless top with an elegant side cascade was paired with bright green culottes, for example, and ultra-wide-leg trousers were decorated with thousands of tough grommets in every shade of the rainbow. Assoulin hand-painted bold primary stripes onto a standout sporty gown that she called her "" Cars dress"" as a tribute to her son's favorite movie. It was equipped with a zipper in back that could be adjusted as desired to release or restrict a dramatic train. While the lineup was full of statement-makers like those, Assoulin didn't skimp on daytime-appropriate ideas, either. A sharply tailored tuxedo suit featuring a sarilike sash that wrapped around the torso felt like a modern proposal, and relaxed trousers double-belted both at the hips and at the natural waistline are the kind of thing you'd catch Rihanna wearing in the streets. All in all, the collection suggested a promising future for the young designer."
5949,"Robert Rodriguez is celebrating the tenth anniversary of his namesake collection with lots of newness: a new studio (done in whitewashed brick and featuring a zigzag light installation), a new logo (the already minimalist font has been pared down even more), and a new direction for the collection. ""It's a total revamp,"" said the designer at his bright new space in New York's Meatpacking District. Spring's lineup still has the sporty-meets-sexy elements of the past, but there's a new edge of refinement. (Gone is the ""cheesy L.A."" element that plagues so many West Coast designers maybe that's because Rodriguez splits his time between the two cities, and this time around New York won out.) Everything is black and white, with just the occasional element of powder blue or cream. With that strict palette comes attention to fabrication and proportion. A zip-back, wide-sleeve top in white is layered over a honeycomb net tank and a cream-colored leather pencil skirt. A white sheath dress with billowing sleeves and a black sheer insert at the collarbone is sculptural without straying too far from the commercial. And a pair of deep-pleated trousers in a luxurious-looking Japanese crepe are cropped to just the right length. Rodriguez really likes to use bonded fabric and he bonded the seams on nearly every piece to give them a super-clean edge. It's a technique that works well with his new vision for the brand. So far, so good."
5950,"It was announced last week that Charles James will be the subject of next year's Costume Institute show at the Metropolitan Museum of Art. James was sometimes called America's first couturier; he's remembered now for his spectacular ball gowns, immortalized in photographs by Cecil Beaton. If James has a spiritual descendant, it's Zac Posen , whose devotion to occasion dressing is immune to trend. New York is thinking along sporty lines for Spring; other designers Posen's age are vibing on the 1990s. Posen, for his part, borrowed his color palette and floral prints from the Impressionists; his muse this season was Sarah Bernhardt. More power to him, right? Unfortunately, this wasn't one of Posen's finest moments. Backstage before the show he said he would be presenting ""conceptual evening,"" and described it as ""more sculptural"" than usual. Exuberant doesn't begin to describe the layered organza and tulle layers of a strapless party dress, or the pronounced shoulders of an architectural draped evening jacket in floral jacquard. Some of the softer dresses, too (in double-face white satin or rose hand-dyed draped tulle), were constructed with a flamboyance that felt out of step not just with other runways, but also with the red carpets for which most of them are intended. Admittedly, the silk flowers in the models' updos and the harsh lighting weren't doing Posen any favors. He was on much firmer ground with a comparatively simpler hand-plisséd strapless cocktail number in yellow all of the plissé dresses were lovely. An ultra-fitted peplum jacket worn with a fishtail skirt struck a similarly modern note. Ball gowns will be in the spotlight at the Costume Institute next May, but these are the kinds of things we hope to see the next time Posen gets on the runway."
5951,"A pre-wedding honeymoon in the Sahara Desert and Marrakech was the starting point for newlywed Lyn Devon 's Spring collection. ""I don't travel a lot, so usually I'm imagining what a girl might want to wear in a faraway place,"" the designer said today in her Upper East Side studio. ""This time I actually knew."" For Devon, that meant dip-dyed chiffon, textured silk made to look like sand, and henna tattoos. The body appliqués were fashioned after local pottery and created in collaboration with tattoo artist Scott Campbell (who also happens to be married to Devon's dear friend, actress Lake Bell). All that African spirit was framed in classic 1960s silhouettes. A boxy cropped jacket featured hand-painted blue stripes, and that sand-y silk came in the form of a cropped shell and high-waisted pencil skirt. The batik-printed Fez pants pleated, wide, and cropped were worn with a matching top; it was a pajama set, elevated. But it was hard to call out a hero piece. That's because, season upon season, Devon creates a complete wardrobe for her imagined woman. The clothes may not be particularly editorial, but they are desirable: Devon's focus is on creating clothes women want to buy."
5952,"Pringle of Scotland has a new head designer in Massimo Nicosia, but his challenge differs little from his predecessors Alistair Carr and Clare Waight Keller. That is, how to take a centuries-old brand, honor its history, and move it forward both commercially and in design, as other brands of the same ilk, such as Burberry and Mulberry, have done. If the DNA of Burberry is a trenchcoat, for Pringle it's knitwear, something that Nicosia obsesses over: ""I feel I am as much an archivist of Pringle as designer,"" he said during a showroom appointment today. ""I have to preserve the past. But also I have to move forward by developing fabric technology, and create something very light out of something quite heavy. I have to create structure out of knit that is known for its very lack of structure.""  For Nicosia, yarns and fabrics are a ""designer's ingredients,"" and for Spring, he has cooked up a sporty collection of bombers and tracksuit looks punctuated with a lot of mesh and racing stripes. Particularly impressive was an orange dress crafted from knitted silk with pointelle details and an almost imperceptible use of Pringle's signature argyle motif. On a sweatshirt, he placed a mesh overlay in a tiny argyle grid formation above an almost impossibly soft leather in an electrifying lapis lazuli color. The silk of an eggshell-colored trouser was intersected with micro beads. The Pringle powers that be demand a twin set, and there it was in that lapis again the thing that set it apart was its softness, which must have required a lot of work in some mill.  True, not much revolutionary stuff happening here in design, but in fabric innovation? That's a resounding yes. On the subject of the brand's future, Nicosia could've talked all night but wait, wasn't he already late for his shop opening party, with Tilda Swinton and Gemma Arterton waiting in the wings? ""I am not really a party boy,"" he said. ""I'd rather sit here and think about knitwear."""
5953,"If you've nailed down a formula and it really works, then best leave it alone right? Wrong, according to David Koma , who keeps adding to and tweaking his body-con thing a silhouette that has earned him fans including Naomi Campbell and Maria Sharapova. For Spring, Koma turned his eye to the ancient Japanese martial art of kyudo . The first looks to come out were in rigorous black and white bonded silk with leather-panel neck details, asymmetrical hems, and harness details. No, this wasn't Fifty Shades of Grey bondage stuff, though it might be easy to jump to that conclusion. The harness is a feature of the kyudo uniform; it serves as armor. Highlights here included black and nude pleated skater skirts, and dresses with triangular inserts at the torso that made the waist seem smaller, as well as some fantastic peg-leg trousers with huge rectangular pocket details, and loose leather jackets modeled after the kyudo uniform. But Koma really caught everyone's attention with a series of blue looks; powder blue and deep blue were especially winning mixed together on dresses. Then came the prints: Koma doesn't do prints much, but what he did offer a riveting series of stripes that were reminiscent of the Japanese tie-dye material called shibori looked great. In fact, given just how beautiful his prints were, we'd say it's time for Koma to do more of them."
5954,"Norma Kamali could teach a college course on the history of sweatshirt dressing. Perhaps that's because she was an early architect of the sporty trend, which has gained major traction in recent years. At a preview of her latest Spring lineup, Kamali pulled out a scan of an archival WWD spread from 1980 featuring staff members modeling her terry separates, which were revolutionary at the time but would fit right into any glossy editorial spread today. ""I thought I'd had it with sweats. Then I started getting all of these requests for them again because that's what girls are gravitating towards now,"" said Kamali. ""So I decided to reintroduce them in a modern way. After all, activewear is a big part of my brand's DNA."" This season, the designer demonstrated just how versatile the athletic staple can be, whipping up easy cotton hoodies, tanks, and crop tops equipped with classic kangaroo pockets. She also showed a variety of pieces cut from the same soft material, including fishtail maxi skirts, rhinestone-studded midi dresses, and bomber jackets with billowing sheer sleeves that definitely weren't intended for the gym. Case in point was a white racerback tank gown done in a thinner technical jersey also used throughout Kamali's Interactive Active sub-collection of workout apparel. It hugged all the right curves and was the kind of thing you might picture Maria Sharapova getting married in. While competition is steep in the novelty sweatshirt market these days, Kamali proved that it's hard to beat an original."
5955,"Federico Piaggi and Stefano Citron said their starting point for the new Gianfranco Ferré collection was Herb Ritts' photographs of classic Ferré looks and indelible images of Gia Carangi, the tragic supermodel of the late seventies and early eighties whom Angelina Jolie famously played in an HBO film. Gia, the stories go, was deliriously sexy, and as befits their muse, this show today did have a sultry edge. Draped dresses, blouses, and jackets gave the impression that they'd slip right off with one quick tug of the giant leather obi belts that cinched them. Skirts also flashed skin; one slit was so high it required shorts underneath. Asymmetric flourishes were a key element in the Ferré oeuvre, but where the late designer often chose stiff architectural fabrics, Piaggi and Citron were more inclined to use fluid ones, like hammered silk, enver satin, and the electric blue Lurex-shot jersey of the show-closing jumpsuit. Nearly everything glistened, which lent the collection a glitz that didn't let up. This was a satisfying collection in many ways, but you couldn't help but feel that Piaggi and Citron's work would connect with a bigger crowd which remains an issue for this Italian label if they eased off the shine now and then and turned their mind more to clothes made for every day."
5956,"Sometimes, to really see something, distance helps. That may explain the paradox that some of the premier interpreters or reinterpreters of Americana have been Japanese. First among equals has been Hiroki Nakamura, who founded his men's label, Visvim , fourteen years ago in homage to the vintage American workwear pieces he'd been stockpiling the kind that were a craze in 1980s Tokyo. Nakamura's vision was always to create something new with the patina of something old, and to do it honestly enough that it would one day fulfill its destiny as the real thing. ""I started our brand because I wanted to make something authentic,"" he said at his presentation today. ""I hope these will all be vintage in the future.""  Nakamura's menswear has won fans at the most rarified levels of fashion it's stocked at Dover Street Market, 10 Corso Como, and so on and last season, inspired by his wife (and now collaborator), he launched women's. The collection is characterized by the same obsessive attention to detail that infuses the men's: the custom-developed fabrics, the artisans commissioned to weave bags and do traditional Navajo patterning, enough about dyeing to fill a textbook. Many of the dyes are natural, including cochineal that is, bug-larva derived dyes, and often hand-rubbed for a unique finish. Some of the natural dyes themselves are open to the whims of nature. ""If you work with bacteria instead of humans "" Nakamura shrugged. ""I'm working with bacteria."" For those inclined to cherish the process as well as the product, Visvim's wares will be as welcome as manna.  At a slightly less granular or, indeed, molecular level, the look of Visvim is probably closest to an uncommonly stylish barn dance, with indigo-dyed tunic dresses; tiered bandana-print frocks; patchwork skirts; and high, bison-leather boots. Accordingly, your enthusiasm for these pieces may depend on how excited you can get about the prospect of hand-spun hemp shoelaces. (No detail too small.) But Visvim's devoted audience in the world of menswear suggests that woman is out there. Here's her welcome to the dance."
5957,"This was my first collection about nostalgia, Calla Haynes said of her Spring offering, an ode to early-nineties surf culture. ""I was a young teenager at the time, and it was when I first discovered fashion."" A silhouette inspired by Body Glove's classic one-piece maillot was the style that unified today's Calla presentation at the always crowded Milk Studios. There was a neon-green swimsuit with an exposed zipper up the front, yes, but that quintessentially nineties brand was also referenced in a kicky skater dress made of an extremely thin fabric called Alcantara, which was ink-jet-printed with a lavender design and then crinkled to give it a worn-in feel. A full, couture-inspired skirt made modern with a high-low hem was printed with a speckled neon coral (that totally nineties color that falls right in between hot orange and hot red on the spectrum). Prints, as always, played a major role in Haynes' work, but it would be interesting to see her take on solid pieces in a more serious way. She says she wants her collection to represent a real wardrobe; that's possible, if she mixes it up just a bit."
5958,"The man who made Anja Rubik's hip bone a worldwide fetish is back at it again for Spring. ""Girls are their most beautiful during their holidays,"" Anthony Vaccarello explained backstage. ""I wanted to try to bring swim to the city."" Vaccarello's method was to cut dresses and miniskirts with a triangular-shaped hem in the front that he connected to the back of the garment with narrow horizontal bands. If there's a way to show off more upper thigh outside of just sending the models out in bathing suits no one else has come up with it. The work was clever and well-done. Cabochon-shaped brass buttons accented the bands, which elevated the collection; the dresses had the disciplined precision of military uniforms, a feeling that was heightened when Vaccarello did them in combinations of white, red, and black. You'll have to be mighty disciplined to wear them, of course. ""Model hot,"" as the parlance goes. Vaccarello likes what he likes, which is more than you can say for plenty of other young designers, but he's making clothes for a very small minority. That's why his tie-dyed denim was a promising development. It looked as cool on a pair of slouchy boyfriend jeans (accessorized with a red belt and matching shoes made in collaboration with Stella Luna) as it did on one of those sexy, high-waisted minis with the cutouts on the side. Yes, the Vaccarello woman is the life of the party, but even in fashion, however much we hate to admit it, parties come to an end. To evolve, the designer will need to keep thinking beyond cocktail hour."
5959,"Sometimes clothes can just be a little too pretty. It's a fine line, and Tocca designer Emma Fletcher earned a devoted following for her old label, Lyell, because she was so intuitively good at landing on the right side of it. This season, though, she over-sugared the mix. The collection was a riff on off-duty ballerinas, a rather sweet reference to start out with, but one that Fletcher spun in a streetwise, New York City-in-the-seventies direction. A few of the ensembles seemed to have wandered off the set of some never-made Scorsese film about a dancer the fluttery crop top worn with a pair of golden yellow cigarette pants, or a pale blue and white pleated midi skirt and sheer knit tank. But that dancer character never really cohered: One minute she was a cutie-pie in a stars  n? clouds-print romper; next, the second coming of Jean Harlow in floor-length bias-cut dresses patchworked with lace. Those dresses were very appealing, and there were several other appealing looks, too the pintucked blouses, for instance, or that pleated trapeze dress with a sexy dive in the back, or the lipstick red jumpsuit with a ruffled sleeve. Plenty of commercial viability here, then, but the point of view was wanting."
5960,"Cashmere will always be the raison d'être of The Elder Statesman , but for Spring, Greg Chait found a new fiber to call his own: denim. The new collection had the usual Statesman offering of great hand-painted and -dyed cashmere sweaters, in striped, blocked, and baja versions; dyed scarves; and plaid shirts and shirtdresses in tissue-thin pashmina one sleeveless, for the redneck who won't compromise on quality. But here, too, was embroidered denim sourced from the hills and dales of Guatemala. On a recent trip to the country, Chait became enamored of the traditional embroidered skirts Guatemalan women wear and, a bit of market haggling later, found a supplier. He's cutting the cloth into rainbow-striped jeans in cigarette and boyfriend styles, shorts, overall rompers, and even a body-sized denim duffel. That bag comes with a patch of the California Republic flag one hand-beaded by craftspeople of the Masai. Why do cheaply and easily what you can do laboriously and expensively?  There, in a sentence, is the Elder Statesman's core creed. And if you're comfortable with the basic premise of luxury products i.e., that a sweater may be worth the price of a visit to the Masai then touching is believing. (Chait himself is such a charming evangelist that a walk-through with him may be enough to win over any doubters.) Though the line bowed out of an official presentation this weekend, Chait has larger goals in mind: the movement of production from New York to his home base, L.A., where he recently opened his own factory, and the eventual debut of a Beverly Hills store. In the meantime, the introduction of denim, priced in line with the cost of most designer jeans, happily enough offers a foothold entry point to the Elder Statesman world for those who may not have a separate annual budget for cashmere. (The un-dyed Kenyan cotton pieces may help, too.) And for those who do have the means, Chait's most lavish cashmere pieces still have their faintly numinous appeal. They pull off the feat of being holy without being pious right in line with the bearded, Birkenstocked, music-fest styling. It suggests the new best way to tell a hippie from a trust-fund hippie: Just nuzzle his sweater."
5961,"A sense of melancholy and a remembrance of things past seem to be permeating quite a few of the collections this season. That relentless cheerfulness and upbeat color palette that are often a hallmark of the Spring shows have been rejected by some. And Giles Deacon's collection could be seen as one of the mopiest of the lot. ""After last season, I was satisfied with the direction we were going in, and I decided I wanted to do a non-flowery summer collection,"" he explained. ""I wanted a melancholy to it and none of that summer fun fun."" That's not to say that moping around can't be quite enjoyable at times, too especially when it comes to a remembrance of the early to mid-nineties, in Deacon's case. He is from a generation that was fundamentally shaped by that period in pop culture and fashion. The era is seen as a golden age for London, when style magazines ruled, personal style was all, and both mainly formed fashion. To convey that mood, Deacon turned to Glen Luchford's photography of the period, writ large, or rather blown up, to monumental proportions as full photo prints on a variety of dresses; they appeared painterly on silk gazars and chiffons. The two are longtime friends who reconnected recently over Instagram, where Luchford has been posting his early photography and some of his unpublished Polaroids. They had the starring role here, with the ghosts of a young Kate Moss, Amber Valletta, Amanda de Cadenet, and Guinevere Van Seenus staring out from the picture planes and the silken folds of material. Deacon had wanted something with ""clean lines [that was] less historical"" this season, and it was these dresses that provided it. The whole collection was styled with Adidas trainers a combination of Shell Toes (Superstars, to give them their official name) and Gazelles. That again took the edge off the costume drama, as well as offering another nod to the nineties. But nobody can be that melancholy for that long. The rest of the collection spun around a motif of pink and purple mouth prints and crystal appliqués. It looked like an almost nod to the Rolling Stones logo Georgia May Jagger was in the show, and it could have been modeled on her pout. Or it might have been an homage to Katie Grand's gap-toothed grin. The stylist of the show, she's also a longtime friend and collaborator of Deacon's. They too met in the early nineties. What sat less easily was a section devoted to bats, yes, bats Deacon often goes off on these tangential trains of thoughts for his own amusement, and this is where the train ended up this time. It brought to mind less melancholia and more of the Scooby-Doo opening sequence. Saying that, there was a short black layered dress in this section, with tight tulle pleats under a shorter transparent shift embroidered with jet-black beads. It was the most beautiful dress of the collection."
5962,"Watching Maison Martin Margiela's MM6 show was like taking a deep breath of icy air. At first glance, Spring's clean lines, refreshing colors, and straight silhouettes looked the epitome of simple and they were. But many of the pieces were terribly clever in that they completely tricked the eye. Take the round handbags, for instance: They were smartly sculpted to look as though they were consistently slouching. Or the finale look: You think that's a tuxedo paired with that bibbed blouse? Wrong . It's a glorified tracksuit. Transparency was an MM6 focus this season something we probably should have guessed after receiving the invite (a bottle of bubbles) or watching the serene projections of soapy spheres float across screens on the runway. A paper-thin white sheer T-shirt was shown over a V-neck lapelled vest-dress the cerebral house's take on underwear-as-outerwear. Meanwhile, a structured trapeze frock was constructed from lace trapped in a see-through film, and a few of the models wore moccasins that were totally translucent. The overall effect was space-age angel. Unlikely proportions were important to the lineup, too. Early on in the show, an airy white shirtdress was sent out with an electric pink hyper-cropped hooded jacket, the hem of which just hit the bust. Later, the same shape appeared as a capelet on a sporty coat in the same hue. Speaking of hues, pops of baby blue, teal, and tangerine were used sparingly to liven up the otherwise quiet palette of lavender, black, navy, and white. And two prints a photo-realistic image of a winding staircase, and a rendering of the bright cerulean sky and ""Opening Hours"" sign outside the Maison's Tokyo boutique were so weird that they worked. Bottom line? This collection's approach to basics was thoughtful enough to intrigue, and the clothes were practical enough to serve as the building blocks of a real-world wardrobe."
5963,"Sydney-based designer Dion Lee kicked off his first ever New York show with a kind of art performance: The room darkened, and a hypnotic series of projections were screened onto the tall white boxes at the top of the catwalk. Finally, all the light in the room narrowed itself to one rectangle, and the girl in the first look stepped into it. This was all very much a throat-clearing gesture: Lee, the most admired and original designer to have come out of Australia, was giving a little fanfare by way of introduction to New York. Much of the show felt like an extension of that, as Lee revisited many of the ideas and techniques that have made his name over the past few years.  For those unfamiliar with Lee's work, his 3-D pattern making, textile innovation, and rigorous, futuristic take on body-con undoubtedly came off as bracingly new. Showgoers acquainted with the designer's oeuvre, meanwhile, would likely feel that this collection was more about refinement than progression. That's not a criticism: Lee has advanced a lot of ideas recently, so it was smart of him to seize this opportunity to take stock. And as a result of that, all the clothes here had the look of clothes  wearable stuff, or, at any rate, wearable for the girl prepared to go out in a super-bare bustier top made entirely from molded panels of leather cord. Lee does not design for the shrinking violet. One new idea he did introduce here, though, was a bit more circumspect. It turned out that the tiered, column-shaped dress in black and cobalt was made from the material used to face neoprene, and Lee had sculpted the pleats into the dress by bonding the fabric in different ways. That look wasn't the flashiest on the runway, but it did assert a new direction for Lee, one in which he applies his considerable technical imagination to the task of designing for women who aren't Amazons."
5964,"Chloé has become the go-to place for a certain girl's wardrobe, for something polished with punch. An English, boyish discipline added to the French finesse of the house has been in the ascendant. But today the concentration moved more toward the French side, and the more overtly feminine feel of a certain kind of French style. The music might have been loud drum and bass, with all of its hard, mid-nineties London connotations, but this collection felt decidedly rooted in Paris.  A girl more sensual than before? is how Clare Waight Keller, the creative director of Chloé, defined the muse of her new collection. Softening the boyish toughness she has introduced at the house while not completely eliminating it had been the goal, and she largely succeeded. Waight Keller seemed primarily concerned with making her point through fabric choices:  A sense of sensuality through transparency,? she said before her show. And there were indeed great fabrics in the collection: super-matte georgette; a patchwork jacquard; light quilting; a rough, more geometric lace. They all added to a certain sense of tough sensuality for the season, as did the more angular silhouettes. Yes, tight accordion pleats were in evidence in this collection, too. This is the season of the Pleats, Please revival after it had been Pleats, No Thanks for years. But the Chloé pleated garments were some of the best around. Among the strongest pieces were the tapered-leg khaki trousers with ankle ties, the khaki dress defined by Waight Keller as  flag shaped? with a deep V, and the inset pleats featured in a blue patterned dress, giving a dynamic effect. And the most sensual garment of the collection was pleated, too a white dress with arm ties, split high at the sides, worn with silk cami-knicker-style shorts. Clare Waight Keller has not produced anything quite that sexy before. If this collection didn't quite reach the heights of last season, it really shined in its more boyish and playful moments, such as in the final inset-chain pieces. Overall, it was another accomplished offering at the house, and Chloé's consistency is no mean feat."
5965,"One upside of a digital fashion show is the opportunity to pause a model mid-stride and cross-check the program notes for all her outfit details. For Pedro Lourenço , this is particularly important because a focus on detail is what sets him apart. A walk-through of the collection this morning following the video's debut yielded an array of design minutiae: Lourenço became so obsessed with laser-cutting this season that nearly every piece expressed some mastery of the technique. He used it to cut silk crepe into an op-art dot pattern, which he then fused onto tulle. He adhered black lamé to satin before laser-cutting the double layer into an abstracted orchid. And he affixed a pattern of laser-cut and pleated scales to a gilet so it loosely resembled a pineapple. The fruit was one element to emerge from the Brazilian designer's random trio of inspirations: Carmen Miranda, nudity _ la Marisa Berenson, and the recent Dynamo exhibition at the Grand Palais that focused on kinetic contemporary art. Literal interpretations could have ended badly. But Lourenço is smarter than that, which is why the shimmering optical illusion he used to imply nudity was far more sensual than any exposure of skin. While the aforementioned pineapple and ruffled ""basques"" were metaphorically Miranda, the latter had a tendency to complicate Lourenço's clean silhouettes. Conversely, the dégradé effect he spent months developing took shape as a faultless silvery sequin-embroidered tulle skirt. It was ample proof that technical obsession can be rewarded accordingly."
5966,"Change comes incrementally in Raquel Allegra collections. It does come, though, even if you have to look closely to see it. This season, for instance, Allegra did quite a bit to refine her tailoring, integrating more structured fabrics than usual and introducing soft-tailored looks with a military vibe. There was also an uptick in color here a pale pink gauze, for instance, made for a welcome brightener, while the standout among Allegra's tie-dyes this season was a black splotched with varying shades of red and pink. A silk maxi tank dress with that dye job will be on many a girl's summer wardrobe wish list. And for that matter, the white-backed pieces, with splatters of pink and navy, are going to have a lot of takers, too. Allegra is getting increasingly playful with her dyeing techniques, and increasingly subtler with the deconstruction that made her name; here, in most of the looks, the deconstruction was reduced to a gesture, like the raw hems of a silk sheath. All in all, this collection was a case study in how to reaffirm brand signatures while also subtly advancing them."
5967,"It's gotten tougher to be a new designer in London. The fashion week calendar here is so jam-packed, it's virtually impossible to muscle your way into one of the official time slots unless you have the strong support of the local industry behind you. To this reviewer's knowledge, this season there was only one designer showing on the official London fashion week schedule for the very first time, and that designer was Barbara Casasola . Though her name may be unfamiliar, Casasola is no novice: Since launching her label in 2011, the Brazilian-born designer has shown her collections in S o Paulo and by appointment in Paris, and she was a finalist for last year's Who Is on Next? award, co-sponsored by Vogue Italia . It wasn't entirely a surprise to find that Casasola's front row included some of fashion's heavy hitters, chief among them Net-a-Porter founder and BFC chairman Natalie Massenet. This collection did not disappoint. Casasola brings an authentic refinement to her work; she's incapable of producing a look that seems trashy. She's also a careful and inventive technician, and her clothes are always finessed down to the nth detail. Where she's struggled, at times, is with incorporating a sense of ease and buoyancy; the signature Casasola look is very controlled. That was true of the ensembles in this latest collection, but the leap here was the atmosphere of lightness. Casasola had considered her clothes, but not to the point where they came off mannered; meanwhile, she mitigated the potential frigidity of the collection's sculptural and geometric aspects by working with sheer, gossamer organzas and fluid shapes. After the show, Casasola said she was bouncing off the work of the late Brazilian sculptor Lygia Clark this season, and these soigné clothes did seem to capture both the discipline and the sensuality of Clark's constructivist forms. Nicely done."
5968,"Banana Republic was founded in San Francisco, and the new Spring lineup, entitled True California, took the brand back to its West Coast heritage. Instead of repackaging the season's major trends, this collection focused on classic American sportswear, which was the foundation of BR, and the result was authentically fresh. At the Spring presentation, acting head of women's design Melloney Birkett explained that she wanted to play up textures by working in a neutral color palette with ""Sonoran desert shades sand, oatmeal, and hints of grounding coral."" A clean ivory bomber that combined nubby linen and cotton piqué was paired with a tonal basket-weave sweater and flattering fluted skirt. Meanwhile, a perforated white leather shift dress layered underneath a crisp trench looked modern and versatile. The pant silhouettes were easy and relaxed. Soft, borrowed-from-the-boyfriend chinos cuffed just above the ankle were well suited to both BR's signature safari jacket and a simple button-up. And styled with a casual navy V-neck pullover and accessorized with an on-trend bucket bag, braided bangle bracelet, and chic cognac leather ankle-strap sandals, a pair of wide-legged ""framed"" trousers in color-blocked tuxedo stripes stood out. On the menswear side, tailored khaki suits, light wash jeans, and sharp peacoats hit a similar note. Ultimately, uncomplicated wardrobe staples are what Banana Republic does best, and the label was smart to emphasize them here."
5969,"Anyone who was at Dries Van Noten 's men's show in June was prepped for his women's presentation today. Back then, he was talking about how his research for his career retrospective at the Musée des Arts Décoratifs in Paris next February had led him to the ""pretty, but strange"" flower prints that men wore over the centuries. He was thinking about men like Oscar Wilde, Jean Cocteau, Jimi Hendrix. For his new collection, you could almost imagine the women Dries had on his mind as their decadent soul mates extravagant free spirits like Tamara de Lempicka and Loulou de la Falaise. Spring be damned, the show was a stunning parade of dark tulip damasks, jet black ruffles, Byzantine gold, Ottoman tassels, and embroideries that set the night sky against barbed wire as the season's leitmotif. Into that heady brew Van Noten stirred the plain and simple, in the form of honest, hardy fabrics like poplin, calico, natural linen the result was a perverse, audacious marriage of rich and poor. Opulence masked itself: A gold leather waistcoat gleamed under a rough calico coat; a crocodile handbag was burrowed deep inside a carpetbag. It was just like the royal family (French, Russian, pick another) disguising themselves as peasants in a futile attempt to escape the revolution. And there's a cautionary tale for our time. The detail was extraordinary. There were tiny droplets of gold in the models' eyelashes and gold woven through the parts in their hair. The backdrop of the men's show was massive sheets of quivering gold Mylar. Here, the gold was applied as foil to huge slatted wood screens. The empire was failing, the gold was flaking, but still, the artisans slaved on. The handwork on a micro-beaded gold shift was so miniscule it was almost invisible. An equally minute tracery of sequins paneled the front of a calico coat. (It's moments like these when Van Noten effortlessly touches on the obsessiveness of haute couture.) The designer teased the face-off between the peasant authenticity of raw cotton and the outrageous flounce of gold lamé ruffles by sticking them in the same outfit. He joked that his last look anchored by a giant rosette of white and gold was ""bridal,"" but seconds before, he'd shown the same outfit in a furious flounce of funereal black, complemented by Daiane Conterato's resolute little face looking like she was ready to flamenco that frock to death. Dries conceded the darkness of the collection, the almost gothic quality. But he insisted that Spain, inspiration for the ruffles, was dark too: Goya, Velözquez, Zurbarön, Balenciaga ? The soundtrack was a solo performance by the bass guitarist Colin Greenwood, of Radiohead. Inspired by his favorite piece from the collection, which featured a cunning use of the barbed wire embroidery, he adapted the bass line from the Radiohead song ""My Iron Lung."" For his Spring men's show, Cindy Blackman Santana's drumming; for his women's, Colin Greenwood's bass. Next season? ""Well, obviously, Cindy and me playing together,"" said Dries. Wait for it: Dries Van Noten, ™ber lord of fashion's drum 'n' bass set."
5970,"Steven Alan doesn't go in for concepts much. This season, per usual, he kept things matter-of-fact, taking a simple blue band-collared shirt as his starting point and building his collection from there. The focus was on fabric, volume, proportion nuts and bolts, in other words, out of which Alan put together a collection that transcended its parts. Some of that had to do with tone: There was something ethereal and romantic about these clothes, what with the soft palette, mannerist long shapes, and easy, floating volumes. And much of the success of this outing had to do with Alan's materials, especially his sheer-ish white tulles and soft, Japanese discharge print denim. The fabrics really helped to elevate the collection. Alan did have one ""concept"" group here, too: The bold floral pajamalike pieces were, he explained, his take on Japanese ""roomwear,"" the relaxed clothes people wear at home. These looks didn't exactly sit with the rest of the collection, but they weren't disruptive either. And anyway, ""roomwear"" is a fantastic idea and should be widely adopted. Alan's shows have always featured good clothes, which fly out of his expanding empire of stores, but this was his first collection that seemed to have more of a vision in place. It will be interesting to see what's next."
5971,"Once upon a time (about a decade ago), expats newly arrived in London (like yours truly) quickly learned that the place to shop was Temperley London in W11. Alice Temperley was the cool girl's designer because that is exactly what she was herself: the pinup for cool. Shoppers flocked to her Notting Hill outpost for a bit of tea and comfort in the form of thick knits and cozy gypsy looks clothes that telegraphed the English rose, aprs-hunt thing, even on non-English-rose types. It was a lifestyle, not just a sweater. But now, with her new Spring collection, all that has changed or, more accurately, it's been revved up. These days, Temperley is casting her net out to a wider international clientele. Some of it may have to do with dressing the Duchess of Cambridge, and by doing so, helping to put Kate (never mind herself) on this year's Vanity Fair International Best-Dressed List. Indeed, her appeal has a borderless following. On a recent visit to Doha, Qatar, we saw women go mental in her store (there's really no other way to describe it), while neighboring shops stayed empty. The appointment of Ulrik Garde Due, formerly of Georg Jensen, Burberry, and Céline, to CEO is part of a strategic plan to grow the brand. Temperley's Spring collection, inspired by a holiday in Sicily, should go a long way toward doing the same, without alienating her fans. Key pieces included trapeze shapes and a new way to deliver a bolero jacket, with sleeves that were structured and flowy at the same time. But, as always, it was the surface details the rose damask fabrics, the complete symmetry of the embroidered flowers on organza, the crystal embellishments, and the cherry-blossom prints that seduced. Temperley has such a sure hand, she even made a leopard print mixed with a lilac floral look good. Her challenge going forward will be maintaining this momentum."
5972,"Drake's big up to Donatella closed the Versace show tonight, but it was Nine Inch Nails who soundtracked the rest of the presentation, and it was the sullen mean girls of hard rock, not hip-hop, who shaped the collection. Maybe that's why the whole thing worked so well. The Reznor situation was close to Donatella's heart. Beforehand, she was as excited as we've ever seen her as she waved around the Versace World Tour 2014 T-shirts that were standouts in the show (she wore one for her walkout). The gigs listed on the back of the tee ran the usual gamut New York, London, Paris, etc. but Jupiter and Venus were also named. Interplanetary Donatella? That sounds like a lost masterpiece from space-rock gods Hawkwind.  The metal details came hard and heavy in the collection: studs on denim, mesh bandannas, chains round necks or harnessing torsos, hook-and-eye closings. Definitive: Lindsey Wixson in a shag cut, sheer blouse, black bandeau, denim pencil skirt hook-and-eyed down the front like it was stapled shut, and towering platform sandals bound to her feet with elastic bands. But if the clothes looked tough, they had a surprising softness (there was a lot of linen in the denim), or at least a richness. The hard, hip-slung, sheeny circle skirts that opened the show were actually raffia.  To be perfectly frank, those opening looks the collection's manifesto, if you like threw major shade on the more traditional wrapped and revealing evening looks that closed the show. That might be the Versace that Donatella imagines people expect from her. But how much better it is when she lets her rock 'n' roll heart run free."
5973,"This was a very impressive outing from Vika Gazinskaya . In the past few seasons, she has really nailed down the signatures of her look the naïveté of her prints and embroideries, and the expansive volumes of her shapes. Feeling very much at home here in her brand vocabulary, she found ways to deploy it with more subtlety than usual, elevating the tone of her clothes in the process. Gazinskaya's use of volume was a case in point: Although a few garments were exaggerated in the typical Gazinskaya way, more of them had a light touch, like the strapless dresses that floated off the body a bit, or the spaghetti-strap blouses and dresses with ballooning, off-the-shoulder sleeves. Elsewhere, the designer dispensed with volume altogether and focused on texture; her strongest look may have been the lean pencil skirt in ribbed cotton worn with a superb pleated halter top. (That halter should be a favorite among celebrities and street-style stars.) Another outfit, with a similar sense of simplicity, was a pair of slouchy striped cotton pants paired with one of the collection's suspended blouses; it had a really modern ease. Gazinskaya finally seems to have gotten comfortable with casualness, and even her dressy wares benefited from that. Nicely done."
5974,"Now, let's get this out of the way up front: Strictly Come Dancing  it's what you know in America as Dancing With the Stars . And it is one of those bizarre British formats we have gifted to the world. Don't thank us all at once. Julien Macdonald is one of the stars of the TV show this season, and he was dashing from the gilded confines of the City of London's Goldsmiths' Hall, where his fashion show was today, to the not-so-gilded BBC TV studios to dance for the viewing public this evening. That's about eight million people and quite a big deal in Britain. And quite a tall order for the established designer and new-to-ballroom dancer Macdonald. ""I'm not that good a dancer. And people seemed to think I would be,"" he declared after the show, his fashion show that is. So what were we to expect on his catwalk today clothes to rumba and cha-cha-cha in? A take on the Argentinean tango by way of the Blackpool Tower Ballroom? No, those hopes were quite dashed. ""I'd already started my collection by the time I knew about Strictly ,"" said Macdonald, who'd previously been an occasional ""glambassador,"" commenting on fashions for the program. ""I did decide I needed more crystals last night, and I sat sewing them on at my kitchen table underneath my Tom Dixon glitter balls. You can't have enough glitter!"" And, actually, when it comes to a Julien Macdonald collection, you can't really. You have to embrace it. Today's offering erred on the side of something a little more sedate but that really is not sedate at all by any normal human standards. ""I went to Morocco and I fell in love with the place again,"" he said, ""the avant-garde, glamorous nightlife of the past; the exotic gardens and the colors in them."" In a palette of pales plus silvers and golds there was something a little more ethereal and restrained going on. But ethereal and restrained are not Macdonald's strong suits, and when he let loose with his more baroque looks an oddly Metropolis -reminiscent body, a crystal-encrusted catsuit, or the scrolling motifs of the first and the second-to-last looks, the latter with an introduction of a hint of darker blue you could tell the designer felt more at home. At home gluing crystals under the mirror balls in his kitchen, no doubt. There was also the darker passage of black wool knits, as always intricately constructed and finely done. ""This is my job,"" he added firmly at the end. ""My priority is fashion; that's my business, and I have found it difficult juggling the rest. I finished dancing earlier than I was meant to this week. I had to put Dorothy back in the box."""
5975,"Rick Owens thinks of himself as the classic American in Paris, mesmerized by the culture that surrounds him. So he wanted to give something back with his new collection, something from his world. But there was no way that Parisians or anyone anywhere, for that matter could be prepared for what Rick gave today. For inspiration, he looked to stepping, which evolved in African-American colleges as a hybrid of step dancing, cheerleading, and military drill. (Choreographers Lauretta Malloy Noble and her daughter LeeAnet added other elements Zulu dancing, for instance to customize the designer's presentation.) For the past five months, Owens and his people worked with stepping teams from four sororities Washington Divas, Soul Steppers, The Momentums, The Zetas to produce a performance that was as spectacularly synchronized and spotlit as a Busby Berkeley celluloid set piece from the golden age of Hollywood. Forty dancers features set in a scowl steppers call ""grit face,"" intended to intimidate the competition pounded the catwalk in outfits that transfigured Owens' signature wrapped, draped tropes. These women needed to move. The clothes were adjusted accordingly hiked, laced, slit, zipped to allow maximum motion. It was a revelation to see Owens' clothes so transformed: immediate electricity rather than the monumental serenity that has pervaded his womenswear of late. If he's always wanted to create clothes that were, as he said, ""a cross of elegance and roughness,"" this was the time and place he made that happen. In his hands, the notion of extreme sportswear became something as gorgeously unlikely as the NBA in Vionnet. And that was some kind of vision. More than that, it was bliss to experience Rick's joyous assault on fashion orthodoxy. ""We're rejecting conventional beauty, creating our own beauty,"" he said. He's acutely aware of the accusations of cultishness that are leveled against his clothes, but all those body types today added up to as inclusive a catwalk vision of womanhood as we're ever likely to see. Such a gentle notion, and yet it struck home with a sledgehammer force. Sure, the breathtaking presentation counted for a lot, but it got its overwhelmingly timely weight from the culture of denial and exclusion that is currently eroding American politics."
5976,"A clean slate. That's what Danielle Sherman was given after being appointed creative director at Edun , the LVMH-backed, ethically sourced collection that was founded in 2005 by U2's Bono and his wife Ali Hewson. The original idea for Edun to effect a real change in developing countries by employing locals to produce clothes instead of simply offering aid from the proceeds generated by said clothes has stuck, but its designers haven't. First, there was Rogan Gregory, who departed in 2007. Then came Irish designer Sharon Wauchob, who led the label for six seasons. But while these designers are talents in their own right, their ideas for the brand were never strong enough to make it more than a do-gooder label with starry associations. As with much socially responsible fashion, not enough attention was paid to the actual clothes. And as great as it is to buy something that you know was produced in an ethical way, you're only going to buy it if it looks good. Sherman, who helped launch The Row and was design director of T by Alexander Wang for the past five years, has approached her first position at the top in a decidedly different way from her predecessors. And the initial results are more than promising. To start, she has an opinion. About everything. ""The fit, the fabrication, the logo we're redefining it all,"" said the designer just days before her Spring runway show. ""For me, it's about creating clothes that women want to wear."" Sherman's new definition of Edun is about ""flattening"" the silhouette: shirts, blazers and coats are collarless, given dimension through piping on pajama blouses and a handwoven basket weave on a crop top. That cropped shell was worn over a loose tank and a pair of louche box-pleat trousers in white, which were printed with rows and rows of right triangles in brown (a color designers often seem afraid to use). Deep-slit wrap skirts were slung low on the waist and many were done in a rich, rusty leather, some handwoven to create a graphic checkerboard. Sherman was also intent on slicing up the side seams of T-shirts it lets the wearer tuck the front in and leave the back loose. High side slits on long, straight skirts again in white were also prevalent, made to look more nomadic than sexy paired with matching Birkenstocks. A standout long skirt was a stretch-viscose white crepe with rust-colored leather stripes going up those side slits; they gave it an almost collegiate appeal. To be sure, Edun's altruistic intentions remain, and Sherman is working with artisans throughout the world to create the wares she wants. The designer visited Africa earlier this summer to get the company's factories there on track with her new vision. And that influence can still be felt, especially in the jewelry like a horn and crystal neck cuff or the baja hoodies done in leather and knitted mélange rope. In the past, Edun sat on the contemporary floor at department stores; this new collection will be upper-contemporary, or, as Barneys is now calling it, ""development."" It reflects the new level of prestige Sherman has brought to the brand finally, the strength of Edun's clothes will match the strength of its mission."
5977,"After a Fall collection that spectacularly starred a Frenchwoman on a rendezvous with romance, Christophe Lemaire took Hermès into the jungle for Spring. He's not the first designer to inject steam heat into his show this week, but given last season's scenario, it was hard to resist the notion that Lemaire's woman was on the run now, hiding in Brazil or Vietnam from her love gone wrong. Lemaire's big influence was Henri Rousseau, the Frenchman who painted jungles without ever having seen them. The pendulous flora of Rousseau's work were duplicated in the print that opened the show, with boots to match. The artist's dark jungle green colored tops, shifts, crocodile culottes, and a wrapped leather coat. It was, in fact, color that marched this collection on: mulberry, teal, sky blue, sunset orange intense shades that were new to Lemaire's formerly neutral world. He applied them to long fluid shapes, ideal for a woman who values anonymity above all else. The mulberry jumpsuit paired with flip-flops? No chance anyone on the run will attract attention in that. Still, as Lemaire pointed out, the Hermès woman is a traveler, an adventuress. In that spirit, the easiness of this collection made sense. Nothing more complicated than a voluminous shirt over a suede skirt, a generously cut linen suit, a blanket-weave wrap skirt. But this is, after all, Hermès, so there was also a pencil skirt in mustard croc, as casually tied as if someone had whipped a man's tie around its waist, or a petrol blue leather blazer draped over a teal blouse and a purple skirt in a symphony of Ackermann-like color. They seemed like the very essence of hiding in plain sight, like Malgosia Bela's appearance at the end of the show white shirt, high-waisted pleated white pants, and a sense of chic malevolence. Lemaire can sure spin a story."
5978,"A proven favorite of Hollywood stylists and A-list starlets, Zuhair Murad 's over-the-top eveningwear demands attention on red carpets. Paparazzi flashbulbs gravitate to his signature flashy beading, see-through lace insets, and body-con silhouettes like bees to honey. The Lebanese designer's new Spring collection was inspired by Victor Vasarely, who is largely considered to be the father of Op art. ""Vasarely was the master at engaging textural effects, perspective, shadow, and light to create dimension within simple planes,"" Murad said. Keeping Vasarely in mind, he created eye-popping motifs with clustered jet-black crystals on curve-hugging gowns, and incorporated scrolling, baroque-shaped cutouts and graphic mosaic-patterned lace on cap-sleeve sheaths and jumpsuits. In recent seasons, Murad has successfully expanded his range to include cocktail attire and separates; among these comparatively casual looks, a pair of wide-leg crepe trousers and a snug, tailored jacket with delicate Chantilly accents were the highlights. A knee-length black-and-white number with sheer panels at the sides stood out, too, mostly due to its simplicity."
5979,"It's said that pink is the navy blue of India. At her show today, Karen Walker made a pretty convincing case for universalizing that rule: Surely, in some chillaxed parallel world, suits like Walker's gauzy, double-breasted number in sun-bleached pink are the norm at the office, rather than navy pinstripes. For the sake of argument, let's call that parallel realm the planet It's All Good, and note that Walker's latest collection appears to have been teleported from that world to our own. Things are basically the same over there, you see, just totally, totally more easygoing. That was the vibe of Walker's looks both the ones manifestly inspired by India, like the tunic-shaped dress in a ""magic carpet"" print, worn over gauzy pale blue pants, and the ones that were entirely Western but expressed the same unfussed mood. Walker's baggy trousers conjured the attitude best: They looked smart, but also as cozy as pajamas. What more could a girl ask for? Well, for starters she could ask for a pair of shiny Karen Walker sneakers, made with the brand BePositive, or a bright yellow Karen Walker handbag, produced with Benah. Both collaborations made their debuts on the runway today. And it was all good."
5980,"While she was vacationing in Patmos this summer, Jill Stuart found herself ""thinking about rock stars' girlfriends particularly ones from the seventies on holiday, and then they go back to the city and put on a leather skirt,"" she said backstage after her Spring runway show today. With that in mind, Stuart conjured up a modern-day Marianne Faithfull perhaps a cool, carefree girl like Lily Aldridge lounging beachside in a thigh-grazing embroidered caftan or a diagonal-striped terry pullover tossed over her bikini. At night, she'd slip into a flirty mesh baby doll, smudge her eyes with kohl, and bound out for a concert or soir_e. While Stuart worked mostly in signature feminine fabrications like eyelet lace and appliquéd organza, the silhouettes here were definitely sexed up and occasionally a tad too suggestive. Gauzy bold-shouldered crop tops (yes, that trend is still going full speed this season) were paired with kicky miniskirts, and polished denim pieces including a mod shift felt more street-ready than most of Stuart's signature sweet wares. On the sultrier side of the spectrum, several frocks that were both super-short and super-sheer weren't exactly the kind of thing you'd wear to dinner at your boyfriend's parents' house. Ditto goes for a little black leather dress with a plunging-to-the-sternum neckline, particularly when worn with towering wooden-wedge heels. Those naughtier numbers aside, the lineup successfully presented modern ideas to Stuart's contemporary, fashion-forward customer."
5981,"Donna Karan came out for her bow looking like she was ready to hail a cab. Trenchcoat. Oversize leather tote. Large, graphic-printed scarf. The crowd shrugged its collective shoulders and dashed off to the next show, but it's worth bringing up. Her collection would've gone over better if she'd reined in some of its excesses. She had the fundamentals of a beautiful lineup one that felt signature Donna: languid dresses slung with leather belts at the hips, softly constructed coats and jackets that slipped on like a robe, an inviting palette of sea blues and warm, sunbaked browns. But she took a wrong turn somewhere along the way. Her program notes described the collection as a quest: ""How to turn the sensuality and ease of a hand-blocked scarf into a chic urban wardrobe of day into night pieces,"" they said. But block prints are better in small quantities. On a silk caftan shirt and matching stretch georgette wrap skirt, they overwhelmed. Ditto goes for the printed pajama pants paired with a handwoven suede jacket trailing fringe to the knees. The enormous crushed leather hats didn't help her cause, although the large pendants on leather cords looked new and cool. For the most part, Karan swapped prints for solid colors on her evening dresses, and the show ended on an up note. Kati Nescher's spice and terra-cotta halter gown was knockout."
5982,"Hands down, the standout pieces at today's Emilio de la Morena show were his carelessly chic jackets and coats. So it didn't come entirely as a surprise to find that de la Morena's initial inspiration this season was some outerwear of his own. Eschewing his typical art world references, de la Morena just riffed on an old, sleeveless waxed jacket, and that made for his most direct and realistic collection yet. Silhouettes were a touch slouched and fluid, and a sense of rawness pervaded in the fabrics, with grainy hessian silk predominating. Elsewhere, de la Morena amplified the collection's tactility by creating handwoven knits these were great and fixing appliqués on top of a woodblock print, a technique that created a fluttering effect where it was used. De la Morena is still a romantic at heart. On the other hand, he can also tailor the hell out of a pair of lean trousers, and with this collection, he merged his poetic and technical instincts in the service of clothes that had some of the ease of an old, beloved jacket."
5983,"Im a ready-to-wear designer, too, said Brandon Sun at his Lincoln Center presentation. Sun, who ran the fur programs at J. Mendel and Oscar de la Renta before launching his own line in 2011, wanted to show off his other talents this season, so he only used the soft stuff sparingly in "
5984,"Markus Lupfer 's presentation was set up to feel like a teenybopper's bedroom, full of girly stuff, just missing a Tiger Beat cover on the wall. But perhaps the most striking thing was the lack of merino wool sweaters emblazoned with lips, perfume bottles, and slogans. ""I had to peel back a bit from that,"" said Lupfer. ""My slogan sweaters were being copied so much, I had to find something else. I suppose in a way it's good, as it's making me find a new signature."" If this collection was the upshot of that process, then the whole imitation/flattery thing has served Lupfer well: There were some very pretty alternatives to those sweaters here. A series of delightfully ditzy floral prints was inspired by ""a bedspread that I loved as a kid,"" the designer said. ""Very cozy and inviting."" Soft denim chambray looks with tiny embroidered bicycles and slogans were instantly covetable, as was a white damask floral series. Bigger slogans weren't completely absent, however: Hidden behind floral bomber jackets were T-shirts that read ""Loser,"" ""Lame,"" and ""Jerk."" ""Yes, this girl is a bit of a rebel,"" said Lupfer. Apparently, she's also a cat lover: There were ""Meow"" slogans and cat faces embroidered throughout perhaps a nod to the copycats that are forcing Lupfer's hand. Lupfer has always struck a certain chord with women so much that it's carrying over to their daughters. His children's line at Debenhams, co-designed by Donna Air (girlfriend of the Duchess of Cambridge's brother, James Middleton), is proving a success; his collaboration with ASOS, featuring unique reworkings of leather, caused plenty of excitement. But like with all good designers, his imitators are forcing him to move forward and his customers will probably be happy to move on with him."
5985,"After several seasons showing via presentation, Christopher Raeburn made his debut on the big stage at London fashion week today. He's taken an unusual route to the runway, having started out primarily as a designer of unisex parkas and anoraks made from upcycled military dead stock, then expanding his offering and elaborating the brand's point of view. Raeburn is manifestly talented, and he's earned his right to a catwalk. But is that where his clothes belong? Today's show raised that question. This was Raeburn's most elevated and polished-looking womenswear collection by a long shot, and piece for piece there wasn't a bad look. His fabric selection was particularly savvy this time and included luxe textiles like a lizard-patterned jacquard and textured indigo-dyed linen, both from Italy, and technical materials like a squishy turquoise mesh from the Swiss manufacturer Schoeller. His prints, based on antique Ordnance Survey maps and super-new satellite photography of the desert, worked aesthetically and as storytelling. The designer's silhouettes have never before come off so feminine and refined. But when viewed as a whole, too few of these items really announced themselves, and too many of them seemed like showroom pieces thrust into an unforgiving spotlight. There was something missing here that was hard to define, but for lack of the correct word let's call it fantasy. Raeburn is very much a form-meets-function kind of guy; you get the sense that he's at his most geeked-out when thinking about the utilitarian aspects of his clothes. And utility, for better or worse, doesn't translate easily to a runway. Raeburn is nothing if not a quick study, though; perhaps by next season he'll have made that last statement untrue."
5986," Je pars habiter _ Los Angeles,  reads the graphic T-shirt that opened Jasmin Shokrian 's Spring lookbook. The French phrase translated: ""I'm going to live in Los Angeles"" succinctly summarized her idea for the season. ""All eyes are on L.A. in a way that I've never seen before. Everyone has this fascination with the city these days,"" said Shokrian, who grew up in Southern California and is still based there. ""I wanted to express that there are many more layers to L.A. than what you see on the surface."" While that T-shirt was the only item in the lineup that directly conveyed the City of Angels theme, the new collection did have a more casual vibe than usual. The laid-back West Coast lifestyle was best exemplified by several light-wash chambray pieces, as well as trompe l'oeil jersey dresses screened with geometric shapes, one of the designer's preoccupations. Other highlights included a knife-pleat poplin skirt, architectural sack dresses cut from a stretchy poplin viscose, and pretty organza caftans made for lounging poolside. Shokrian's clothes are a reminder to East Coasters like us that it's not all terry sweatsuits out there."
5987,"The show began with the beep of a technical disturbance, and the first outfit, an abbreviated suit leather briefs, leather cardigan jacket, matching leather booties came in the color-bar stripe of old television test patterns. Do not adjust your set: Jeremy Scott is here to interrupt your regularly scheduled NYFW programming. But as interruptions go, you could set your watch by Scott's. Every Wednesday of New York fashion week receives this familiar intervention. The crowd is reliably pound-for-pound the week's truest representation of on-the-street fashion obsession versus jaded, editorial dutifulness. And you know to be prepared for the interminable wait for the celebrity front-row to finally file in (this time, Nicki Minaj and A$AP Rocky). And then the collection. The accoutrements Eugene Souleiman's bouffant wigs, Michel Gaubert's girl-group soundtrack bubbling over with ""Lollipop"" and ""My Boyfriend's Back"" suggested the moment when the fifties met the sixties. But the clothes themselves were vintage Scott. His short, tight, and sugary designs, rarely looser than second skin and longer than barely there, are playbook by now. Despite his increasingly high-profile collaborators, key among them his stylist as of last season, Carlyne Cerf de Dudzeele, the designer seems immovably settled into his own idiom. There's no shortage of fans for it, as his presentations amply demonstrate, but the clockwork regularity of it makes you wonder why he feels a need to demonstrate it so amply. At fifty-five looks, his show was one of the longest of the week. The news here came from a partnership with the great Pop artist Kenny Scharf, who worked with Scott on prints: glowering tribal-mask heads, Scharfian toothpaste-y squiggles, and cartoon faces. The show notes included a glowing quote from Scharf (calling the collaboration the ""greatest, most fun thing ever,"" among other encomia). Clearly last season's unpleasantness over Scott's googly monster prints allegedly lifted without permission from the work of Jim Phillips of Santa Cruz Skateboards and the subject of a lawsuit, reportedly now settled out of court was not to be repeated. So some things do change for the better. A few pieces that looked like pages ripped straight from Scharf's sketchbook, cut and sewn, made a case for the rewards of responsibility."
5988,"You could while away the minutes till Mary's show started today by playing Count the Katrantzou in her audience: All ages, all shapes, all sizes were wearing clothes from past collections. That spells success, but it also highlighted the challenge Mary Katrantzou faces with each new season. The niche she has carved for herself narrows as the novelty of her extraordinary work with prints fades. It's a terrible truth in fashion that the gasp of wonder is inevitably replaced by the shrug of familiarity. There were plenty of those as the audience streamed out today, which was a shame because Katrantzou had, on the whole, done herself proud with a collection based on ahem shoes. Well, they are fashion's favorite fetish, and as the show notes pointed out, they've always been a fairy-tale favorite, too glass slippers, red shoes, tokens of magic and mystery. Katrantzou offered shoes three ways: the laces, eyelets, and perforations of polished brogues blown up to make lush abstracts; the high-tech artifice of sport shoes molding the body instead of the foot; the sugary embellishment of a delicate evening slipper spun into rococo fantasias. The placement of the prints was, as usual, immaculate. The way huge shoelaces curved around a thigh, for instance, or the rubberized sole of a sneaker arched around a torso had an erotic charge. The shapes Katrantzou chose to highlight these effects were perfectly appropriate, too. One innovation was a pliant micro-pleated cocoon suspended from a strap across the chest an item packed with high-performance bounce. So far, so focused. But then came the evening looks: baby dolls exaggerated with ruffles, florals exaggerated with embroidery, everything choking on decoration. Katrantzou has been working with the legendary Maison Lesage in Paris. It's clearly an opportunity that has thrilled her to the bone, but it's maybe been too much of a good thing. There was even something slightly sinister about the overwrought edge. Perhaps that was her deliberate nod to the eldritch power of the shoe, the receptacle of so much human desire, elevated and base. Because it was clear from the Katrantzou-clad clan today that desire is something Mary knows what to do with."
5989,"Moving from presentation to runway is a big deal for a young designer; the transition has a very ""coming up from the minors"" feeling about it. Wes Gordon made the leap for Spring, and proved that he was ready to play with the professionals. ""Casting was interesting,"" he said in his studio a few days before the show. ""When I asked the models to walk, there was an actual reason to see them do it."" Gordon was just a babe in the nineties, but like many of his peers, he was inspired by that era particularly the elegance of the supermodels and, even if he didn't mention her, Carolyn Bessette Kennedy. There was also a subtle nod to grunge. A gray cotton cashmere crew-neck sweater was thrown over a lavender silk crepe halter dress with black lace insets instead of the requisite slits. A slinky pale pink pullover done in a cotton cashmere mesh that made it look almost like a thermal was dotted with jet black Swarovski crystals and layered over another halter gown, this one done in black silk twill on a bias. The designer launched his line in 2009 with clothes for the Lady with a capital L, and even if Nirvana's ""Come as You Are"" was playing in the background, he still needs to cater to those clients. A series of cotton pieces embossed with teensy checks did the trick. A pencil skirt in the material, worn with a pale green leather motorcycle jacket, was both proper and cool. But the standouts were the sexy body-skimming gowns. A racerback in white tulle, a slip in a weighty copper-colored satin with a longer lace slip peeking out from below and a cap-sleeve bias-cut sheath in rose-colored satin were all well played. The sexy pumps were yet again courtesy of an ongoing collaboration with Manolo Blahnik, but the small capsule of box clutches, done in partnership with the accessories line Kotur, was new. And Gordon doesn't want to stop there: He's quietly determined to build a lifestyle brand. ""Bit by bit, I'm making the woman more real,"" he said. You could almost smell the fragrance that is surely taking form in his mind."
5990,"Inspired by mid-century California artists and architects from Dan Flavin to the Eameses? Clover Canyon designer Rozae Nichols went linear for Spring, favoring clean lines and a longer silhouette to showcase her signature prints. The influence of Flavin's fluorescent tubing could be seen in the palette of muted brights and in the futuristic, symmetrical print that divided a close-fitting, sleeveless dress. In desert oranges, yellows, and reds, with a patch of pale blue at the collarbone, it was what an avid reader of 1950s science fiction might imagine Mars to look like. More easily identifiable were the architectural blueprints (borrowed from a friend's firm) screen-printed onto linen. Too specific a reference? Maybe, but there's a stylish docent out there who's been waiting for a decent floor-plan skirt for years. Translucent organza apron skirts worn over neoprene mini-shorts were crafty and cool; depending on how you wear them, they could even be a little kinky. A Clover Canyon print is nothing to be messed with, but these pieces weren't aggressively in-your-face like other graphic-heavy labels out there. In other words: a little more California, a little less New York."
5991,"While heritage isn't a term that really applies to a label less than five years old, it was the buzzword at the T by Alexander Wang showroom yesterday, which was bustling with retailers placing their Spring orders. This season, the designer refocused on bringing his line of basics back to, well, basics with updated workwear staples and clean, nineties-inspired silhouettes that felt in step with current trends. Stretchy ribbed knit separates including shrunken cardigans, crop tops, and pencil skirts came in bold shades like ""cola"" red or cerulean and featured two-way zippers that could be styled as desired, while simple camisole tanks, apron crop tops, and mini vest-dresses were cut from buttery lambskin. On the utilitarian side of the equation, carpenter jumpsuits and oversize surplus jackets similar to those shown in the latest T menswear lineup combined leather with leather-effect, coated denim in efforts to bring down the price tag, perhaps. As usual, there was a fetishistic emphasis on high-tech, custom fabrications like a shiny double knit used on boxy T-shirts and sporty track pants, as well as a lightweight tape yarn featured on mesh sweaters. These weren't your average cotton T-shirts, to be sure. The collection had a streamlined new look that felt fresh."
5992,"On the final day of a week of Paris shows that saw designers asserting their identities, yet at the same time pushing themselves and going against the grain, we come to the one who is always doing this: Miuccia Prada. In the Miu Miu collection she showed today, she did not disappoint. It was the companion piece to her Prada presentation, in its rebellious view of femininity, yet here, it was the clichés and classics of the feminine that were explored and presented as perverse. ""Anything that is classic, a repeat in history, a genre of woman or clothes that always comes about,"" defined the designer after her show. ""Classics, classics of trash, classics of chic, classics of the good girl, classics of the bad girl."" These classics ran from the children's coat scaled for the grown woman to the bugle-beaded bustier of the showgirl. ""There is the showgirl, Cher. The use of something so trendy now, like that classic cut of a sixties coat, the eighties balloon dress, mixing them all at once,"" Prada said. Pretty and perverse happened simultaneously, with immaculate wool coats and thick vinyl skirts in off-pastel shades against vivid thick wool tights, the kind that children wear, and boiled sweet Mary Janes. Mischievously sick. A bit like Courtney Love's ""kinder whore"" period but pristine, taken to the nth degree, with none of the grunge nostalgia. Of course, Love's femininity is yet another classic archetype on repeat. In the spectacularly transformed Palais d'Iéna altered again by Rem Koolhaas' OMA different kinds of interior worlds stood for these versions of femininity all at once. They ranged from the children's room, with its pussycat wallpaper a design to be found on jacquards, prints, and embroideries on both clothes and boots to the classic Milanese parquet flooring, Perspex seating, and shelving echoed in the chokers worn by the models to the gigantic Panton chandelier. ""I asked myself, What is classic? Why does it become classic "" explained Prada. ""People think that it is romance, but that's not it it is something instinctive. Why do women like pink and bows? I am always very intrigued by what attracts people so much."" Prada enjoys presenting something slightly off. Underneath a candy coating there is often a lurking sense of something wrong. She is frequently hailed as the intellectual fashion designer but this is almost damning and marginalizing for someone who enjoys slipping infectious ideas into the mainstream and ultimately works so brilliantly on instinct. Her aim is always to connect to her audience on an immediate level. That's why what she presents registers with people so readily, not only in the mind but in the gut as well, with a slight current of sickness and misapprehension underneath. That attraction and repulsion makes her output even more seductive, of course. Prada anticipates, giving people what they want but not what they think they want."
5993,"Tod's , the crown jewel in Diego Della Valle's fashion empire, has long had a ready-to-wear component. Back when the American Derek Lam was designing it, the clothes were a small part of the brand's seasonal presentation. But with Alessandra Facchinetti at the helm as creative director since February, the label's ambitions are bigger. A familiar name from her days as a designer at Valentino and Gucci, Facchinetti staged her first show for Tod's this afternoon, and it was an impressive outing.  ""Well, that was the best show we saw all day,"" a nearby editor said. Indeed it was, not only because of Facchinetti's playful riffs on the house's famous pebble-soled gommino loafer (the extra-long fringe was a fun touch), but also because of the clothes, which had a quotidian sex appeal that will really speak to women. Take, for example, the humble shirtdress, which she finessed the hell out of. In brick red cotton laser-cut in an eyelet pattern, it wasn't actually humble at all, but it retained its everydayness, which is key. Meanwhile, we'd bet that any number of high-profile types in the crowd would've happily exchanged what they were wearing for the double-breasted pantsuits that trotted down the runway. Be honest, ladies, how many other Milan shows can you say that about?  Backstage Facchinetti said she wanted to treat leather like cotton. Apropos of that, a dusty pink one-shoulder dress in papery leather is worth calling out it was the opposite of fussy. Backless leather harness tops didn't quite merit that distinction, but on the other hand, the Gio Ponti-influenced color-blocked leather pieces looked graphic and great.  In Tod's PR materials and in the media, Facchinetti and Della Valle have made much of her Italian-ness and Tod's Made in Italy values. We guess that counts for something, but what really seemed to matter here is that Facchinetti is the woman Tod's wants to dress. We speak each other's language."
5994,"Yohji Yamamoto is sick of fast fashion. Or ""groupie fashion,"" as he calls it. ""They all look the same,"" he said on Saturday in a downtown hotel lounge just hours before his Spring Y-3 show. Y-3, the designer's long-running collaboration with Adidas, is supposed to be an antidote to fast fashion's proliferation. ""It's based on a sporty elegance,"" he said. ""It can easily be mixed with pieces from my main line."" Indeed, the runway's best looks were as much about fashion as they were (presumably) about function. (Y-3 is, after all, the predecessor to such high-fashion, legit sport collaborations as Stella McCartney for Adidas and Alexander McQueen for Puma.) This season, Yamamoto collaborated on watery tie-dyed prints with graphics master Peter Saville, best known for designing Joy Division and New Order's most celebrated album covers. A long, multicolored ombré tank dress was brought back from the hippie brink with the strategic placement of black jail stripes on the top. And several pairs of track pants were made to look like suits when paired with a blazer in the same stretchy techno fabric. Things even took an avant-garde turn when Yamamoto decided to create a ball gown out of stretchy material it had an exaggerated bustle and was worn with an Amish-style bonnet.  For men, the versatile motorcycle jacket was done in a treated nylon it really could blend easily into a standard wardrobe. But the best thing had to be on the back of a classic black windbreaker: The traditional Adidas three stripes were reimagined in Saville's trippy rainbow tie-dye. Highly recognizable celebrities most notably Justin Bieber but also True Blood 's chief werewolf were there, but the true star was Yamamoto, who did a little performance on one of the stage's many drum sets. (A few New York-based drummers occupied those sets during the show as part of the pomp.) While Yamamoto is a known guitar player, the performance was totally improvised. Some people just get all the talent."
5995,"Duro Olowu thinks big. But he can also think small. Olowu's latest collection found him exploring volume, with an emphasis on dramatic, variously patchworked or embellished cape coats and jackets. Much as you'd expect, these pieces had force. But the real charm of this collection was its easygoing spirit, and that derived from the less oracular looks the ones that compelled you via subtle gestures. A case in point was Olowu's camisoles: As he explained, he set himself the task this season of making the perfect cami one not too bare, or too short, or too long, that could be worn layered or on its own, and that had a bias-cut fit that just brushed the body. Well job done. Elsewhere, Olowu scored with his double-hem print dresses, and with pieces in a seventies-style check, and with peasantlike cotton skirts and frocks detailed with contrasting Austrian lace. There was a kind of bohemian looseness here, minus any overt homage to the stereotypically ""bohemian."" Olowu is too deep a thinker for that; he knows what it is to be iconoclastic."
5996,"Tome designers Ryan Lobo and Ramon Martin like a formidable woman. That's reflected in the muses they choose last season, Georgia O'Keeffe, and this one, Cuban American artist Ana Mendieta and it's expressed through their clothes, which convey a distinctively feminine force. For Spring, the CFDA/ Vogue Fashion Fund-nominated duo opted for a less earthy mien than they did last time, emphasizing evanescent fabrics like tulle and lace, and working in a dreamy palette of cream, sand tones, rose, mauve, and pink. But the earth-goddess vibe fast emerging as a brand signature was still in play witness the cape-shouldered dress done in Madame Grs pleats, which looked fit for Diana the Huntress, or the caftan gown embroidered in a Mendieta motif. Even the more gamine looks carried the tone, thanks to Martin and Lobo's muscular way of working with their shapes. A pale-pink V-neck dress, for instance, appeared to have been sculpted by the designers just grabbing handfuls of fabric and making soft pleats. A standout cream-colored slipdress likewise gave an impression of having been roughed together, though in fact Lobo and Martin had left absolutely nothing about the look to chance. Meanwhile, texture was another distinguishing element: The Mme Grs pleats, the embroideries, the lightweight coated cotton of the macs, and especially the surprisingly delicate tweed all served to give the collection warmth. In a way that's difficult to put into words, the clothes felt real. Like the women Lobo and Martin intend to have wear them."
5997,"I'm a massive feminist and think women should take over everything, said Johan Lindeberg during a preview of his Spring BLK DNM womenswear collection. The outspoken Renaissance-man-about-town has always taken a philosophical approach to his line of well-crafted downtown basics, and strives to continually strengthen the brand's voice. Lately, Lindeberg has been thinking about ""women with integrity,"" like Chlo• Sevigny (whom he recently photographed for Absolut Elyx vodka) and Karen Elson, the star of BLK DNM's latest Wild poster campaign, who will be performing at the Lafayette Street flagship store Saturday. They exemplify the kind of confidently cool girls who bring a sense of empowerment to the label's signature jeans, leather perfecto jackets, and tailored suiting, which are core categories every season. This time around, a new denim silhouette with a relaxed, tomboyish fit was added to the mix, and best-selling bikers were updated in inky blue and color-blocked black and white. Per usual, most of the silhouettes had a masculine edge, but Lindeberg and co. also included more ladylike pieces for a change. A pleated midi skirt was toughened up in black leather, for example, while sporty bombers and a sharp topcoat were cut from delicate organza. The other news here was the introduction of prints a first for the label. Lindeberg featured Gardar Eide Einarsson's graphic word art on a long silk dress that read ""In the Dust of the Planet,"" and spelled out ""Freedom"" in bold caps on T-shirts and jackets."
5998,"I didn't want it to feel too referenced to a period or a theme, Sarah Burton said about the magical collection she showed for Alexander McQueen tonight. True, there was nothing so specific as to anchor the clothes we saw to any one time or place, but the associations flew thick and fast: the golden helmets, harnesses, and armlets of Amazons; ostrich-feathered Zulus; the intricate beaded outfits of tribal priestesses; the kilt-over-trouser combo of the Celtic warrior; the graphic geometries of Mondrian, or Picasso in his African period.? Lee McQueen always insisted that National Geographic was his first port of call, and that magazine's ethnic grab bag pulsated in Burton's collection, in graphic checkerboard beading, in flurries of ostrich feathers, in crocodile breastplates. It added up to a primal image of strength and empowerment. Burton's twins are eight months old now, and she's ready to get back in the game; there was an overwhelming sense of reconnection in her collection. ""Saying something new, saying something personal,"" was the way she put it. Much of that jelled with things we've been hearing elsewhere. The harness tops and leggings under flaring skirts were timely. Even more so was the notion of female tribalism that has reverberated throughout the season. What differentiated the McQueen take on these ideas was the mind-boggling craftsmanship. Checks? Such a simple little word, until those checks were configured in beads and feathers hand-worked with minute precision. It was always in the evening looks where a McQueen collection would swing into a fetishistic overdrive of technique. Here? ""I didn't want to do 'big' gowns,"" said Burton. ""I wanted energy without froth."" So there was a dress that looked like a beautiful lattice of recycled plastic, and another with rings of red feathers reaching skyward, simultaneously a Capucci couture quote and an evocation of tribal dancers. The show notes referenced ""found objects,"" which made it easy to imagine these clothes becoming the subject of cargo cults in the distant future, some tribe-to-come wondering why and, maybe more important, how."
5999,"MSGM 's Massimo Giorgetti graduated to the runway today after a couple seasons of presentations. His contemporary-priced label is a fairly new addition to the Milan calendar, but it already has a vivid identity. What has defined MSGM so far is Giorgetti's irreverent mix-and-match approach to print. Google his stylist, the Italian street-style icon Viviana Volpicella, and you'll have a good idea of what we're talking about. For Spring, Giorgetti stuck to his winning formula; MSGM's clothes are stocked in 350 or so stores around the world, and the new collection will look satisfyingly familiar to them. But not too familiar. Backstage, Giorgetti said, ""This season it was impossible to ignore the Hawaii trend."" Tropical flowers and tiki motifs were in abundance, but here and there he slipped a white cotton dress into the mix, or cut the bold print of a frock with a simple button-down it worked better under a sweatshirt dress than it did under a strapless long gown. Giorgetti explained that he wanted a more sophisticated look for his first catwalk. Truth be told, though, it's insouciance that comes best to him. For evidence, you needed only to look at the models' feet. Sport sandals have been a big trend in Milan; MSGM's were the cutest of the week."
