review_id,review
5600,"Leaving the industry for a year and buying back the rights to his name brought about personal growth for Adam Lippes . Accordingly, the new eponymous collection that he debuted for Fall is decidedly more grown-up than his former ADAM line. ""It's a total progression in a lot of ways,"" the designer said. ""I am excited to produce this kind of quality, and proud of the work that goes into each piece.""  He emphasized ease and simplicity with sportswear staples, including a sweeping navy military topcoat, as well as a sharp vest-and-trousers set shown with a silk tie-neck blouse all in crisp winter white that was a new way to wear a suit. To help get the fit just right, Lippes brought in a menswear tailor. (""They know how to make a jacket,"" he explained.) He also experimented with innovative fabrics like a duchesse satin bonded with French lace, which was cut into a cool skirt that stood away from the body. Paired with a gauzy sweater featuring subtle mesh inserts, the look was casual yet elegant, and suggested a promising fresh start for Lippes."
5601,"Ann-Sofie Back designed her Atelje collection around the graphic impact of road signs and police tape. Proceed with caution no subtext there. But proceed we must (and please proceed to chuckle at the idea of workwear chaps in nubbly faux shearling indisputably the most random piece among the nine looks). Back continues to stage a runway show for her commercial Back line during Stockholm fashion week. Here in Paris, she presents the Atelje range, her edition of extreme, editorial looks. This season she signaled her construction message with the color scheme black, yellow, and asphalt gray as well as a surfeit of snap-on utilitarian pockets. Like oversize envelopes, they flapped forth from the chest of a cropped jacket and the seat of a skirt that combined gray suiting with leather. Sure, the pockets could be snapped off, but that would be missing the point. If a shirt covered in yellow and black holographic sequins conveyed the glitzy potential of roadwork, a gray down vest with open vents conveyed the? conceptual? Its chief purpose to block the cold no longer applied. The collection made a statement of sorts, but its relevance wasn't entirely clear, and it seemed like it might resonate more with club kids than collectors. Still, overall the pieces were wearable, from the black buffalo leather motorcycle jacket lined in yellow shearling (real this time) to the jacquard knitwear that mimicked the ridges of a steel road plate. These ridges were also interpreted as metal beads that clung to a net vest trimmed in silk cord binding. The collection made a solid case that these are unmistakable codes, as strong as the Chanel camellia or the Vuitton damier check we simply don't associate them with fashion. For Back, this represents shock value (perhaps even more than the chaps)."
5602,"Watching Francesco Scognamiglio 's show tonight made you appreciate fashion's industrial and educational complexes in New York and London. Those cities churn out young designers double-time compared to Milan. Scognamiglio is no longer a newcomer; nonetheless, he's one of the small handful of talents to emerge here in the last five or so years, and you get the feeling that he could've used more mentoring along the way. Scognamiglio seemed to have scaled back his ambitions with his new collection for Fall. Many of the looks were variations of the first, a silk blouse with a bit of a ruffle snazzing up the situation, worn with high-waisted, full-leg pants. This season he mentioned the Veronica Lake flick Sullivan's Travels as inspiration, which explains the vaguely 1940s-ish shapes. Scognamiglio's tailoring is not to be quibbled with; he's always cut a great pair of trousers, and here he had a fanciful way with a blouse. But if he ran low on propositions, he had even fewer fabrics to work with. All the black and white wound up feeling repetitive, an issue not abetted by a gray-tone leopard, a print we've all seen too much of lately. Scognamiglio also knows his way around a long-line column dress. The white one he showed on Karmen Pedaru was pretty much faultless. You wished that he had the wherewithal, financial or otherwise, to expand on it."
5603,"The recent release of the new No Doubt album, Push and Shove, and its resulting promotional tour served as a reminder of why girls still want to emulate Gwen Stefani's personal style, and why the goal of L.A.M.B. has always been to replicate her dream closet. All of those familiar favorite motifs were in place for Fall the Jamaican flag, punky plaids, the boy/girl mix, even a dash of military but they were done in a relatively softer, more sophisticated way. For every item like a Vans check silk maxi dress or the camouflage cargo pants here there was also something for the customer who didn't grow up shopping at Hot Topic. A flippy leather miniskirt paired with a bubbly knit sweater worn over a button-up, for example, looked schoolgirl-chic; an army-green biker jacket shown with jacquard, wide-leg trousers was the standout outfit. Still, what stood out most (on the rack, at least) was an ultra-slim cobalt tuxedo suit styled, just like Gwen would wear it, with a rebellious button-up and skinny black tie. It wasn't necessarily what you'd want to put on for a big interview, but it would definitely do a convincing job onstage."
5604,"A fashion season can come to feel a lot like the movie Groundhog Day  running from show to show, you find that even very disparate designers will touch on many of the same themes. Not so Lagos-based label Maki Oh , which operates well outside the fashion hive mind. This time out, designer Maki Osakwe's starting point was a Nigerian hairstyling technique called threading, an inspiration she elaborated into her traditional adire prints, including one of a girl with threaded hair, and hairlike fringe embroidery. As is her wont, Osakwe fused her Nigerian references with coolly elegant Western silhouettes, notably pencil-lean dresses; the standout look here was a velour sheath with inserts of sheer material that produced a seemingly magical hang. The circular necklines and seaming on other pieces echoed the effect. Elsewhere, Osakwe explored more laid-back cuts, executing boxy tees, lapel-free jackets, and pajama pants. Still, this was a typically natty affair, relaxed but not casual per se. Likewise, Osakwe's incorporation of heavier fabrics, such as the velour, and items fit for cooler weather, like the jackets, did nothing to diminish or distract from her unique point of view; Osakwe may be conceding to the seasonal needs of her increasingly international clientele, but she's doing it her own way."
5605,"The mood for the latest Lanvin show felt almost downbeat on arrival at the venue of the  cole des Beaux-Arts. That's downbeat in Lanvin terms, you understand, which is to say not very sedate at all by most established norms. As male ushers served popcorn, cans of soft drinks, and mini bottles of Champagne to the milling crowd, a casual, loose atmosphere was created. It was like a high-fashion fairground where you might bump into Catherine Deneuve playing pitch-and-toss. This relaxed mood continued as the popcorn was swept up and the show began. Here day and night, night and day were all mixed together, sometimes in one look. The spirit was carefree yet elegant, controlled yet not giving a damn. There was an almost twenties feeling in the first dress, an idea of a floral appliqu'd tracksuit in the second look, a fifties cocktail dress in the third Each model reveled in an idiosyncratic appearance of her own, with makeup tailored to meet her individual needs and hair mostly tied back. In anybody else's hands, this could have been something of a mess; in Alber Elbaz's, it felt like freedom and fun. A teenage atmosphere permeated the collection, a schoolgirlish view that avoided the saccharine and cute and could apply to all ages. This was most noticeable in the shoes: Gone were the ballet flats; in their place, a scaled-down version of a men's oxford. It was the sign that a much tougher girl was emerging for Elbaz this evening. She was no longer wearing prissy slippers, and her new footwear altered the entire silhouette. In one of the many standout looks, featuring a godet skirt and a top encrusted with winged insect appliqu's and embroideries, the shoes transformed the meaning of such a mélange to one of a warped bobby-soxer. That was reinforced by the reams of thick gold chains, a constant motif in the collection, along with the letters that dangled from them. In this instance they spelled ""cool."" ""There is no word I hate more than cool !"" Elbaz declared after the show. Unusually for a fashion designer, Elbaz often starts his collections by contemplating spoken and written words; here, they were purposefully on display for all to see. The ones he does prefer are ""love,"" ""happy,"" and ""help."" And he wants us to pay attention to those words: ""I think this is a collection about thinking,"" he explained. ""It is about the world changing, women changing. Who's next? Which designer? Which pope? This is a collection that is not just a global view, but more a local view. How the skills of the French atelier are valid, precious, and relevant. How you can have fashion and business and not kill fashion."" This designer has always been adored personally, and now that personality is coming more to the fore in his output for the house. In Lanvin past, before the tenth anniversary point, there was much to admire. Now, with Elbaz's new, relaxed, yet almost contrary, teenage-spirited approach, there is much to love. And in case you need a reminder, you can read it on a necklace."
5606,"Luisa Beccaria had an art history lesson in store for her guests today. When she discovered a little-known Spanish painter, Federico Beltr n Masses, at Frieze, she knew she was on to something. The designer found his portraits of powerful women in Hollywood between the World Wars particularly riveting, so she lifted his color palette golds, acid greens, and ""emerald blues"" and designed her dresses along long, lean 1930s lines. It made for a much more persuasive collection than last season's. Beccaria sidestepped daywear for Spring, but for Fall she had winning suggestions in the form of slim tailleurs, either in navy and black tweed bouclé shot with lace, or ivory stretch lace macram . A delicate embroidered cardigan tucked into high-waisted pants channeled Katharine Hepburn. Evening, of course, is where it's at for Beccaria, so she put most of the focus on cocktail dresses and gowns. That made for a somewhat repetitive conclusion to the show, but some numbers did stand out. The long-sleeve bias-cut columns should do well with Beccaria's body-beautiful Hollywood clientele. Meanwhile, an acid-green full-skirted gown with an embroidered black tulle overlay was the piece most evocative of her painterly inspiration."
5607,"The severe, linear, monochromatic collection that Bill Gaytten showed for John Galliano today felt like a very deliberate repudiation of the label's legacy of languid glamour and heady romance. ""I'm not a soft, romantic person,"" Gaytten said dismissively. ""There are no simpering sex kittens, no women who depend on men for their sense of identity."" Take that, legacy! In its place, to the dislocated electronic sado-perk of Throbbing Gristle's ""Hot on the Heels of Love,"" the designer offered an uncompromising vision of power women so strict and disciplined it bordered on the militantly Maoist. If the Galliano ethos once embodied a lust for life so hungry and chaotic that it eventually overpowered its creator, Gaytten stripped his look back to a core of complete control a pointy riposte, perhaps, to all those on-liners who endlessly carp about past glories. Over a sheathed body, Gaytten layered one big-sleeved, wide-pant silhouette that felt like a martial arts reference, or another peplumed shape that had a hint of WAC about it. But then he let himself go a little: red flocking on blue, a shiny print that looked like smears of asphalt, some darkly distorted woodland imagery. Acknowledgments, perhaps, of the DIsORder that Gaytten was once all too familiar with. He knocked it back with an evening group of penitential abstinence, languid glamour fiercely denied."
5608,"Behnaz Sarafpour set out to capture an ""artificial beauty"" with her latest collection, which focused on technique and technology. One of her goals this season was ""to make Fall as lightweight as possible."" Sarafpour experimented with high-performance athletic materials, including an unlined neoprene, which was cut into structured pieces like a boxy jacket and a flared skirt with transparent plastic trim peeking out at the hemline. Instead of doing a standard shearling coat, the designer worked with an ultra-soft, piled velvet that gave the impression of fur without all the bulk. The chunky sweaters interwoven with grosgrain ribbons and lovely frocks featuring wavy strips of raw-edged chiffon added a three-dimensionality to the lineup that kept the overall look intelligent but still natural."
5609,"Coats are the new accessories. In a cold, snowy Milan they've become by necessity a much more important element of what showgoers are wearing than this It shoe or that one. The runways are telling the same story for Fall, Massimiliano Giornetti's Ferragamo runway included. Giornetti opened and closed with outerwear, driving home the house's new message about cool precision. In shades of black, navy, gray, and white, it was a departure from the craftier, even bohemian collections he's done recently here, and a convincing one when coats were on the catwalk. A black beaver fur and another in white alpaca had a tough-chic vibe that set them apart in a week when ladylike has been the dominant motif. A double-breasted black wool style with a midnight blue ponyhair panel in front was subtler but still cool. The pants Giornetti showed with it were high-waisted and narrow to the ankle, where they split so they flared out slightly in front and back. More often than not, though, it was short dresses and miniskirts on display here, bare legs a canvas for shoe boots with cutouts at the front and laces up the back to the knee. The dresses had an unstructured ease, but they were unmemorable. It'll be the outerwear and accessories that drive customers to the stores."
5610,"It's quite unusual to stumble onto a designer like Myrza de Muynck these days. For one thing, the Dutch up-and-comer, who is based in East London, has a genuinely artisanal sensibility; her clothes are all handworked with surreal embroideries that she applies herself. They are calculated to look naive. De Muynck also stands out for her take on the feminine; although she incorporates elements such as ballerina tulle and 1920s-era drop waists, her work consistently subverts conventional categories of female glamour, sexiness, and cool. There's an innocence to de Muynck's designs, but her woman is not an ingenue. Her preferred outfit is a tracksuit. This collection was a typically sui generis outing for the designer, who debuted her line two years ago. Its key motif was the patch pieces of fabric with pearl- or seed-beaded evil-eye embroideries, which had been sewn onto garments with a purposefully amateur stitch. Other looks included silk-screened pieces made from towel cotton, and track pants with de Muynck's signature drop-waist banding, and tulle tops with knit sleeves. This was a small collection, but it had a lot of range, and the details were very compelling. The qualm had to do with de Muynck's skirt and dress silhouettes, which could have been a bit more refined, without sacrificing the aesthetic. More generally, it would have been nice to see a few of de Muynck's savvy adaptations of the shell suit, which have been a highlight of previous collections. Really, though, the overarching impression was a designer creating something unique, with limited means. That kind of effort deserves not only praise but industry support."
5611,"The Martin-less Maison Margiela started on a new road last year, away from the checklist replaying of the codes of its founder. It began with a new spirit in the Artisanal collection and benefited by being shown on the Couture schedule. The crystal mask that Kanye has been seen cavorting in this week onstage? That was from the Fall 2012 Artisanal offering and was originally worn by a girl. Then there was last season's ready-to-wear the one currently in the stores with its debt to Dada and the Daleks; again it had an energy and a sense of fun that felt like a fresh start. Tonight's ready-to-wear presentation showed another chapter of this new story; yet strangely, it also displayed maybe not even consciously some of the very foundations of its founder. Starting with Nick Cave's song from Lawless , ""Fire in the Blood/Snake Song,"" with bluegrass legend Ralph Stanley and Emmylou Harris, a down-home theme was set. Yet the mood of the collection was not strictly bluegrass; it was more blue-collar. Workwear, uniforms, and a take on masculine tailoring were the orders of the day in the first part of the show and it was the first and last parts of the offering that were the strongest of all. The tailoring at Margiela was reinvigorated here, and the simple decorative touches oversize cuffs and hand-painted stripes on the seams of suit trousers were uncomplicated but effective. The oversize element increased as the collection went on, but it was essentially molded to and softened for the feminine shape. The other standout part was the ending of ""protest dresses."" The word ""d fil "" could be made out running down the middle of one of them or was that ""defile""? Either way, it worked; there was a definite notion of propaganda here. These dresses brought to mind Jean Paul Gaultier's legendary Constructivist collection with its debt to early Soviet agitprop. And on reflection, that earlier part of the show seemed to have a debt to Gaultier, too, in its nod to the short bomber combined with a particular take on menswear. Lest we forget, Martin Margiela once worked for Mr. Gaultier, and that seemed a romantic seam to mine in terms of connections to the founder. It all added up to something new in terms of the meta-fashion of the house. The ghost of a genius is hard to get away from especially when the genius in question is not even dead. Paris fashion week is haunted by a few of these talents. A simple CGI replaying of their past actions is just not going to work; instead, there has to be a forging ahead, albeit with an essential respectfulness for the principles of what the house was founded on. At Maison Martin Margiela, that is now happening."
5612,"Gabriele Colangelo is back on track. Considerably cleaned up, his new collection for Genny was an extended riff on the jacket an original building block of this Italian brand and a piece of clothing particularly suited to Colangelo's methodical mind. His double-breasted extended jacket-dress with a longer fox-fur back was a bit of a dud (his shorter-in-front, longer-in-back idea admittedly did more for jackets than it did for miniskirts), but for the most part, the designer resisted overthinking things. An ivory double wool felt cape worn over a turtleneck and trousers in the same icy shade was sleek and streamlined, and a tailored jumpsuit in navy blue wool pinstripes had an unfussy sensibility. There was a lot more work involved in a jacket with sleeves constructed from chevrons of embroidered ponyskin (statement sleeves: having a moment); still, the results were cool, not crafty. For evening, Colangelo cut a pair of column dresses with slits at the hips held together with narrow gold tabs, and a strapless champagne-colored number with a contrasting leather band at the bust they were harder to picture hanging in a department store than the daywear, but not by that much. This show situates Genny in Phoebe Philo and Francisco Costa's school of minimalism. That seems like a sensible place from which to try to restart the label."
5613,"Victoria Bartlett got edgy this season. That was true both literally and figuratively: Her new VPL collection was full of squared shapes and sharp angles rather atypical of the brand. It also conjured an ""edgy"" downtown aesthetic in surprisingly overt ways. Bartlett isn't a designer who usually feels compelled to offer her take on iconic pieces like, say, a motorcycle jacket; this season, she offered two. There was also a preponderance of leather, all faux, and a fierce red, white, and black print inspired by the work of artist Wade Guyton. There was an unmistakable hard attitude here. Ironically, that attitude found its best expression in soft, fluid looks there was a kind of sneer to Bartlett's fantastic, billowy wide-leg trousers, especially the version executed in the Guyton-inspired print, while her broad, faux-leather tees had been given a grungy drape. Together, they elegantly communicated a careless, ""don't mess with me"" vibe. Bartlett's shoulders had a lot of personality, too they traded between an impassive, broad slouch and a built-up, angled silhouette. Going from one shoulder shape to the other was a bit like watching a stalking cat suddenly stand up and hiss. Indeed, the collection as a whole gave the same impression, given that the usual energy of VPL is a sui generis mix of the abstracted and the earthy. But these clothes? Frankly, you wouldn't want to get on their bad side. The attitude worked for Bartlett. It was good to see her baring her teeth."
5614,"There's often the feeling with a Moschino show that it crystallizes what's in the air in Milan, and it does so with the sarcastic wit and verve that characterized the work of the label's founder, Franco himself. So what happened today? The collection's inspiration was the socialite, equestrian, champion skier, and all-around fabulous creature Ann Bonfoey Taylor, a prodigious twentieth-century style icon to the cognoscenti, but hardly a name that gets much zis boom bah going with the hoi polloi. Minus familiarity with Taylor, what we saw was a totally peculiar Highland fling, with incongruous injections of Annie Oakley and Japanese school uniforms. Incongruity is something of a Moschino signature, but there was no trace of irony in today's juxtapositions. In fact, there was a cumulative sense of the ghastly in the gold-insignia-ed tartans. By the time the classic monochrome Moschino made its appearance, the head was spinning with what thuh? . It all felt like the humanist fluidity of the classic Moschino proposition had calcified into rigid formality."
5615,"A triumph, pretty much. Peter Pilotto and Christopher De Vos invented a new grammar for their brand today, coming at their signature maximal-print aesthetic from various unexpected angles and introducing, with this collection, an entirely novel Pilotto tone. There was a surprising hardness here, evident in the very first look: The cropped jacket in matador red was squared off, with shoulders of an intimidating size; it was covered with bold painterly embroidery and paired with a geometric wrap skirt in red, black, and white. The next looks out elaborated the mood and established two of the show's key silhouettes; there was another all-red ensemble, confrontationally graphic and boasting stiff, exaggerated shoulders, and then a boxy embroidered coat with shoulders even more imposing. This season's Pilotto woman was none too fussed about looking pretty, in other words, although the fluttery short dresses that appeared later in the show delivered froth in a very measured dose.  So the first half of this show really packed a punch. But then, about midway through, Pilotto and De Vos reverted back to form. There were new shapes of printed puffer jackets, and pencil dresses in kaleidoscopic patterns, and iterations of the now-familiar Pilotto nipped-waist, full-skirt dress silhouette, albeit with an inventive construction that utilized 3-D printing techniques. These looks were strong the nipped-waist dresses, in particular, were sculpted in a way that felt fresh. But they simply weren't as forceful, or as distinctively new, as the dozen or so pieces that opened the show. A single garment marked the transition from one phase of the collection to another: After the printed puffer coat with the voluminous skirt and ruff-like collar, most everything on the runway seemed a bit of a retreat. That said, even in retreat, this was a compelling and convincing show."
5616,"It's always the quiet ones you have to watch. At the same time that Dries Van Noten , scholar and gentleman of the parish of Antwerp, noticed that the world had surrendered to the formalized glitz of television shows featuring infinite combinations of ballroom-dancing celebrities (on ice!), he and partner Patrick Vangheluwe became fixated on Fred Astaire and Ginger Rogers dancing cheek to cheek in Top Hat , the 1935 classic that, in its dancing sequences, borders on purest ecstasy.  And that's how ""Fred and Ginger"" became the inspiration for Van Noten's new collection: classic embodiments of masculinity and femininity, subversively fused into one under fashion's umbrella. It's been a subtle theme of the season so far, but where other designers used fur to stand for the feminine, Dries said it with feathers, and that made the point so much more effectively. A deliriously mixed message was sent out by Van Noten's own favorite outfit a mannish white shirt with a necklet of paste diamonds, navy skirt trailing plumes of ostrich anchored by crystal, over gray flannel pants. If it was barely matched by the daddy-huge cabled sweater over a varsity-stripe skirt that dissolved into flapper fringes (with crepe-soled oxfords as footwear), and the brocade skirt that feminized a plus-size overcoat and chunky knit (again, the paste diamonds, and this time, high heels with ankle socks), that's only because feathers trumped fringing and brocade on the Ginger scale. Froths of ostrich were a perversely glamorous counterpoint to the flat-shoed, gray-flanneled sobriety of the outfits they anchored. But there was a sexy slouch to the result. It felt like a grown-up evolution of last season's grunge. So did Kid Koala's soundtrack, which synthesized the elegance of Cole Porter's ""Night and Day"" with the primal throb of Suicide's ""Cheree."" Dries had his own feelings about synthesis: ""There are boys and girls, there is night and day, but above all there is love."" Which is exactly what his audience today was left feeling."
5617,"The collection's theme was ""uptown, downtown,"" which might initially seem been-there-done-that. In Paris, however, there isn't a geographical equivalent, and the style nuances aren't defined as such. So, really, what we are dealing with here is an American conceit parsed with Parisian flair. And in fact, this is not the first time Paule Ka has crossed the ocean for inspiration (Resort 2013 blew kisses to New York; Spring 2013 was in praise of Palm Beach). But leave the repurposed Americana to that other hip Parisian designer; founder Serge Cajfinger's brand vision has always put polish before edge. Still, you could sense that edge was gaining ground this season, from the loafer-legging-boot in calfskin and stretch suede to the bejeweled beanies. White shirttails persistently poked out of sweaters, and elongated silhouettes (namely, a boxy mid-calf skirt) felt more rebellious than the mini with an underlayer of lace. Surrealist accessories the outline of two hands formed into a collar, lip-shaped brooches, and wide-eye hair clips were all welcome proof that the brand is not taking itself too seriously as it makes a more serious commitment to expanding in the U.S. and Asia. Retailers will gravitate toward items like the fabric-blocked tunic, the graphic swing coat, and the darted dressy sweatshirt in tomato-soup red. The collection's hero piece was an A-line coat in crackled vinyl that was embellished with a mink collar and silver fox skirt. Both fur pieces are removable, thus creating various permutations, whether you live uptown or down."
5618,"Apiece Apart 's Laura Cramer and Starr Hout are poets of the practical. Although the premise of their brand is utterly utilitarian with an avowed emphasis on well-made, non-trendy staples the designers do find ways to romance their clothes. Their fitted twill pants were nothing to get too excited about except that they had such a nice hand, and such a forgiving cut, that it wasn't a stretch to think that a lot of women would be very excited about them, indeed. (Lucky for those women, the pants come in various colors and fabrics.) But that was the practical end of things. Elsewhere, Hout and Cramer paid subtle homage to Pina Bausch and the look of her Tanztheater Wuppertal dancers in the Wim Wenders documentary Pina. Indolent slipdresses and camisole tops inspired by Bausch and co. had a dreamy quality. There was a distinct sense of wanderlust in the collection's chunky, gaucho-inspired hand-knits, as well. Along with the handmade pieces, which were a new development this season, Hout and Cramer introduced a range of terrific superstructured stretch knits. A long stretch-knit dress with a boatneck collar and slits up each leg looked like the kind of thing one of Bausch's troupe members would slip on after a show which speaks to the designers' talent for giving their seemingly simple clothes just enough telling detail to feel special. It's easy to overlook those small touches, but they matter, and the women who wear these clothes (again and again, and in various ways) will appreciate them."
5619,"English meets Italian, Alessandro Dell'Acqua said backstage today. The designer has built his No. 21 label on the mash-up, and as promised, his new collection mixed tweeds, plaids, and checks with plenty of embroidery. Call it grungy meets girly. The masculine/feminine thing is practically as old as time, but Dell'Acqua is connecting with fashion's young ones. Something about the offhand way he pairs a sequin-encrusted sweatshirt with a button-up and mannish cropped pants (Swarovski-studded socks peeking from beneath their hems) is jibing with them. Same goes for a pink lace pencil skirt over-embroidered with birds accompanied by a boxy space-dye knit sweater. It's a bit of a trickle-up phenomenon, really. Eclectic outfits like these are already being put together on the streets. Dell'Acqua wouldn't be the first designer to find inspiration in Tommy Ton, et al., but after multiple trips down memory lane on the first day of Milan's Fall shows, it was refreshing to watch a designer lift ideas from the here and now. At the least, it's smart business, which counts for something now that Dell'Acqua can make a serious go of No. 21 thanks to a licensing agreement with Gilmar. Not all of Dell'Acqua's propositions will have legs: The printed gazars with the wide black silicone bands across the midriff or the hips seemed contrived. Still, they didn't stop a couple of key market editors, who happen to be dyed-in-the-wool shoppers, from raving on their way out. Safe to say we'll be seeing some of Dell'Acqua's own ideas mohair knits tied around the waist, those crystal-covered socks on the street-style blogs later this month."
5620,"An observation: There's a certain group of contemporary designers who pander to fashion bloggers. They put out loud, notice-me pieces that would look cool Instagrammed, tweeted, or Tumblr'd, but maybe not so great in the office, or even for a night out to the movies. (You know, the places where women actually wear contemporary clothes.) Michelle Smith, who launched Milly in 2001, is one of those blogger-beloved designers. But for the time being, she is balancing the flash with the practical. For Fall, Smith was inspired by New York City, and it showed. A ""city lights"" digital print was made from a photograph of the West Village at night, looking cute on a flirty dress and skirt. The oversize menswear coat available in New York-appropriate black and gray was a favorite with the models. It's easy to imagine any of them wearing it while bouncing around the Lower East Side. Smith is into relaxed silhouettes, and a sweatshirt/pencil skirt combo popped up again and again. ""It's the new suit,"" she said backstage. In hologram leather a blogger favorite it was cool. (Although it's hard to imagine anyone actually wearing the top and bottom together. Maybe a black top with a shiny bottom instead.) In a silver metallic stud-embossed leather, it was staid. All in all, the collection was modern, if not totally fresh. An exception was the elbow-sleeve black dress with stripes of iridescent Lurex fringe: It would look fantastic on bloggers and real girls alike."
5621,"Kimberly Ovitz 's clothes sell. Or at least that seems to be the case, considering the buyers in her front row rushing to congratulate her postshow. (Linda Fargo, Ken Downing and the lot ) You've got to hand it to her she takes customer feedback seriously. For instance, this season she's incorporated more color partially because the buyers asked for it, and partially because it's what she's feeling. ""It's important to be aware of needs,"" Ovitz said in her studio, just days before Thursday's runway show in the suddenly hot venue Caf? Rouge. (Once a part of the Hotel Pennsylvania, the whitewashed space anchored by a grand, nonworking fountain is owned by a real-estate firm and rented out for private events.) Throwing some bright spots into a show can feel off if the designer favors black and gray. But Ovitz's tight little azure blue knit dresses looked like the type of thing a girl who wears black all the time would try for fun. As did a purplish-gold-blue ""radial"" print fancy word for tie-dye? that was featured in several of the opening looks. We liked these styles the best. Probably because it's hard to get tie-dye right. Bugs were Ovitz's inspiration. Or, more precisely, the ""natural defense mechanisms of animals and insects."" It was evident in the prints, which looked like they could be an artist's rendering of a creepy-crawly. You could also see it in the armorlike details on some of the jackets and dresses (seams were stuffed to create a molded shape). Critters were more directly referenced in the jewelry, designed by Ovitz but produced at lightning speed by Shapeways, a 3-D printing company. Ovitz chose to work with the firm because shoppers would be able to order the pieces immediately after the show. The ear cuffs, rings, and necklaces made with stainless steel or nylon and priced between $35 and $495 are already for sale on www.kimberlyovitz.com. How's that for customer service?"
5622,"The omens were good at the Gareth Pugh show this evening, in the ornate salons of the Hôtel Salomon de Rothschild. To begin with, Cher was in attendance, causing something of a furor among the press. It seemed that the oft-reinvented singer was something of a lucky black cat for Pugh, as the London-based designer produced a great show that married some of the old Gareth with the new Pugh of last season. Pugh's linear, graphic style you can have any color as long as it's black, white, or gray was back. Yet it was coupled with that slightly softer romanticism of last season; there was a prolonged section of deep blue in this collection, something not seen before from the designer, as well as an enveloping sense of forceful femininity. As the show began, Pugh's structured, rigid silhouettes were mixed with a late-Victorian, floor-sweeping sensibility that brought to mind a Wilkie Collins set piece. A stiff, stark, floor-length funnel-necked dress was softened somewhat by gold embroidery of branches around its edges. Yet, as the woman in white was gradually replaced by the woman in black, any thoughts of ethereality were swiftly banished, especially as the model Marie Piovesan came down the runway playing a forceful role. ""We had found this information about a tribe of women called the Asgarda,"" Pugh said after his show. ""They're amazing and inspiring. They want autonomy from men, and they live in the Carpathian Mountains."" The influence of this contemporary band of extremely tough women, who take their cues from the Amazons, filtered into the collection, knocking any notions of mere costume drama out of it. ""It is about both fight and flight this time,"" said Pugh. The standout looks were based on simple T-shirt shapes with full-length skirts, which had an ease about them that was new for the designer. They were a direct reference to the Asgarda, but also an artful nod to mid-century couture, marrying a new and an old sensibility for Pugh that suits him well. In Pugh's metamorphosis last season, you couldn't help but miss a little of that giddy London fun of his earlier shows and collections. Today it was back, on an ultra-bratty but ultra-sophisticated level, in his tour de force use of garbage bags. Never has a trash bag been put to more dramatic and romantic use than in this collection's finale looks. Specially chosen for their very cheapness the texture was almost raffialike they were carefully crafted, woven into astonishing dresses that had an extravagant feel of topiary. ""There isn't a bin bag left in E8!"" laughed Pugh. These particular ones were selected from the Dalston one-pound shop near his studio in London. Trash transformed into treasure."
5623,"Best Friends is the theme of Rachel Antonoff 's Fall collection, and the designer brought in her real-life BFF, Lena Dunham, to make its corresponding video. The result: a nature-documentary-style short film that follows two partners in crime who could've walked off the set of a Girls episode guest-directed by Wes Anderson. The video aptly showcases the quirky-cool clothes, which also riff on the idea of besties via thoughtful details like friendship-bracelet trimming and the gold half-heart charms adorning the collar of an otherwise straightforward cap-sleeve shift. Other highlights include a shirt-and-pleated-skirt set in a slightly retro tie print, as well as matching oxford shoes from Antonoff's ongoing collaboration with Bass. A duo of novelty sweatshirts that read ""Ravenswood"" and ""El Royale"" are a shout-out to two historic luxury apartment buildings in Los Angeles that Antonoff and co. are fascinated with and divided over. They will make Antonoff fans feel like they're in on the inside joke."
5624,"Marissa Webb was as obsessive-compulsive about the details of her presentation this morning as she was at her fashion week debut last season, but she has reason to be newly confident. Jenna Lyons' former wingman at J.Crew now has floor space at Barneys to call her own the department store threw a dinner in her honor last week. More important, this was no sophomore slump. ""We're getting the fits nailed down,"" she said. And she was right on that account. It's tempting to say pants are Webb's strong suit. She had very high-waisted trousers that she promised really suck you in, as well as cool motorcycle pants in denim and leather. She also cut them in a royal blue Italian wool, which changed the look; they were still edgy, yet also elegant. But double-breasted jackets with slightly built-out hips looked really sharp too. Webb modeled one herself in charcoal gray; the effect was more English countryside than urban when she cut another one in a red and blue plaid with black leather trim. Webb loves a popover top, and she showed a couple in tweedy black and white with leather insets. They have the polish of a blazer without the strictness, and we can't say we've seen a lot of them elsewhere in Barneys. A sweet silk-wool dress with French lace details had less to distinguish it from a lot of other things on the selling floors. It's still early days for Webb, so it's smart to stay diversified. ""I don't ever want to be just one thing,"" she said. Still, our money is on the masculine, tougher side of her Fall story."
5625,"Vivienne Westwood's Red Label show today took place at the Saatchi Gallery, adjacent to the King's Road and not that far from the designer's legendary store at number 430. The store has, of course, gone through many transformations over the years, just like Westwood's output itself. And yet perhaps it will forever be remembered as one of the crucibles of punk in the shape of its Sex and Seditionaries incarnations. Particularly Sex, the place where John Lydon was auditioned for the band eventually known as the Sex Pistols partially in promotion of the boutique by singing along to the jukebox, while Glen Matlock worked as a Saturday boy. There is much of this punk spirit or rather, punk aesthetic; there isn't that much anarchy going around in the air this season, mainly because of the imminent Metropolitan Museum of Art exhibition. But how would the godmother of the movement, the fashion originator, respond to it herself in her collection? On the surface aesthetically, that is Westwood seemed to be comprehensively ignoring it. Instead she concentrated on the codified later period clothing, an aesthetic she has pushed so hard it has become familiar looking; it almost appeared today like a workingwoman's wardrobe, especially when the final model emerged in a pantsuit clasping a clipboard. And in many ways Red Label has become a workingwoman's wardrobe. Granted, that woman probably works in the arts or the media, but it is part of Westwood's triumph that her extraordinary clothing vocabulary has become part of the fabric of the every day. All those typical Westwood dresses with their slouchy ease, her casually nipped-waist jackets and typical love of stripes the burgundy and blue striped coat that opened the show accompanied by stripey kneesocks was one outstanding example well, it just all looked so effortless. And isn't that more subversive than parading the typical codes of punk with a capital P for all to see? As Westwood emerged at the end, it was up to her to provide the anarchic element. She was wearing a T-shirt with a picture of herself in man-drag with the words ""I am Julian Assange"" written on it. The thing about Westwood is that she doesn't have to do punk, she just is punk. Speaking after her show about the movement she helped create and seemingly left behind, Westwood said: ""At one point I was quite contemptuous of punks left over from the movement. I thought punk folded because of a lack of ideas, and I wanted to carry on learning. It wasn't enough to go jumping around and spitting. And then, earlier this year, I was talking to some of the young male models at the men's show, and they had that punk mentality: Don't trust governments ever. I think that is punk. And they were interested in what they wore; it really means something. It's nice to know that mentality still exists in a new generation. I am now really proud of it."""
5626,"Tome may be a new kid on the fashion block, but the brand's designers, Ryan Lobo and Ramon Martin, aren't exactly novices. Lobo is a well-known stylist back in the duo's native Australia, while Martin's previous gig was design director at Derek Lam. They've been thinking about launching a label together for the past fifteen years. All that experience shows: This collection was marked by the confidence and clarity of its point of view. Inspired by Georgia O'Keeffe, Lobo and Martin turned out a number of pieces that hewed to the monastic look of O'Keeffe's own wardrobe and used a fair amount of felted wool, suede, and shearling suggestive of desert tones and textures. In general, the reference was kept light. But Lobo and Martin got something important from O'Keeffe, which was the collection's monumentality a muted gold gown, for instance, was emphatically spare but got a lot of power from its graceful, fluid volume. Likewise, a sharp coat in felted wool was a standout, thanks to its vast, sculptural lapels. Not everything here was quite so operatic you could cherry-pick more than a few accessible, understated pieces from the collection. But even garments like a pair of slim, striped trousers, or a tunic-length white shirt, reflected the emphatically unfussy vibe of the whole. That's a sign of maturity in designers. Lobo and Martin did well to bide their time."
5627,"It's one of fashion's most enduring mysteries how designers land upon something en masse. Backstage, Maiyet founder Kristy Caylor and designer Gabriella Zanzani were thinking far-flung, talking about a spiritual trip to the Himalayas. But like so many others this season, Zanzani produced jackets and parkas with bold, rounded shoulders and voluminous sleeves. That synergy will work in this still-young label's favor as it develops its retail network. Another felicitous coincidence: Rich, dense textures have been key on many Fall runways, and Zanzani had a few of her own, most notably the hand-felted wool on the back of a vest, designed to evoke a photo she and Caylor found of snow-dusted mountains. Certain pieces in this collection could look too much like native costumes. That's partly a function of the show's styling, and partly the result of its business plan employing local artisans around the world and giving back to their communities in the process. The descriptions of the clothes on the show's line sheet listed where each piece was made: India, Indonesia, Italy, Mongolia, NYC. The clothes here that had the crowd really clicking its camera phones were the ones that looked the most urban those parkas, for starters, especially the one in olive drab with a fuchsia stripe across its hem, and the dégradé? knit sweaters and baggy pants stuffed into knee-high boots."
5628,"The London label Isa Arfen launched last season with a well-formed point of view. Designer Serafina Sama's clothes were relatable and sophisticated, with a winning touch of the eccentric; Sama has a nuanced sense of color and material, and an intriguing way of layering strong silhouettes. But the really refreshing thing about that debut collection was that it was essentially gimmick-free. This time out, Sama repeated herself a smart strategy for a new designer. Her latest collection reiterated several key shapes, such as long culottes, slouchy trenchcoats, and twisted crop tops, and elaborated other established themes in new, winter-friendly ways. A double-breasted alpaca coat, for example, echoed the slouchy cut of the trench; her signature trim pants were done in wool and a vinyl-like technical silk. There were some new ideas, too: This collection emphasized a long, lean silhouette, with pencil skirts and narrow shifts, and Sama was up to something interesting with her ""denim"" looks made of wool. She also made a couple of fantastic coats from colorful Steiff teddy-bear fur. At first, it was hard to see the news in this collection, because all of the development was so organic. That's the mark of a designer who knows what she's about."
5629,"Alberta Ferretti claimed two things for her show today: She wanted it to be recognizable as her own work, and she wanted it to look authentic. Possibly two sides of the same coin, because if a romantic fin de siècle mood is Ferretti's default position, she aced familiarity and authenticity with her new collection. Take, for instance, the dusty black dress made up of seemingly haphazard diagonal tiers of lace, silk, and plissé. In one world, a Ferretti evening dress for a dreamy, last-gasp countdown. In another, glamorous widow's weeds. There were two distinct strands in the collection she showed. The elongated elegance of a Mitteleuropa madame was precisely snared in a column of deep aubergine velvet, as severe as a penitent princess. The dark twinkle of a garnet-beaded black velvet jacket also said madame. And it was such a woman's daughter whose spirit was captured by the jeune fille flair of a peplumed jacket and a skating skirt. Ferretti said she was aiming for a sculptural quality in her clothes. The silhouettes certainly defined a strong, clear line. Perhaps that is why the most memorable piece in the show was the simplest: a sleeveless plaid shift with a discreet cluster of embroidery at each shoulder. The clincher? It had pockets."
5630,"Dion Lee deserves to be counted among the major emerging fashion talents. Without a doubt the most interesting designer to come out of Australia, where he is still based, Lee has proven over the past several seasons that he has the imagination and the skill to keep changing his game. Just when you thought he was all about magically suspended dresses and glow-in-the-dark string, he switched things up and rewrote the manual on three-dimensional printing and construction techniques. This season he opened another chapter, innovating a truly original process of felting wool to mesh to create clothes that had not only an ombré visual effect but also texture. It's no wonder Lee found his way onto the short list for this year's International Woolmark Prize.  The felting wasn't the only development here. Taking the Sydney Opera House as inspiration, Lee experimented with construction that echoed its sail-like architecture; one example of that was a series of bonded leather-and-neoprene skirts, which he'd draped from circular pieces of fabric. Then, riffing on the idea of sailing, he contemplated the effect of wind on materials: He gave a bit of unexpected lift to certain silhouettes, and developed a very cool cyclone print. Lee is a rigorous thinker. This collection wasn't as flashy as his last one, and though there was a decent amount of skin on display, it wasn't quite as sexy as his previous efforts, either. That felt like a loss, inasmuch as Lee is one of the very few designers who knows how to apply intellect to sex appeal. But there was still a lot of genuinely new thinking here, especially in the felted pieces. Those looks were so odd, and so good, you had to wish that Lee would give himself at least another season to explore the felting theme before he changes his game again."
5631,"It's not for everybody, designer Custo Dalmau said the Saturday before his Fall show, going through looks with the team at his Soho boutique. Indeed it is not. An utter mishmash of fabrics, colors, materials, and prints, it's easy to knock a collection that many would consider the ultimate hot mess. Titled Beauty and the Best, the lengthy runway show featured too many concepts to mention, but here are a few. For women, Dalmau did tiny dresses with pronounced shoulders in a variety of sparkly, jangly fabrics and knits. There was also an Aztec skirt reminiscent of Proenza Schouler's 2012 collection. For men, it was all about wildly printed suiting; woolly shawls were draped over the models' shoulders. It's hard to imagine any guy going for those capes, but the suits? There's surely a market. Because Dalmau does have a following. For those who subscribe to the Christian Audigier aesthetic, he offers fun party clothes that look great on the beaches of Miami and Spain. It's just that very few of them attend New York fashion week. Dalmau's been showing since 1997 an impressive run but he might be better off trying, say, Madrid fashion week or even Rio on for size. Right now, his unique point of view is being ignored by the aesthetes."
5632,"There were tourists lined up on the steps of the Plaza tonight. It's not clear if they were waiting for a glimpse of Katharine McPhee, who sat front row in the hotel's Terrace Room for Zac Posen 's show, or for the designer himself. Now that he's on Project Runway , Posen's becoming a celebrity in his own right. To capitalize on it, he's launched a new contemporary brand priced between Z Spoke and his signature collection that incorporates his name, Zac Zac Posen, not unlike Michael Michael Kors.  No confusing his Fall show with a diffusion line. Posen focused less on evening gowns with his famous anatomical seaming than he usually does on the runway, favoring evening separates and a surprising number of pants, but the clothes were nonetheless loaded up with detail: soutache embroidery, origami draping and folds. Some of the familiar complaints lobbed in Posen's direction applied: Here and there the cuts looked stuffy and old. But he also had some good ideas, in particular a fitted peplum top in rust-colored duchesse satin that zipped in the back, taking the place of a jacket, and other versions of the same thing in stretch felt or velvet.  Posen has been enjoying an uptick in red carpet credits lately. It's too soon to say if it's related to Project Runway , but there were a handful of showstopping gowns here a strapless bustier number in lapis, bias-cut orchid-colored chiffon, and most of all, a citrine stretch duchesse style with gold soutache embroidery that won't do anything to slow down his winning streak."
5633,"Tonight in the hangarlike Halle Freyssinet, the Mugler show took as its starting point the bygone days of air travel. The house's creative director, Nicola Formichetti, has a personal interest in the subject, as his mother was once an air hostess, frequently crossing the globe; it was ""an idea of time travel, in style,"" he said before the presentation. The sixties were the fertile starting point, but there was also a debt to the fifties and nineties in what followed. Formichetti gave a nod to the futurism of Oscar Niemeyer's architecture especially in the curvilinear silhouettes of the opening looks, with a pale color like poured concrete or metal without being metallic or robotic.  In fact there was very little in the way of man-made, futuristic, artificial fibers in this collection something that has become a signature during this new era. Instead there was an idea of the future viewed from the past here, especially with the expert fabric choice by the womenswear designer Sébastien Peign . The most successful looks used fabric from the suppliers Crevacuore, known for their luxurious mid-century style, shown in the peach crushed bouclé or the gradations of gray cashmere in the opening. Peign 's past working at Balenciaga under Nicolas Ghesqui're was evident here, especially with a further stripped-back, aerodynamic spin on shapes and volumes that had a nod to the Cristobal archives. Yet Peign? proved he had something distinctly his own in the particular tailoring of the skirtsuit looks in the show.  Where things seemed to be on a less firm footing was in the dresses and the more self-consciously futuristic pieces, which displayed something of an overly experimental approach by the designer when the template seemed already nicely set. The last looks of the show displayed discipline once more the monastic air of an earthbound handmaiden this time, as opposed to the airborne one at the beginning. She seemed the darker and less idealistic sister. If only they had come together sooner."
5634,"Sweet but subversive is the usual calling card of Sister by Sibling 's Joe Bates, Cozette McCreery, and Sid Bryan. But this season the Siblings seemed to err more on the side of sweet, producing a collection of pastels and prim prettiness: It was a fifties Tupperware party with a Valium and martini edge. The fifties-sixties Americana they mined in their West Side Story -influenced Sibling men's show was transferred to the suburbs of New York today. It was a companion piece ""from urban to suburban,"" said Bates, ""the white picket fence, the off pastels, and the plastic brights."" There also seemed to be a nod to those Meisel photographs of the mid-nineties, with supermodels striding and laughing along in tight, bright Chanel suits. The collection had some great knits in the form of a newly developed take on bouclé, by Bryan; a bouncy neon coral two-piece; and a short, sharp, boxy knitted red suit. And there were incredible zigzag knit pieces again, with a new stitch developed by Sibling including a coral-colored coat with a black Swarovski crystal collar, the crystals made integral to the crochet. Simple black edging on many of the items gave them a nice punch. The intentions for subversion were all there, with the Cramps and the B-52s singing along at this soir_e. The problem came with the fact that the Sibling Sister was not quite medicated and drunk enough and seemed far too concerned with her Tupperware this season: She wasn't nearly as subversive as before. The casting of the show felt off and those smiles the models were all wearing surely should have had something more unhinged about them. The recent focus on the mid-century and all the relentless Mad Men -itis in pop culture over the last couple of years have made any collection in this territory feel a little fatigued. Here, the standout pieces were great, but the show was not tightly edited enough. It suffered from a surfeit of neither-here-nor-there looks at the beginning, with slogan sweaters that overwhelmed the excellent and innovative knits coming thicker and faster toward the end. Having seen the collection in preview before, some attendees felt that the show seemed like a lost opportunity with its confused styling. Retailers and customers should look beyond those distractions to the collection's bold new knits, whose countless inventive techniques make them simply desirable."
5635,"You've got to give Kenneth Cole credit. Since its launch, his higher-end Collection line has been a platform for a certain brand of New York City style that tough-but-tailored, black-centric look that has long made for the uniform of mid to lower Manhattan. For this Collection outing, however, Cole and his creative director, Kobi Halperin, took the opportunity to look further afield and pay homage to another kind of New York style. Harlem Chic was the brand's term of art for the look here, which emphasized oversize, hip-hop proportions and sports-inspired mesh boxing shorts and tracksuit bottoms. The appropriation was respectful, if a bit cartoonish; that said, the same could be said of dozens, if not hundreds, of appropriations of the punk aesthetic by fashion designers. At any rate, plenty of these pieces had appeal, like the women's track pants, done in crepe or water snake or jacquard, or the basketball-orange suit shown for men. But Halperin sometimes stretched credulity when he described these clothes as a work-appropriate wardrobe, which is, after all, the Kenneth Cole Collection stock-in-trade. Another caveat was the palette: The combination of the white, black, acid yellow, and absinthe green came off a bit strident, frankly. All in all, though, this made for an interesting and perhaps even risk-taking effort."
5636,"1998 | 2013, A.F. Vandevorst 's program notes announced. Perched atop each seat was a tiny box filled with a sugarcoated Belgian chocolate; ""Thank you,"" the words on it read. To celebrate their fifteenth anniversary, An Vandevorst and Filip Arickx took a trip through their archives. ""We found the pieces closest to our hearts and redid them in a fresh summer version,"" Vandevorst said backstage. For crowd members who'd been following their career, the show played out as a series of ""remember when"" flashes. The flat studs that decorated shirtdresses in neat grids were a callback to Fall 2010; the embellished and fringed scarf worn as a top was of a more recent vintage Spring 2013, to be precise. But this didn't have the feel of a greatest-hits moment. After a decade and a half in business, the most marked characteristic of the husband-and-wife pair is their storytelling approach to each collection. Tonight's show was no different. For Spring, they imagined their girl on some sort of trip. Whether through the desert or on the beach wasn't clear, but one side of each model's outfit and half of her hairdo were plastered in sand, as if, perhaps, she fell asleep there, or rolled around with a lover. Either way, this was an evocative show. A long jersey wrap dress barely held in place by a grosgrain ribbon had a soigné glamour; same goes for other dresses that were clingy in back and draped asymmetrically from squares of fabric in front. Vandevorst and Arickx have a good sense of their own strengths. The show left you hopeful about their next fifteen years."
5637,"Natalie Ratabesi's latest Philosophy collection was nothing if not serene. There were lots of all-white outfits, an emphasis on diaphanous constructions, and a whiff of loungewear in the robes and pajamalike looks. It was enough to send you drifting off to sleep. That's a compliment, actually: Ratabesi really captured a tone, and the tone just happened to be Valium-level chill. But it paid to stay alert in order to catch the collection's handful of very winning pieces, such as the bibbed, band-collared button-downs, the wispy bias-cut skirts, and a couple of crisp, empire-waist, structured sundresses. There were a few ungainly looks as well the lime green strapless gown on Sam Rollinson, for instance. But the real weaknesses of this collection were likely attributable to the fact that Ratabesi, on the job for a year now, is still gaining her confidence at the helm. There was a sense of what-might-have-been here: A little camisole with string suspended coyly along the cleavage was suggestive, with its nineties vibe and silhouette. Philosophy was such an iconic nineties brand, this seemed like a missed opportunity to make that connection more strongly, as the era is gaining runway relevance again. Still, Ratabesi does have a feel for that original Philosophy sense of calm."
5638,"Word on the street in London today was that Eudon Choi had a fairly byzantine reference set this season something about a Korean princess married lovelessly to a Japanese king. Or vice versa? Anyway, sometimes backstory is irrelevant. Whatever backstory it was that got Choi to produce this collection, it worked. This was by far his most accomplished outing yet. There was a sense of specificity to these looks, from the show-opening asymmetric dress made from puzzled-together pieces of men's shirting fabrics, to the insouciant askewness of Choi's side-slung knit dresses and tops, to the controlled yet expansive volume of a strapless white cotton frock. Choi refined his pieces, but he didn't over-fuss them. The strongest items here tended to be the ones that erred toward a menswear influence: the shirting pieces and loungewear-style pajama pants and robes. (As an aside, apropos of the latter: Is it possible that fashion people have fallen in love with pajama dressing because we are all totally and utterly exhausted? Just saying.) Here and elsewhere, simplicity reigned. And the collection's standout look was the simplest, or the seemingly simplest, of all: a pair of pale pink A-line shorts paired with a matching T-shirt with an alluring backward drape. That's all it takes sometimes. A good look works for a Korean princess, or a Japanese one. Or whomever."
5639,"Douglas Hannant traveled to Gran Canaria, one of the Canary Islands, last year and was amazed by the landscape. ""The dunes are like nothing I've ever seen,"" he said backstage before his show, explaining how the lack of vegetation allows the wind to create beautiful patterns in the sand. His Spring palette was filled with island colors sunset pinks, sand golds, sea blues and the mercurial nature of the dunes was reflected by the changing quality of fabrics as they shifted and moved beneath sheer layers of tulle, lace, and chiffon. There was a quietness to the clothes and a lean line throughout: no voluminous gala gowns or over-embellished cocktail frocks. One of the prettiest dresses came out second. In ivory wool crepe, it draped nicely across the model's frame and revealed a skinny leather racer-back that extended to the hips. A few ruched tulle dresses felt out of place too overtly clingy and curvy in a collection that otherwise hinted at the body beneath. There was plenty to like here, if nothing to go crazy over, but Hannant's sophisticated faithful won't be stranded come spring."
5640,"As the aggressive, building, marching-band beat of Capricorn's ""20 Hz"" kicked in, announcing the beginning of the Lanvin show, it appeared that this wasn't to be a collection of politesse. And so it wasn't. Put it this way: If you don't like lamé you should stop reading now. On second thought, this is lamé in the hands of Alber Elbaz, so everyone should pay attention, especially you there, in the hessian.  The over-the-top use of shine in this collection was quite startling there was more of it than in a Monte Carlo discotheque. And there did indeed seem to be a little play on the idea of ""Eurotrash"" in the show, with many of the models clutching trash-bag-style handbags to reinforce the point. An audience member asked Elbaz after the show whether they were indeed modeled on garbage bags, to which the designer replied, deadpan, ""I don't make garbage bags."" No, he makes very nice ones of high quality.  Nevertheless, while the shine all of the lamés, satins, Lurexes and brocades might at first appear as subtle as a brick, in the hands of Elbaz, there was indeed a distinct sensitivity to it all. The fabrics were put through a variety of processes stonewashed, vaporized, slashed, and broken and Elbaz's playful tackling of the most unlikely of Lanvin materials en masse was still convincing. There were moments of distinct, delicate poetry, such as a long, flowing shirtdress on Catherine McNeil or the flapper dresses worn by Edie Campbell and Zlata Mangafic. This is one of those collections that should be seen and touched in the flesh, rather than just viewed in photographs.  As with last season, the silhouettes this time were varied and idiosyncratic, aimed at a cast of individual characters, spanning decades largely from the twenties to the eighties but realized in the now. A new fringed men's loafer in gold, obviously was scaled down for girls, and it gave a carefree edge to many of the looks, particularly Lindsey Wixson's spangle-y ensemble, a standout of the show.  Alber Elbaz is confounding expectations once again, in a collection that he defined as ""an homage to the fabric industry,"" before adding, ""Going to the factories, to the basements and warehouses where fabrics are kept, tells you the truth. I didn't want to do a collection based on the forest or Marilyn Monroe."" Elbaz also seems to be enjoying the sense of freedom evoked by his last few collections: ""I think that freedom is luxury and luxury is freedom,"" he stated simply. As a designer, Elbaz has a distinct sense of independence, autonomy, and freedom at Lanvin, a place where he can continue to experiment. But ask him if he has now become a rebel, and he replies, ""I never thought of myself as rebellious. I do think about what people want. People look for a dream and for fantasy in fashion."" Elbaz is still pursuing the dream, and it's not surprising that it's that word which is emblazoned on items of his clothing in this collection."
5641,"We've spent all week looking at what people are doing now, said Simon Collins, dean of fashion at Parsons The New School for Design , before the second annual graduate show for the school's new MFA Fashion Design and Society course. ""But this is about the future."" If the sixteen collections sent down the runway today foreshadow the aesthetics of tomorrow, we're in for a wild ride. However, a crop of creative explosions definitely wouldn't be the worst thing for New York's oft commercially focused fashion industry.  Show opener Melitta Baumeister's stark white silicone looks, which included giant overcoats and a sheer white column dress with a bouncing rubbery hem, were weirdly wearable, and refreshing. This collection indicated the sole trend that ran throughout much of the class eschewing shapely silhouettes in favor of structured, oversized forms. According to the course's director, professor Shelley Fox, this allowed ""their fabrics to do all the work.""  And work they did. Jihye Nam sent out roomy white T-shirt dresses covered with a rainbow of sheer and opaque silks. Her models resembled living watercolors as they stomped in paint-dipped platforms, fishnets, and knee-high socks. Claudia Li's blossoming black and cream cocoons were trimmed with painstaking yarn details that looked like manic scribbles. These pieces were the stuff of fashion fantasies, but that doesn't mean the class neglected reality entirely. California native Amelia Lindquist, for instance, juxtaposed enormous, light-treated denim looks (some of which were cheekily printed with a nude woman's torso) with fluid white jersey tops or skirts. Later, Piotrek Panszczyk offered a clever and commercially viable collection of lavish, sculptural leisurewear in alpaca, bonded jersey, and velvet. His print, which he made by xeroxing a fur coat, was a sure highlight. Hannah Jenkinson's new take on traditional knitwear and crochet was also a standout, featuring a white lace tracksuit and translucent sweaters filled with tendrils of trapped yarn. Meanwhile, show closer Jia Hua's neon and black multilayered ensembles which combined a mind-blowing array of tech and luxury fabrics could hit shelves tomorrow.  Indeed, some of Parsons' up-and-comers have the skills to break out on their own, but many are wisely aiming to work for a brand first. (""I'm not in any rush,"" as Hua put it.) These designers' goals aren't far out of reach. The likes of Céline, Nike, and Givenchy are already courting members of the class of 2013, and, considering Donna Karan hired alum Carly Ellis right after the 2012 show, who knows what kind of attention this impressive presentation will bring. Panszczyk, however, is intent on taking a leap. The Polish-born talent is teaming up with one of last year's grads to launch a line. ""The industry here in New York is so jaded and massive,"" said the 27-year-old, who will be staying in Gotham to start his business. ""So I think it's the perfect time to do something really cool."""
5642,"Fabric was the starting point at Tomas Maier's Bottega Veneta show today. Print and color for the most part were pared back, so that his expressive volumes could do the talking. Maier developed a cotton woven with copper; the metal threads gave it a memory. He used it to sculpt mille-feuilles of ruffles that circled the hips of a short skirt, cascaded down the torso of a day dress, and bustled the small of the back on a one-shoulder dress with leather straps. The results felt ladylike, not all that unlike his 1950s-inflected Fall show, but where that was retro-strict, this had a more relaxed spirit. Inevitably, it felt more modern.  How ironic, then, to hear from Maier backstage that a visit to the Metropolitan's Impressionism, Fashion, and Modernity show was what sent him down this path for Spring. Like the Impressionists, process is paramount to Maier, but as a whole it didn't bog him down. There was a real sense of drama to these clothes, but they had a nice lightness, too. Take the show's signal look: a black wrap skirt with an exuberant flounce at the waist that he paired with a white button-down, its boxy short sleeves turned over with deep cuffs. The crisp shirting was sharp where the ruffles were sweet; those aforementioned leather straps on the dresses had a similar leavening effect. Maier is smart enough to know that if you add, you must also take away.  Toward the end of the show, he tried out a few other kinds of embellishment, the most successful of which was the short mohair fringing that accented belted plissé tank dresses. Other numbers, especially one in royal blue with metallic appliqués embroidered in a dégradé effect, looked overly crafty and weighed down. Not all masterpieces, then, but we liked Maier's sense of exploration here."
5643,Our review will be posted shortly. See the complete collection by clicking the image at left.
5644,"Black, white, and colorful all over: That was Barbara Tfank 's idea for Spring. The maker of modern-with-a-retro-tinge cocktail dresses created a collection of short frocks and long gowns meant to not only please her loyal customer, but also add some newness to her Michelle Obama-approved, Los Angeles-based line. ""I wanted to give my clients something just a bit different,"" she said at her presentation in an intimate Chelsea art gallery. The first look, a brushed-cotton almost-minidress in black with a cage neckline, delivered on that. The look was sexy, but delicate bows at the top of the shoulders gave just a little Audrey Hepburn appeal. Another winner was an off-the-shoulder, close-fitting gown in what Tfank is calling ""Byzantine bouclé."" From afar, the multicolored material looked as if it were made of millions of tiny beads; the texture was unexpected, and the silhouette elegant. Both of those numbers had interesting necklines, and this season Tfank did best when she focused on that area of a woman's body. Unexpected slits at the collar of a floral shift dress offered it just the right oomph such a classic style needs. Two dresses done in bias-cut charmeuse printed with purple poppies were elegant, but maybe not as memorable. Tfank is an interesting talent, though, and this collection proved that she's more than just a pretty dress."
5645,"A giant cruise ship sailed into the slot behind Pier 92's windows today and served as the backdrop for Catherine Malandrino 's presentation. It wasn't planned, but it might as well have been, as only an actual yacht in Saint-Tropez would have been a more appropriate setting to debut these Spring wares. This season, Malandrino was inspired by the seaside escape's famed regatta, Les Voiles de Saint-Tropez, which she'll be attending in September. ""It's about performance, but it's also about poetry,"" she said, referring to both the race and her new lineup. Literal expressions of an inspiration are rarely a success; that both was and wasn't the case here. An otherwise lovely oversize knit jacquard sweater became silly when covered with a giant rendering of a sailboat at sea (the colors were spot-on, though cobalt, dusty blue, bright cherry, and white). However, when Malandrino's ships were shrunken down and used as an allover print on a pleated ankle-length silk skirt or a silk maxi dress with leather details, they were youthful and adorable. Same goes for a blue and white ""Air France"" print (how else would one get to Saint-Tropez ) and a kitschy riff on scrapbook pictures. Malandrino more subtly translated her nautical theme via her silhouettes and fabrics. She focused less on saucy little dresses (as she did for Resort) and more on sporty separates and maxi looks, whose fluid skirts were made for fluttering in the Mediterranean breeze and felt fresh paired with the designer's new nylon parkas and windbreakers. A mesh-detailed bralette was sultry without being perverse when worn with crisp white neoprene shorts and a floor-length black cardigan. That balance was key for Malandrino. ""I think it's nice to show less. It's more about suggesting,"" she said, noting that she tried to avoid bare legs. Her models' gams were covered by billowing silk harem pants, high-waisted viscose jodhpurs, easy wide-legged trousers, and three-quarter-length A-line skirts; the last of these were great in neoprene but a bit drab in cotton. Some of the electric pink and aqua jersey looks lacked the luxe factor befitting a Saint-Tropez girl. But from leather eyelet skirts and frocks to embellished blouses and flattering jumpsuits, Malandrino's Spring femme will have plenty to pack for her next trip."
5646,"Dennis Basso 's dress business is picking up. ""I've immersed myself in it,"" he said the day before his Spring runway show. All those gowns have to be worn somewhere, and Basso says he gets orders for everything from mother-of-the-bride ensembles to debutante gowns. But part of this dress push is most certainly a red-carpet play, too, which might be why he drew from the glamour of Old Hollywood favorites like Ava Gardner and Jane Russell to guide this season. Good thing the staid reference wasn't literal. ""This wasn't about creating a vintage look,"" he said. And the collection was better for it. The most striking numbers were sky blue, covered in almost abstract tangerine florals. But they were nearly equaled by an oh-so-pale pink and blue ball gown. For day, a little white organza dress with bustier detailing was youthful and just sexy enough. Dresses may have been in the majority, but a Dennis Basso collection doesn't exist without fur and exotic skins. This time around, he used broadtail best. A black and white broadtail vest was belted like a peplum top over a white organza dress with black geometric shapes, and a white moto jacket looked cute over a black floral frock. Colored alligator surfaced yet again in tiny vests: It must do well, because Basso can't seem to let it lie."
5647,"For a designer so invested in the look of the street, Yang Li sure does wear his heart on his sleeve or at least somewhere not far underneath it. The men and women populating his runway this season may have come off slouched and gritty, what with their biker jackets, baggy pants, and Vans. But inside, they were poets: youth facing a hard world with a cold stare, but nursing broken hearts. If that sounds a bit much, the teenage tenderness of this show was a large part of its generous charm. Li is a designer who treats fashion as a vehicle for emotional expression, and occasionally in this collection he captured something fraught and vulnerable, letting his girls get lost in their clothes and unfinishing his looks in ways that added an air of dreaminess. Sometimes the romance bordered on the overindulgent; too many of the models were tripping over their pant legs and their skirts, which was a forgivable offense, but the kind of thing that sounds a cautionary note. However, there was no arguing with Li's military-inspired jackets and suits for both men and women, or his robelike coats for the girls in either a satiny couture fabric or a camo-patterned burgundy jacquard. In general, the women's clothes had a much more developed point of view. Li has really stamped the maxi silhouette as his own. It was nice to see him finding ways to elaborate his aesthetic via other proportions and lengths, though; he does seem to understand that his predilection for oversizing will pay diminishing returns. The men's looks, meanwhile, were sharp and well executed, even if the designer's own point of view wasn't altogether defined there. Still, the catwalk had feeling as well as cool a tricky balancing act to pull off, and one that stands Li in good stead among the new generation of Paris up-and-comers."
5648,"Alberta Ferretti has always been Milan's queen of languor, but today she sidelined her signature dreaminess for something a little more dynamic. ""Positive energy, the joy of living,"" she enthused before her show. Against an electronic backdrop of shifting sunset shades, her models walked in pure white, trimmed with ribbons and multicolored floral embroidery. Ferretti cited the south of Italy ""the land of sun and sea and color,"" she called it but there was equally an echo of the Andes in the hot pinks and reds she used.  For all its superficial charm, the collection was intensely technical: smocked mousseline, embossed plissé, placed floral prints. Familiarity with the terminology doesn't necessarily increase appreciation of the garment, but once you'd touched these particular clothes, the technique made a whole lot of sense. What was most intriguing was that the craftsmanship was turned to clothing of an extreme girlishness. The tiered skirts, the shirtwaister, the little cropped linens all paired with embroidered ballerinas were pieces that you'd think the daughters of a Ferretti customer might best respond to. A smart move on the designer's part. Especially because she still gave her devotees the option of spectacular orange and green mousselines at show's end."
5649,"This evening's Christian Wijnants show left you with a sense of gnawing dissatisfaction. Not because he lacks for ideas or talent, but rather because he patently has the goods, and this seemed a missed opportunity for a breakthrough collection. Wijnants' concept was rich: He was paying homage to the Islamic women in Somalia who play basketball, in transgression of religious custom and at risk to their own lives. And the designer took the right elements from that reference, mixing up traditional African prints and sport-influenced silhouettes and graphics, and elaborating a more abstract theme involving concealment and exposure. That resulted in a clutch of very strong pieces: His drooped basketball shorts are among the cooler looks to appear thus far on a catwalk for Spring, and his sheer printed dresses and anoraks had a real poetry. But the looks never properly cohered. It was hard to figure out exactly how Wijnants was getting in his own way. The styling was an issue, frankly, and he almost completely eschewed his signature technical knits, which was something akin to making a collection with one hand tied behind his back. (Such is Wijnants' way with knitwear that he was, just last season, awarded the Woolmark Prize as a result of it.) Both those qualms are rather easily addressed. The bigger issue may be that Wijnants has yet to summon the nerve to meet his formidable potential. Last season was a more coherent and, in some ways, ambitious outing. But given this designer's keen intellectual gifts and his remarkable technical prowess, you really have to demand he keep pushing."
5650,"The young women of the 1975 Australian cult flick Picnic at Hanging Rock were Jenny Packham 's Spring muses. ""Our mood board was already together, and it reminded us of the film,"" Packham said backstage at her Lincoln Center runway show. ""It just had the right feeling."" Set in an Edwardian boarding school, the film's period costumes were cast in the glow of seventies celluloid. To give off that vibe, Packham combined high necks with prairie silhouettes, and collar embellishments with warm colors like rust, burgundy, and blush pink. Packham is a master at beading, and a taupe chiffon minidress adorned with tiny pink rosette embellishments as well as multiple crystal-covered gowns in celadon, chartreuse, and powder blue showed off that talent. But it was the less glitzy looks that really shone, including an easy-elegant burgundy-plaid shirtdress with a ball-gown skirt, and several halterneck numbers in pleated chiffon, both short and long. A pink pussy-bow gown, which hit right above the ankle, was as striking and glamorous as anything with a thousand sequins. It was good that Packham went for a bit of new, because as pretty as her beaded dresses are, they don't change much from season to season. It was nice to see that she's capable of more."
5651,"If the launch of Stefano Pilati's first collection for Agnona was somewhat unconventional, his intentions for the label are nothing less. He is making a stab at genuinely season-less dressing, and, to underscore that, the launch took place in a pop-up shop where people could immediately buy the clothes and see prototypes of upcoming pieces. Pilati decided to stay away because he wanted the focus to fall firmly on the clothes, but his presence still filled the room. For one thing, the collection was dominated by a checkered motif called Palaka, taken from a Japanese fabric that was originally used for surfers' shirts and shirts in Hawaii, where Pilati came across it in a vintage shop. It took us back to the surfboard that was propped in the corner of his office at YSL. Surfing in Hawaii was always his escape.  Another signature Pilati flourish: He labeled his debut ZERO, after Group ZERO, an affiliation of avant-garde artists that came together in D™sseldorf during the late fifties. Their manifesto called for creativity unfettered by tradition. Given that Agnona turns 60 this year, it would be a wonder if Pilati didn't have tradition on his mind, with a little unfettering not far behind. Revolution at Zegna, evolution at Agnona: That was how one insider defined the designer's approach to his new role with the Zegna Group. But evolution wasn't quite it. It was more like reinvention. Agnona is best-known for its double-faced cashmere. Pilati kept that bit of the past, by double-facing not just cashmere but everything else from kid mohair to stretch cotton. Otherwise, the play with proportions was purest Pilati: the short jacket sleeve over the long shirt sleeve; the bigger, softer jacket shoulder; the culotte; the shirttail coat; the long jacket over short shorts. The languor and the occasional masc/fem ambiguity of the clothes were familiar. One khaki coat could have come straight from Pilati's own closet. Then there was the Palaka, as a woven or a print, fused with florals, on a leather coat, and even printed on a short-sleeved jacket in crocodile. The casual extravagance of such a gesture only you know it's croc also felt like a welcome blast from Pilati's past."
5652,"The Row woman this season is an eclectic, exceedingly well-dressed nomad, picking up inspiration and pieces from her travels around the world. It's a decided change of pace from Fall, when Ashley and Mary-Kate Olsen conjured a fabulously chic city dweller content to lounge around at home in red bedroom slippers, with the occasional excursion to the office or dinner. Both visions are seductive. Maybe it's their experience on set as actors, but the Olsens are highly skilled at creating a mood.  The references for Spring came from far and wide. There were visions of Arabia in the long layers and the models' veils, Northern Africa in the printed djellaba, a fishing village in the macramé sweater and matching cross-body hobo bag, and Russia (maybe), or some other cold clime, in a dense wool coat with a quilted bib. That coat and another that appeared to be constructed from a woven rug looked too weighty for real-life wearing, but the rest of the collection was notably light. The white top in crinkled georgette worn over a twisted bandeau and a snakeskin wrap skirt could've been spun from air. Just as alluring was a sleeveless black dress in leather laser-cut so finely it looked, upon first glance, like it was lace. And while we're on the subject of wow factor, we should bring up a coat made from perforated shearling. Not many other New York designers are doing this kind of couture-like work.  This was a tranquil, transporting show, but one that was also firmly grounded in the here and now. Case in point: the show's sublimely understated loafers and mules, commissioned by the Olsens from the Bologna, Italy-based cobbler of handmade men's shoes Enzo Bonaf. It's the first time Ashley and Mary-Kate are offering shoes, and they'll be sold in limited editions. The Row's fans would be wise to put their names on the list now."
5653,"You don't go to Marco de Vincenzo 's show expecting to see the dress of the week. But the young Roman designer had a real contender in a cocktail number made from intersecting swatches of metallic blue and silver macramé with cutouts at the side and a high center slit. It had the feeling of a fabulous vintage find from the seventies but in thoroughly modern materials. Since his start on the runway four years ago, de Vincenzo has been fairly obsessed with texture and surface treatments. At times, his experiments with fabrics have felt belabored. That was less true this season than ever before, and the metallic macramé was just the beginning of the great-looking dresses here. The same slender silhouette with the side cutouts felt fresh for daytime in color-blocked lavender and gray perforated nylon; a shirtdress with heat-transferred crystals arranged in an ombré grid looked fun; and we're confident that we'll be seeing a stretch ribbed-knit style out and about next year. The fit was fantastic. Leather pieces sliced on the diagonals to create graphic patterns were also worth calling out. Where the cuts were, the fused cotton backing showed through. De Vincenzo's collection was full of clever experiments like that. The sporty hoodies with drawstring detailing at the neck and hem may not be such a good fit for him, but that's a side note. There were plenty of other desirable things here."
5654,"In a Paris show season full of designers testing their own limits and going against preconceived notions of themselves, it has been down to Rei Kawakubo to go the furthest of all. In today's Comme des Garçons collection of twenty-three looks, each accompanied by its own particular piece of music, she presented a series of objects that might be worn on the body.  Now, that last statement might seem rather arch, but there is a reason for it. Always wanting to do something new, something that hasn't existed before, Kawakubo decided this season that the only way she could do this was by setting out not to make clothes. The designer wanted to see herself, not through her own fashion eyes, but through ones that were innocent of all this. That's why, this evening, she adhered to none of the strict fashion show formulas. There had been no toiles, no fittings on the body; these were objects to go beyond the body, to reformulate what fashion is to the designer. This is one of the reasons the collection is one about which it's incredibly difficult to write. To roll out all of the autopilot fashion formulas, all of the blah blah about fabrics and forms, to adhere to a standard frame of reference that's just not going to cut it. To pass judgments on ""wearability"" or ""practicality"" just seems facile, especially as figures such as Leigh Bowery have existed in the past and helped move the goal posts of the perception of clothing and fashion. And hopefully most of us are lucky enough to live in societies where we can wear what the hell we want, where we can always push the boundaries without literally being arrested. Perhaps, to paraphrase Eleanor Roosevelt, no one can make you feel what fashion is without your consent. Kawakubo is simply asking for consent, not dictating the terms of clothing. But what Kawakubo also still clearly believes in is the live, living event of the show a moment of combined creativity that, at its best, is evocative and emotional and those feelings cannot ever really be reproduced over the Internet or in a catwalk shot. ""I have nothing to say, only to show,"" wrote the philosopher and critic Walter Benjamin, and that statement applies to Kawakubo like no other. She has done her work; she can't explain any further; now it has to be witnessed. Fashion designers at their best function almost purely on instinct, and ultimately it is very difficult to explain instinct. Kawakubo was merely following hers this season. It was down to the show to really communicate the collection. The experimental sound artist 20 Hertz, working with Hell's Kitchen, provided the music for each piece. Playfully spanning eras and genres from the eighteenth century operatic to 1980s electro, it was a dizzying and delightful array of moods and feelings juxtaposed. Thierry Dreyfus did a great job of lighting the proceedings, bringing to mind something of German Expressionist cinema. The hairstylist and makeup artist Julien d'Ys provided his own equally abstracted interpretations questioning what hair and makeup should be. The applause at the end was loud and prolonged. Yes, it was all incredibly theatrical. Yes, ultimately, the ""clothing"" has to be looked at in the flesh and decided upon by the individual. But do not think that this collection is simply for a niche elite of fashion nerds; the repercussions are much wider. Kawakubo's profound influence in the fashion industry is as a symbol, a touchstone by which many designers can justify their risk-taking and sometimes their very existence in the profession. Many designers work in the big machines of fashion and are not so tightly in control of their own destinies as Kawakubo, but when faced with an onslaught of marketing people who would rather have them produce a slew of nondescript T-shirts and handbags, these designers can point to the fact that somebody like Kawakubo exists, occupies a place of honor in the fashion world, and has a successful business in it. She is the ultimate, symbolic fuck you in the face of the often myopic marketing machine. That's why whatever Kawakubo chooses to do, it has significance for fashion overall and for all of us who are interested in it or who merely wear clothes."
5655,"There are two ways for a designer to approach embellishment. The typical one is to treat embellishment as decor, a little bonus pizzazz on the surface of a garment. The other, rarer one to which Sharon Wauchob subscribes is to make embellishments absolutely integral to the personality of the clothes on which they appear. In Wauchob's show today, you could hardly have imagined the satin tops with dotted feather embroidery without those feathers the pieces might have worked plain, but they would have worked in an entirely different way. Ditto the smocked chiffon gowns, with their starry scatter of crystals, or the satin pencil skirt with a mossy burst of embroidery near the hem. Not all the looks in Wauchob's latest collection featured embellishment, but it was the embroideries, especially, that marked them as unique. It wasn't all a stitched-and-feathered affair. Wauchob had success with simpler pieces, too. There were on-trend slipdresses and camisoles in lace and silk satin, as well as a slew of nice jackets and coats a surprising number, in fact, given the season with the standout being a robelike coat in reflective velvet, which pulled off the feat of seeming both relaxed and glam."
5656,"For Spring 2014, designers Ken Kaufman and Isaac Franco aimed to reclaim sportswear as their own after years of being pigeonholed by the media as ""that brand Jennifer Aniston likes."" ""The basis of our collection has always been sportswear,"" said Franco backstage before the show. While they haven't forgotten about the red carpet altogether if you're going to have an unintentional spokesmodel, Aniston is definitely not a terrible one the focus on the runway was daywear. The designers were occupied by the idea of clothes as an almost second skin, the armor of an ""urban huntress."" For instance, a white wrap skirt was paired with a white bra top, its long ends bandaged around the model's waist. An off-the-shoulder sheath in neon red was also strategically bandaged, revealing slivers of skin here and there. And a short white shift was held together at the neckline by a sturdy but not heavy-looking harness. The look was chic but also strong. On the more daring side, the designers showed a ""paratrooper"" jumpsuit in both red and white. The style, done in a loose silk sheeting and gathered at the neckline in a halter, looked more like a gown than a onesie. And it worked. Stylist Kate Young's clean and easy approach to fashion brought the runway up a notch from previous seasons. And it sure didn't hurt that Alessandra Ambrosio opened and closed the show. Her mix of commercial sex appeal and high-fashion prowess is a good look for the brand."
5657,"The L.A. lifestyle has always been at the core of Juicy Couture 's DNA, and the new Spring lineup, entitled Go West, played up the label's California origins. At its Milk Studios presentation, the collection was split into several tableaux representing a typical day in the life of a Los Angeles native. The opening series of athletic outfits introduced a new Juicy Couture Sport line of trendy yet functional activewear, including leopard sports bras, hoodies, and leggings equipped with Coolmax technology intended for a morning hike in Laurel Canyon or an early SoulCycle class. It's hard to believe that the brand famously known for its terry sweatsuits hadn't yet capitalized on this category.  Moving around the room, Juicy's senior vice president of creative services, Matthew Ellenberger, pointed out a cluster of looks like a sweet gingham shift dress paired with a bubblegum pink leather biker designed for afternoon shopping on Rodeo Drive. Other casual standouts included a shrunken denim jacket styled with a striped shirt, a mini cross-body bag, and a flirty floral silk miniskirt, as well as snug tweed moto jackets and slouchy striped track pants. And for a night out at the Chateau Marmont: a dice-printed shirt and matching pants, a bohemian maxi dress, and flashy gold sequined shorts. Elsewhere, Ellenberger teamed up with Baron Von Fancy on a range of graphic tees and accessories featuring the graffiti artist's signature scrawl, driving home the Los Angeles theme. A California license plate T-shirt, rose gold aviators, and rhinestone-studded heart necklaces and cuff bracelets were among the collaboration's blingy highlights. If it was difficult to imagine sophisticated New Yorkers going for most of this stuff, Juicy was still smart to focus on its Golden State roots."
5658,"Sydney-based Willow is in the midst of a fast expansion back home, opening stores at a breakneck pace. So there was something metaphorically fitting about the fact that the premise of Kit Willow's latest collection was the dot: You could think of it as a barely there point in space, but considered from another angle, it contains infinity. That theme played itself out here in various ways: There were physical dots, both actual ones, on tulle, and extrapolated leopard spots and perforation; the collection also emphasized circular cutting, with material draped in great swathes. Willow got at the idea of shifting perspective with materials like holographic silver leather that bounced the eye around, and via garments that could be worn in multiple ways. In those instances, adaptability was mainly expressed through long straps, which could hang loose or wind around garments to change their silhouettes. The problem with that strategy, though, was that the straps were a distracting element unless, and until, they were put to use. The circular cutting worked better, resulting in some interesting asymmetric looks. Willow's emphasis this time out was on relaxed shapes, and pieces that could not only be adapted on their own but also mixed and layered in almost modular ways. Again, the theory was better than the practice, as all the diffuseness and changeability meant that no particularly strong proposition emerged through the collection as a whole. The designer also seemed to be hedging on whether she wanted to give her conceptual program its due, or create good commercial pieces. The more straightforward and commercial looks were the strongest here; an ensemble such as a sharp pair of tapered trousers and split bias-cut blouse might not have contained infinity, but it was focused like a point. Sometimes, that's enough."
5659,"Feminine, easy-to-wear clothes are what Wren 's Melissa Coker does best, and she's been bringing them to life for the past several years with quirky, creative videos made in collaboration with starlets who embody the free-spirited essence of the contemporary Los Angeles-based label. This season, the designer worked with director Kava Gorna, who filmed Annabelle Dexter-Jones and Hailey Gates spending a lazy morning together recovering from a hangover. After waking up in their Wren frocks from the evening before, the It girls lounge around in skivvies and pullovers while enjoying breakfast in bed, recapping their late-night adventures, reading a book to each other, fielding phone calls from new suitors, and preparing for the next day before heading out all over again. It was a scenario we can all relate to, just as the latest Wren lineup was full of straightforward, everyday separates to take you from grabbing orange juice at the corner convenience store to a weekend shopping excursion to a backyard dinner party. While breezing through racks of cute striped shifts, relaxed ikat-print drawstring trousers, flippy A-line skirts, and lace T-shirts, Coker explained she was going for a nineties vibe for Spring. ""Think Brenda Walsh meets Contempo Casuals,"" she said. That decade got a lot of play on the runways this season, and the 90210 -esque looks here, including a zipped-up, ribbed-jersey crop top and a short floral silk baby-doll dress, felt particularly of-the-moment."
5660,"One of the subcurrents of the Spring season that is slowly rolling to a close here in Paris is nature. Our manipulation of it (mostly to our detriment) on the one hand, and its awesome power on the other. Akris ' Albert Kriemler focused on the latter. His press kit featured photos of sandstone lines, algae, honeycombs in the sand, and granite curves. ""It's a dream of fabrics and nature moved forward through technology,"" he wrote. That sounds like fertile ground for Kriemler, who treasures fabrics and has Akris' fabulous St. Gallen mill at his disposal. In a number of cases it was. To begin with, Kriemler reproduced those nature images in large scale on cotton voile, plissé chiffon, and even leather. The designer has become known for his photoprints, but these signaled a new direction; they were more abstracted and more exuberant than the street scenes and aerial landscapes he's used for the last couple of seasons. That's why they worked best on a shirtdress, or a breezy skirt worn with a thin-gauge sweater. Paired up in a suit, the patterns tended to be overwhelming. As the collection progressed, Kriemler laid the textures on thick: St. Gallen embroideries in honeycombs of lace, fagoting designed to look like horizontal strands of algae, and, most vividly of all, tiny holographic foil appliqués. The tricky, midriff-revealing cuts on a few dresses did not simplify things. Nature is a dangerous beast, but in the end Kriemler finished strong, confidently in control of a trio of pieces in black and gold wave-pattern chenille."
5661,"Jun Takahashi's Undercover show began with a manifesto, borrowed (a little postshow Googling revealed) from the all-girl post-punk band Savages. ""The world used to be silent/Now it has too many voices/And the noises are constant distraction/They multiply, intensify."" The sentiments sounded tailor-made for the smartphone-obsessed fashion flock. But then Takahashi went and served up some made-for-social-media moments of his own, with palindromes and anagrams decorating his part-sport, part-S&M-inflected streetwear. (As an aside, it doesn't seem a coincidence that the revival of logomania corresponds with the explosion of Instacrack.) ""Snug"" turned to reveal ""guns""; ""silent"" became ""listen""; and ""dog,"" of course, was ""god."" Wordplay along these lines is already a big trend witness the ""Selfie"" T-shirts printed in Céline's font, or ""Homies"" in the Hermès logo. Takahashi's clothes capitalize on that phenomenon at the same time that they elevate it and, perhaps just a little bit, politicize it. You can't buy a T-shirt with LED lights on its front and back or a clutch-cum-wristlet flashing words like a miniature billboard from a vendor on the street. We are all just walking billboards. That's the kind of thing that could keep a thinker like Takahashi up at night. ""The contradiction in the world and the contradiction in myself"" was his starting point, he explained backstage. Takahashi doesn't seem eager to render judgment; quite the opposite there was nothing sneering about the collection. But he did send people out the door with some deep thoughts to accompany their shopping lists, and that's a rare enough occurrence that it deserves applause."
5662,"Gemstones have a lot going for them. They're brightly colored, simultaneously transparent and opaque, made up of interesting angles, and coveted, pretty much universally, by the fairer sex. Oskar Metsavaht's Spring collection was an ode to them: a tightly focused exploration of sharp angles, sheer layers, and brightly saturated solid colors. The styling was a little gimmicky the models' gemstone clutches and heels matched their outfits, and a few wore matching, faceted sunglasses but the quality of the fabric was clear and the tailoring clean. An all-white look in crepe was crisp and refreshing a very cropped top layered over a long tunic was worn over attenuated pants. Simple and sophisticated. Later layered looks in black and white silk looked like elegant geometry problems square tops over angled tops that turned square skirts into triangles. Sounds tricky, but it looked very easy. One of the collection's two prints neon bright gemstones on a black background was graphic and fun (Metsavaht arranged minerals in the shapes of pineapples and palm trees, then photographed them), but it was cheapened by the addition of clear plastic layers. Ditto that same print later on, now in neutrals and printed on a special vegetable-dyed eco silk. The hard plastic layering pieces were out of place and unnecessary. Strip them off and you'd be left with something cool and covetable."
5663,"Backstage at Charlotte Ronson , the designer described her girl: ""She's a Parisian in New York. She's studious and intellectual, but she likes to have fun. The dresses are sweet, but you can see the body underneath."" Feminine with a tomboy twist is a Ronson specialty she has a knack for keeping things on the cool side of pretty and the result is always lighthearted (the Ronson girl is the one who made high school look easy). So Ronson's brainy beauties got glasses and nameplate necklaces that spelled out ""Bookworm"" along with ""Gamine"" and ""Tomboy"" to wear with their seersucker gingham dresses, eyelet tops, and Peter Pan collars. But, as the designer promised, it wasn't all study sessions. That eyelet top came cropped, and the seersucker dress had an open back. Cutouts were a recurring theme, and the graphic black-and-white cherry print had a cheeky edge. The white leather dress Ronson wore zipped apart completely at the midriff, leaving a standalone top, or, if you kept it attached, the option to expose as much skin as desired; it looked great on the designer as well as on the model who wore it. Ronson found her groove this season. The mood was refreshingly low-key, the muse charming, and the pieces special."
5664,"Leather has been the emphasis at Cerre from the beginning, but over the past two seasons, self-taught designers Clayton and Flavie Webster have expanded their collections to include more tailored pieces in addition to their best-selling biker jackets. The husband-and-wife duo demonstrated their range with their new Spring lineup, which featured a tranquil color palette inspired by the Websters' travels to the coast of southern France. They whipped up their signature buttery soft jackets (available in three different classic fits) and a versatile backpack in fog blue leather, and also showed a distilled wave print on silk button-ups and pleated schoolgirl-style skirts. There is a detectable Eastern current that runs throughout Cerre's collections. It was evident in several of the streamlined silhouettes (slim midi skirts, sheath dresses that gracefully bloused at the waist, and a sophisticated tuxedo jumpsuit), as well as in the clear standout here, a beautiful black and white kimono gown cut from sumptuous three-ply silk. Surprisingly enough, it was the Websters' first attempt at true eveningwear, and based on its success, we're eager to see them grow and experiment in more categories."
5665,"The heart wants what the heart wants. In the case of Pamela Skaist-Levy and Gela Nash-Taylor, their hearts commanded them back to their roots. Hence, as of this season, the short-lived Skaist-Taylor becomes Pam & Gela , one mandate of which is to update the iconic terry track pant. That item, of course, was the bread and butter of Skaist-Levy and Nash-Taylor's first brand, Juicy Couture. With the launch of Pam & Gela, the ladies aren't ripping themselves off so much as figuring out what a new-generation Juicy girl could be looking for now. And what that girl wants, it seems, are vintage-inspired sundresses and tops, leather separates and a python biker jacket, studded tees, and sweatshirts, skirts, rompers, jumpsuits, dresses, and (yes) pants in a variety of high-quality kinds of terry. The vibe, meanwhile, retains that Skaist-Taylor tang of laid-back, rock 'n' roll boho. The Pam & Gela girl is hanging out at the corner of Melrose and La Brea, pretty much; she's got a couple of tattoos and a regular and expensive habit at M Café de Chaya. It speaks to Skaist-Levy and Nash-Taylor's savvy that it's so easy to visualize her. Pam & Gela feels on-target."
5666,"Diane von Furstenberg called her show today Oasis. Midway through New York's nine-day fashion week, we could all use a few hours off in some safe haven. Not much chance of that anytime in the next three weeks. Lucky for us, then, that DVF delivered a solid ten minutes or so of fun. Chalk it up to the smiling faces on the models, the Naomi Campbell sighting at the end of the show, or von Furstenberg herself bopping along to the beat, enjoying no, loving every minute of her long walk around the runway. All of that adds up, sure. But as importantly, the designer made sure to keep the clothes upbeat, too. She wore her own version of the show's defining look, a ""poster dress"" depicting lions and zebras roaming through the savanna, but the sand-scape print of a halter-neck maxi dress also stood out. And there was just as much zing in an orangey-red column dress that laced up the side with silk rope and another halter style in dazzling azure blue. Not into color? DVF did graphic black and white, too. Joan Smalls' zip-front black and white diamond-print dress turned more than a few heads. ""What I'm hoping is that people feel joie de vivre, happiness, and beauty in a world that is so rough, so unpredictable, and scary,"" von Furstenberg said in the hubbub before her show. She did her bit for the cause today."
5667,"Josie Natori outlined her mission this season as ""celebrating the woman in a very modern way."" To get there, Natori backtracked to 1930's Hollywood, an era she admires for its empowered screen sirens and strong, sensual silhouettes. ""Every woman is an icon,"" the designer said, explaining that she wanted to create ""power dressing"" pieces that were still feminine. The result was an appealingly soft yet structured group of daytime separates in Italian jacquard that had substance, thanks to their weave, but still gave the impression of floating off the body. Lightness is key for Natori, who is never far from the kimono. Evolved elements of its shape were apparent throughout, from the loose bows that tied cotton shirting at the waist to the capacious nature of most of the collection's sleeves. The silhouette stayed simple and organic through evening, but a blurred, rainbow-bright check print gave a somewhat unpleasant jolt; a series of sheer tops in sherbet hues paired with crisp pastel pants were a better use of brights. Old Hollywood elegance was fully restored by the simplest looks the unstructured, uncluttered gowns that closed the show. Sometimes the best way to celebrate a woman is to let her speak for herself."
5668,"All of New York fashion week we've been talking about the 1990s and hearing about clean minimalism. And then along came Marc Jacobs tonight, polishing things off with a fabulously irreverent show that took us on a trip to the 1890s. The set looked like a bombed-out beach, with cigarette butts, Big Gulp cups, a tumbled-over Frozen Treats case, and destroyed fashion magazines strewn in the black sand. A giant Adirondack chair, the mast of a wooden ship, and a bus on its way to Black Hollow numbered among the bigger props. Giant fans in the corners seemed to be blowing hot air on the audience. The handheld fans that ushers handed out on the way in were hardly a match for the stifling temperature inside the venue. Were we shipwrecked? In some sort of post-global-warming desert wasteland? Neither, said Jacobs backstage afterward, rattling off a few random talking points: ""It's more of a weird frat party, Burning Man, shores-of-Gotham City sort of beach scene. It's a lovely nightmare, or it was for me anyway."" And this, more interestingly: ""I didn't want the cliché of Spring and Summer, I wanted it to be about girls who have no problem coming to work in a Victorian gown and Birkenstocks."" (For the record, Jacobs' sandals this season owe more of a debt to Tevas than Birks.) Rejecting the received wisdom of other runways, he went on, ""I don't have one friend who dresses in all white."" Zing! Take that, New York. Jacobs' clothes, in contrast to the prevailing Spring currents, were printed, appliquéd, embroidered, and tasseled. And dark. There were large hibiscus prints in red and white on a coat and maroon and white on a shirt and shorts set, but black, navy, bottle green, and brown were the dominant colors here. Even a bellwether like Jacobs might have a hard time getting twenty-first-century gals into the passementerie-laden sailor's jackets that he started with. Blame the out-to-there shoulders, not the cute hip-slung shorts that accompanied them. But his printed and embroidered dresses were another story entirely. Cut like exalted sports jerseys and worn like they were no big deal with wrestler's boots, they had an unprecious cool exactly the kind of thing an It girl like Sky Ferreira, who made a surprise cameo on the runway, might wear for a stroll through the Lower East Side. Widow's weeds dresses marched by on flats, too. It was hard not to love this show's attitude. Georgia May Jagger sported a sweatshirt embroidered in red and white with the wave on a Coke can. Just what Jacobs' point was we don't know, but he's the real thing out in front of the rest of the town without hardly breaking a sweat."
5669,"This is the first time in several seasons that I'm not working with super techy fabrics, said Nanette Lepore backstage before her Spring show. Like many designers this week, Lepore found a new freshness in softer, easy almost deflated silhouettes and worked with more natural materials that gave the clothes movement. ""It's all about romanticism but done in a modern way,"" she said. The finale series of long, blush-colored embroidered dresses best encapsulated this message. Meanwhile, the real standouts here were several wispy, bias-cut silk slips featuring slim, fluttering peplums that came in vibrant hues like poppy red, daffodil yellow, and aqua blue. Those ultra-feminine numbers aside, Lepore's latest lineup offered plenty of everyday looks, too, including a sharp white leather jacket paired with a mesh sweater and clean, pleated tennis skirt, as well as relaxed suiting separates. ""We're dressing women for work again,"" Lepore added. Playful accessories like collage-printed leather satchels, Birkenstock-like flat sandals, and rubber-soled mules highlighted the collection's youthful appeal. Overall, it felt at once effortlessly relevant and on-brand for Lepore."
5670,"If a body meet a body, comin' thro' the rye  No, scratch that. When African meets prep coming through the rye. Designers are forever proposing new meetings and introductions to give structure to their collections, and for Addition, his second line, Thakoon Panichgul brought together the disparate strands of preppie staples and African draping and motifs. It's to his credit that, on the whole, the mash-up worked. Panichgul mixed the wrapped fabrics of some African garb with the kind of girls' school standard issue that he's riffed on so successfully in the past: His black mini shorts here came with an attached round of cotton eyelet fabric, draped over the waistband like a wrap. His tops were two sewn into one: Worn together, up, they looked layered; with one dangling down about the waist, they gave an asymmetric, cascading look.  Occasionally, this wrap act got too complicated for its own good: Trailing extra fabric isn't always flattering. And it was an unusual path to take in a season in which, for his main line, he spoke of ""boiling things down."" But Addition and Thakoon are complements as much as counterparts. And in fact, there were moments of assonance, too, even more than in previous seasons. The shirt dressing that was a major statement of the Thakoon Spring collection not to mention many others on the New York runways recurred here, too. A poplin shirtdress was given an added zing by the simple but judicious addition of an electric blue ribbed panel, like a belt. Thakoon showed it over a simple black boxing short to give the sportif touch that's a constant at Addition. And to finish it all off, the Addition collection's first dedicated shoes: a boyish pair at the meeting point of peep-toe oxfords and woven, African-inspired motifs. Comin' thro' the rye, comin' thro' the rye!"
5671,"Threeasfour 's Spring runway show took place in a room at the Jewish Museum on New York's Upper East Side, where the design trio is staging an exhibition opening September 15. The multimedia show, titled Mer Ka Ba , is an attempt to promote ""cross-cultural unity"" among religions, particularly Islam, Judaism, and Christianity. Gabriel Asfour was born in Lebanon but has Palestinian roots. Angela Donhauser was born in Tajikistan, and Adi Gil in Israel their disparate backgrounds consistently inform the work they do together. ""We want to inspire others to do the same,"" explained Gil the day before the show. For the exhibit itself, Threeasfour worked with architect Christian Wassmann to create a temple made to look like a 3-D six-point star. Video projections of the five platonic solids, created by animator Alex Czetwertynski, dot the exterior of the installation. ""We were fascinated by the geometry of the different tiling systems in mosques, churches, and synagogues,"" Gil said. ""They actually make a lot of sense next to each other, so we chose to mix them together it's a way to create and express unity."" Looks from the Spring collection will also be displayed during the five-month museum show, and they reflect the unification idea through and through. The first number, a short dress with puffed sleeves that looked like molded butterfly wings, featured the three tiling systems laser-cut into white and off-white silk, layered upon each other to create an almost-3-D effect. Other pieces were truly three-dimensional: The designers worked with another architect, Bradley Rothenberg, to design 3-D textiles in ivory resin. These two showpieces were even more sculptural than Threeasfour's typical work. The finale, a white minidress, was adorned with those five platonic solids: Cubes and octahedrons sprouted from the fabric. Instead of creating shoes, the designers made weblike covers out of the same resin, further unifying the collection. But while every detail was quite obviously belabored over to create a successful, cohesive runway show, what the designers seemed most excited about was the fact that other people not just fashion's elite would be able to see the collection up close. ""A runway show is only fifteen minutes,"" said Gil. ""This time, everyone who comes into the museum can spend as much time with it as they want."""
5672,"A blush-pink feather headdress? A sliver of bias-cut silk slip with a train? In turquoise? ""That's teal!"" corrected the designer, Gareth Pugh , laughing. But really, it was closer to turquoise, with nail varnish on the models to match. The most un-Gareth Pugh color ever was utilized here, to startling effect, in the opening look of the show: a twisted combination of showgirl, drag queen, and the Pugh we know. This was a collection to confound expectations of the designer and purposefully so. ""We sometimes have the tendency to rein things in,"" said Pugh after his show. ""With this collection, I wanted to go against that. It's that idea that if you're pleasing everyone, you're doing something wrong! Sometimes you're trapped in the expectations of what other people think of you."" Professing the influence of Gloria Swanson in Sunset Boulevard and Julianne Moore in Safe  ""I wanted the collection to be immaculate but hysteric somehow"" Pugh was certainly looking in the right place. The exaggerated makeup, designed for the early days of the silver screen, was combined with the wipe-clean world of Safe, the latter hinted at with the stylized/sterilized molded-plastic garments. This was something of a deluxe cabin-fever collection, of people going nuts on estates in Southern California. There were new elements combined with the codes of the old Pugh; the designer had originally made his name with plastic garments with ""architectonic"" constructions, and in recent collections he has moved to something more romantic, with his linear constructions somehow softened. Here the defined linearity was back; the cuts were crisp, the silhouettes stiffened; there was a debt to traditional Japanese clothing. But a notion also emerged of purposeful, cartoonish ""glamour"" and of a playful suburban feel of ""swimming pools and chlorine. I really wanted the audience to wade through a footbath before taking their seats,"" said Pugh. Although that would have ruined everyone's shoes, of course. There was something mischievous, something badly behaved about this collection. Lindsey Wixson made an appearance on the catwalk a very un-Pugh model, usually and she brought to mind the blow-up doll from Roxy Music's ""In Every Dream Home a Heartache."" This collection might not have had the immediacy and outright power of Pugh's last, but that's probably inevitable when the designer's rebelling against himself the finale song was Queen's ""I Want to Break Free."" Sometimes it's necessary to do that; a transition in order to gather a new sense of self. Paris could just be the place where designers, in general, rebel this season and it needs to happen for fashion to move forward. Pugh's collection might well herald a new mood."
5673,"With the rain pouring down on day one of London fashion week, the German twins Daniela and Annette Felder immersed the fashion crowd in a watery-themed Spring collection. Models came out shimmering, with damp skin and slicked-back hair suggesting they had just emerged from the waves. Colors like aqua, seaweed, and coral and prints inspired by fish scales and shell-like shapes helped convey the oceanic motif. For the twins, it was a collection about jumping into the deep end: ""We are from a small town from Germany, only around two thousand people. Getting into design in London was like diving into the unknown so that's why water was a big inspiration for us this season.""  Felder Felder has long been known for its love of contrasts, and this showing was no exception: The fabrics were modern think neoprene, plastic, tufts of organza, and lashes of quilting. Yet in contrast, the shapes were romantic and whimsical. An interesting waist detail on an aqua neoprene skirt suggested the shape of a clam, and a frothy chiffon blouse mimicked sea foam. There was a softness to that chiffon top, but for the most part, rigid shapes ruled. No surprise, since the designers (lanky six-footers themselves) prefer a close-to-the-body fit. There were body-loving racerback dresses and short fluted skirts, along with fit-and-flare numbers. One particular winning look was a kaleidoscopic quilted skater dress in a salmon scales print, with cutaway waist inserts. As Annette explained: ""It's how you see the fish underwater you know, when you go diving and all the colors get trippy."" If there was anything fishy in the collection, it was the two black chiffon looks that came out mid-show; they were lacking in conviction and seemed unnecessarily harsh in the midst of such a buoyant collection. Otherwise, there was plenty here to please those looking for their Felder Felder fix."
5674,"Manuela Arcari's rigorous marriage of order and chaos deserves more attention than her Paris debut got today. Arcari has decided to try her hand in Paris after not getting much love in Milan, but it looked like the word on her relocation hadn't quite gotten out yet. Still, those who made it to the Palais des Beaux-Arts saw an impressive evolution of the designer's structured-yet-frayed aesthetic. Arcari claims that raw hems let a garment feel alive, in which case there was a whole lot of livin' on her Ter et Bantine catwalk today. The solid construction of the blinding white outfits with which the show opened fell away into a tangle of threads. ""Perfect imperfection"" just like Arcari's notes claimed. It was striking in a slipdress, the join between a silken tank and a cotton skirt fraying. Imagine any of the outfits with a polished finish and you could see how technically accomplished Arcari is. Still, that polished finish was nowhere to be seen. And the fraying 'n' flip-flops look became a tiny bit wearing after a while. It started to appear a little too tacked together. When a raw-edged turquoise tae kwon do outfit walked out onto the catwalk, it even took on a survivalist tinge. Kind of intriguing, but obviously not enough to make Paris sit up and take notice."
5675,"Overalls at Balmain ? Two years ago, when Olivier Rousteing stepped into his creative director role, it was bling, baby, bling. But after a Fall show that often landed on the wrong side of audacious, Rousteing is reconsidering the house's signature intense beading. ""I wanted to explore something casual and sporty,"" he shared backstage. ""It's less evening and more real. It's more me."" Cue Frankie Goes to Hollywood's ""Relax"" on the soundtrack and the first look out a cardigan, of all things, belted over a ruffled skirt that fell all the way to the knees. True, it was black leather, but a skirt that grazes the models' knees qualifies as headline news at Balmain. And there was more where that came from, including quilted bombers, sweatshirts, and baseball tees. We're not saying that Rousteing gave up entirely on glitz. Not at all. The silhouettes were more relaxed than usual, but there was still plenty happening on the surface of things. For Spring, he likes pied-de-poule in black and white and Vichy prints in baby blue or pink, accented with necklaces and wrestler's belts. Denim got the deluxe treatment, quilted and trimmed in chunky gold chain, or reproduced in a silk print. Crystals came in at the end, but because they're so familiar at Balmain, they felt predictable. Best in show was a pair of those overalls fitted all the way up above the bust in glossy black leather."
5676,"Interpretation is a funny thing. Most moviegoers wouldn't watch the Antonioni movie L'Avventura and come out saying that ""optimism"" was a prevailing theme. But Organic designer John Patrick isn't the kind of guy to design a collection about anomie, and the wardrobe in L'Avventura looked fantastic when he saw it again, and so? voil_ . Patrick views the world through pep-colored glasses. There was a nice sensuality to the clothes he showed today a flow to the cuts and a worn-in crinkle to the materials and a dreaminess to the collection's palette, which emphasized soft blues and blush pinks. Patrick struck a nice tone. If the full skirts and peasant tops may have been a bit much for the Organic customer, they were well done; meanwhile, his voluminous trousers were top-notch. With those pants especially, Patrick did a very good job of adapting a vintage sense of scale into clothing that looked distinctly modern. That's the kind of effort that makes you optimistic."
5677,"It's tempting to say that Felipe Oliveira Baptista ventured into the wild this season. And to be sure, there was an exploratory vibe to his latest collection, manifested literally in the nomadic tone of the clothes on the runway. But ""wild"" would be precisely the wrong word to use in reference to Baptista's effort here; the right one would have to be ""rigor."" The other way this collection expressed exploration was in Baptista's finicky construction experiments: With military garb as his starting point, he worked a huge number of variations on standard-issue garments like the trench, the jumpsuit, and the flak jacket. Some of those variations looked fresher than others: A long khaki shirtdress with an open vented back was a standout; so was a pale blue minidress with a squared-off top that folded, origamilike, away from the body. Pretty much every coat or jacket Baptista showed was a winner. But even in the weaker looks, you could see the designer's mind working and his ideas progressing. The only place Baptista's rigor really failed him was in his awkward high-waist trousers; plainly put, this was just an ungainly proportion. You could also argue, if you wanted to quibble, that Baptista's approach this season made the collection come off a little, well, academic. But there was just enough sense of romance here to keep that concern at bay."
5678,"The past few seasons found Yigal Azrou•l in an exploratory mood: The designer seemed to have grown restless with his signatures, and he was seeking out new aesthetics, new approaches, and new attitudes that he could absorb into his brand's vocabulary. That effort was always worth applauding, even if the results varied in success. This time out, Azrou•l returned to terra firma. The emphasis here was on polished, body-conscious clothes with a streetwise tone very much the designer's comfort zone. But what made this outing work so well was the way Azrou•l applied all he'd learned from his explorations. To wit, the architectural construction of a white, zip-detailed jumpsuit, or the measured sexiness of the cutout sheaths, or the slightly off proportions of a short-sleeve blazer. Azrou•l has also picked up a willingness to brave ugliness and ungainliness that he never had before that was made very clear by his weird but winning black and white print, which looked a bit like magnetic filaments clumping together. That print scored. But the standouts in this collection, and the stuff that will sell like hotcakes, were the pieces done in coated cotton eyelet. A pencil dress in patchwork gray, white, and black eyelet was very, very Yigal Azrou•l. And it was very, very good."
5679,"When he's good, he's good. Michael Kors sent out a beautiful collection of real-world clothes today that had women in the crowd making mental shopping lists. ""A softer attitude the juxtaposition of sportif and romantic sharply tailored meets soft and fluid,"" were some of his notes. The clothes had echoes of the forties (think Kate Hepburn in a trench and full trousers) and the seventies (Meryl Streep circa Kramer vs. Kramer ), but this is one case where looking back didn't produce retro results. Kors opened with breezy white linen daywear for the girls and the boys. For the clients who can't escape the city, he proposed banker's-stripe button-downs and khaki skirts or a smart brown pleated dress with python detailing. His coats, predictably, looked great; he understands the power of an entrance, not just at a party, but also at the office. For the gals who do get away, the summery offerings ranged from leaf-print separates (the best in tan and lawn green) to pinup-girl bikinis. All of it had a confident American ease. The surprise here was how much of the collection seemed designed for cold weather: the fox chubby, a mohair cardigan, and some very clever cashmere shrugs that reversed to sable. But Kors is on to something. After all, these clothes start landing in stores shortly after the new year, and more and more, thanks partly to the Internet, designer shoppers are learning to buy in season. A gorgeous suede coat for a January or February pick-me-up? Yes, please."
5680,"A season ago, Frida Giannini was pregnant and sending nipped-waist skirt suits and second-skin python dresses down the Gucci runway. There would be no slinking into one of those for her. Today, she took the label's Spring collection in a sporty new direction, with mesh T-shirts, basketball shorts, track pants, and exposed triangle bras. Post-baby, Giannini spent the summer working out. ""I wanted to come back with my abs,"" she said backstage. Well, it never hurts to design what you know. The show had a cool attitude, freer in silhouette and spirit than recent outings. It also keyed into what's happening on the street with the elevation of athletic clothes. There weren't sport sandals here, like we saw at Marc Jacobs last week flats would be a step too far chez Gucci. Nonetheless, this was interesting new territory for Giannini, and, when you think about it, maybe not such a stretch for a house long known as a purveyor of equestrian gear. Of course, this being Gucci, the collection was also undeniably luxe. That mesh T-shirt? Laser-cut suede. Another oversize tee came in tooled leather. As a counterpoint to the sports references, Giannini looked at the Art Nouveau illustrations of Erté, and the large-scale scrolling flowers, in silk jacquards or Lurex, decorating most of the pieces nearly glowed. Meanwhile, she borrowed the cut and drape of Japanese kimonos for jackets and robe coats. The show's signature look, worn by Bette Franke, married a see-through tee, triangle bra, and track pants with a kimono-sleeve cardigan in an Erté floral. Morning workouts or no, Giannini's Gucci will always have a decadent streak. Not all of her glam sport ideas translated as well as Franke's a green Lurex dress held together by bows at the sides, for example, wouldn't last the night on a dance floor, and other times all the crisscrossing straps started to muddle the seductive picture she was going for. Still, it's nice to see the designer loosen up."
5681,"In designing this collection, Sally LaPointe had to watch a bunch of flowers die. Keeping them in the deli cellophane they arrived in, she made a mood board out of her bouquets, never watered them, and photographed them daily until they withered and dried. The photos became the prints, and instead of the collection being about decay, it became about coming back to life. ""It's positive,"" insisted LaPointe, referring to her message the day before her show positive, and even, at times, very pretty. The powder pink looks that opened the show had a lovely, languid feel. They draped gracefully off the body and stayed balanced even when multiple materials and layers were at play, like the long lambskin vest and jersey tuxedo dress layered over a high-collared organza and silk top in the first look. The flower effect was apparent in a plush cloque organza bustier that undulated like a tulip over a matte sequin stem; it was super-feminine and quietly sexy. Stingray belts by leather harness doyenne Zana Bayne followed the organic curves of the clothes, but the angular neckpieces provided a jolt of toughness the collection didn't need. As cool as they were, it would have been nice to let the clothes stay soft. A windowpane print looked fresh on a cocooning jacquard jacket, but it read as too literal on a party dress with an organza overlay. The best prints were of the flowers themselves. Saturated and lush, they came to life on dresses and gowns in cellophane organza. As the models moved, the light caused the flowers to morph and shift; the dresses projected a sleek vibrancy. Unexpectedly romantic and vital, they were proof that LaPointe had brought her muses back to life."
5682,"Goga Ashkenazi is intent on making her rehab of Vionnet stick. She acquired this French heritage brand last year, and anybody who's spent time with her knows she's fabulously determined. Doubtless she'll eventually figure it out, but for every step forward today, she took another step back. On the one hand, Ashkenazi had managed to secure big-name models like Carolyn Murphy and Lily Donaldson; on the other, her catwalk was scattered with high walls that ended up obscuring the audience's view. There were moments when you could hear the photographers hooting in frustration. More pertinently, let's get to the clothes. Ashkenazi had a clever idea in her men's cotton poplin shirts and shirtdresses, which she wrapped in cages of tulle plissé to give them a Vionnet spin. They looked interesting crisp without being too businesslike. But what to make of the plissé bodysuits, the practical implications of which are quite limited? Or the men's white jersey T-shirts that she layered underneath draped tulle evening gowns? You could ascribe those to a misguided attempt at raising the label's cool factor. Ashkenazi was better off when she stayed closer to the Vionnet DNA. A pair of elegant asymmetrical evening gowns with draped backs that revealed their cotton jersey linings got at the ease she is aiming to convey here."
5683,"Valentino  s Maria Grazia Chiuri and Pierpaolo Piccioli took opera as their source material this season. The micro minidress with beaded lace collar that opened their Fall collection has been replaced by a more worldly and well-traveled fringed cape embroidered with turquoise, coral, and red in a pattern that was hard to pin down. Grecian? Egyptian? From somewhere else in North Africa? All you need to know is that Maria Callas' Medea, from Pasolini's film version of the classic opera, was on the mood board. Chiuri and Piccioli's muse is no longer a girl with a pearl earring. She's a mythological sorceress.  Innocence, then, has been replaced by something not altogether darker for Spring, but certainly more mysterious. It lent a richness to Chiuri and Piccioli's recognizable silhouettes. As they said beforehand: ""It's a fashion opera. A show has to be a show."" Even as flat sandals adorned with golden scarabs reasserted the realness of the collection, some of the long black lace gowns embellished with brightly colored details looked not all that unlike costumes or indigenous dress elevated to the hautest levels, of course. It's exactly this sort of stagecraft that has the world's most photographed young women vying to wear Valentino; they were all there today arrayed in the front row. And they'll rush to get the more ornate pieces here: a dress patched together from silvery squares that looked like armor, a monastic romper (interestingly, not an oxymoron chez Valentino) in organza embroidered with tiny strips of leather. As at their July Couture show, Chiuri and Piccioli savvily balanced the extraordinary workmanship of their evening gowns with not-quite-humble daywear: crisp blue poplin shirts, cropped khaki pants, a suede dress with a fringe-trimmed cape back, and even a pair of jeans if you can call them that in dark denim with deep ruffles that began north of the knees. For the non-jet-setters in the audience, the really remarkable thing about these designers is that a rugby-striped cotton coat can cast as potent a spell as a dramatic gown made from the finest filigreed lace."
5684,"Jen Kao had ""serendipitous matches"" in mind for Spring, and one of her favorite kismet couples, George Harrison and Ravi Shankar, contributed to her collection's groovy sixties-to-seventies vibe. Towering mules, frayed denim, and woven raffia in a hippie stripe were some of the era's usual suspects, along with an afghan or two. As in, the dog. Get it ! Suffice it to say, the hounds and the models both had perfect Marcia Brady hair. Good vibrations aside, Kao focused on versatility, designing pieces she envisioned the wearer being able to personalize. This meant the long black apron skirt Kao was wearing a plaid version of which appeared on the runway with a fluttering white silk dévoré overlay was actually a dress. Though everything else seemed to be worn as it was originally intended, you could see how the unstructured dresses could just as easily transform into skirts. The collection's one unabashedly sexy moment was a brief, two-look window that had absolutely nothing to do with the rest of the clothes. But what a window! Kao embroidered children's book hero Bunnicula (the vegetable-sucking vampire bunny, in case you weren't a fan) on a miniskirt and a tiny peekaboo tank dress. And then, just like that, we were back. A wispy georgette sheath dress gussied up with a pretty dahlia print that was picked up in a silk cotton dévoré and roomy black pants with ample pockets in washed crepe de chine seemed to float down the runway. It may have been the calm pace, filtered light, and the gentle breeze of many fans, but this collection felt like a breath of fresh air."
5685,"Nicole Miller was talking about a revolution. Backstage before her show, the designer said she'd been inspired by Versailles, first by the estate's over-the-top gardens and intricate mazes, and then by the thought of fed-up peasant women storming the chateau and breaking all of the monarchy's awesome china. A print emerged shards of broken dishware scattered among flowers. Embellishments followed beading that resembled the swooping tiers of a grand chandelier. A slew of skinny, embroidery-embellished jeans and below-the-knee pencil skirts established the silhouette, while accented seams and figure-flattering prints, some echoing Versailles' geometric garden paths, contributed to the curve-con effect. A black neoprene skirt, pleated in the back and sequin-encrusted in the front, was worn with a pale silk shell also loaded with colorful sequins. That may sound like a lot of look, but the gems were artfully arranged. Resembling shards of broken glass, they created a clean angularity and a pleasing, graphic sharpness. Elsewhere, the bling on a fringed tank was heavy enough to cause the shirt to droop. Paired with a blousy pleated skirt, it lacked the oomph of earlier, curvier looks. There was a riot of colors and embellishments here, but also plenty of solid, standout pieces to start a wardrobe revolution of one's own."
5686,"Inspired by the world of informatics. Karl Lagerfeld's reduction to essence of his latest Fendi collection sounded so drily off-world that it scarcely induced a warm rush of anticipation. But Karl is a past master of the undersell, always so ready to shrug off his achievements as the paid-up obligation of some journeyman designer. And isn't that enough to make a cat laugh? (Especially if the cat is the now-famous Choupette.) Especially in the light of collections like the one Lagerfeld showed for Fendi today.  Self-deprecation aside, Lagerfeld is mesmerized by the opportunities that advances in fabric technology have offered him. That took two directions today the unstiffening of organza, one of his favorite fabrics, and the leavening of fur, to the point where it was almost as light as the organza with which it was combined. ""A coat weighs grams,"" enthused Silvia Venturini Fendi backstage.  That lightness was the collection's leitmotif. Laser-cut organza was layered in spectrums of color, inspired, said Lagerfeld, by light passing through water. A waterfall cascaded down the backdrop, a reminder that Lagerfeld and Fendi worked on The Glory of Water exhibition in Paris in July. Somewhere underneath the layers of fabric, the fountains of Paris and the fountains of Rome were inspirations.  Equally, there was Lagerfeld's attachment to anything that is about to happen. Hyperlinking was his key to the collection's modular quality, to the way that a leather jacket was carved into articulated panels or digital circuitry created motifs for jackets and skirts. Still, the irrevocable truth is that Fendi is a fur house, and fur is just about the most primordial material known to humankind. Which is why Lagerfeld's innate iconoclasm infected today's presentation with plastic. A crocodile handbag, half real, half fake? The very notion had a subversive tang, especially from one of the most counterfeited fashion houses in the world. Fake a fake? Fendi is streets ahead."
5687,"Cédric Charlier claims to like the music of Julia Holter, which he used for his soundtrack today, because she is an artist as well as a musician. ""Art pushes people to dream,"" Charlier said after his show, which took place in the Palais des Beaux-Arts, appropriately enough. But the artiest and the dreamiest that his new collection got was with the violent splash of hand-painted orange that interrupted his tidy stripes, and the contrast of sequins, red, and turquoise dully gleaming in the show's last outfit. And, of course, Holter's ethereal sounds. Otherwise, the serious mood of the show was determined by another of Charlier's reference points: protection. The elegant extemporization of clothes you might wear for martial arts (side-tied jacket, baggy cropped pants) paired with boots like shin guards certainly backed that up. The monochrome uniformity of black, white, and navy also suggested the military side of ""martial."" So did the tightly slicked hair. Thank god for those stripes of fervent color. Charlier's calling card has always been his precision cutting. Layering and wrapping softened his lines today, and he showed a new interest in transparency, with sheer organza panels on dresses, allover veiling, and toward the end of the show, layers billowing into a long floating train. The designer invoked the seeming paradox of ""martial seduction"" as a goal, but maybe that wasn't so screwy: You'd probably need to be ordered to be seduced by clothes as all-but-monastic as these. Only in those last few sequined pieces did the hints of chaos under wraps that have appealingly zinged up Charlier's collections in the past seep through."
5688,"David Neville and Marcus Wainwright sent the ur- Rag & Bone collection down the runway last season. Surely there could be nothing Rag & Bonier than that aggregation of military workwear references, classic English tailoring, and experimentation with technical materials. And so, as Wainwright acknowledged today, the only thing to do this time out was to evolve the brand into a new set of references. Make no mistake: Rag & Bone's trademark tomboyish urbanity was on display here. And some of the looks, like the magnified varsity-style sweaters and slouched leather pants, came off as continuations of ideas explored in seasons past, rather than a wholesale departure. But Neville and Wainwright did seem to be aiming for something much crisper than we've seen before from them and, with their array of slipdresses, something much more diaphanously feminine. A soft and simple turquoise silk dress with a fluttery under layer of white expressed both the crispness and the femininity very nicely.  But the missing element here was specificity: The best Rag & Bone looks derive their force from Neville and Wainwright's fetish for their references; last season's play with check, for instance, worked because these designers are so extremely fluent in hoary menswear suiting fabrics. They know what buttons to push. Here, though, with a starting point of Little House on the Prairie and women's pioneer-days workwear, Neville and Wainwright were on less solid ground. They did knock one look out of the park a fitted overall shown in black and in white. But it's no accident that the aspect of this collection that communicated most powerfully was its overarching nineties-ness: Those string-strapped crop tops and iridescent bias-cut dresses were kissing cousins of the clothes that girls used to rock in London back then, and the look has a fresh relevance now. Neville and Wainwright know a little something or other about that milieu, and in this instance, familiarity bred success."
5689,"Today, if you got close enough to a Rabih Kayrouz white cotton jacquard stamped in circles Kayrouz called them ""bubbles"" you'd discover a hidden pomegranate (his logo) every few inches. It's the type of discreet wink that remains crucial to the designer as he continues his shift from couture to ready-to-wear. To hear Kayrouz tell it, purity of form and fabric is most important to him, particularly this season. That idea might sound played out until you realize how much he has done with so little. For Spring, many of his looks were rooted in rectangles most obviously, they appeared to cascade from skirts long and short. He placed a belt on the inside of various dresses and the result mimicked artful draping that had the added benefit of being easily adjustable. His dimensional knits were also rectangular if you extend the definition to the rolled tubular patterning built from a plastic thread base. As a horizontal stripe on a sculpted sweatshirt-style dress, the French knit was neither pure in form nor fabric and yet it expressed Kayrouz's vision perfectly. Kayrouz is at his weakest when he overthinks and overlayers, but he hardly did either today. His aim to create clothes for powerful women was captured in his choice of palest pink; only a commanding personality could make that her new neutral. As for the glinting pieces in silver, they were coated cotton and represented Kayrouz's way of expressing restrained glamour. Clearly, he enjoys taking a maximalist approach to minimalism and it's an approach that serves him well."
5690,"Nineties athleticwear and the seventies' sportif style were the central themes behind Greg Armas' fourth womenswear collection for Assembly  and from the neon pink ""zinc"" streaked across his models' visor-sunglasses-masked faces to the zip-front sports bras cum crop tops (some of which were a wee bit too cropped), there was no mistaking these references. ""I remember watching the Olympics as a kid,"" Armas recalled post-presentation, ""and everyone looked amazing. Now we're in New York City, we're running as fast as we can, and I thought about an easy way of dressing that will allow women to quickly change out of one dress and into the next one,"" he explained. This musing resulted in an abundance of exposed zippers; one ran down the length of a retro tennis dress, which was offered in both red viscose and gray jacquard. Another served as a vent at the hip of a relaxed cherry jumper, and more still appeared across the collarbones of a long-sleeved crop top, a sleeveless white blouse, and a slick pair of viscose navy overalls with thick grosgrain ribbon straps and neon-green-lined pockets. The latter was a clear Spring standout. Armas' elevated workout aesthetic was most successful in a series of copper pieces. He used metallic cupro to fashion some endlessly cool cropped track pants (which he paired with a light navy and gray viscose-raglan-blend baseball tee) and also applied it as the trim on a wonderfully draped twist top, which he showed with fluid white shorts. Elsewhere, the references were a bit too literal. The designer's yin-yang prints, while very nineties, felt dated, as did some of his neon-accented Sporty Spice-ready jacquard wares. Some of the best pieces this season drew heavily upon the menswear skills for which Armas is known. A dark gray pinstripe cotton bevel dress will definitely appeal to his city girl on the go, and a fluid white rayon shawl frock with a lapel-detail neckline fused downtown bohemia and power dressing. The rubber-soled white leather crop boots a collaboration with Mamut were also a great touch. Armas is on the right track, thinking about functionality and what real women need, but he would be wise to balance that practicality with more of the fantasy that women want."
5691,"Launched in 2010, Ace & Jig is premised on the yarn-dyed fabrics that Cary Vaughan and Jenna Wilson weave at an old-school factory in India, all of which feature some version of a stripe. That may sound tiresome and even possibly eye-numbing, but the designers manage to conjure a lot of variety from their yarn-dyeing technique. This season, for instance, riffing on both the motley colors of carousels and the semi-blurred vision you get spinning around on one, they offered patterns of graphic squares and checkerboard, plus a whole plethora of plaids. The signature Ace & Jig material, meanwhile, is a supple gauze cotton? sometimes barely-there, sometimes woven doubly on the loom that well serves the brand's super-easygoing silhouettes. Much as Vaughan and Wilson keep a firm control of their collections' stripey-ness, so too do they keep their shapes just shy of schlumpy; the look is untailored, but the individual pieces are nicely finessed in their construction. To wit, this season's darted button-down or the snug but slouchy cropped pant. That said, a bit more specificity to the shapes would not go amiss here. Only a bit, though a large part of the Ace & Jig charm is its air of naïveté, a sort of gamine-gone-boho thing that comes off as unique."
5692,"Mara Hoffman beams a positive energy that lights up a room. ""There's a Rainbow Warrior moment happening here,? she said backstage before her spirited Spring show. ""This collection is about straight-up happiness. I know that sounds hippie-dippie, but it's real."" Hoffman wasn't kidding about the rainbow thing. In addition to playing up her signature vibrant prints (including a graphic serpent pattern and her go-to third-eye motifs, which she did long before Kenzo), Hoffman showed maxi dresses and sheer caftans embroidered or embellished, respectively, with ROYGBIV-colored arcs. Other standouts in the lineup included tie-dyed jumpsuits, intarsia-knit ponchos, and a pair of short shorts cut from artisanal Guatemalan belts the same ones wrapped around the models' Willie Nelson-esque braided extensions. Hoffman's aesthetic is niche, to be sure, but you can't say these clothes don't have soul."
5693,"Back in the day, Shanghai was nicknamed the Paris of the East, and the city's PYTs wore a uniform of cheongsams and styled their hair in marcel waves. They, Vivienne Tam said backstage before her show, were her Spring muses, but she wasn't interested in creating matching looks or traditional dress. Instead she mined books and her own archives for prints that she updated, and in her tailoring she referenced classic Chinese design tropes. To wit, one-sided diagonal cuts at the collarbone suggested mandarin collars on some tops, and a lotus blossom print came stacked for a cool graphic density. With most of the focus on prints, embroideries, and cutouts, the silhouette was relatively simple. Cinched-waist shirtdresses, slim cropped pants, and a few fuller skirts were all very wearable, if not particularly thrilling. But there were some nice moments here, and Tam avoided being too literal with her theme. Only one Shanghai girl made it onto the runway? her mien part of a print on a mesh T-shirt but that was the only hint of kitsch."
5694,"Erin Beatty and Max Osterweis picked up a CFDA prize in June. Chalk it up to that accolade, but the designers were thinking along nostalgic lines this season. People who were around at Suno 's beginning five or so years ago will remember the kanga prints they sourced in Kenya. Those made a comeback for Spring, as did what Beatty called a generalized ""maximalist African-safari Suno girl"" vibe. Zebras trotted along the hem of a midi skirt and the torso of a wrap jacket, and khaki outfits were accessorized with deep-brimmed raffia visors. But maximalist was really the operative word. Every new print and texture was greeted enthusiastically by the crowd, not least of all by Tyson Chandler, who snapped iPhone photos as fast as the looks could come down the runway. (The Nicholas Kirkwood shower sandals earned some Instagrams of their own, too.) But nostalgia was only part of the story. Beatty and Osterweis understand they can't count on prints forever. As New York fashion week begins, the pattern parade seems genuinely to be ending. And so, this season, the duo made a conscientious effort to incorporate more solids on the one hand and more textures on the other. Silhouettes seemed to be a bit more exaggerated, too. Floral jacquards in white and red versions shared the catwalk with laser-cut faux leather T-shirts, which vied for attention with a crop top and pencil skirt set (a popular silhouette for the designers) woven with gold foil. The designers had a lot of ideas and the collection had tons of verve. People left happy."
5695,"One of the perks of being a designer in the CFDA Fashion Incubator program is the chance to travel, expenses paid, to a destination of your choice for a weeklong inspiration trip. Whitney Pozgay chose Bali, and she and her husband, along with photographer Greg Vore, tacked on an extra week to double the inspiration potential. Their wanderlust paid off. Vore's photographs served as the basis for many of the collection's prints the white squiggles on a sporty seafoam-green dress are an aerial view of rice paddies and Pozgay's husband painted the turquoise-plumed roosters that provide a splash of saturated color in an otherwise subdued springtime palette. A sarong-friendly, tropical ease permeated, although Pozgay did incorporate the graphic angularity of the country's temples into the silhouette. Nipped high waists, cutouts, and subtle pleats at the top of wide-leg pants provided structure, but the prints made the pieces pop. Pozgay paired a traditional batik pattern, cleaned up and sharpened, with her take on a ceremonial gingham check she saw wrapped around holy trees and statues while temple-hopping. At her presentation Pozgay said she was aiming to capture Bali's ""quiet elegance."" She succeeded in creating understated looks that still felt playful a versatile mix that should appeal to her clients."
5696,"Chalk it up to his family's background in fur, but Gabriele Colangelo can't get enough of texture. In the past, he's lifted surface details from painters, Gerhard Richter included. For Spring, inspired by a quick trip to Japan, he riffed on the three-dimensional quality of raku pottery. Colangelo transformed its lacquered swirls into graphic jacquards; he tucked and pleated leather to re-create its curving seams; and, most luxuriously, he replicated its patterns in sheared mink. It's a tribute to his light touch that it didn't all come off as overwrought as his collections sometimes have in the past. Slim silhouettes, notably a bib-front sleeveless sheath (gorgeous in sapphire blue), helped matters. So did the clothes' uncomplicated, almost geometric shapes, influenced, Colangelo said, by kimonos and samurai uniforms see the sleeves of jackets, widest at the elbow, and the pleating details on cropped hakama pants. With Colangelo's devotion to texture, pieces like an unadorned sleeveless black silk dress with a split front seam (it was actually pants) were few and far between. The show could've used more of them. That said, Colangelo seems to have learned from last season's heavy-handed mistakes, and is pushing forward."
5697,"Adam Lippes hit the ground running when he relaunched his namesake label back in February. Now on his third collection, the designer has already established a clean and sophisticated, feminine tone for the brand. And so it seemed like Lippes was throwing us a curveball when he claimed this season's inspiration was lowrider culture big in Mexico, California, and now Brazil which revolves around tricked-out cars with flashy paint jobs and dazzling chrome rims, and cholo-chic fashion. But Lippes loosely interpreted the barrio street movement in his own restrained way, showing white double-face satin overalls layered over a slim python bandeau, as well as a boxy T-shirt dress that was cut from the same exotic skin. A standout pair of wide-leg denim trousers was fabricated by embroidering together nubby strips of indigo that were influenced by turn-of-the-twentieth-century African shawls. They were styled with a crisp take on the classic men's guayabera shirt featuring a beautiful drape in back. Elsewhere, Lippes got more adventurous with his reference point. Nodding to racy bucket seats covered in animal skins, he whipped up a structured car coat and ladylike midi skirt in a digital leopard pattern. Meanwhile, a giant lion tattoo print was splashed on a sleek shift dress, and the beast's mane was echoed by appliquéing laser-cut pieces of leather onto an organza miniskirt. These statement makers added interest to the lineup's beautiful basics, including delicate cashmere knits, tailored track pants, and on-trend culottes."
5698,"The set was a soundstage, studio klieg lights bearing down on the catwalk. The first look was as silvered as a celluloid image from a silent film. Welcome to Cavalli-wood. It was a clever conceit, a way to gloss a collection that was, in essence, a retread of classic Roberto Cavalli tropes. Which is to say, this collection was technically masterful, commercially savvy, and seductive in ways that render showbiz queens powerless. It might have been the deep backless swoop on a second-skin bias-cut gown; or the clingy, webby weave of knit and lace; or the repurposed reptile in a tiny jacket or skinny jean; or a sinuous stretch of baguettes illuminating the obvious. Any way you look at it, though, it all said that however distracted Roberto Cavalli might have been penning his already-notorious autobiography, he had clearly set aside the time to tool around with his screen-siren concept. The Art Deco caftans, the piano-shawl fringing, the lithe goddess columns all had the exhibitionist shimmer of a young Norma Desmond. Aside from those second-skin things, it actually felt like everything floated away from the body, articulated, suspended on punky little chains. But whatever edge there might have been to that notion was diluted by a faded, has-been color palette (well, that's Norma Desmond for you). The silver-screen dreaminess of the result fell into place when the models walked out en masse at the end of the show. At that point, it became perfectly clear that Cavalli-wood was a director's dream world. And there he was, center stage."
5699,"If one designer can make the most vilified, the most ephemeral, the most transitory of things that are normally passed by (while perhaps being scowled at) into full-blown fashion statements that are desirable, monumental, and skilled (leaving you deeply impressed), it is Junya Watanabe . And he did it again in his show today. Hippies, crusty ravers, anybody who does not wash their hair, claiming, ""It will clean itself,"" the idea of going to Goa, macramé, home crafts, didgeridoos and so on. This could be seen as a collection and a show incorporating some of this reviewer's most vilified things. And yet that would only be on the surface; in the hands of Junya Watanabe, such horrors became a font of fantastic inspiration from which much else followed. Take as a starting point the humble T-shirt tassel that fringed decoration most beloved in the beach T-shirt trade and by the bored home customizer. Watanabe used it heavily, immaculately, and to extravagant effect. While many have been using tight accordion pleating for architectural experimentation this season, Watanabe used fringing. It started in black T-shirting silhouettes, fringed to long, extravagant proportions, some precisely braided and beautifully draped. By the time those looks turned beige and gray, there was a sense of the oddly ancient and classical to the collection. The hair might have started as that of the crusty raver, with messy small braids piled altogether, but the connotations were turning into something else entirely. This is when Aphex Twin's song ""Digeridoo"" launched in with complete insistence. It turns out that Richard D. James (Aphex Twin) is not such a fan of the instrument either, and he labored hard to create a similar drone electronically. If anything is a metaphor for what Junya Watanabe does, it's that. In this collection there was a link between past, present, and future; it was the idea of something changing but forever remaining the same that was defined as ""Folklore"" by Watanabe. Now the fringing took on the connotations of the American West, and was simultaneously evocative in the Richard Avedon, Ralph Lauren, and Native American sense. The fringing was joined by delicate, horizontal cascading cuts. Suede, or rather suedette, took the place of buckskin, entirely elegant, especially in one open-backed, floor-length coat-dress. Watanabe's excellent denim once again featured, and it led back to one of the new folklore figures encountered earlier. Here, wearing extravagant pheasant-feather headdresses, Watanabe's new tribe finished, with the music swiftly cut. It was a journey through both the playful and profound."
5700,"Ever the sportswear aficionado, Jenni Kayne was inspired by a mix of nautical and military elements for Spring 2014, designing a capsule of separates that play to her customers' love of preppy silhouettes with a distinctly Californian ease. Blazers have always been a big part of Kayne's repertoire, but this season she lengthened them a navy double-breasted version was draped over sailor-style trousers and a stripey shirt. ""Everyone already has a boyfriend blazer in her closet,"" Kayne said earlier this week on the phone from Montecito, where she's prepping for the opening of two new namesake boutiques. ""But as long as you offer a new take, people keep wanting it."" Another piece her customers are sure to want is a silk-wool housedress in a very pretty lavender verging on pink. Worn with a pair of rusty-brown loafer heels and a circle pendant necklace by Mannin, it's the perfect look for shopping at L.A.'s famed Brentwood Country Mart, where Kayne's own store exists alongside a hip juice bar and cold-press coffee shop. There were some ""ethnic influences"" mixed in there too a blazer-and-skort combo printed with a copper-and-black pattern, for example but they were subtle enough not to detract from Kayne's straightforward vision."
5701,"Valentin Yudashkin just published a book of photos showcasing his earlier work there was a cocktail party celebrating its release tonight. Many would be surprised to know that the Russian designer has been showing his collection in Paris since the early nineties. Yudashkin can't claim to enjoy the same kind of visibility that Russian talents of a younger generation, like Vika Gazinskaya and Ulyana Sergeenko, have been experiencing lately, even if he's doing a bang-up business at home. His niche is superflashy evening gowns. This season's showpiece in gold with arabesques of three-dimensional embroideries looked like it walked off the hood of a vintage Cadillac and onto the runway. For Spring, in addition to those extravagant long dresses, Yudashkin feels passionate about eighties-style shoulder pads, repeat prints in the mold of old Versace (they were modeled on Scythian jewelry), and eye-searing shades of yellow and blue. The eighties rematerialized on Saint Laurent's runway last night, it's true, but Hedi Slimane took a much grittier view of the era. If Yudashkin is as keen to expand into Europe and the United States as he claims to be, he'd be smart to study the ways in which the major labels are leaning and figure out how he can participate in that story. For the time being, he remains an outlier."
5702,"Francisco Costa is celebrating his tenth anniversary at the helm of Calvin Klein this season. It's a milestone, and the brand is doing it up: new Tribeca venue, A-list star power in the form of Nicole Kidman and Rooney Mara (the face of the label's just-launched perfume, Downtown) in the front row, and a glitzy party planned for later this evening. Costa, for his own part, didn't let the moment slip by. True to the house's roots, minimalism has long been the designer's signature here, but you couldn't call what he did today pared back. If he didn't exactly play against type, he certainly tried a few things that felt new. ""Elevated deconstruction,"" he called his Spring experiment afterward. It was a gutsy show for Costa.  The collection started off much as they usually do at Calvin Klein with white, but the exposed seam allowance on the opening look's strapless wrap top and skirt flashed pink. Color was the first difference; in addition to that pink, there was the red, mint, and brilliant emerald green of handwoven cotton tweed. A black nylon material he used for a tank top and a full, short skirt was loomed with bright threads. Yarnlike threads also appeared as a deep fringe on a woven black leather jacket. Costa has traditionally been too controlled a designer to embrace something like fringe. Here, he made it a big part of the story, and the three swishy finale dresses especially were an argument for a more freewheeling Francisco.  Not all of Costa's ideas about deconstruction were as successful. Some of the materials he used were too stiff (we're thinking in particular of those wide-cuff painter's pants), and it's also fair to wonder how many women out there want to wear their seam allowances on the outside of their clothes. But we really liked the look of a pair of dresses patchworked from graphic leather and silk basket weaves. All in all, Costa more than earned all of the celebrating he'll be doing tonight."
5703,"Araks Yeramyan chose her inspiration well this season. About fifteen years ago, photographer Jim Naughten stumbled upon the Herero tribe of Namibia, whose members had adopted (and adapted) the dress of their late-nineteenth-century German colonizers, essentially as a poke-in-the-eye statement of defiance and pride. Not too long ago, Naughten went back to shoot the tribe members again, and this past March, exhibitions of those photographs went up in Brooklyn and London. Cut to New York fashion week and the Araks presentation, which found Yeramyan absorbing the mixed-up fabrics and exaggerated volumes of Herero garb into her already eccentric aesthetic. There were some very pretty looks here: a silk zigzag-print skirt with an asymmetric flounce; a dress of blue jacquard with soft, angled ruffles; and a pleated white underskirt and shirtdress in gridded sheer navy that knotted in the front. The trouble with Araks' apparel is that it's often unclear whom, aside from Araks Yeramyan, the pieces are being designed for, but there is a universality to these clothes; you could imagine lots of different kinds of women wearing them. This collection felt neither self-indulgent nor overdetermined in its quirks. Sometimes all it takes is the right inspiration."
5704,"You could have cast a very good movie from the crowd at Rachel Comey 's show. Rashida Jones, Parker Posey, Maggie Gyllenhaal, and Greta Gerwig were all in attendance, among the many other notables who made the trek out to Pioneer Works in Red Hook for dinner, a little cabaret courtesy of Justin Vivian Bond, and a whizbang viewing of Comey's latest collection. It's worth pointing out the thesps in attendance, because they highlight the key thing about Comey, which is that she favors the unconventional. And in the dozen or so years since she launched her label, Comey has earned a firm fan base of women who appreciate her nonabrasive, elegant off-ness. To put that another way, Comey's best clothes are powerful in their specificity. Tonight, for instance, she debuted a few new pairs of trousers that had a certain eccentric slouch, a Comey signature. Then there were crisp poplin tops and dresses with gathered cap sleeves, another unexpected detail, and the summery dresses in lightweight printed velvet. (""I just like the idea of trying velvet as a spring fabric,"" Comey said when asked about the choice.) Elsewhere, Comey did particularly well with her denim looks: The designer launched denim last season, and this time out, she wasn't shy about pushing the possibilities of the material, both in terms of the myriad ways it could be distressed and in terms of silhouettes. Standouts here were her culottes with tortured, super-frayed hems. Under the circumstances of this show, wherein the models paced among the tables as Bond sang and guests dined on kale salad and scallops, it was perhaps a bit much to ask for a cohesive message to come across. But Comey really is that rare designer who can get away with being eclectic. That's no backup plan, for her; when it comes to odd and mixed-up chic, she's authentic."
5705,"Fashion has been circling around the 1990s for a season or two now. Jason Wu is the latest designer to romance the decade. As if to make his point, Karen Elson, a model who came on the scene in the late nineties, opened the show. The bias-cut dresses that followed gave us visions of Kate Moss back in the day or Carolyn Bessette-Kennedy.  Wu called the collection ""a dialogue between construction and ease,"" and the conversation produced one of his most persuasive shows in a while. In recent seasons, the designer has fetishized the notion of a power woman all shoulder pads, corsets, and blazing attitude. For Spring, he pulled back on the strong tailoring, focusing instead on unstructured safari-style suits in fluid suede or silk crepe featuring flap pockets and snaps. They had a cool slouch, which he edged up with lacing at the lower back, an echo of previous collections.  His slipdresses were streamlined and deceptively simple. Several of them turned to reveal a lace corset underneath as well as racy metal chains below the arms, connecting front to back. Whether it was that cinching or Wu's skills as a draper, they fit like a dream. Perched in the front row, Jessica Par_ and Emily Mortimer appeared fairly rapt. On the more casual tip, buttoned-to-the-neck shirtdresses looked great, too.  The show was also a story about light and dark, starting as it did with barely-there beiges and grays, sage green, and blush and concluding with bright flashes of midnight blue (pretty on a ribbed sweater and sequin-embroidered skirt) and black. There was a lot of sparkle here, but Wu used a light touch. All around, it was that sense of quiet effortlessness of not trying so hard to be sexy that made this collection seductive."
5706,"Like many designers, Kate Spade New York chief creative officer Deborah Lloyd is often inspired by her travels. For Spring, it was a visit to the gardens of Giverny, re-created in a Chelsea gallery space for today's presentation. That reference point turned into a collection that took the audience on an old-fashioned European tour. After leaving nearby Paris its wrought-iron gates represented in a charming black and white print on a tea dress, as well as a peplum it was off to the races. In Monaco, to be exact, where Lloyds husband, who rallies vintage cars in his spare time, hopes to compete next year. There, the KSNY girl wears a navy blue skater dress with a halter neckline a thick white zipper up the front giving it a sporty feel and carries a racing flag-inspired checkerboard box clutch. Next, Lloyd's muse headed to Capri, where limone-printed circle skirts and matching bags were the order of the day. Per usual, the collection had an early-sixties feel about it. But what was different was the subtle restraint. The KSNY presentation can verge on the chaotic, with too many quirky novelty items popping up. But this season, Lloyd's careful theme meant a flourish here and there. As it should be."
5707,"Get sporty! Athletic influences are a big thing for Spring on the New York runways, and Vera Wang is the latest designer to insert herself into the action. This is the woman Hollywood calls on when it needs to cast a wedding-dress designer did you know she has a SAG card? But don't forget she was also a competitive skater. Wang is naturally sporty, with an affinity for tees and stretch leggings. It served her well here. The beginning of the collection was an extended riff on elevated activewear, and it looked good. Wang did crop tops and bombers and second-skin dresses, only hers came in gazar, technical mesh, and silk gauze all in black. The stretch-ponte dresses were anatomically seamed and collaged from panels of sheer mesh and net. Racy.  Although it would've been nice to see some of the first pieces amped up in color, she did turn on the brights (blue, yellow, and red) for the dressier part of the show. It's much harder to make a convincing case for athletic gear after dark, but Wang's bias-cut chiffon layers racerback gown on top and slipdress underneath, with hand-painted swooshes on both to suggest speed and movement had an ease that was appealing. That doesn't mean they were simple to construct; on the contrary, she must've driven her patternmakers crazy with the finale dress a collage of chiffon, mesh, and corded lace that came off as quite effortless. Here and there, Wang tossed in a few cocktail dresses strewn with 3-D paillettes. They were more expected on a Wang runway, but they only served to slow this collection down."
5708,"In recent seasons, designing has become an increasingly personal project for Erin Fetherston . In keeping with that development, her garden party-themed Spring collection was partly inspired by the lush Barbados location where she was married earlier this summer. Fetherston created a handful of dresses for the ceremony and celebration and reinterpreted several of those special pieces for her new lineup, including a strapless white pleated organza number with allover flounces that she called the ""cutting the cake"" dress. Similar flirty styles were shown in a range of vibrant wildflower hues like poppy and zinnia. Fetherston played up the botanical motif with a thigh-grazing shift (that appeared to be two pieces but was in fact one) embellished with petal-shaped plastic paillettes, as well as a flowing maxi dress with a puddling skirt cut from floral appliquéd guipure lace. If Fetherston's current dress-only approach to her Erin line seems limiting at times, it's paying off. She happily reported, ""This month, I've had more street sightings of real girls in my clothes than ever and I've been doing this for nine years now."""
5709,"A casual and laissez-faire approach to dress is not something normally associated with Antonio Berardi  and he knows it. This season, it was his challenge to himself to inject a bit more of a sense of don't-give-a-damn into his event clothes.  ""I wanted to do something slightly more urban, but done in an exquisite way,"" said the designer after his show. ""I wanted to use couture fabrics, but not in the context of couture. It was an idea of moving my woman forward and taking myself out of a safety zone, away from the things that I am known for.""  So instead of the super-sexy body-con, there was the oversize, and the oversize sweatshirt at that one of the main motifs of many collections this season, but Berardi's were particularly good. There was the enveloping, boyish, biker jacket shape but realized in duchesse satin rather than rough, tough leather. Meanwhile, the event wear, those fluttering long numbers with their train backs and short fronts, weren't dresses but skirts, a mix-and-match separate to be worn with the more mannish elements.  Yet Berardi will never really be that casual and it is not as if a train skirt, trailing along the ground, will really be the thing worn for an everyday visit to the corner shop. But who the hell ever wants to go to the corner shop anyway? When you are wearing couture fabrics and a train, you no doubt have people to do that sort of thing for you. The body was still revealed in this collection, but through a play of transparencies and lace, particularly in see-through fronted trousers (not the easiest thing to wear) and shirts with delicate triangle bra tops underneath (really easy to wear).  Those shirts and triangle bra tops were some of the loveliest things in the collection and had their own boyish sense to them. And this more boyish element really did suit the designer well. But what is perhaps most significant about this season is the ability to take Berardi's clothes out of the context of his own collections and mix them easily with others for almost the first time. Quite often with his clothing, there is no getting away from ""the full look,"" and it is only very rarely these days that people will slavishly devote themselves to wearing only one designer this has really been holding Berardi back. The color palette of this collection was a bit unwieldy and weddinglike, but now it can be easily diffused. This season might just be a collection for the designer to build upon: promising and pointing the way to something else."
5710,"Certain things in life, you're either really into or you're really not. Mayonnaise, for instance. Jack Kerouac. The Wes Anderson oeuvre, post- Royal Tenenbaums . Likewise, there are a lot of devotees of Orla Kiely 's clothing, and at least as many people who find it mannered and unbearably twee. This season, riffing on the theme girl-guides-go-safari, Kiely isn't likely to win any converts. But this collection ought to please her fans. A shorts suit in a tonal orange giraffe print? Yes, please, the Kiely girl says. Ditto the sweet white dresses dotted with tiny embroidered rhinos, the A-line skirts with oversize flap pockets, and taut sweaters with friendly lion appliqués. There was a genuine wit to the zoological stuff here, but it served to exacerbate the atmosphere of extreme whimsy. That's either your thing or it's not, though it's worth noting that even a hardened anti-quirk cynic can take cuteness in small doses. And Kiely's mini animal-shaped cross-body bags were totes adorbs, for sure."
5711,"As Arnaud Maillard and Alvaro Castejãn wrapped up an intimate show-and-tell of their latest collection, they mentioned how Azzaro has been performing well in Asia, and that expanding the brand's North American presence is now top priority. It's not an insurmountable challenge if they can get their dresses on the leading ladies of Nashville . Fictional as Juliette Barnes and Rayna Jaymes may be, their performance dress code sexy, sparkly, swishy dovetails precisely with the designers' glitzy vision. The collection featured plenty of unabashed razzle-dazzle, with beaded fringe, crystal-covered paneling, and cutouts traced with mirror pieces. Yet none of this was as provocative as a full-length black dress with an undulating sheer panel that exposed a strategic amount of torso down the front and a surprising amount of cheek up the back. A conservative version filled in the serpentine-shaped peekaboo with translucent paillettes and Swarovski crystals. For the few pieces that qualified as daywear, hand-embellished disco bits settled onto epaulets and cuffs. A silvery knit sweater patterned in a diamond grid of micro monochromatic chain mail was akin to finding a precious pearl within a trunk of rhinestones. Likewise the geometric dévoré jersey it could have been given a starring role. Instead, the collection intensified the brand codes to a fault. You might spot the body-skimming dresses on celebrities attending gala fund-raisers in Monte Carlo, or on television divas, but you'll be less likely to see them in the real world."
5712,"Tommy Hilfiger brought the beach to New York City for his Spring runway show today, trucking in tons of sand to transform Pier 94 into a shoreside boardwalk. The impressive set complemented the West Coast theme of the new collection, which paid tribute to California's scuba, skate, and surf cultures. While those laid-back, sun-kissed lifestyles have already been well referenced by the fashion community in recent seasons, they dovetailed perfectly with Hilfiger's signature preppy, athletic aesthetic a match made in Malibu. Classic polo dresses were updated in bright neoprene-bonded leather, for example, which gave the country club staple a modern structure. The high-tech material got a lot of mileage here. It was used on rash guard-style tops and cutout maillot swimsuits, which looked particularly fresh layered underneath a double-breasted chambray suit. Additionally, dark-wash jeans and denim shorts came backed in the stretchy scuba stuff, and the hybrid result was ultra-flattering. Keeping his finger on the pulse, Hilfiger also included several sporty jerseys that added some on-trend street cred to the mix, including the luxurious leather one Joan Smalls donned, which was embroidered with the number ""1."" ""I've been seeing cool girls in the East Village rocking Knicks jerseys as dresses, and they just feel right,"" Hilfiger said at a preview. He was right about that. These clothes were ultimately what girls want to be wearing now."
5713,"Being a filmmaker, a storyteller 'n' all, Tom Ford surely appreciates the classical Icarus-like dimensions of his autobio. But Icarus wasn't a phoenix. Tom is. All he needed to prove it was a situation where he could once again exercise complete control. Tonight there were the vases of calla lilies, there were the plush banquettes, there was the handpicked army of handsome attendants, and even more than last season's extravagant reentry into the fashion arena there was the overpowering sense that the vagaries of chance have been shoveled into a corner where they will never again trouble the waters of Loch Ford. And would chance even dare, given the collection Ford showed? He clearly purged himself of any of the Am-I-still-me? insecurities of new fatherhood with the I'm-still-me blowout of his Fall collection, so this latest offering was, in a way, a clean slate, which he set about dirtying with the sexed-up diligence that defined his finest hours way back when. Just check Josephine Skriver, the Sharon Tate du jour in Ford's pantheon of model goddesses. Her first look: a tank in black leather net over a suggestion of skirt in a black leather lattice. Her second: a pailletted micro-sheath with the serpentine shimmer of a Klimt painting. Toxically beautiful. Key motifs in the collection were fractured mirrors and spidery lace. Given Ford's other job, they were unsurprisingly cinematic (let's say German expressionist) and maybe more difficult than the rather gorgeous broad-shoulder blazer in brown leather that opened the show. But that is the kind of dichotomy that defines Tom Ford laser-eyed commerce here, lascivious indulgence there. Which sounds like a perfect formula for success in our cut-loose era."
5714,"Fade to black. After months of speculation about the status of Marc Jacobs' contract at Louis Vuitton , the writing was on the wall today. The staging of the show re-created many of the sets from his sixteen-year tenure at the LVMH-owned house: the elevators, the escalators, the carousel, the fountain, last season's hotel corridors they were all there, a reminder of the designer's extraordinary showmanship, only rendered this time in shades of black. After the show, Jacobs confirmed that he and his business partner, Robert Duffy, would be leaving the French luxury goods house. It's said that they will focus on an IPO of the Marc Jacobs company, in which LVMH is also an investor. So it was good-bye today on the runway. But despite the mournful implications of the all-black clothes, it didn't feel like a sad affair. Jacobs dedicated the collection to the many women who've touched or influenced him during his decade and a half in Paris, including designer muses Coco Chanel, Rei Kawakubo, and Miuccia Prada. You saw bits and pieces of their work in this collection, in addition to callbacks to his own greatest hits. ""To the showgirl in all of us,"" was how he signed off his program notes. Among the forty-one looks, some more than others resembled showgirl clothes, but nearly all of them were elaborately ornamented with combinations of jet beads, crystals, and glossy feathers. Each and every one of the models wore an extravagant Stephen Jones-designed headpiece of ostrich plumes. And yet you could feel the influence of the street in the same way you did at Jacobs' New York show. That had a lot to do with the flat shoes that the models padded along in on the Mongolian lamb rugs; the heavily embellished biker jackets (instant collector's items, those); and a not-insignificant emphasis on denim, both the faded blue variety worn underneath tulle tank dresses with a twenties spirit, and in crafty patchworks of black paired with mannish blazers. Jacobs seemed to be making a point with those all-Americanisms, and a timely one at that, given his imminent refocusing on his own New York-born brand. It was perhaps no surprise that the American press led the standing ovation. Jacobs reversed the fortunes of Louis Vuitton, and whatever the behind-the-scenes negotiations of the past few months, he and Duffy appear to be leaving on good terms. There were heartfelt hugs all around backstage. But don't forget, the designer raised some hell along the way, and he didn't completely shy away from a little provocation here either. Naked save for a G-string and the Stephen Sprouse-designed LV logo scrawled all over her body, Edie Campbell made her runway circuit in handcuffs and chains. Among the many challenges that will face Jacobs' successor at Vuitton, when he or she is eventually named, will be living up to a fearless, fabulous moment like that."
5715,"The Fashion East young designer showcase is a revolving door three seasons, then you're out into the world but for Spring, the lineup remained as it had for Fall, with collections by Ryan Lo, Claire Barrow, and Ashley Williams taking their respective turns on the catwalk. Each designer has continued experimentation in his or her own individual way, something the showcase is famed for, and each is quickly building a reputation for distinct individual aesthetics.  Lo showed his third collection for Fashion East, his strongest to date. There was still the characteristic cuteness; the designer cited Sylvanian Families toys as an inspiration for his women-as-woodland-animals, with their fluffy ears and tails. "" Partly Sylvanian Families mixed with girls preparing to be homemakers,"" Lo clarified. ""There is the witch in Hansel and Gretel transformed, picnics in the woods, The Sound of Music  all rolled into one: happy, happy, and joyful."" Lo's clothes are maniacally, unrelentingly optimistic, yet the fluffiness of previous seasons has been tempered somewhat by sharper, slicker, and more complete silhouettes. He has been working with the stylist Robbie Spencer and it shows: He seems to have contained the kawaii. Lo's layered lace confections in angel-cake colors looked nicely made and now ready for consumption.  Barrow is also on her third and final Fashion East outing. The designer is perhaps the most established of the trio, with her own design signature (her illustrated leathers) and successful capsule collections for the English retailer Matches. Despite that, she remains unburdened and undaunted by commercial restraint, and this season she presented a collection that was perhaps her most oblique and difficult, inspired by Kenneth Anger and voodoo. ""It is about bringing together a new group of people, a new gang,"" Barrow said backstage. ""It is more experimental, and they are into some dark shit especially the boys."" Her leathers were largely missing this time. Instead there were illustrated plastic pieces, which were the standouts of the collection.  The final designer, Williams, is only in her second season with the showcase, but despite being the baby of the group, she already has momentum and star power: Harry Styles sat in the audience wearing one of her T-shirts, and Eliza Cummings opened and closed her show. Williams is best known for her Happy Ashley prints, and this season, they were given a nautical slant, with speedboats and Gary the Snail from SpongeBob SquarePants. (""He's posh because he lives on snakeskin,"" Williams joked after the show.) The nautical theme pervaded throughout, but not as the usual, tired fashion standby. Here, plush toy sharks also doubled as handbags, ""Dreamboat"" was printed on leathers and swimsuits, and ""SOS"" emblazoned a royal-blue lace dress. ""I wanted to break up the collection so it wasn't print-heavy, [and] mental,"" she explained. ""I wanted the sense of something slick and the Miami of the eighties but I also wanted people I know to be able to wear it. That's why it had to be clean and slick."" And so despite Williams' reputation for prints, some of the finest looks on offer here weren't prints at all, like the blue denim apron dresses and shorts."
5716,"The speed and scale of Tory Burch 's success suggest that she has hot-wired her business into the hopes and dreams of millions of women. Dressing up to look smart for the real world doesn't quite cut it. There has to be more some subliminally potent appeal to desire. Maybe Tory gave away the game today when she cited Romy Schneider in the 1969 French movie La Piscine as an influence on her collection. Romy rivals Audrey Hepburn in the fashion-icon stakes, but she was always a chillier, more melancholic proposition. In La Piscine , she played tortuous mind games with Alain Delon, who'd been her lover a few years earlier. Tory scarcely needed reminding of the unholy sexual sparks generated by the Schneider-Delon union. How could that not be the kind of fantasy that might dog the dreams of a sophisticated young American Europhile? How would it be possible not to infuse the clothes she designed in later life with that same sense of erotic possibility? And maybe, just maybe, the same notion might occur to a woman on a Saturday-morning shopping trip as her eyes fell upon a precisely tailored little linen suit with a jeweled collar, or a flowing floral-print silk smock, simultaneously decorous and somehow suggestive of Schneider en route to a sun-drenched, sin-filled Riviera rendezvous with Delon. Ah yes, the power of suggestion. Ridiculous but irresistible. Tory courted it with a catwalk of bright piscine blue, a line of cypress trees standing sentinel, and with clothes whose trimness and brevity evoked the late sixties. A long skirt paired with an open-backed top had a tense elegance. A sundress in a faded mosaic print, a crocheted shift, and a suit in white latticework were clean, confident outfits for Americans reinventing themselves abroad. Who wouldn't want that second chance? Ms. Burch, meet Mr. Ripley."
5717,"During the course of the absolutely enormous Emporio show staged today by Giorgio Armani (94 looks!), it became obvious that there was an organic undertow propelling the collection forward, from the aqueous shimmer of the opening passage to the stardust-strewn finale. And, just as nature is a hit-and-miss proposition, so was Armani's Emporio. The models had hair braided and bobby-pinned into wheat sheaves. Natural, yet tortured. And, for every lyrical evocation a shower of flower petals, or misty jungle flora there was some strange manmade intrusion, foremost of these being the leggings that were intended to elongate and complete the silhouette. Instead, they sagged rather unfortunately at the knees and ankles, creating an impression of sloppiness rather than sleekness. Armani has never been a designer who shies away from risk, but, as Mother Nature could assure him, some risks work, while others are best consigned to the Darwinian slush pile.  And what worked best here were the pieces that had already been tried and tested: the fitted, single-buttoned jacket in glen plaid over cropped black pants; the monochrome pantsuits, severe but soft; the suits in pajama stripes; and, even as the designer pushed the envelope, notions like the tiered fans of pleated organza that he formed into party dresses. ""Poised between realism and abstraction"" was the claim Armani's show notes made for him. The more he tips the balance toward the former, the better off he is."
5718,"Gary Graham is known for uniquely romantic designs that, more often than not, successfully render his medieval and Victorian fashion influences modern. This season, Graham found himself ""a little obsessed with Willa Cather and My Antonia, "" and envisioned a woman who is a bit more ladylike than usual. ""She's done but undone all at once,"" he said at a preview in his Tribeca store. The new lineup included several of the designer's signature pieces, including vintage-y apron dresses, petticoats, slips, and delicate nylon mesh underpinnings embellished with jet beading all of which have endless layering possibilities. Graham mixed those standbys (which he also reinterprets for his lower-priced Anagram line) with standout items such as a cropped puff-sleeve jacket featuring a digital damask print, as well as a cool shrunken biker patchworked with pieces of that same tapestry fabric. Elsewhere, an Empire-waist dress with a woven leather bodice and satin linen skirt also nicely balanced the opposing forces of old and new, and tough and feminine, in play here."
5719,"Timo Weiland and Alan Eckstein pulled together a Spring mood board from Instagram ""Not that Instagram itself is an inspiration,"" Eckstein clarified at their studio the day before their show. ""It's a reflection of how our everyday life really affects this collection."" Their everyday life this year included a trip to Indonesia as part of their inclusion in the CFDA Fashion Incubator program, so there were images from that trip interspersed with pictures of their friends, Eckstein's dog Coconut, and a swatch of fabric from a Josef Frank couch Weiland fell for (but was always too afraid to sit on) as a kid. That mixed bag of references yielded a very clean collection. Knit dresses and rayon-nylon anoraks were streamlined and sporty, and the bold palette lots of navy, white, and red added a graphic pop. To create visual texture, the designers mixed fabrics, solid color-blocks, and a few well produced prints. While those individual components were nice such as the printed blue brocade and black eyelet on one dress with an asymmetric triangle cutout at the waist the final product didn't always gel. More successful was a slinky red and black striped T-shirt dress in an open-stitch knit and, at the other end of the sexy spectrum, a pair of breezy, barely-cinched-waist shirtdresses that opened into full, free-flowing silk skirts. The few menswear looks (there were five of them) echoed the sport-prep casualness of the proceedings. The anoraks even one in black leather had legit street appeal. Sport and street are always two rich territories for the Weiland team to mine, and they did so this season with a keen, cool focus."
5720,"If you survived the mad crush at the doors at Philipp Plein , and endured the hour-long wait for the show to start, you were rewarded with a fairly energizing performance of ""Work"" by Iggy Azalea and her two backup dancers. The runway show that followed wasn't short on sass of its own. The lace jeans weren't a print, like we've seen elsewhere this week, but actually sheer, skintight lace. Cutouts on a crocheted tank formed the shape of a skull (sure, it's been co-opted by just about everyone, but a cranium still provokes just ask McQueen's Sarah Burton). And a crystal-embroidered column gown was emblazoned with what Plein's program called one of his most provocative slogans. It's unprintable here, but let's just say that the F-word appeared no less than three times. That certainly got your attention. At this point, Plein seems satisfied with making a spectacle, and he tried plenty of different tactics to do so: exposing skin (as alluded to above), riffing on icons of other houses (Givenchy's stars, in this case), employing all manner of flashy metallics, studded baby blue leather included. You can see this brand maturing into something along the sexy, in-your-face lines of Just Cavalli, even if Plein still has a ways to go to get there."
5721,"Nineties minimalism, streetwear, and sports (basketball, particularly) have always been fixations for Nomia 's Yara Flinn, and she's been synthesizing and refining those influences over the past five years. Fashion labels left and right have been trying to inject more urban appeal into their clothes, but ""street"" isn't just a fleeting trend for Flinn, so her latest lineup felt authentically of-the-moment. This season, the promising young designer successfully mixed sophisticated silhouettes with athletic accents. Sleek slipdresses and piqué pencil skirts were broken up with a sheer panel of Japanese mesh that was also used on a fluid kimono, while a heather gray T-shirt dress slit up both legs came lined in slippery silk.  Flinn brought back several emerging signatures here, including polished basketball shorts (which she was doing for quite some time before others latched onto them), crisp cotton shirtdresses, and knife-pleated crepe midi skirts. Versatile utility belts, graphic cutouts, and occasional pops of metallics added interest to the predominantly neutral clothes. A technical trench and cropped, slim jeans were decorated with strips of reflective tape, and a sharp denim wrap skirt looked cool coated in silver. One of the most noteworthy things about the collection is its manageable price point. The aforementioned button-ups will go for around $250, while a beautiful, bias-cut crepe gown rings in under $600."
5722,"That fox vs. hedgehog conceit is such a neat way of divvying up the world. And this morning's Marios Schwab show made you want to trot it out yet again. Some designers are foxes, who know many things; Schwab is manifestly a hedgehog, and he knows one big thing. And the big thing Schwab knows is the body. His new collection found him digging yet deeper into his fascination with the female form, as he sought out fresh ways of accentuating it, veiling yet revealing it, and capturing its movement. One way Schwab got at the latter was through placement prints suggestive of airbrushing, which seemed to freeze-frame some previous motion of a woman's curves. Scribblelike embroideries gave a similar impression, and the theme was important enough to Schwab that he named his collection Contours in homage. Schwab found other ways to contour the body, too, notably with belts and harnesses and even backpack straps. Meanwhile, two of the standout commercial looks here found Schwab creating a bustier effect, either by articulating the shape with little cuts and staplelike metal hardware (an element carried over from Resort) or by selectively shredding indigo-dyed denim.  Elsewhere, the emphasis was on layering and playing tricks with light. Schwab has been developing these ideas for a while, but the semi-sheer T-shirt dresses reiterated the look in appealingly casual fashion, and the sequin underlayers continued to have a pleasing electricity. Schwab has a great feel for sparkle and shine, a quality recalled, yet again, by his very fine metallic belts, and the similar-looking strap hardware on his platform thong sandals. The sandals marked the latest and best outing in Schwab's ongoing collaboration with The Poet in Athens, and they ought to be a hit."
5723,"Similar to its Resort lineup, See by Chloé 's Spring collection told the story of a British girl traveling to France. At a preview, a member of the line's creative team spun a tale of a London college student who spends her summer vacation at her grandmother's country estate in Normandy before taking off for Ibiza, then hitting a music festival or two on her way back home. Indeed, there was a nomadic eclecticism about the new range, but one that was carried out in SBC's characteristically clean, youthful style. Sharp surplus jackets, cropped trousers, and tasseled tops featured cheeky jungle motifs (inky palm trees, in addition to giraffe and leopard faces and paws mixed in with their respective spots), while long silk shorts and a sweet cutout apron frock came with allover mosaic prints evocative of kitchen tile. Another clever play on pattern arrived in the form of a pleated, stripy midi shirtdress with additional trompe l'oeil folds. On the more pared-down side of things were a sturdy canvas twill cape, a denim utility jumpsuit, and crisp pin-striped shirtdresses in line with the season's trends. All in all, a solid outing for Chloé's secondary line."
5724,"I wanted the clothes to feel like they stood right at the meeting point of old and new, said Kaelen Haworth at a studio preview of her new Spring collection, which fused traditional menswear-inspired patterns like houndstooth, herringbone, and glen plaid with the designer's downtown sensibility. Haworth gave classic Prince of Wales checks a modern update by splashing them like paint dripping across sporty neoprene separates. She also showed scratchy tweed in decidedly unstuffy ways on a swingy coat and a cutout-shoulder crop top that had shorn-off, frayed edges ""almost as though they were breaking at the seams."" Speaking of seams, Haworth put more of a focus on sharp tailoring than usual. It was apparent in boxy jackets and trenches with double lapels and just the right amount of slouch, as well as a slim, color-blocked sheath dress boasting an exaggerated collar and strong shoulders."
5725,"Massimiliano Giornetti finds himself in a bit of a quandary this season. The Salvatore Ferragamo creative director seems interested in stretching himself as a designer flexing his intellectual chops with deconstructed suits on the one hand, and amping up the sex appeal with all sorts of midriff-revealing silhouettes on the other. The issue is, neither of those new directions feels like such a natural fit for an Italian heritage label justly famous for its glamorous Hollywood affiliations and its bourgeois propriety. You can't begrudge Giornetti the attempt, but it's no easy task to make a cutoff blazer spliced in two at the waist as valid as the original classic version. And why go to all the fuss of kilts spilling extra front panels when more straightforward ones would look neater? There's value in simplicity, as other pieces in this collection made obvious. We doubt there was a gal in the room who didn't respond to the glossy black trench that closed the show. It was polished in an unpretentious way. And a painted python jacket and coat? Those items have the potential to get the pulse racing. Just think of all the places a woman could take them where a snakeskin bra top won't do."
5726,"Sensuality and seduction. That, according to Sophie Theallet , was the point of her Spring 2014 show. And you didn't need the designer to spell it out for you, either. Right off the bat, with a first look all in red tones that featured a clingy sheer knit top and a skirt with flounces fit for flamenco, she established a tone of ripe sexuality. Theallet being Theallet, this was handled in a decorous, grown-up way, with an emphasis on the subtleties. The waistband of that flounced skirt, for instance, was made from ultra-pliant glove leather. Likewise, the silks this season were hammered, and the knit emphasis was on complicated stitch, all of which added to the collection's evocative sense of tactility. There were a lot of strong looks here, with the snug dresses and skirts with pleated chiffon hems hitting a particular va-va-voom nerve. But the collection's impact in toto was blunted by the overuse of a couple of botanical motifs inspired by the artist Rosemarie Trockel. After the show, Theallet said she liked the idea of showcasing a weed in this particular instance, a weed that could also be used as medicine. ""Bad and good together,"" she explained. ""I like the paradox. I like complicated, because women are complicated."" Point taken, but even a weedy floral had the effect of prettifying what was otherwise a graceful tribute to female power and desire."
5727,"First things first: Kim Trager and Lowell Delaney are nuts. Totally bonkers. One hundred percent crazy. Crazy like a fox, you might say: The byzantine tales this London-based duo spin to inspire their collections reveal quite a bit of cunning, in that the tales allow them to integrate a lot of disparate ideas into their clothes. Clothes that are, by the way, executed with an extraordinary amount of polish. For their third collection, Trager and Delaney concocted a story of an orphan in Germany who eventually finds her way into a shady scene in L.A., and then somehow Aristotle Onassis and Majorca are involved. But never mind. Pieces like a jacket with rubberized yarn heat-pressed onto laser-cut suede didn't require a backstory to be compelling. Meanwhile, the sixties-style shifts had a real grace, while the brand's low-slung trousers and cropped vest tops captured, in the most exact way possible, the look and attitude of the mid/late nineties, without aping any one reference too precisely. Tie-front blouses and matador-inspired cape jackets managed a similar trick, conjuring Spanish Majorca. The unifying elements here were the designers' graphic application of color and their zeal for texture; even the simplest materials were well chosen, like the meltingly soft suede. And if you wanted a clue to the crazy, you only had to look at Trager Delaney 's loopy seasonal print, a brand signature: Somewhere in there, a girl was coming of age. Aristotle Onassis was involved somehow. It doesn't matter."
5728,"The Preen show this morning opened on a familiar note: an all-white ensemble, which featured a digital placement print fusing cuboid forms and florals. That look augured a collection that leaned hard on the Preen signatures. And though there were a lot of fine pieces here, and a handful of compelling ideas, you never got the sense that Justin Thornton and Thea Bregazzi were advancing their brand vocabulary enough, or working it with enough focus, to overcome a feeling of seen-this-beforeness. That said, this was one of those outings with a might-have-been aspect to it; watching the foil silk floral anoraks and black and white rose-print dresses pass down the runway was like seeing markers of an odder and more relevant collection that could have emerged if those themes had been emphasized. Ditto the shiny pink looks in cellophane nylon, and the asymmetric dresses with buckled closures. As noted, there were good looks elsewhere, but these were the ones that found Thornton and Bregazzi staking out new territory."
5729,Our review will be posted shortly. See the complete collection by clicking the image at left.
5730,"When one hears Adam Selman 's name, Rihanna inevitably comes to mind. The designer, who got his start by helping to create costumes for stars like Britney Spears and Michael Jackson, has worked with the Barbadian pop singer's stylist Mel Ottenberg for the past few years to dream up custom tour looks. And, of course, he serves as the co-designer on her River Island capsule. This season Selman stepped out on his own, presenting his debut eponymous collection. ""I definitely like to embrace that my name is going to be associated with Rihanna,"" said Selman at his buzzy presentation at a gallery in the West Village. ""I love working with her, but I've got a few tricks up my sleeve."" For his first effort he turned out a vintage boudoir collection inspired by retro Cosmopolitan covers shot by Francesco Scavullo and an eighties HBO documentary about supermodels, Beautiful Baby, Beautiful. ""I thought about the model-photographer relationship,"" said Selman a sentiment he spoofed by getting cult comedienne Amy Sedaris to direct his models during the presentation. Blending references from the seventies (evident in tricolor rayon palazzo pants paired with a turban-esque headband and a black blouse tied just below the bust) through the early 2000s (oversize backpacks with a raver vibe), Selman's offerings were playful and nostalgic. ""I love the idea of a super-sexy, sultry woman, wearing something cut down to here, but it's unrealistic. I really respond to masculine shapes interpreted in a feminine way,"" he explained. Some of his wares, like a baby-pink silk cropped baseball shirt worn with matching short shorts, or little spaghetti-strap slips made in the same style, seemed more appropriate for the bedroom than the street. But others, like his oversize sharp-collared white twill trench shown with a black rayon one-piece swimsuit, as well as navy twill denim high-waist skinny trousers and a workman's jacket, were youthful and fun. An easy black twill romper was also a wearable standout. When it was suggested that Rihanna might favor some of his skimpier Spring styles, Selman offered, ""I would hope so! She can have anything she wants."""
5731,"Seven is L'Wren Scott 's lucky number. Or it might be three. Or something else. But it's been seven years since she was last in Japan, and seven years since she launched her label, so it seemed right to her that a memory that has always haunted her from that trip should assert itself around about now. She'd seen a screen from the late sixteenth century in the Suntory Museum in Tokyo, not with images of the usual cranes or bamboo or koi, but of kimonos, on which a woman would contemplate painted versions of the outfits that custom demanded she not wear while her man was away making war. So the screen would function as a sumptuous fashion show or lookbook for her and her friends. ""This is me laying out my work on screens,"" said Scott after her show, with the sly insinuation that if her man (Mick Jagger) wasn't exactly away making war, he was at least on tour for a while. The Gagosian Gallery offered the pure white backdrop against which she paraded a collection that sparked multiple echoes, not only traditions of Japanese dress like kimonos and obis, but also more modern references the bondage of Araki photographs and even Anna May Wong, Hollywood's first Asian American superstar. OK, she was Chinese, not Japanese, but Scott's own alt-Hollywood roots were all over this collection in the sinuous glamour of second-skin looks, the fitted sexiness of a headmistress-y white sheath, or the red gown with a thick tracery of black that dissolved into a frenzy of fringing. True, the rigor and ritual of Japanese dress is something that Scott has always displayed a natural affinity for in her own highly structured designs, but as much as she emphasized her Nipponophilia, it was impossible to overlook the glorious showbizzy-ness of a blinding white kimono-sleeve dress with wisteria embroidery drizzling down its shoulders. The same wisteria appeared on a pantsuit, the tailcoat of whose jacket was a veritable garden of flowers, the result of thousands of hours of embroidery, or so she said. Asked why her soundtrack incongruously featured a song called ""Baby Did a Bad, Bad Thing,"" Scott fessed up that the horrendous expense of her embellishment was her bad, bad thing. But it's hardly anything she'll go to hell for."
5732,"After his tour de force collection of last season, it appears that Yohji Yamamoto is now gleefully back with a vengeance. If that last show was something of a ""greatest hits"" with the freshest of spins, this season is a varied selection of hits to come. The new spirit that is possessing Yamamoto is timely. If there are two designers whose oeuvres are being looked at by many others this season, it is Yohji Yamamoto's and Issey Miyake's. And now Yamamoto is showing them how it is done in the present. The mood was rebellious once more. A recurring theme seems to be emerging in Paris this season, with designers going against the grain and challenging preconceived notions of themselves, particularly by flirting with a sense of ""bad taste."" Yamamoto was no different. His silhouettes might have started with a delicate study of the shoulder in his beloved black here the structure was softened, with tailored jacket sleeves barely held by bows, chains, threads, and cord but all of a sudden, there was a full-frontal assault of flouro. Yes, flouro: a complete look of layered pink, yellow, red, and orange with turquoise and red boots to match. In the eighties, Yamamoto and Comme des Garçons were seen as the cool, black antidote to the decade's Day-Glo nonsense, and here the designer is embracing it wholeheartedly and happily in great swaths of this collection. As Yamamoto's PR pointed out, somewhat aghast, the inspiration of Harajuku girls was also involved in parts. That's something this designer would never normally look at. ""This collection's private title is Meaningless Excitement,"" said Yamamoto after his show, laughing mischievously. And perhaps Mischievous Excitement might be a more public title for this collection, because Yamamoto transformed the trendy and transitory into something a bit more substantial: In its fresh use of flouro; in those casually abstracted layered looks; the architectural slatted structures; the digitized camo prints on chiffon tailoring; the terrific, perverse knitwear; the bell-meets-kimono-sleeve shirtdresses there is, in short, much to choose from. The collection came to an end with lights flicked off, one by one, and the focus on a gang of girls in white shirts and black skirts, worn with the rough-and-tumble attitude of the British comprehensive school uniform. The separated sleeves were back from the beginning, this time without their jackets. In anyone else's hands, all of this might have looked tricky; in Yamamoto's, it just felt so fresh and easy. When asked after his show whether he was in a rebellious mood, Yamamoto replied, ""Yes, I am. And I hate doing something that I refer to in fashion as d_j_ vu. For this collection I made so many trials of cutting, playing on the shoulder, the strips, the fresh neon color so many trials. And it was something I needed to do!"" When it was pointed out that not many designers could get away with presenting so many varied things with such skill in a collection, Yamamoto responded, in a theatrical stage whisper, ""That's because I'm genius!"" He was joking, of course, but the thing is, he kind of is just that."
5733,"Andrew Gn is an avid furniture collector. His Paris home is filled to bursting with seventeenth-, eighteenth-, and nineteenth-century antiques. Which is why he's started over and is stocking a new place with treasures from the twentieth century. They were the genesis for his collection today, which marked a turning point in his career. Gn hasn't become a minimalist overnight, but there was definitely a new sensibility here. The best way to describe it is, well, modern. Gio Ponti, Carlo Mollino, Fernand Léger, Georges Braque, Pablo Picasso, Peter Doig Gn name-checked them all, and their work came into play in various ways. ""I always say, if you cannot have it on your wall, you can wear it on yourself,"" he remarked backstage. For most of the collection, that was an apt explanation. Where once Gn would've embroidered the hem of a coat with passementerie or jet beading, here he trimmed it in a black and white faade print. And when he did opt to use appliqué, it was whip snake cut into Ponti-inspired geometric shapes. Lace lost its saccharine sweetness, designed as it was in a subtle python pattern overlaid on jewel-tone silk mikado dresses, while wood-grain prints, which Gn used for slim asymmetric skirts, looked cool. In the case of a cubist violin print lifted from Léger and planted in the center of silk blouses or a shift dress, Gn might've taken his idea too far. But Braque's doves felt true to the designer's aesthetic, especially embroidered in gold on an evening column in black crepe that fell from knee to hem in mousseline pleats. Those modern masters are a renewable resource."
5734,"This was a very good Ohne Titel collection. It may also have been a collection that was a little too Ohne Titel. Designers Alexa Adams and Flora Gill bring a ton of visual and technical intelligence to the task of refreshing their brand signatures each season; this time out, though, they did seem to be repeating themselves. What saved this lineup was the fact that its main motif was so undeniably compelling: Adams and Gill were playing with perspective, and the ways objects grow smaller and parallel lines seem to arc toward each other when viewed from a distance. They translated that theme into myriad technical knit pieces, the Ohne Titel specialty, deploying a well-judged palette of neutrals and blues. The pieces satisfied, but they felt familiar. And as the show progressed, you got the sense that Gill and Adams were ready to push things in a new direction, too: The silk halter dresses weren't terribly exciting, but they did introduce a new silhouette, while the embroidered organza pieces came off as genuinely fresh. Keep pushing, ladies."
5735,"You don't have to wear big shoulder pads and dark suits to be a powerful woman, said Tadashi Shoji before showing his Spring lineup, entitled Sweet Liberation. To illustrate the notion, Shoji delivered a collection of delicate dresses and separates made of lace and organza in frosted but not exactly pastel candy colors.Shoji has a way with proportion, and it gave his classically styled clothes a much needed modernity. An ivory lace tee paired with black tap shorts benefited from a swingy back. A plaid silk organza tea dress got a hip upgrade layered under a crop top. And a simple nude neoprene number with lace overlay looked more structured because of strong seaming and a neat little peplum.The designer is best known for his eveningwear, and while he incorporated plenty of hand-beading into those looks, the collection was still very much about the colors. Shoji's generous use of overlays meant the shades weren't too saturated, or too wimpy either. (The blush pink styles in particular were kicked up a notch by the use of black embroidered tulle.) If there was a misstep, it was the use of feather fringe underneath a crop top. Liberated or not, no one wants to look stuffed."
5736,"Tanya Taylor went through a whole lot of paint for her new Spring collection. For starters, the up-and-coming designer ""got really messy"" hand-painting each of the six hundred miniature canvases she sent out as invitations for her first runway show (the format upgrade was merited, after three well-received presentations). The thoughtful invites served as a fitting preview for a lineup that featured more of Taylor's proficient brushwork. A floaty organza trapeze dress splashed with a custom ""scroll"" print demonstrated the designer's flair for fine art. Ditto the closing series of white leather pieces hand-painted with a vibrant floral motif. Other highlights included lightweight mesh car coats and bombers appliquéd with giant blossoms, as well as nautical striped biker jackets, sweet bandeau tops, and slim pencil skirts interspersed with a rainbow of Crayola-bright streaks for added interest. Overall, Taylor kept up her winning streak it's difficult to go wrong with youthful, uplifting clothes like these."
5737,"The McQ label is expanding quickly, especially in Asia, where eighteen franchised stores are set to be up and operating by year's end. It's not hard to understand this diffusion line's success. Alexander McQueen, both the man and the label run by Sarah Burton since her mentor's death, has one of the most identifiable and strongest signatures in fashion. With years and years of clothes to riff on, Burton will never run out of ideas for this little-sister label. For Spring, several McQueen shows got callouts. Plato's Atlantis, his penultimate collection, was an obvious reference point for the digital sea reptile motif on a short dress. The bunny costume the designer wore to take his Spring 2009 bow was reproduced as a print on sweatshirts. You could see those becoming collector's items on par with the Kenzo sweatshirts, if the brand opted to give this collection the bigger platform of a fashion show. As of now, Burton and co. are content to play it low-key. Also on the racks were staples like biker jackets, denim (including a great pair of super high-waisted jeans), and McQueen's signature sharp tailoring. Side by side with the fierce tuxedo dresses, lace-print jeans and lace-inset knits looked a bit insipid, but overall this was all salable stuff."
5738,"The English really are blessed in their high street. And one of the very best high-street brands the labels whose storefronts dot the main thoroughfares of Great Britain is, indisputably, Whistles . Under the direction of chief executive Jane Shepherdson, the brand has marked out a very specific niche, selling clothes that are well priced but elevated in tone and accessibly fashion-forward. The Whistles shops have become regular stops for the international editors who attend London fashion week, and so it stands to reason that the label is planning to expand its distribution overseas, and throughout the United States especially. This season, Whistles staged its first proper runway show, and the clothes didn't disappoint. Even if looks like a horizontal-stripe slipdress or voluminous cropped trousers didn't shift any fashion paradigms, they were executed with great verve and polish. The clothes here seemed expensive. A lot of that had to do with the application of just-so details, like the choice of a compressed shiny raffia as the material for a slouchy coat, or the collarbone-baring cut of the straps on a tank dress. Whistles is also justifiably known for its prints this season, the theme was animal print, magnified until unrecognizable and the brand's relatively new shoe range is attaining similar consistency. The shower shoes here seemed like a must-have. So, for that matter, did the silver separates, and the cropped cashmere knits, and the leather dungaree dresses. The greatest thing about Whistles is that, when it comes to those must-haves, you can actually have them."
5739,"There was nothing on the invitation that revealed this would be a video show comprised of six large screens, each capturing a different angle of the collection. Nicolas Andreas Taralis recruited Mote Sinabel Aoki to direct a five-minute film in which one male and one female model emerged, exited, and reemerged into a white realm where the depth of field seemed infinite. Compositionally, the video was flawless, and unlike at a runway show, Taralis drifted through the venue, witnessing people's reactions in real time. There was just one minor issue: It was impossible to make out any details of the collection. Fabric, form, and how these two essential elements fit together were all lost within the film's ambient space. And so, we arranged a showroom visit, whereby the designer presented the pieces close-up and drew attention to all the concepts and workmanship that made this one of his strongest collections yet. Taralis, who was influenced by the artist Gordon Matta-Clark this season, explained that he pursued a purer, more sophisticated direction for Spring. The women's pieces were largely borrowed from menswear quite literally, in some cases, where the designer styled a shirt as a dress or repurposed portions of a boxy jacket into one more tailored to the feminine form. The crux of the collection consisted of a tiered system whereby a fine-gauge polyamide underpinning might extend past the blouse, with the streamlined silhouette funneling out into generous trousers. Only in close-up certainly not in the video could the subtle gold stitching and unfinished edges be fully appreciated. The top layer of a double-fabric skirt looked like it was punctured in braille. Taralis will have no difficulty convincing buyers to order his stilettos secured with a thick leather ankle bracelet. Back at the video presentation, Taralis noted how so much of our world today has become ""dematerialized"" and said he was determined to find another, nonlinear way of reading a collection. But clothing is material, and this collection was best seen and touched up close."
5740,"Lindsey Wixson walked twice in the Paul & Joe show today. First, she appeared in an oversize white sweatshirt emblazoned in patchwork that spelled ""Paul"" on the front and ""Joe"" on the back. Nearly a dozen runway exits later, she returned in a belted black plunging-neckline dress that hovered above the floor. One girl, two remarkably different looks. But Sophie Albou-Mechaly will tell you that they represent an identical ""no-stress elegance."" The collection was titled A Summer in Paris, which is telling to the extent that those who don't participate in the massive August exodus enjoy the city at its most relaxed. In addition to rehashing the label's foundation pieces boy's shirt, T-shirt blouse, chambray anything Albou-Mechaly established leisure-class allure with airy embroidered silk maxi dresses and coats that were treated like dressing gowns. The designer typically has a weakness for presenting seemingly incongruous prints. This time she gathered together Liberty florals, tie motifs, deck-chair stripes, micro checks, and photoprint flowers, and they managed to interact sans conflict. Most notably, she moved away from a trend-based agenda well, minus the branded sweatshirt. The attitude was in the styling (those coats appeared over swimsuits, and bandannas doubled as belts). You'd think on the penultimate day of Paris fashion week that the models would look exhausted. Even if Albou-Mechaly encouraged them to put on their best happy face, it is a testament to the ease of this collection that they seemed so content. There was a genuine spring in their step."
5741,"Saloni Lodha launched her business in 2008 with a few wrap dresses in pretty prints, mostly worn by buddies like Charlotte Dellal and Poppy Delevingne the cool-girl club where Lodha herself is a card-carrying member. But in the past few years, her collection has gone through a growth spurt. There is a more cohesive, grown-up message in her Spring collection perhaps a result of her own life growth. Marriage and a new baby seem to have centered her, all for the better.  Her starting point this season was Betty , Gerhard Richter's photorealistic painting of his daughter. Lodha focused on the poppy-print coat worn by the little girl and Richter's signature blurry brushstrokes. It was most obvious in a three-quarter-sleeve dress in colors Saloni described as ""brocade chili and palace blue."" An aurora borealis print appeared on her popular Apsara dress, affectionately nicknamed ""the bum dress,"" she explained, ""because I have been told it makes every woman's butt look amazing. Both Helena Christensen and SamCam have worn them, not that they need any help in the bum department.""  Lodha's silhouettes have advanced beyond the wrap styles she's known for. There was a cleverly draped short black number as well as a sharp black jumpsuit that felt new for her. Restraint was the order of the day here, especially in her use of beading. She could have gone nuts with embellishments being Indian, after all, that is a birthright. The standout piece was the Victoria dress, a blue and white embroidered frock with a beautiful bodice detail, just the thing for a summer wedding. But where the collection really matured was fabric. Lodha has worked extensively with a Japanese mill in an effort to keep her prices reasonable a point she is passionate about. Her sumptuous rayon and viscose pieces feel no different in quality to her hammered silks and quilted and embossed jacquards."
5742,"No sophomore slump for Andreas Melbostad at Diesel Black Gold today. The energy level was high inside Grand Central's Vanderbilt Hall, and the clothes had a cool factor that's registering. Back in February, Melbostad established a structured, body-con look. Denim and leather remain the building blocks of the label; that's not changing. But for Spring, the jeans have a more generous fit (slouchy at the hips, with deep rolled cuffs at the ankle and strategic fraying here and there), and Melbostad cut his leather motorcycle jackets in icy blue and baby pink. Nice developments, both. Melbostad liked the notion of a ""courageous fragility,"" and he played the brand codes against more delicate pieces, like cotton eyelet dresses with handkerchief hems and camisoles cut from gauzy silk in grayed-out pastels. Picking up where Fall left off, he put grommets on the hems of miniskirts and the sleeves of a leather jacket, and, taking that look a step forward, he decorated fun little dresses with shiny mirrored disks in geometric patterns. These gave off just a whiff of a bohemian vibe, but not enough to scare away the tough-chic Black Gold customer."
5743,"I was thinking of the 1940s. And then I went to Mexico for a wedding, and everything changed, said Tia Cibani , who, with her Spring collection, aimed to blend the two ideas the silhouettes of the 1940s, the colors of Tulum into a cohesive offering. She succeeded, for the most part, evoking the spirit of Frida Kahlo along the way. A simple sheath was made modern with a pixelated Aztec print, and a dotted jacquard jacket and matching pencil skirt were given a retro touch with a portrait collar and pleated peplum. That dotted jacquard popped up again and again throughout the collection on a formfitting patchwork dress it added an almost preppy element. But the real story here was color: Mint, pink, fuschia, gold, and azure blue mixed so well together in different prints and patterns. It was nice to see shades for Spring that aren't so saccharine. Where Cibani could have held back was in layering. One look, a pair of pedal pushers worn under a pencil skirt and topped off with a flouncy blouse and a flouncier cropped jacket looked bulky, even on a model. Separately, each piece was admirable: Given that Cibani's customers will buy individual items rather than whole looks, that's not such a bad thing."
5744,"For Spring, Maria Cornejo had ideas about the desert, uniforms, and earthiness. ""But not granola earthy,"" she said. No risk of that. Cornejo and her fans, who came out in colorful regalia today, are city girls through and through. The first coat out struck a sculptural note. Its spongy bonded cotton jersey in the color of sand almost stood at attention, like urban armor. A peek underneath, however, revealed a jumpsuit (long a Cornejo signature) that was draped and easy. The show's strength was its diversity. A quick survey of the room revealed iPhone picture prints from previous seasons beacons of brightness in the front rows. And there were more on the runway today, this time from a mirror exhibition at the Palais de Tokyo in Paris. Manipulated on the computer, the images were fairly kaleidoscopic, if perhaps a shade predictable. Elsewhere, a boxy V-neck shirt and tapered trousers were decorated with a block print inspired by the texture and shape of a city pier. These felt newer for Cornejo (they're a big trend on other runways, as well), and so did the Egyptian stripe cotton that she used for a great-looking tunic, along with a fitted top worn with sarouel pants. Cornejo was keen to use natural fabrics this season. For evening, she went with coated linen, and the strapless short-in-front, long-in-back dresses exuded unstudied cool. Also fresh were the plissé knit strapless tops suspended from grosgrain ribbons that she teamed with nearly sheer pj pants."
5745,"The first thing you noticed was the new proportion. Narciso Rodriguez brought hems up to the mid-thigh, sometimes higher, at his terrific show tonight with something he's dubbed the ""half-skirt."" A hybrid, its front panel wraps only partway around, revealing the neat (and, let's call them what they are, modesty-protecting) shorts underneath. Problem solving isn't sexy, but it's a key to Rodriguez's success; he never forgets to balance desire with practicality. There was more going on here, though, than minis. While the overall silhouette was quite flat and simple, one by one the pieces were put together in complicated ways. A sleeveless shift was stitched from geometric slices of pastel brocades, and a white slipdress was composed from panels of sheer silk and opaque crepe. The crucial point is: Nothing looked overworked; on the contrary, there was a real sensuality. Perhaps the clothes that best conveyed that were the three slipdresses at the end. From a distance they read like a print, or maybe like the dévorés that came before them, but as the model breezed by you saw that the designs were actually bonded to the silk. Rodriguez called it ""a new kind of lace,"" and the frocks were fairly sublime. Tailoring has been a big part of the story at Rodriguez's last two collections. It wasn't the main event here, but it was nonetheless inventive. A collarless white wool jacket with a deep black inset at the hem was sharp and graphic just about perfect."
5746,"A group of guys in suits clogged the entranceway to Shane Gabier and Chris Peters' Creatures of the Wind show today. It was an unusual set of fans for the Chicago duo, who've retained their indie cred despite several seasons in the spotlight and a $100,000 Fashion Fund prize. Possibly those suits could be chalked up to a recent investment in the brand by L.A.'s Dock Group. But if they appeared to signal a more buttoned-up, restrained mood, it didn't materialize on the runway, where the designers delivered on their quirky, offbeat reputation. Gabier and Peters dubbed the collection Hail Hyperborea, a paradise, according to Greek mythology, where the sun shone 24 hours a day and everyone lived forever. The patchworking and color-blocking they've been working on for at least a year now were a central focus here, but rendered in brighter colors (cranberry and blush pink looked pretty together), and the results felt cheerier than usual. The intimate photographs that outsider artist Eugene von Bruenchenhein took of his wife, Marie, (which made a splash this summer at the Venice Biennale) were another inspiration point, and they seem to have informed the collection's retro, 1940s, western silhouettes. A few of those pieces the boxy jackets with full, elbow-length sleeves and a color-blocked waitress dress come to mind seemed frozen in time. But sporty touches like basketball shorts and high-tech developments including metal knit sweaters gave the whole show a modern feel. Separates were a big part of the story: silk lamé camp shirts, tuxedo trousers, embroidered circle skirts, and pencils. It was a dress, though, that really showed off Gabier and Peters' know-how. Paneled together from black technical double mesh and pink paper nylon, it was a minor feat of engineering. Best of all was the finale, a full, three-quarter-length wrap dress cinched with a bustier, dripping in ""destroyed flower embroidery."" Positively hyperborean."
5747,"There's no black at all, Misha Nonoo said of the hues in her latest collection. ""The palette is very colorful."" Colorful and sunny, like Nonoo's mood: The designer was feeling optimistic enough to stage her first runway show ("" Lots of moving parts,"" she confided the day before) and energized about a collection influenced as much by the artist Gerhard Richter as by his works. ""He's this great master who's so comfortable with himself and had the initiative to have fun with his craft,"" she said. ""It really inspired me in terms of this season's woman."" The mood was certainly light, and the clothes were ready for runway exposure. Taking a cue from Richter's squeegee paintings, Nonoo played with the idea of leaving things half done, like pleating one side of a jacket or printing part of a pant and letting the rest just be. They were subtle tweaks you might have missed if you didn't know where to look, but they succeeded in striking a playful note. Nonoo thinks of Savile Row values as being at the core of her brand, and while she played with softening up tailored staples, the real heartbeat here was in the mix of materials and textures. A lavender silk crepe blazer worn with a glossy lamé tee and a pair of printed crepe de chine pants was winningly bedroom-boardroom: pj bottoms, last night's shirt, a chic blazer just add heels and you're out the door! That relaxed attitude prevailed throughout, and the prints a mix of florals and painterly abstractions were a highlight. It's hard to find anything wrong with clothes this cheerful, and the few misses, like a pale green silk crepe dress that hung awkwardly on the model's frame and looked half done in an unfinished way, were absorbed in the sweetness of the whole."
5748,"On some deep conceptual level, an Issey Miyake collection remains utterly impenetrable. Whatever the current level of engagement from Issey himself, his acolytes have perpetuated his hybrid of philosophy and fashion to great effect. We read the rationale, then we watch the clothes go by. At which point it barely even matters how the whiz-bang fabric technology produced this or that effect, because the clothes themselves speak utterly winning volumes.  Today, for instance, the theme was light starlight, moonlight, sunlight so the show opened with perforated leathers, like stars poking through heaven. It was an effect so delicate that it scarcely interfered with the strong silhouettes. Stronger, in fact, than the usual Miyake sinuousness. But there was an overall sporty, street-y substance to the collection. The shoes had an eerie here-I-am flicker that would alert drivers at night. And the daylight section featured unmissably intense gradations of color, from dawn to dusk. Is there any other label that would be attuned to such subtleties? Ei Wada, who has contributed to Issey soundtracks in the past, today provided the music as Braun Tube Jazz Band. He essentially turned an army of monitors into theremins, sensitive to his touch. It was so mind-boggling, visually and aurally, that one was happy to take refuge in the (relatively) uncomplicated nature of the clothing."
5749,"If Edie Campbell didn't already exist, Hedi Slimane would surely have redirected some Kering fundage to make her in a lab somewhere. With her sullen, knowing pout and dyed black mullet, the British model embodied every last scintilla of Slimane's obsessive reconceptualization of Girls Today when she opened this evening's Saint Laurent show. And for those selfsame girls in the audience, the designer opened yet more doors to a past that unraveled when they were mere gleams in God's eye. There is simply no underestimating the power of Things We Missed Out On. The Japanese are absolute masters mistresses? at turning back the clock. Maybe that's why Slimane's collection felt like an impeccably detailed capsule of the Japanese rocker chick's wardrobe: the Debbie Harry bit, the Chelsea girl, the idiosyncratic punky eleganza. And now that the initial ouch of controversy surrounding his approach to the house has faded, it's easier to see the YSL in Saint Laurent: the lip print, say, or the fabulous trench or the army jacket or the one-shouldered evening extravaganza. Fact is, Hedi's Saint Laurent now has a life in the stores, and that life is so much more generous than what he parades on his catwalk. Which takes us back to the show as manifesto: The artist that Slimane selected as tonight's tentpole was Guy de Cointet. French, L.A.-based (sounds familiar), making work that was ""lifelike and contrived"" (we'll let that one lie), Cointet was little known but an influence on some major L.A. artists who followed. The music was a new remix of millennial L.A. band Liars. Slimane was responsible for the staging (breathtaking, with its mechanized light installation) and styling (more of a love-it-or-hate-it proposition, with its fried hair). There is no longer any shock of the whatever in what he is offering, but his compulsion to share his obsessions is irresistible. And there is some kind of weird charity in the way he lets you step back from the catwalk march-past and relish the context in which he presents his challenge to you. At this point, it seems inescapable that it's coming from A Place of Love."
5750,"After a few seasons presenting her capsule collections of ready-to-wear by appointment, Wendy Nichol staged her first-ever fashion show today. And she didn't pull any punches: Nichol has always had a taste for the occult, and this time out, she fully engaged it, mashing up Victorian Gothic silhouettes and a new-age, Wiccan vibe for a collection loosely themed around the signs of the zodiac. The look was very, very specific though it ought to be noted that, styled differently, many of Nichol's simpler pieces, like her bustier underpinnings, leather vests, or bias-cut slipdresses could translate into many women's wardrobes. That wasn't the point, though. The woman who is looking for items such as a fitted, ribboned silk jacket with a blouse sewn into it, vintage-style, or a floor-length tulle skirt with just the suggestion of a bustle, is going to be over the moon that Nichol is producing them. Even skeptics ought to take a second look at Nichol's work: Her construction is simply extraordinary. The details she finessed for the looks in this show are virtually uncountable, and Nichol didn't stint on material, either. It's very much to her credit that the result only looks like magic."
5751,"Yeohlee Teng staged her moving Spring show at the Jones Wood Gardens, a leafy enclave located in the backyard of a nineteenth-century town house on the Upper East Side, which effectively transported guests away from the chaos of New York fashion week. The urban oasis also served as the jumping-off point for the latest Yeohlee lineup, filled with pretty, natural colors like powder pink, pewter gray, and verdant green. As usual, Teng focused on creating thoughtful, sustainable clothes (produced from start to finish in the Garment District) by implementing patternmaking techniques that minimize environmental waste. Easy silk georgette rompers and body-skimming shifts with beautifully draped backs featuring a geometric plant-cell-inspired print had organic appeal, as did a breezy shibori-dyed chemise. Teng mixed in those softer pieces with more structured ones, including a paperweight raincoat (similar to a recent Resort style), crisp rectangular tops gathered in front with a sash, and a crinkled metallic cotton tunic-and-shorts set hand-embroidered with gray ribbon that created a broken vector motif. A trio of minidresses at the end were definite standouts. They were completely unadorned, which highlighted their engineered stitching. ""I treat seaming as a decorative detail,"" Teng explained afterward. Overall, her calm, considerate approach to design and the serene show setting made these minimal clothes meaningful."
5752,"Thinking smaller, boiling things down. Those were Thakoon Panichgul's talking points before his show today. What his Spring collection lacked in a cohesive overall message, it made up for in thoughtful touches. The best of the lot has got to be the long pearl chains on his cross-body bags, made in collaboration with the Japanese jewelry company Tasaki, with whom Panichgul has a long-running partnership. As they say, these weren't your grandmother's pearls. Jewels were a recurring motif connecting the front and back panels of a satin top, decorating the shoulder hole of a sleeveless coat, lining the split seam of a cotton poplin blouse. Some of the ideas worked better than others, and it was easiest to imagine a black satin cocktail dress, with crystal chain embroidery that extended into a necklace, landing in stores. Panichgul has made special little dresses his signature over the years, but this season it was his pants, slouchy at the hips and full through the legs, that stood out. Trousers for evening aren't a new concept, but they looked great here in navy paired with a lacy black cami and in platinum teamed up with a sleeveless ivory shell. Overall, there were no needle-moving ideas here, but piece by piece, there were plenty of charming details."
5753,"Spring '14 marks Swedish designer Carin Rodebjer's third season showing in New York she moved here from Stockholm a year and a half ago, in part because she craved a more diverse aesthetic experience. The collection she presented on the leafy terrace of the Maritime Hotel today still embraced some Scandinavian signatures clean, simple lines, and a more or less subdued palette of black, cream, and dusty rose, with pops of citrus and indigo. But it looks like the Big Apple has made an impression on the designer, as her Spring girl felt more cosmopolitan than she has in seasons past. With that in mind, it's ironic that the collection was based around the idea of calm a notion that grew out of a trip to Mexico last winter (one could see glimmers of the Gulf in iridescent, double-sided sequins that shimmered across a mid-length skirt, and down panels of boxy tops, jackets, and sheaths). Rodebjer 's second point of reference was Eileen Gray an architect and modernist pioneer who inspired Spring's essence, and its prints. ""We made the prints ourselves, and wanted to combine nature and graphic elements,"" explained Rodebjer backstage. The first pieces she designed, however, were some basic rubber-soled sandals, born out of a desire to create ""comfortable, free movement."" A series of metallic shoes with high wooden heels also seemed to make for manageable walking and they looked slick with Rodebjer's quilted leather clutches, which were accented with patches of print. The concept of comfort spilled over into the silhouettes too. There were kimono shapes, fluttering floor-length blouses, pajama-style ensembles in black and white stripes or blue paisley prints, and easy, short-sleeve dresses that offered room to breathe. Even the comparatively complex looks like linen-backed skirts and frocks with waves of laser-cut chiffon had an air of effortlessness. (In fact, they were anything but easy to produce: ""It's very complicated and super-expensive. I tend to pick those impossible fabrics,"" laughed the designer.) No doubt Rodebjer's new wares will catch the eye of city girls, who could wear them to brunch on Bleecker Street, or while unwinding in some beachy paradise."
5754,"Patchwork was the name of the game for Gilles Mendel this season. That was true in a micro sense and in a macro one: Not only did Mendel work a mix into his typically polished clothes, he also applied the ""little of this, little of that"" MO to the collection as a whole. The patchwork effect scored in the looks that featured it, but the collection overall never really cohered. The show started strong, with a series of outfits in white and sherbet tones that featured various kinds of lace. The gowns in that group had real panache sexy fitted fishtail numbers that nonetheless expressed a sense of gamine sweetness rather unusual for J. Mendel . Then there was a lick of sportiness, and then a hit of that J. Mendel-trademark slick, uptown, razor-sharp glam, and then a group of dense, arcadian jacquards, and then a graphic group in mean yellow, black, and white.? And then more stuff more colors, more varieties of proportions and silhouettes, more attitudes, more everything. (This being a J. Mendel show there was fur in there, of course.) Mendel is usually a very focused designer, but this time out it felt like he was grab-bagging, hoping a message would emerge that was more than the sum of this collection's many parts."
5755,"At the Marc by Marc Jacobs show today, there were girls whose lank tresses were snared at the throat by knotted scarves. The boys' scarves, on the other hand, trailed neatly ironed from their back pockets. They wore guitar picks around their necks; the girls had signet rings. There was a huge emphasis on shine: Lurex, satin, sequined stars, and metallic trainers worn with everything. And there was an attractive used quality to it all: a washed satin top and shorts, a suit with the languor of pajamas, a coat in crinkly metallic leather, a silver leather bomber jacket. As usual, the styling of Jacobs and his team evinced a peerless instinct for look-at-me-I'm-different teen appeal, while at the same time acknowledging that the tribal need to belong means genuine individuality is a fashion fiction. Boys and girls sported the same suits, the same shoes. Points of difference like the long sequined tank dress worn by Julia Nobis or the MJ letterman jacket only confirmed the psychological acuity of the offering. You could almost wish that it was the early eighties, that New Wave was still cresting, and that Martha Coolidge was looking for clothes for her first movie."
5756,"You probably wouldn't have guessed that designer Jonathan Riss based this season's flouncy webbed skirts and micro net gilets on the monolithic CCTV tower in Beijing and Oscar Niemeyer's mid-century futurism throughout Brazil. To each their own architectural interpretation. Anyway, what really matters is that the collection was cohesive mostly and cool (in effect and in terms of ventilation). Riss didn't stray too far from what has become the Jay Ahr comfort zone; he kept to a strict no-color scheme, establishing tonality by layering sheer sweatshirts over sharply cut opaque athletic bras. Previously, Riss achieved volume with plush plumage; for Spring, he shifted up a gear and developed sculpted ruffles from double-sided fused mesh. Bonus points for breathability. The technical, textural focus extended to the swirling pattern of matte studs; they were the work of a Beijing designer who ordinarily makes portable flexible keyboards. But Riss explained that the collection also required a ""humanizing"" element for counterbalance; presumably he was referring to the flashes of side rib. There was one incongruous element, too, in two of the evening skirts where Riss wrapped pleated fabric around the hips and let it swing softly between the legs. Perhaps they just weren't architectural enough."
5757,"Before her show today, Barbara Bui defended denim as a ""noble"" material. Its usual destiny as a sturdy fabric need not preclude it from being made over into a more delicate, decadent, or decorated state of being. (Some trivia: The etymology of denim is actually French, as in de N""mes  from N""mes). In the role of fairy godmother, Bui transformed it by shearing, fraying, sculpting, embroidering, and adding appliqué and monochromatic beading for textural dimension. She also paid homage to denim with blousons in faded blue leather and python. Bui's bandeau underpinnings and bloomer/sport-short hybrids skewed young, although the designer said she'd have no qualms wearing the latter. Bui was smart, though, to hedge her bets with jackets. The least classic came cropped and boxy; oversized and sans sleeves; rounded and paneled in leather; or long, pleated, and worn as a shoulder cape. The designer established early on in her career that she knows how to cut a pant here, she shifted her skills upward and succeeded. In the last quarter, Bui showed two rubber toppers printed with a red engraved flora print, followed by a poppy-red organza suit that dictated a looser fit and benefited from a higher waist. The digression felt odd, if only because it was so short lived. The footwear, meanwhile, stayed entirely fixed on oxfords vented to resemble sandals, or laceless white versions tipped in metal bits to catch the light. By eschewing heels, Bui altered the spirit of her line more radically than with her focus on the humble blue jean. Her signature stilettos may yet appear by the time the collection hits stores, but on the runway, at least, these steps pushed her brand forward."
5758,"This past year has been a big one for Collette Dinnigan , what with a new baby; her first book, Obsessive Creative (published at the end of October); and a bridal business that's booming. And it got the designer thinking about where she is now and how far she's traveled in her twenty-odd years in the business. ""This collection is very much about emotional contrasts, but at the same time I wanted to reach back to where I started,"" Dinnigan explained backstage before her Spring show. ""It's a mix of color with a surprising twist."" With that in mind, she named her collection for the Joni Mitchell song ""Both Sides Now."" True to her lingerie roots, Dinnigan's first looks out were cotton broderie anglaise, in a wispy dress or a simple, lacy T-shirt worn over eyelet shorts. Cocktail hour came up fast, though, bringing with it a splay of flowers: Diamant_ ones spilled over the bodice of a wispy ivory dress or cropped up in a geometric pattern on a couple of short, silky numbers with black shoulder ties. Dinnigan showed six looks based on Woolmark's Cool Wool, which she custom dyed in vibrant harlequin blue for a dress with cherry-red floral appliqués or worked into daisy appliqués to bring texture to a red and beige calf-length dress. Of one look in draped beige wool with Swarovski beading and a plunging neckline, the designer commented: ""This woman has the confidence to let her scarlet bra show."" And while Dinnigan's finale of breezy maxi dresses would be right at home, in any color, at a wedding, they just might catch on for daytime, too."
5759,"It can't be easy finding different ways to manipulate and maintain interest in bows season after season. Yet Serge Cajfinger always manages to give the Paule Ka signature a new twist. For Spring, he made bows out of his short shirt sleeves by splitting the poplin and extending both sides just enough so they could be tied. It was a cute and clever maneuver that brought the eye down the arm in the same way an epaulet signals attention to the shoulder. Often, these bow sleeves took pride of place on cropped blouses yes, Paule Ka has arrived fashionably late to that trend. At least they looked freshly styled over body-con dresses. The other big bow news took place as a trompe l'oeil on the bodice of a cocktail dress; its two sides had been dislodged so that it barely resembled a bow at all. It's just too bad the hazy color-blocked print inspired by the ceramics of Vallauris made this difficult to appreciate. That print appeared on several other occasions joined by a black and white graphic pattern and an abstracted exotic flower photoprint. Any two were a couple; all three were a crowd. Elsewhere, the collection consisted of roomy spring coats the standout in sandy raffia with piqué paneled lapels and belted shirtdresses that had more personality than conventionally sexy cutout styles. Sunglasses with wooden arms and wicker paneling on the Cabas Ka bag seemed too forced and unbending to qualify as material innovation. Still, this was a solid showing all around."
5760,"The chairs at Chitose Abe's Sacai show are arranged not in rows, but in circles, and she has the models do figure eights up the runway. This season that was more vital than usual. Abe has infused her clothes, which have always had a 360-degree appeal (from the front they look like one thing, from the back another), with new couture volumes for Spring. She opened with a sack-back dress, its excess fabric reined in by a ribbed sweatshirt band. To follow, there was a skirt-and-top look, the latter of which jutted out from the upper back so exuberantly, it was as if the model was keeping a knapsack under there. Nothing stuffy about either piece, though, despite the old-world connotations of haute couture. That has to do with the modern way Abe constructed the collection's sack-back silhouettes, cocoon coats, and trapeze dresses out of sporty fabrics. The unexpected mix is the essence of Abe's aesthetic; what we saw here was trademark Sacai, only supercharged. Previously she's preferred tonal shades, but today she turned up the brights: sky blue, emerald green, highlighter pink, and an electric coral that looked good with neon orange. The floral print that she used for a trompe l'oeil dress and gown (they looked like duchesse satin sweatshirt and chiffon skirt combos) was another surprise. But where Abe got really creative was with the show's menswear materials. True, they're more of a common sight at Sacai, but not the way the designer treated them this season. A Prince of Wales check that she bonded and laser-cut to resemble athletic mesh appeared as the sleeves of a baseball-jersey sweater that looked as if it was layered over a suit jacket and skirt in that check. It was a mash-up of a mash-up of a mash-up. But let's not overthink things: What it was was one hell of a clever dress, in one hell of a clever collection."
5761,"In his sunny, downtown showroom on Wednesday morning, Zac Posen was equal parts businessman and designer. ""This dress has bias at the price point,"" he said, showing off the curves on a wispy, yellow frock. And then, with a touch of pride, ""everything is made in America."" A focus on price is Posen's starting point with his secondary line, where, he said, fabrication steers the agenda. This season he created prints based on his collection of Asian textiles and focused on classic American codes like swim and sportswear. The result was a little bit of something for everyone: Posen's trademark siren seams in stretch tangerine for the vamp; gauzy, flutter-sleeved dresses in chaste floral prints for the girly girl; and pajama separates that could pass as a suit for a louche, lucky someone.It didn't all hang together a shot of python here, a gold lamé cocktail dress there but that likely won't matter at retail. As long as Posen is preoccupied with, as he put it, ""lines that look good on the body,"" women will respond. To make the most out of Posen's ergonomic construction, skip the busy, long-ish skirts weighed down by ruffles and head for something simpler. The long dresses for day were straightforward and pretty, and a V-neck tank dress in printed leather was perfectly sexy without any extra embellishments."
5762,"Earlier this year, punk suddenly became the new black, making Gwen Stefani's rebellious personal style relevant (not to mention commercially viable) all over again. That's good news for her L.A.M.B. line, which aims to capture the singer's inimitable fashion sense and attitude or ""Gwenitude,"" as her design team calls it. The jumping-off point for the contemporary label's Spring collection was a vintage military jumpsuit Stefani happened across at a flea market, which had amazing pocket details and zips everywhere. ""It was incredible,"" she said via e-mail. ""I love finding that one thing that gets me excited when starting a new season."" Surely enough, a utilitarian all-in-one done in soft chambray was one of the highlights here, and its relaxed silhouette was echoed throughout on silk drop-crotch trousers and cargo track pants toughened up with hardware accents. Elsewhere, a series of safety orange pieces including a cool biker jacket and architectural shorts cut from a spongy double crepe added a zesty pop of color. Overall, though, this was a subdued lineup, and Stefani admitted it was a bit of a departure. ""It's a quieter collection than in the past somewhat streamlined."" An on-trend sheer maxi dress featuring a grunge floral print tapped into her new softer side."
5763,"Alexander Wang was a teenager the first time logo mania came around in the nineties. ""That was the height of me in high school, reading and obsessing over [magazines] and being a fashion geek,"" he said before his show today. Branding would seem to be top of mind for the designer, who is not yet 30 and heading up not only his own company, but also Balenciaga. But, he explained, the real reason for the logos on his Spring clothes was the nostalgia he feels for a time when ""fashion was really fun, when there was wit and humor, and it wasn't so serious."" Now, Wang is on a first-name basis with fun, so when he thinks it's gone missing, fashion is in trouble. And he definitely scores points for his bravado in trying to resurrect it today. Translating the bold block letters of his logo into guipure lace, jacquards, and stamped leather was a cocky move, to be sure one that could likely divide people. Genius or gimmick? We're going with the former. It's not hard to imagine the black leather trench laser-cut with a repeating ALEXANDER WANG pattern on the back turning into a thing. But it was the more subtle interpretations of the idea like the menswear checks, big and small, that made you do double takes that were the real winners here. The designers doing logos back in the day weren't half as clever. And with the VFiles of the world and other street-wear brands making bank by tweaking designer branding, it's delightfully meta to see Wang doing it for himself on the runway. Counterbalancing the in-your-face aspect of the logos and the Explicit Content tees (another nineties callback, thank you, Tipper Gore) was soft men's cotton shirting. But button-downs un buttoned up-to-there over boxers were no less cheeky. Also, if you thought the midriff was a once-and-done thing, think again. Now that he's got the Balenciaga thing going in Paris, this collection felt like a move on Wang's part to reconnect with the street. It's been an animating force for the designer since the beginning, and it didn't let him down this season."
5764,"Louise Goldin 's collections have been gaining in focus since she relaunched her label a year ago. This season was her strongest yet: Goldin deployed her signature technical knits to tell a very coherent story, one inspired by, as she put it, ""summers with [her] husband."" In practice, that meant a mash-up of ideas inspired by festivals such as Coachella (Goldin's husband works in the music industry) and others taken from tennis. The latter influence was apparent in an array of crisp white looks that referenced tennis-kit vintage and modern, and graphic knits conjuring the web of tennis racket faces and green grid courts. All of this was cheerfully accessible, with the piped knits and cotton shirting making for particular standouts. But the most intriguing looks on the catwalk today may have been the musically inspired ones. Among these, Goldin brought a particularly keen sense of invention to a couple of abstractly patterned knit dresses based on pixelated photographs from Coachella. The knit itself was layered palimpsest-style, so that parts of the pattern below broke through the pattern on top, and the dresses themselves wrapped sinuously around the body in a seemingly unbroken stitch. That kind of innovation is a Goldin trademark, of course, but this season, working off intimate references, she at last seemed to be innovating in order to express something direct and heartfelt, rather than making the process the main point. Craft is good; love is better."
5765,"Two designers have come and gone at Paco Rabanne in the space of two years. Avoiding the retro-futuristic minefield proved no easy task for Manish Arora and Lydia Maurer. Now the job belongs to Julien Dossena: His name is not yet familiar, but he won't remain unknown for long. Dossena launched his own label, Atto, with design partner Lion Blau earlier this year, and the clothes, which had a bit of a mod sixties feel, were scooped up by influential stores. Today, Dossena demonstrated an understanding of the Rabanne codes name-checking Franoise Hardy and Jane Birkin, using chain mail and Rabanne's signature "" moul_ Giffo"" molded plastic but he has a light touch. Take that chain mail, for instance. The potential for cliché is pretty high, but Dossena made it look modern by layering sporty unzipped tank dresses on top. It's a bit tougher to make the shiny molded plastic feel new and not retro-stiff, but Dossena did his best by cutting the dresses super-short and sending them down the runway on pointy cowboy flats. Dossena worked at Balenciaga under Nicolas Ghesquière, and from him, perhaps, he learned that it takes more to rebrand a heritage company than updating the archives. It requires new propositions. The sporty dresses at the end of the show were a cool reinterpretation of the seen-it-everywhere bomber jacket. Pink overalls, meanwhile, weren't anything like vintage Rabanne, but they did look like what girls want to wear now. That counts for a lot."
5766,"When you RSVP to Betsey Johnson , you're expecting theatrics. Last season, for instance, the designer asked her runway models to do an aerobics routine incorporating Champagne bottles. For Spring, Johnson focused a little less on the extravaganza and more on the fashion.  It's as serious as I can get,? she said backstage before the show.  It's all about the clothes, which is very rare for me. When Johnson focuses on the actual garment, she tends to go with her greatest hits. She sketched out the collection of jumpsuits, bodysuits, and prom dresses in just one weekend, creating a wardrobe for any eighties-obsessed teenage girl along the way. ( Are there eighties-obsessed teenage girls ) The soundtrack,  Pretty in Pink? by the Psychedelic Furs, was really the only song that would have worked with the models? cotton candy-colored curly wigs and silver lipstick it helped the clothes along, too.There was nothing surprising here, but that doesn't mean it wasn't fun. A black cotton bodysuit with a silver zipper up the front, a sparkly silver dress with a massive tulle skirt, and the calico series a pair of long shorts and a scoop-neck T-shirt dress in particular were everything a girl longing for Betsey Johnson twenty-five years ago could want. Will girls want it now? There's certainly a market. But as Johnson said, her real business is in licenses. Fashion shows are a time for her to have a time. And that she did, ending things with her signature cartwheel. And a split."
5767,"Madras. Tennis dresses. Sailor stripes and kelly green. The Official Preppy Handbook might seem like odd reference material for Tess Giberson , but that very unexpectedness may have been the point, as the designer took on the aesthetic codes and conventions of our nation's WASP elite this season. Giberson's collection had a lot of snap: For the most part, she didn't seem to be overthinking her clothes, and you didn't need to know the conceptual background of, say, a mint silk trouser jumpsuit to comprehend the garment's appeal. Ditto the clever cape-shaped trenchcoats and Giberson's insouciantly sexy slipdresses and organza button-downs. As usual, the designer also did well with her knits, in particular those that featured a kind of knit-in, oversize perforation, and finer versions in an abstracted check pattern. A few garments did come off a little mannered, like the dresses and skirts with arcing hems. But as a whole this was a strong outing for Giberson, one marked by her ample intelligence, but not showing it off."
5768,"Peter Som has really loosened up. That's been a work in progress for a few seasons now, but this was the show where you really felt like a threshold had been crossed, and that Som was no longer suppressing an instinct for fussiness, but rather had let go of the fussiness altogether. This wasn't a perfect collection, but it had a sense of genuine ease. In large part, that was a credit to Som's silhouettes, which erred toward the relaxed; even his pencil skirts seemed to have some give to them. The emphasis of the collection was on draped dresses and low-slung, wide-leg trousers, their fluidity a counterpoint to the hard, optical motifs at work in the fabrics. Elsewhere, Som went proper gritty, turning out pairs of tweed shorts with raw hems that looked like vintage suit trousers hacked up by skaters. His taut crop tops had a similarly rebellious quality, and you couldn't help wishing he'd pushed that attitude a touch harder, rather than leaning so much on the sculpted sweatshirt and T-shirt shapes that are starting to look a little un-fresh. Even so, this was an easy collection to like and, better yet, a collection full of pieces that Som fans will find easy to wear."
5769,"Back to the Tennis Club de Paris today to see what Phoebe Philo's Céline woman has been up to. And, according to the mood book on each brightly colored, blocky seat, she has been looking at graffiti not just any graffiti, but graffiti through the medium of Brassa«'s photographs, obviously. In the primal black and white images of street art found in the city of Paris there was a distinct clue to the mood of the collection. As the first vividly hued silhouettes emerged, the models walking at a brisk clip to the underlying beat of George Michael's ""Freedom,"" the feeling was bold, bold as Brassa«, if you will. But this wasn't to be a retread of a famous Versace moment. The overlocking song was that Soul II Soul staple ""Back to Life,"" put through something of the wringer, with all its lazy, hazy connotations of summer in the late eighties. And the collection, too, had the immediacy of that song and perhaps a bit of a debt to the band's former shop in Camden, where leather Africa pendants were sold in large quantities. The color palette had that late-eighties feel of something primary, urgent, graphic. Giant strokes and squiggles dominated in tailored T-shirt shapes over striped sunray pleats. At first, the Céline woman was like a Tony Viramontes illustration sprung to life. But what gave the clothes a real third dimension was the fabric experimentation; here, woven jacquards and knits dominated over prints and were beautifully done. The Céline woman became more intriguing, though, in her embrace of a certain ragga style in the elongated string vest looks, especially when these were layered with a yellow jumper tied around the waist just so. Then she was out of the dance hall and on. Like we said: brisk clip. Yet, the last eight looks were the best of the collection. They didn't feel as if they were in the sway of any history or reference point. Utilizing the large T-shirt silhouette, with a cutout in an abstract, metal-rimmed shape revealing the contrasting tunics layered underneath, then ending in a burst of cheesecloth skirt, these particular looks were outstanding. Perhaps the undercurrent of sensual perversity of the last two seasons has dissipated from the Céline woman this time. But it seems she will never be that uptight or controlled again; this show was free, easy, and fun. This mood might be familiar, having already been set in motion by Dior's Couture collection earlier this year (fashion's tribes are clearly in the ascendant this season), but it also felt like a collection sprung from real life, from real experiences with a teenage immediacy. Philo defined it as being about ""power to women. It was inspired by lots and lots of feelings. It felt like the right time to move on. I never really analyze; it is just what is there inside."" And perhaps that's the real power of the Céline woman now: She comes from the heart, not the head."
5770,"Is there a designer alive who hasn't, at one time or another, been influenced by Yves Saint Laurent? This season it was Rachel Zoe 's turn. The YSL Saharienne jacket that Veruschka immortalized way back in 1968 in the pages of French Vogue reappeared here in a couple of different ways accompanied by a white leather bomber jacket and cargo pants and on its own as a zebra-stripe caftan. The Sahariennes and one or two abstracted giraffe-print pieces put Zoe in the center of things; safari looks are trending on the New York runways this week. But take them out of the equation, and the collection started to feel like a little bit of this, a little bit of that. As Zoe put it backstage, ""I asked myself, What are the girls in my life wearing "" If they're all loving denim cutoffs and frayed and holey jeans, she might as well do her own versions. That said, the contemporary market is a competitive field. If she's in it for the long haul, she'll have to work on sharpening and refining her own unique point of view."
5771,"The road Belstaff travels is somewhat rockier for women than for men. The brand, in its recent revival, is dedicated to its racing heritage, which is an easy fit for menswear. But for the fairer sex at least the contingent that aren't Daughters of Anarchy the path is less clear. Martin Cooper, the label's creative director, has been applying himself to the challenge. ""Feminizing motor sports"" is how he described his mission for Spring.  He spared the runway this season, and the company's energies were focused instead on its London store opening, which matched the gargantuan flagship with an equally epic event: one that shut down New Bond Street for a motorcycle parade and the debut of David Beckham as the new campaign face. But the showroom turned out to be a fine place to see up close the way he's softening the Belstaff signatures for women. Iconic styles like the Roadmaster jacket were remade in floaty viscose, and dolled up with a peplum at the waist, or elongated into swingy summer coats. Leather, always a staple, was to be found here as well, but softened and perforated for warm-weather wear. One sweet shift was grommeted, for a motor sports touch with a light hand. That seems the right balance. There were pieces, like a tiered mesh flounce dress, that recalled Ala«a as much as any racer. Meanwhile, there are categories where moto really works, like denim, that Belstaff is continuing to capitalize upon. That should also continue to broaden its appeal though, for the unapologetic fan of ultra-luxe, there's the relief (if that's the word) of knowing the jackets come in a full python version, too."
5772,"Ralph Lauren is feeling mod for Spring. To start, he showed a sixties A-line shift in black with a contrasting white collar. Patent leather Mary Janes and knee socks gave the outfit a youthful zing that was unexpected from New York's elder statesman. Actually, almost half of the fifty or so looks that followed came in black and white: a three-piece pantsuit in tattersall check, a floral patent trenchcoat, a striped shirtdress accessorized with a flower tie, and sweater and miniskirt sets. Some of the models sported space-agey plastic goggle frames. ? Lauren never does things halfway, and he didn't get where he is today by following trends, but this time his enthusiasm didn't quite work in his favor. The sixties aren't really resonating on other New York runways this season, which made this collection feel out of step. There were a few of the designer's dependably elegant pantsuits, but the black-and-white looks became repetitive fast. When color did finally enter the picture, it was Crayola bright lime green, acid yellow, neon orange. Not easy hues to wear. On the upside, Karlie Kloss's cobalt-blue strapless gazar gown was gorgeous, and a strapless cape dress in red cady will certainly make an entrance."
5773,"It was an all-new Summer of Love for Jonathan Saunders today. Psychedelic sunsets shifted on screens at the end of the catwalk. Giant globes glowed like alien suns while trance music drowsily droned and opium poppies shimmered on organza. Skirts of tiered pleats, starburst floral prints, sheer Western shirts, and colored granny glasses made the models look like Manson girls minus the murderous instincts.  Saunders never met an altered state he didn't like, but all that lotus eating has yielded a distinctive fashion voice. Today marked exactly ten years since he showed his first collection. A decade ago, he was already a print master of repute for people like McQueen, so it was inevitably the prints that critics honed in on. They didn't much like the rest. Funny, that. Saunders' new collection was dazzling proof of how far he's come but also how close he still is to the boy who, broke in a room in Brixton, made clothes for his girlfriends. He claimed it was the energy and eccentricity of those same friends who inspired his latest looks.  Well, we should all be blessed with such besties, because the collection Saunders created around them was a perverse delight. Working on menswear has reshaped Saunders' approach to womenswear, starting with the color palette (he is such an accomplished colorist that he'll confidently walk a fine line between beautiful and ugly), following through to a slouchy tomboy quality in shorts, track pants, and the satin bomber jackets that were Saunders' own favorites. There was a seductive ease in the clothes, but there was also challenge. The designer's appetite for the lurid found expression in collages of fabric, pattern, and graphic print.  It's true that much of the show's impact lay in its styling and production. But that only made it truer that you could dissect the forty-two looks into dozens of infinitely desirable individual pieces. Retailers were already rubbing their hands together with glee. ""Breakthrough,"" crowed one."
5774,"Stay tuned for big things from Phoebe English . It's still early days for the London-based designer, who launched her label two years ago as a newly minted graduate of the master's program at Central Saint Martins. She has flown mostly under the radar since then, but this collection ought to change that. English has a distinctively subtle sense of lightness: Here, working mainly with tulle, she conjured a number of looks that, though gossamer-weight and semi-sheer, claimed force and expressiveness thanks to their sculptural shapes. There was the nude-toned skirt, for instance, draped off a dense elastic band and suspended in irregular gathers. Or the little black tulle pencil skirt, with a band of white pleated tulle inserted at an angle. The looks here were compellingly askew, and English's use of elastic gave them an aspect of real toughness. Her standout pieces, though, were the ones knotted out of a hosiery-like material; these were both versatile and aesthetically sui generis. There was lots to build on here."
5775,"If his audience was bemused by the distinctly un-Erdem-like collection he presented today, Mr. Moralioglu himself was way ahead of them. ""It's a departure,"" he declared before the show. ""Leaving certain things out felt like freedom."" So, with clean slates on his mind, Erdem looked to that ineffably English institution the public school for inspiration. But it wasn't so much posh rugger buggers storming around in a pubertal stew of hormones that he drew on to shape the nature of his new collection. Thank heavens for that small mercy. Rather, it was, as he put it, ""rebels and jocks and nerds and boys who put their mothers' couture dresses over their school shirts."" More Sebastian Flyte, in other words. Which explained at least one recurring theme in the show: the crisp cotton shirtdresses veiled in swaths of tulle. Cross-dressing teens don't immediately present themselves as an obvious wellspring for a designer who has dressed the wives of presidents and prime ministers. But Erdem has always been an intensely strange one. If the schoolboy (or girl-dressed-like-schoolboy) subtext insinuated itself in very subliminal suggestions of a sweatshirt, a rugby shirt (there were stripes), or gym kit, what came across much more strongly or perhaps ""ethereally"" is a more accurate descriptive was a deep, plangent melancholy, helped along by the cellist and pianist who played center stage. True, the teenage years are a time of irrational highs and lows, and the organza shell tops that Erdem covered with scrawled poems by Emily Dickinson and Walt Whitman certainly reflected that emotional roller coaster, but it was actually adult rituals like weddings and funerals that seemed more true to the monochrome mood of his presentation. In fact, front-row fan Alexa Chung said she felt like she'd seen clothes that offered the opportunity to dress as a bride and a widow in the same outfit. ""The two sides of my brain,"" Erdem responded when he heard that. But even before the androgynous girl/boy school inspiration struck him, he insisted, the blankness of the white toiles in his studio had gripped his imagination. ""Something ghosty,"" he said. ""The woman is a shadow."" And that is why, for all the obvious effort and the couture-worthy workmanship, this Erdem collection ultimately felt insubstantial, and overwhelmed by sadness."
5776,"If you've been paying attention to the headlines, you'll have noticed that France's big fashion conglomerates have been in major acquisition mode lately. The designers in whom they're investing are mostly out-of-towners, and mostly men. Their prerogative. But why hasn't one or the other of them snapped up Bouchra Jarrar ? Jarrar doesn't receive the editorial attention of a J.W. Anderson or a Christopher Kane, partly because she presents on the runway during the Couture shows and not ready-to-wear, and partly because she specializes in real-world chic. But her clothes are worth getting excited about really excited, if you're the kind of woman who can appreciate a perfectly cut trouser, a leather biker jacket that isn't trying too hard, or a draped, asymmetric dress in a patchwork of tonal silk and crepe. Jarrar's Spring ready-to-wear collection, which she presented in her atelier today, was a clever diffusion of her July Couture show: similar shapes, more attainable, everyday fabrics. The ivory bead-encrusted vest that nabbed so many raves was redone here sans embellishment, save for a zipper-trim martingale that gave it a dose of cool. The patchwork dresses lost their extravagant drape; in two different shift styles they looked more office-ready. And a black and white striped cotton sleeveless coat would make a versatile fashion investment. Jarrar has built a very nice business on her skills, but just imagine what she could do with a supportive, smart backer."
5777,"The lounge chair and ottoman designed by Charles and Ray Eames in the 1950s are just about as iconic as pieces of furniture can be. They've been an inspiration for generations of creative minds. There they sat, for instance, in Neil Barrett  s showroom today as a reminder of where his latest collection started out.  California Minimalism,? he called it, but just as the Eames chair has a luxurious edge to its functional form, Barrett's strong, pared-down sportswear was almost extravagant in its intense detailing. A sweatshirt cut from ponyskin doesn't immediately murmur  spring,? but Barrett aerated his with a million tiny perforations, cooling it down. Aeration also lightened the sweatshirt collages of leather, neoprene, and mesh, which he shaped in curving patterns based on the Eameses? ergonomic lines. There was lightness, too, in the feathers real and printed that were the collection's visual motif.  The sweatshirt, the skating skirt, the bicycle short: They were the collection's athletic building blocks. White, black, scarlet, gray marl: The color scheme was equally straightforward. The interest came from Barrett's attention to texture, the way that wood-grain-printed leather contoured the line of a jacket or the length of a leg, or bonded ribbing added spring to the flare of a skirt. Barrett used real wood in the striking accessories, screwing a substantial wooden heel into the base of a shoe, and molding the bottom of a bag in the same way that the Eameses? lounge chair was shaped by molded plywood."
5778,"Mark McNairy (a.k.a. McNasty) seems like a pretty tough dude. Backstage at his shows he's consistently reserved and straight-faced as he sparingly answers questions from beneath his broad-billed baseball cap. But judging by his latest outing which was a veritable runway riot he must have a freaking blast designing his collections. ""I guess I just want people to have fun,"" said the designer after presenting his Spring '14 range. It included everything from cheeky T-shirts (one was printed with an image of a saltine and read ""Original Cracker"" in blue) to lovely mismatched pop-colored wingtips, and shorts and overalls embroidered with little yellow rubber duckies. One male model wearing nothing but black leather buckle boots and boxer briefs (the waistband of which featured the phrase ""Tightie Whities"") definitely got a few laughs. And, considering the above-mentioned touches, sweet baby-blue seersucker bucket hats with daisy embellishments seemed a clever wink. But it wasn't just the clothes that made McNairy's Spring show such a hoot; his surprise guest stars also upped the energy. Greg Chapman the bearded designer of motorcycle wear label Schott NYC opened the show in a navy NYCO suit, and guzzled a beer at the end of the catwalk. Industry insider Nick Wooster received a few hoots and hollers from editors as he strutted in zebra-print shorts and a tailored cobalt blazer, and rapper Pusha-T completed the lineup, wearing a baseball cap that read, ""Be Nasty."""
5779,"Negotiating the transition from denim brand to ready-to-wear is tricky business, to say the least. J Brand is managing its evolution very well: The label's new ready-to-wear collection was filled with sophisticated, wearable, nicely finessed clothes. But this collection did suggest that the old two-steps-forward, one-step-back dance has been going on Chez J; as creative director Donald Oliver himself noted today, the emphasis here was on creating strong individual pieces that could pair back to the jeans. Hardly the statement of ready-to-wear intent we saw last season, but Oliver and his team fulfilled the new brief, turning out sharp-looking biker jackets and ever-so-slightly slouched trousers, not to mention some natty tailored looks, like a sheer-back blazer, and shirting with a T-shirt's casual mien. The items in a nautical stripe made a particular impact, while the bikers showed off once more Oliver's refined sense of detail. An indigo leather jacket, for instance, featured denim lapels, a concealed zip, and traditional biker jacket quilting on the back; none of this read as novelty for novelty's sake. You could imagine a woman liking that jacket for a long time. Meanwhile, the real emphasis today did seem to be on the jeans. There were new fits a slimmer boyfriend, for instance and a new material, developed from hosiery tech, that made for a yet more legginglike denim. And there was also a plethora of denim shorts, ranging from tap-pant tiny to hip-hop baggy. They'll fly at retail."
5780,"The balmy weather agreed with Creatures of Comfort designer Jade Lai's vision of an idyllic island paradise, re-created on the roof of the Maritime Hotel with dip-dyed indigo curtains and stacks of sand-smooth beach rocks. Lai had been thinking about that lucky set of sixties girls who spent their summers bopping from one international cabana to the next. For Spring, that translated into a very easy, very breezy collection of chambray separates and cool, relaxed basics. Not so much jet-set yacht-party gear, these were the sorts of uncluttered classics you crave when it's too hot or bothersome to think about getting really dressed. Lai relied on Japanese and Italian cottons to keep things crisp and on a neutral palette, and a few low-key prints to keep things versatile, like a scattering of white polka dots on a long, mustard yellow shirtdress worn over matching cropped pants. The polka dots were echoed later on a white strapless dress covered in touchable white cloud puffs; it tied under the bust the way you might jerry-rig a sarong so you could wear it out to dinner. A sole pair of gold shorts, short but roomy and shiny brought out the glam factor associated with island hopping. They stood out (they'd stand out anywhere) but were still of a piece with the collection's supremely relaxed vibe. The addition of handbags this season was a nice step forward; in rich leather and clean, structured shapes, they were a reminder that these clothes could have a good life in the city, too."
5781,"On a spontaneous trip to Morocco over the summer, Electric Feathers ' Leana Zuniga found herself short on easy clothes that travel well, so she addressed that predicament by filling her new Spring lineup with pieces ideal for rolling up and tossing in a suitcase. Keeping the nomadic lifestyle in mind, Zuniga updated convertible signatures like her Infinite Rope Dress (which just might be the one thing we'd take to a desert island because of its endless styling possibilities) and billowy, drop-crotch Ali Baba trousers. Zuniga revisits those best-sellers every season; what felt new was her ""happy"" color palette. Lightweight V-neck jumpsuits and draped ponchos came in a range of hand-dyed neon shades, while fluttery melon-hued camisoles and flirty fuchsia frocks were cut from slippery silk charmeuse. Zuniga balanced those more feminine items with menswear-inspired shirtdresses and cargo-pocket parkas. The real standout was an iridescent lilac trapeze dress; it was made for a woman on the move."
5782,"Nottingham, in the U.K.'s Midlands, was once the center of the world's lace production. Now, there's a sleeping giant waiting for Christopher Bailey to give it a good poke. Which he duly did with his latest collection. If his promotion of Nottingham lace also seemed like an advertisement for the biggest underpants known to womankind, that was merely one of the more logical facets of his celebration of the English Rose, a woman who probably couldn't give a good goddamn about thongs and such. So there was something of that sturdy stereotype, the vicar's wife, in the way that Bailey laid a cashmere cardi maybe with the sleeves knotted interestingly in back over a lace skirt. And here comes the sexy librarian in her polka-dot blouse and high-waist pencil skirt. The voluminous, soft-shoulder outerwear in which he swathed his models hinted at nothing underneath or so suggested Bailey. His time spent brooding on erstwhile inspiration Christine Keeler has clearly left a residual appreciation of subliminal erotica. In the madhouse that swirled around him after the show, Bailey claimed he wanted to celebrate strong women rather than the bloodless wraiths who have often haunted the Burberry catwalk. There was indeed something ample, shapely, generous about the silhouettes here. It made for a substantial showing from Bailey. And he gratifyingly showed that he appreciates the thorn in the English Rose: Cara Delevingne wore latex for her finale."
5783,"The first thing you noticed about Cynthia Rowley 's Spring presentation was the streamers. There were mounds of them in different colors and textures piled upon the chandeliers, layered in a makeshift fashion that screamed ""DIY project."" The showing took place in a former seminary that is now the Desmond Tutu Center, so the decor was a cheery contrast to the gothic surroundings. ""I wanted it to look like my girls came and decorated it themselves,"" explained Rowley right after welcoming her friend actor Alan Cumming. (Rowley's got a lot of friends, and every single one of them seemed to be there.) ""It's a celebration,"" she said. The collection, too, was a celebration of sorts, trumpeting the designer's sporty-meets-artsy roots. A single lipstick-red tulip appliqué was placed on the hip of a white silk-cotton ball gown with a halter neckline, and wetsuits were printed with digital floral motifs. A vignette of skirts and tops in black, white, and blush pink were embroidered with Swedish-looking designs, adding to the arts-and-crafts feel of the clothes. There may have been too many looks a navy silk-cotton bateau-neck cocktail dress was more appropriate for fall, and a pale pink frock with a massive bow at the neckline was just out of place. But overall, it was one of the stronger collections Rowley has presented in the past few years. She should show her roots more."
5784,"Any luxury designer planning to launch a diffusion range ought to look to Preen Line for a model. Justin Thornton and Thea Bregazzi do yeoman's work distilling the ideas they've explored in catwalk collections and interpolating them into clothes that aren't just more accessibly priced than mainline Preen, but more youthful, utilitarian, and casual as well. Preen Line is like Preen's knockabout younger sister. Thornton and Bregazzi executed that formula particularly well this season, turning out a lot of tomboyish looks, such as updated tracksuits and printed or embroidered motorcycle jackets. The bikers and the tartan here carried a strong whiff of Fall, but the garments themselves were convincing, and they worked nicely with the patchworked Army-inspired pieces, the collection's bolt of cobalt, and its painterly peony print. Though very pretty, that peony print had a toughness to it that made it interesting. There were also some straightforwardly pretty, quite feminine looks here, but what made this outing work was its atmosphere of rough-and-tumble."
5785,"Holly Fulton 's Spring muse was the pop star Noosha Fox, of the U.K.-based band Fox, who also provided the show's opening soundtrack. With the first models coming out in sideswept hair, denim pinafores, and Swedish Hasbeens, a fresh 1970s vibe was quickly established. Flowers appeared as serene, powdery prints or artfully embroidered on dresses, jackets, and blouses. Fish prints appeared as well, which collided nicely with the floral. Of course, it wouldn't be a Holly Fulton show if there weren't some eye-popping geometrics, but they were much softer now, in paler tones and embellished in crystals. Different from seasons past, there was some structure to Fulton's flow, via a brilliant boned dress in black and white and some short, boxy jackets. Similarly strong were the accessories. (Don't forget, Fulton considers herself equal part accessories designer.) The fan-shaped handbags, orchid-detailed chokers, and necklaces were brilliant. And we must give a nod to the elasticized-waist ""track"" pants: The elastic did not deter from the tailoring at all, and it means that carbs are back on the menu! If she faltered at all, it was with a few pieces in a color called Tangerine Fish. On paper, that sounds intriguing, but they were a dull brown that brought down the separates they were teamed with. That weakness was quickly forgiven, though, by a showpiece dress made from cork and embellished with crystals, and jackets whipped up from tinsel. Fulton isn't just a print innovator, she's a pretty sharp hand at fabric, too."
5786,"Gregory Parkinson has seen the light. ""I'll never do that again,"" he joked, referring to Fall's mostly black collection. The truth is, the lacy black frocks sold extremely well and won him some new fans among women who are print- and color-averse. Nonetheless, it was back to chalky pastels and floral motifs for Spring, as well as his signature lace. This time around, though, Parkinson put the emphasis on separates, rather than the labor-intensive party dresses for which he's known. There were sweet cropped tanks paired with knee-length skirts whipped up in the same lace-over-print combo. There were mismatched oversize tees and sporty high-waisted shorts. And there was a particularly pretty white lace top worn with an ankle-length double-layer skirt of naive, almost hand-tatted-looking lace and a vibrant pink and blue flower cotton print. The big news here, and the part of the story that most excited Parkinson himself, was his collaboration with the cashmere company Parker Blue. The crewnecks and cardigans had a snug fit in contrast to the boxier shapes of the other pieces, and Parkinson employed sponging techniques to give them their bright splotches of color or little polka dots. For Resort, he played around with simply cut printed jersey tanks and tees. Here, sewing them inside out so the hazy reverse side of the patterns showed, he turned them into something special. It was interesting to see him apply his artsy approach to humbler items. Parkinson reported he was headed right back to L.A. ""I've got nine bridesmaids next weekend,"" he said. When the wedding is over and he starts thinking about next season, what would be fun is seeing what he could do with denim."
5787,"While Spring 2014 marked Holmes & Yang 's third season presenting at New York fashion week, the brand designed by actress Katie Holmes and her stylist, Jeanne Yang has been in business since 2009. The duo aren't exactly seasoned pros quite yet, but their accumulated experience, they said, has allowed them to become more comfortable in their roles. ""We're getting to know our customer better every day,"" offered Yang during the label's presentation at a Chelsea gallery. ""And our customer is hopefully feeling alive this season,"" Holmes added. The designers stressed that their Spring focus was elevated wearability a concept at the heart of many multitasking women's wardrobes (such women being the core Holmes & Yang client, according to Yang). However, real girls on the go may have trouble finding what they're looking for in the pair's Spring range. Inspired in part by adventure (Holmes and Yang looked to Africa, as well as vintage outdoorsy menswear), the collection's practical frocks, shorts suits, and separates came in a palette of tan, burnt orange, black, navy, and a somewhat dowdy olive green. That last hue was employed on a suede-trimmed crepe shirtdress that had a lot of potential but, with its lace-up neck detail, appeared more suited to Peter Pan than a trailblazing woman. A skimpy bra top didn't really make sense underneath its I-mean-business navy suit, and a long silk button-front skirt looked like a perplexing afterthought when worn over an otherwise sweet black and navy spotted jumpsuit. There were some standouts here: A gathered dress in printed chiffon with leather detailing could be worn in the office or out during evening escapades, and a black and cream silk tweed sundress with a sweetheart neckline embraced a prim but youthful breed of femininity. Jewelry, designed by Holmes' on-set hairstylist, included giant gilded hoop earrings embellished with bear heads and birds of prey. These could have had some serious appeal if they were presented with more of a wink, but they seemed a bit out of place next to the collection's sober looks. Speaking of film sets, there's that elephant in the room: Holmes' celebrity factor, which is, of course, a double-edged sword when it comes to fashion cred. If Holmes and Yang hope to join the ranks of celeb success stories (enter The Row and Victoria Beckham), they're going to need to up the sartorial ante next season."
5788,"A handsome woman was Haider Ackermann 's pr_cis backstage. It was an efficient summary of a new collection that stuck resolutely to the gender play that is a signature of his brand. Tailored jackets with a flourish at the lapels, and trousers with a lot of action at the waist these are the Ackermann trademarks. But after the heavy woolen houndstooths and sculpted army fatigues of his last collection, he turned instead to the shimmering metallic fabrics we're seeing so much of elsewhere this week, amping up the color and shine. The multicolor crystals embroidered on a man's jacket were a nice bit of unexpectedness, and the dandy factor was similarly high on a boxy sapphire jacket and slouchy amethyst pants combo. Inserted in between the tailoring were long dresses in tulle and silk pleated Fortuny-style. When layered with other pieces, these served the cause of lightness well. But worn without a jacket, as they were a few times here, the dresses were more wanton than handsome; they'll pose problems of the see-through sort that Ackermann chose not to concern himself with. That's the kind of indulgence that eventually proves tiresome, even from a designer as talented as the one in question here. Which is why it was a minor thrill to see him try his hand at something genuinely new for him. Mixed in among his dandified layers was a pair of minimal black jumpsuits. Sleek and simple. Even better was a black off-the-shoulder dress that dipped into a precipitous V in back, its tight sleeves apparently suspending it in place. We'd like to see Ackermann push a lot further into new territory next season."
5789,"The Pre-Raphaelites were Victorian England's rock stars: poets, painters, and lotus-eating romantics who exalted beauty in the face of the gray uniformity of the Industrial Revolution. Unsurprisingly, the rock stars of another century were drawn to them. In game-changing boutiques like Granny Takes a Trip, London's gilded youth bought into the languor and luxury of the Pre-Raphaelite legend. Jimmy Page did more than that he acquired the tapestries created by Pre-Raph top gun Edward Burne-Jones. When Anna Sui saw them in the Tate's Pre-Raphaelite retrospective at the beginning of this year, she knew she'd found her inspiration for Spring 2014. That's the way Anna rolls, layering epiphanies from her own life in her collections, such as falling in love with the way Masai men draped fabric round their bodies when she took her nieces and nephews on safari at the start of the summer. And a few months later, when she was in Indonesia, finding herself mesmerized by the crowns worn by Balinese dancers. Those elements were stirred together with the Pre-Raphaelite inspiration and a Victoriana-meets-Venice Beach Boardwalk vibe to create a typical Sui stew of upbeat, irresistible idiosyncrasy. Knowing none of that, you might have assumed you were seeing a parade of the haute-est hippie chic. Alia Penner's backdrop was inspired by the artwork of The Fool, the psychedelic design collective in the sixties who painted Eric Clapton's guitar, John Lennon's piano, and George Harrison's Mini. True, that acid-spiked sensibility infected the collection's window dressing: Butterfly sunglasses and Erickson Beamon's butterfly jewelry, hair wreathed in flowers, and even the sunburst design on a linen hoodie felt mighty appropriate for a sun-drenched free concert in Hyde Park circa '69. But Anna is a much cannier magpie than that. Her attention to detail is inspiring minutely researched but never so literal as to weigh her down. Today, it was clearest in her prints and fabric treatments, like the metallic jacquarded chiffons that she'd created to duplicate the mysterious iridescence of Burne-Jones' paintings. The lightness of her touch was also obvious in the way that the men on her catwalk rare but welcome visitors to the world of Sui sported tees with giant silver stars, more Mr. Freedom than Granny Takes a Trip. Meanwhile, the women floated by in crochets and chiffons as airy as a dream. Beauty exalted, indeed."
5790,"Madrid-based label Delpozo made a splash with its New York fashion week debut last season and delivered again for Spring with a positively enchanting collection inspired by Jean-Baptiste-Camille Corot's portrait of a Gypsy woman with a tambourine. Creative director Josep Font, who relaunched the storied Spanish brand just over a year ago, has become known for his unique ""prt-_-couture"" that combines unexpected volumes with intricate embellishments in a modern, unstuffy way. Font opened with a romantic off-the-shoulder top and dramatic, structured ball skirt clipped above the ankles, which echoed the one in the nineteenth-century painting. He showed several iterations of that statement-making silhouette (shaped by old-school hoopskirt petticoats) throughout the lineup. A sunflower-printed chiffon version looked cool paired with a relaxed gingham top, and the floral appliquéd white finale number would be stunning on a summer bride. While those structured skirts appeared to be straight out of a twenty-first-century fairy tale, they had almost zero real-world appeal. Fortunately, Font also offered covetable daytime options, including a cap-sleeve linen jacket with braided trim and matching matador-inspired trousers, as well as a densely embroidered raffia dress and macramé lace culottes. Overall, the lineup was simultaneously strong and feminine and suggested a promising future for Delpozo and Font."
5791,"Malibu Beach Barbie goes to a rave. That's how Toronto-based designer Jeremy Laing described his early-nineties-tinged Spring collection. It's an era many of his thirty-something colleagues are nostalgic for this season, yet Laing was able to take the very specific reference to a very brand-specific place. Laing tends to favor boxy, oversize silhouettes, and he stuck with those this season, weaving in a body-con piece here and there for an unexpected element. Another big inspiration were the colors of sidewalk chalk. ""I wanted to use the saturated brights that reminded me of childhood in the summer,"" he said a few days before his runway show at Chelsea Piers. They were best represented in a series of tech-poplin tunics and culottes in colors named Orangesicle and Dreamhouse Pink. That tech-poplin is a fun reminder of parachute fabric, that nineties standby used for outrageously tacky tracksuits. Per usual, printed textiles played a major, if not dominant, role in the collection. This time around, Laing collaborated with New York artist Julia Dault on a multicolor print that looked as if it had been squeegee'd onto the fabric. It was particularly successful on a white silk wrap dress. Another print, a swirly, black and washed-out peach design, was inspired by Tiger Tail, a sherbet laced with licorice that is apparently quite popular in the Great White North. But amid all the typical, there was the new. For the first time in Laing's career, he has produced shoes. A collaboration with Tiffany Tuttle, the chunky ankle boots were the strongest style they grounded the collection's featherlight fabrics. Also new for Laing was menswear, something he's been wanting to try for some time. ""I started out designing clothes for myself, so it just seemed like the logical next step,"" he said. Many of the pieces were almost unisex: a chiffon-bonded tunic, for instance, could have been worn as a dress on a woman. But designing men's seems to have given Laing the mental freedom to be a bit more feminine with his women's clothes. Those aforementioned body-con shapes most notably, a mesh-bonded off-the-shoulder top that zipped up the front were sexier than virtually anything he's designed before. For Laing, it's an interesting new avenue."
5792,"For Spring, Bibhu Mohapatra was inspired by his friend Wendy Whelan's transformation into a modern dancer. (The longtime principal dancer at New York City Ballet debuted Restless Creature, a four-part performance, at Jacob's Pillow in August.) ""She found herself again,"" said the designer at his year-old Garment District studio days before the show. ""I liked that idea of a new beginning."" While Mohapatra didn't start from scratch with his latest offering, it did feel new: more confident and concise than past efforts. A digitized print depicting oversize palash a fire-red tree flower found in India that he has long wanted to incorporate into a collection appeared again and again in different colors on a white background. In fuchsia, it was shaped into a shirtdress with charming asymmetric pleating. A gold palash blouse was worn with a pencil skirt in the same print, but in a subtly contrasting sage green. There were coral, hot orange, pale pink, and black versions, too, each done in a classic shape: the shift, the skater, the tulip. There was also embellishment. Mohapatra mostly went with 3-D adornment, including a nude crepe blouse studded with red-orange and dark lavender daisies, and a rose-colored mousseline gown with baby tulips scattered over the blouse. To counter these sweet looks, he incorporated a shards-of-glass pattern into a black organza frock with inverted pleats and a hand-pleated mousseline gown in sage. Mohapatra worked hard to make it all flow, and the result was a collection as sellable as it was thoughtful. Here's to (somewhat) new beginnings."
5793,"Was a time when KTZ 's Marjan Pejoski was a member of the Worshipful Tribe of Westwood, one of the acolytes who turned Dame Viv's presentations into the closest things to revival meetings that fashion will ever see. How must he feel when he gazes out over the crowd at the KTZ shows during London fashion week and sees the phenomenon being duplicated? Pejoski and co-designer Koji Maruyama have galvanized their own global tribe. They have a huge club following (A-Trak contributed a special mix to today's soundtrack), and today club kids came from all over. Kanye was expected, too. He's a big fan. Too bad he was a no-show. Globalism is a given for KTZ. Just like Pejoski said after the men's show back in June: ""We're children of National Geographic ."" This collection picked up where that one left off, with the lingering inspiration of the designers' trip to North Africa. ""We wanted to extend that excitement into our womenswear, work with it a little bit more,"" said Pejoski. ""Berber women are even stronger than the men in their look and their accessories."" The flowing volume of nomadic dress was translated into florals, pinstripes, and georgettes, but there was also something of Westwood's Seditionaries in the new tribal layering. That synthesis of ancient and anarchic defines KTZ. Islamic mosaics were the basis for the collection's geometric patterns, but they were offered in futuristic synthetics. And traditional silver Berber jewelry ""It's the way they communicate their wealth,"" Pejoski explained, ""like wearing your bank account on your chest"" added a top-to-toe lethal edge that was purest Road Warrior ."
5794,"In many ways, the fashion industry prides itself on exclusivity, but Rebecca Minkoff built up her cult following by inviting in fans. The designer knows how to put on a show, and Janelle Monöe electrified a packed house today by performing hits like ""Tightrope"" while the models sashayed up and down the runway. Minkoff's new Spring collection was influenced by strong Latin American women like Frida Kahlo, Bianca Jagger, and Alice Dellal. Working from that idea, she combined traditional elements from those cultures with modern silhouettes and fabrications. White leather miniskirts and shifts featuring intricate floral hand embroidery were spliced with sporty mesh panels, for example, and structured biker jackets appeared to be cut from frayed artisanal blankets. Elsewhere, Minkoff mixed together athletic jersey-inspired knits with crocheted pencil skirts that had a bohemian vibe. The result was eclectic but decidedly of the moment, and on-trend accessories including functional backpacks and tall gladiator sandals finished off each look. The lineup ended on a high note with Lindsey Wixson in a lattice rose-printed silk maxi dress that billowed like a parachute as Monöe belted out her final bars."
5795,"Get thee to a disco. Or a nightclub of any kind, really: Reem Acra wants her girl on the dance floor this Spring. ""It's about a cool attitude,"" said the designer backstage before her runway show in the tents at Lincoln Center. ""She loves to party."" The result was a collection that would have looked great on Chlo• Sevigny and Kate Beckinsale in Whit Stillman's The Last Days of Disco . A bias-cut halter dress with tulle overlay was made more playful with polka dots, and a gold metal mini had an unexpected gunmetal floral print. Nighttime clothes were definitely the focus, but Acra did some fancy day looks, too, including a black and white houndstooth blouse worn with a black and white crosshatch side-slit skirt, all pulled together with a thick metallic gold belt. The finale was gowns, for which Acra, a red-carpet resource, is known. The most memorable was a set of liquid lamé styles, in particular a bias-cut halter in gold panne velvet, a one-shoulder draped number, and a silver silk crepe column with strategically sexy cutouts on top.  Overall, the collection hung together well: Acra's been working hard to make all of her pieces not just her bread-and-butter red-carpet looks sing in unison. ""I'm getting there,"" she said. And it's true."
5796,"Michael van der Ham has been weightlifting a lot in the past few months, which could explain the new muscle in his Spring collection, an outing that marked a significant step forward for him. It's the first time he has shown outside of the Topshop or BFC venues, and to be sure, cutting the apron strings from Lulu Kennedy, the woman who discovered him, means a newfound responsibility one that he's embraced with open arms. This season he was inspired by Jackie Nickerson's book Farm, a photographic essay of Africans dressed in exotic fabrics. ""I was riveted by the images,"" the designer said backstage. ""They had such a way with working with fabric and body cover."" And so does he: The multilayered patchwork thing he's known for was executed here with an almost scientific precision. With the early looks out mash-ups of zebra prints, leopard, lime, and coral he reinforced his signature, only with a more rigorous hand than before. Then mid-show came the aha moment: a navy dress precisely, almost aggressively cut, but without that mismatched thing that has become his leitmotif. It's guaranteed to create a lot of interest on the shop floor. After that dress it was a bit of a comedown; a pair of evening gowns in particular didn't have the same finesse as that killer navy dress. But van der Ham had made his point about moving on and it was duly noted."
5797,"Prabal Gurung keeps the First Lady and Lady Gaga in frocks. For Spring his muse was Marilyn Monroe. ""It's a celebration of the elegant woman; she's becoming an endangered species,"" he said before his show. ""I wanted to put her in a modern context."" Gurung's idealized creature this season comes with a bite. Monroe's last sitting with Bert Stern was on his mood board. And roses. ""They're beautiful for their looks,"" he said, ""but also their thorns."" The mood was mid-century, only amped way, way up with pastels and acid brights colors that practically pulsated under the fluorescent lights of the clear plastic-encased set. But if the silhouettes wiggle dresses, grand opera coats, narrow pencil skirts with deep back vents said 1950s, the execution was twenty-first century high-tech. The understated white cotton poplin sheath he opened the show with exposed a molded plastic harness in back (there's that bite). The tweed bouclé he used for a skirtsuit earned the term ""technical,"" woven as it was on plastic thread. And only after much cajoling did his factory agree to try screen-printing a translucent PVC raincoat with his voluptuous abstract rose motif. Some of the plastic pieces were too futuristic and experimental for their own good try sitting down in a PVC pencil skirt. But Gurung got into a groove with the final third of his show. The quartet of strapless satin numbers with exposed corsets and cascades of ruffles down the back were a riposte to the insipid red-carpet fare Hollywood tends to favor. And it will be a very lucky girl who gets to wear his white-and-black sweetheart gown with the exuberant sash at the waist. Raf Simons' recent collections were an undeniable influence here. Gurung might never lead the fashion conversation like the Belgian who is now running Dior. Still, he's an accomplished technician. He cuts a mean, mean dress."
5798,"Just don't call this collection mod. Veronique Branquinho had scores of people to hug backstage friends seemed relieved that she once again opted for a runway show (the Belgian designer returned to the catwalk last September after a three-year hiatus)  but she also took a moment to shoot down the idea that the collection was a nod to the sixties.  In one sense, that was obvious; no explanation necessary. Filmy, sheer, and iridescent lamé fabrics were more otherworldly than other-timely. There was an equally strong impression made by the elongated shape Branquinho applied to her bomber, blazer, and motorcycle jackets. Even the ribbon ends from a placket drifted untethered from the shirt as if they had outgrown their natural boundary. And while Branquinho alone cannot steer people toward this new shape, she made a strong case for its freshness. The less persuasive elements were comparatively less significant: Diagonal lines that bisected the torso and outsized frilly cuffs (sometimes removed from shirtsleeves and worn like oversized bracelets) did not jibe naturally with the collection. The wood plank staging also seemed unusual in light of so much shimmer. Branquinho revealed that she loves natural materials, and the way that crystals may be brilliant but originate in a dark place just like her kohl-eyed models. This notion of duality makes for a good sound bite, but goes deeper than necessary. On the other hand, Branquinho didn't need to do much explaining in regard to a final series of white poplin shirts, all echoing the earlier looks. Here, with seemingly less effort, she nailed the timelessness she tried to convey elsewhere."
5799,"Women have busy lives. Their clothes need to be real, said Monique Lhuillier at her studio the day before her show. With reality in mind, the glam gown designer thought about the key pieces in a multitasking wardrobe shirtdress, T-shirt, sweater stripped them down, and remade them in deluxe fabrics. Real equals versatile, so the beaded collars on lace shells and a beautifully printed Chantilly lace shirtdress were detachable for those real-life moments when a snazzy collar just won't do and the opening confections in sheer cloque came with matching petal pink bandeaux. A guipure lace ""sweatshirt"" in bright poppy delivered on Lhuillier's promise of gourmet standards; cut like a blouse, it had a touch of structure but no stiffness. By now, Lhuillier has proved that she's more than just gowns. Her daywear is always considered and restrained, and she extends a level of handicraft to her pieces that makes even a romper feel like an occasion. But she's got major game when it comes to gowns, and this season was no exception. Still, the best evening look today was actually a silk linen gazar bandeau in hot pink, worn with a very full draped ball skirt in persimmon. A sliver of skin appeared beneath the bandeau and above the skirt's high waist. Sexy and super-sophisticated, it would kill on the red carpet. A panoply of gorgeous dresses followed some beaded, some printed, one covered entirely in quivering organza flowers but nothing quite matched that look for its supreme simplicity. Starlets, queue up."
