review_id,review
4800,"Social magnet-turned-creative director Chrissie Miller is the kind of easygoing girl we'd love to karaoke with, and Sophomore 's Fall video just might be the next best thing. In the two-minute short, a band of Miller's gal pals, including Jessica Stam, Lonneke Engel, and Cory Kennedy, take turns belting out Fleetwood Mac's sing-along staple ""Dreams."" The assorted group let's just say there's a wide range of both musical talent and personal style represented here models the downtown label's latest lineup of casual jersey separates. This season, Miller and head designer Madeleine von Froomer updated their standard T-shirts and maxi dresses with celestial screen-prints. Other mystical motifs included a Ouija board and one look that could be described as Pink Floyd's Dark Side of the Moon cover meets the Star of David. Sophomore continues to add and experiment with pieces like a dip-dyed, washed silk tube skirt with a high slit as well as oversized henleys, but at the end of the day, fans come back to Sophomore for its novelty tees."
4801,"Patrik Ervell couldn't have chosen a more topical theme than the friction between repression and revolt, so it seemed rather ""fashion-y"" of him to deny any political context for his new collection. The way he was pitching it, his theme was really his way round a new take on the aesthetic of the uniform. ""What authority looks like now,"" he explained. ""You disarm it by referencing it."" Still sounds pretty political, but what-evs it fortunately made for a strong, even radical showing. The authority Ervell referenced was a police state. The uniforms were those of urban commandos. The opening outfit a sweater in nylon-patched electric blue baby alpaca, matched to pleated flecked wool pants set the tone: a Blade Runner -ish combo of tech and retro. Ervell's womenswear made the point with most clarity, like the outfit that layered a long coat over a silk dress. It had a vintage make-do feel, the sort of repurposed outfit you might expect from girls gone underground when the crackdown kicked in. But clarity ultimately didn't count, because the menswear was more interesting. Ervell talked about ""moments of protest that emerge through the cracks and edges of a heavily policed state"" and he found a striking visual metaphor in the gold ribbing on a nylon top, or the gold trim on a fleece jacket: hardcore function unhinged by a subversive flicker of luxury. Where once he had shivering latex as his trump card, here Ervell used hand-painted silk in shirts, skirts, and a ""SWAT jacket."" It was such a poetic touch that his notion of disarming authority suddenly made sense. Political power may grow out of the barrel of a gun, but Patrik Ervell's poetry made a police state pretty for one mad moment."
4802,"Fall is Nicole and Michael Colovos' second season putting their Helmut Lang collection on the runway, and their confidence is growing. If their Spring outing erred a bit on the repetitive side, this was more freewheeling, yet still within the recognizable framework they've set up during their five-plus years at the brand. Recognizability counts for a lot, going by all the big-name retailers in the front row tonight. From the first look out a white leather lapel-less blazer, glossy black skinny jeans, and black thigh-high wedge boots you knew where you were. After that, the Colovoses touched upon their other staples: the wrap leather and fur jacket with the funnel neck; the draped jersey dress; the asymmetric sweaters and cobwebby knits. The freewheeling part came via the details. A stretchy dress was inset with the same armadillo-stamped leather that was used for the sleeves of a blazer. The fur on a belted jacket was dyed a rich shade of ruby red, a color as yet unseen in a collection from the Colovoses, who typically favor neutrals. And a red ponyhair jacket was laser cut in a delicate repeating motif. The prints were borrowed from nature leafless branches of trees and hardened swirls of lava but their shapes were resolutely urban. The only misfire was the low-slung, inverted pleat, full-legged trouser. It'd be a shame to cover up those killer over-the-knee boots."
4803,"Fashion's collective eye is trained on China. But for French-Vietnamese designer Barbara Bui , the references in her Fall collection to the People's Republic harkened back to the squaring of east and west she did when starting her career almost 30 years ago. To the exotic dragons and Maoist olive drabs, Bui added seventies glamour, name-checking David Bowie and Bianca Jagger. The first look out was iconic Mrs. Mick Numero Uno, with the twist that its satin tuxedo jacket was quilted in the traditional Chinese style. Bui's cocktail yielded some fine pieces a sturdy-chic military overcoat, a slew of ankle-cropped pants, a Halston-esque jersey dress, a leopard coat. That lamé maxi dress and the slouchy pants in metallic leopard triggered memories of a more recent glam heyday, the apex of Balmain-ia. But heck, they're also the pieces you'd shop your closet for sooner rather than later. Still, working an Asian motif is tricky. (Marc Jacobs was smart to take his to a so-bad-it's-good extreme a few seasons ago.) What tripped Bui up were the schlocky crouching tigers, and hidden dragons in prints and hefty embroideries that closed the show, a costume-y misstep in a collection that typically does reality so right."
4804,"From its equestrian roots to the apogee of modern luxury that it now embodies, Herm's has stood for travel. Travel is movement. With his show today, Christophe Lemaire adopted the stance that no movement is more modern than the nomad's. He opened with the gaucho knit serape, baggy leather pants tucked into boots and closed with pieces that were printed with folkloric patterns from the Russian steppes. In between, Lemaire roamed the Herm's archives to find a fellow traveler in Martin Margiela and the work he did for the brand in the late nineties. The sight of Cecilia Chancellor in a big coat over a generously sized suit and sweater, all of them in the most meditative shade of gray, instantly evoked Margiela's Herm's shows: so still, so respectful, so androgynous. That fits Lemaire's own aesthetic to a cashmere tee. The collection he showed today moved with serene confidence through a shadow land between mens- and womenswear. One of the strongest outfits was a suit the trousers with a knit cuff over a buttoned-up white shirt and a sweater with a V-neck that almost reached the waist. It was severe but erotic."
4805,"Ten years ago to the day, Style.com covered Zac Posen 's first big New York show. Our reviewer then said that his dresses ""pushed the notion of glamour to the extreme."" That's not a bad description of what he did tonight at Lincoln Center's David H. Koch Theater with a new collection of sculpted skirtsuits and gala gowns. Posen has had his fair share of ups and downs in his decade-long career. He's in the midst of another reinvention, one that's found him focusing on what's called ""occasion dressing"" in the biz. It was fitting that Dita Von Teese a woman who turns every outfit into an event was posing for photographers from her perch in the front row. Posen gave his Fall collection a Japanese theme. There were peony jacquards, Tokyo reds, and Imperial blues on his program. One model carried a bejeweled, pagoda-shaped minaudi're. For the most part the craftsmanship was unassailable, but the dressiness of the clothes tended to come off old-fashioned and costumey, especially on the outfits that featured oversize obis in kimono prints. The audience, however, did perk up a few times toward the end: an alabaster jacquard cocktail number and a gold duchesse satin bustier dress with a blossoming skirt had a simplicity that gave them a youthful kick. As for drama, nothing beat a strapless silk faille gown in midnight blue."
4806,"A season into her new endeavor, Uniqueness.it, Alessandra Facchinetti has discovered two things about her online shoppers. They're most inclined to buy (1) dresses and (2) T-shirts. Appropriately, that's where the former Gucci and Valentino designer put her focus for the new collection she showed today, which is already available on her site. ""It's not based on trends; it's what I like,"" she said of the silk crepe frocks in styles that merged the unconstructed silhouettes of the twenties with eighteenth-century filigree prints. Study them closely and the patterns revealed themselves to be double U logos, along with roses, wings, and other typical tattoo motifs. There wasn't anything here that looked like it had enough It factor to become an Internet sensation, but the polka-dot pajama pants that Facchinetti herself was modeling did key into a current fashion fad. For that reason, it's a good bet they're where her potential Web customers will invest their money."
4807,"Shaman gauchos was the theme of Mara Hoffman 's latest lineup. The designer, known primarily for her lively prints (""that's how we tell our story""), did presentations the past few seasons, but decided to up the ante for Fall and ""give the clothes the movement they deserve on the runway,"" she explained backstage before today's show. There is always a mystical intention behind Hoffman's work, so meteorite patterns, tapestry motifs, and ""third eye"" symbols appeared on signature screened silk dresses and intarsia knits. And a jewelry collaboration with All For The Mountain featured complementary Mayan calendar talismanic charm necklaces. But what might sound like a pastiche of spiritual inspirations actually made for breezy looks that you could picture any bohemian bombshell wearing on a relaxing weekend afternoon. A cozy shawl-collar wrap coat and graphic beaded tweed cloak, in particular, made a case for the outerwear offerings here. Naturally, Hoffman threw in a few more editorial pieces, like a sheer, floaty ""dashiki"" dress, and is reportedly pulling out all the magical stops when she designs pal Pamela Love's wedding gown for a ceremony in May."
4808,"Betsey Johnson 's show opened with an early sixties-era video clip of girls screaming on the tarmac as they awaited the arrival of the Fab Four. What followed on the runway was a high-speed tour of Carnaby Street's golden age, with skinny herringbone suits, boyish coats, and miniskirts eventually giving way to psychedelic prints, maxi dresses, and fluffy faux fur trim. Johnson toggled between being literal with her reference and dropping it entirely a strapless gold wallpaper-print minidress with a bouffant skirt was nothing other than vintage Johnson. And even the most straightforwardly mod looks were idiomatically Betsey; her looks favored a neon palette and the show-opening herringbone suit, for instance, included a pair of pants that were legging-tight. As usual, the collection was pretty over-the-top, though it did boast a few down-to-earth pieces, like a cropped motorcycle jacket made from pink-flecked ivory bouclé and a pair of wide-leg, low-rise trousers. Moreover, Johnson's show affirmed the growing suspicion that the key look of New York fashion week will prove to be the extra-long black duster coat: When designers as different as Betsey Johnson and VPL's Victoria Bartlett both show a version of a duster, you'd be well advised to make room for one in your closet."
4809,"The ga chas , or cowgirls, of Rio Grande do Sul (Brazil's southernmost state) were the inspiration for Carlos Miele 's Fall show. Miele, a Brazilian, has always drawn from his country's rich heritage, but this collection, more than others, felt especially indebted to a specific people and place. A prelude of Latin beats spun by the Brazilian brothers Anthony and Sean Souza (sons of Carlos, the popular, long-serving Valentino public relations executive) set the mood, and then the first look out dropped the audience squarely in cattle country. A pair of cropped and roomy crepe pants and a soft wool poncho came topped with a flat, black bolero. The pants would have been perfect for horseback riding, and the cape was inset with a wide band of patterned woven silk. The geometric interweaving on the cape was Miele's interpretation of the region's traditional embroideries, but the hat, like a few textiles used throughout the show, wasa real-deal ga cha original. With the mood thus established, Miele promptly riffed on the theme, sending out  ber-chic daywear and evening gowns that would feel out of place, to say the least, among livestock. For night, the idea of banded embroidery translated into a cocktail dress made of horizontal strips of thinly spaced silk. The ribbons, azure blue, were attached to a nude tulle underlay, and they moved apart as the model walked, creating the impression of a Venetian blind peeking open and shut. Sexy, it got a sophisticated boost from the delicately beaded bolero worn with it. The boleros were a highlight, and their assured simplicity made up for the too-shiny lamé on some dresses and the riot of treatments on another (draped pleats and fringe and metal coin appliqu's, for example). But a more-is-more attitude is a central part of this brand's DNA,and Miele succeeded in creating the requisite sense of luxury without going over the top. He obviously felt at home this season. The pampas were a sweet place to set up shop."
4810,"As Araks Yeramyan explained at her presentation, her latesthobby crocheting provided the jumping-off point for new collection.Especially around the neckline, the crafty handiwork gave Araks' work,usually low on frills, some nice pop. A long, navy blue turtleneckdress with what appeared to be a crocheted bodice turned out to be adress with a removable crocheted dickie. (You could untie the neckwarmer when things started to heat up.) Elsewhere, the crocheted topof a calf-length gray dress with a wide, circled hem looked,winningly, like the world's tiniest shrug. The dress had a sweet,sporty rib-knit collar that appeared on a few outerwear pieces, aswell. Besides getting hooked on crochet, Yeramyan also discovered the workof the late photographer Seydou Keita, known for his portraits offellow Malians in the fifties and sixties. Taking cues from the tieredlayers and curved lines of Keita's subjects' dress, Araks distilledher silhouette down to a minimal approximation of theirs. A deepgreen, short-sleeved blazer flared out just slightly at the waist fora kicky peplum effect, while its inset lapel created a piece that wassimultaneously streamlined and curvilinear. The voluminous pair ofgreen and blue color-blocked, wide-leg trousers in silk georgette looked comfortable enough to be worn to bed, though they'd be the chicest pants on the street. Speaking of street, the award for the cleverest cold-weather accessory can be handed out here: A stand-alone minkcollar that zipped up the back into a hood and doubled as a scarf inthe front. Practical but plush, it summed up Araks' sensibleseparates well."
4811,"Quite what the rundown tenement backdrop had to do with Roberto Cavalli's collection of clothes for 24-hour party people was unclear. Maybe that's Just Cavalli , a not-always-explicable law unto himself, just as the label says. In much the same obtuse way, the designer talked about ""creating a new wonderful sound inspired by an old '78 vinyl."" He didn't actually go quite that far back for inspiration. Instead, it was the spirit of London in the sixties that infused long-sleeved, drop-waisted dresses, often with fluttery scarf hems. Typical was a black and white group of striped georgette, mixed up with an exploded houndstooth and swirling op art patterns. These initial monochrome looks were steadily infected by leopard, Lurex, silver, and gold as the show wore on. All of those ingredients are Cavalli signatures, and his renewed focus on them has helped make his main line a highlight on the Milan fashion calendar of late. Here he kept things short and sporty, bearing in mind that this collection targets his younger constituents. He also added tightly laced denims. So far, so focused. Then the focus blurred with knobbly knitwear and PVC pants. Oh well, at least Cavalli got the vinyl in there somewhere. Speaking of which, a delightful soundtrack of ZE Records' greatest hits took us back on an aural trip to a time when it seemed like the party would never end. Good Time Cavalli is doing his best to keep the memory alive."
4812,"The cleanup act that Christian Siriano began exactly a year ago continued this season. In fact, this was quite easily his most subdued and streamlined collection to date. His inspiration was the 1933 film Vampire Bat . ""The funny thing is that it's this quirky horror film,"" Siriano explained backstage. ""But Fay Wray is just so glamorous and stunning in the whole movie."" Still, Siriano laid out his aim as simplicity with a focus on the details, and thus took a light hand at translating his source material. Nothing read overly retro, though a quick glance at the black-and-white film on YouTube did show Wray in a sheath with a ruffled collar like one Siriano showed. Rather, from it he extracted his moody, tough palette of barely there grays and blacks, with measured doses of deep red. (The dense and fuzzy abstract print he showed in a bang-on-trend look of printed blouse tucked into matching soft silk trousers, as well as a simple circle-skirted dress, was meant to look like TV static.) A black satin sheath had an inverted widow's peak neckline, while the tube-like embroidery on a satin dress and the stamped print on a motorcycle jacket had a swirly motif Siriano dubbed ""bat vein."" He likened the pretty caped sleeves on dresses and gowns to wings. This is probably the first time that Siriano hasn't included a showstopper gown, the kind that gets his adoring audience clapping and on its feet. That restraint did him well. There were at least three here that were quite chic. In a recent New York Times profile, the former reality TV star talked about his struggle to be accepted by the fashion industry. Interestingly, he mentioned that his simpler fare things that the industry and his stylist seem to prefer doesn't sell as well as when he lays on the drama. It's possible that some of his clientele may find this collection less to their taste. If that critical approval is essential, surely there's a balance. Or he could just be himself."
4813,"Resort was a game changer for Juan Carlos Obando , whose shockingly bright silk dresses much like the ""Miami"" pink one Viola Davis wore earlier this week at the Academy Awards Nominations Luncheon nearly sold out at Barneys across the country. ""It's nice to have your bread and butter find you,"" said Obando in reference to his successful electric color palette. The designer has capitalized on the moment and started selling Fall in L.A. before today's show in order to accommodate the ongoing awards season. This move seems to have worked out, as today's finale number has reportedly been tapped for the Oscars. Naturally, those blockbuster brights showed up on the runway, but they shared space with more experimental pieces. These were inspired by motocross daredevils in the arid Salton Sea area of California, who rage to the Chemical Brothers while riding out over the dunes, and ""combine the natural with the artificial,"" according to Obando. The designer aimed to re-create that balance here with a brocade skirtsuit etched in neon lime on a sand-colored background, as well as brocade wrap skirts and biker jackets. On another synthetic note, Obando created faux pieces like a full-on ""mink"" coat that looked like real fur and will set you back a comparatively reasonable $1,200. Other looks ventured too far into the test kitchen, with melted industrial Swarovski paillettes and shredded tulle. But overall, this lineup was a step forward for Obando. He beamed, ""I feel like I'm riding a wave right now."" Surf's up, JC."
4814,"The soundtrack from Downton Abbey came over the loudspeaker at Ralph Lauren and you could sense a crowd worn down from a long week of runway shows perking up. The TV program has become such a phenomenon that you half-knew this moment would be coming sooner or later, and it was no shocker to see it arrive at Ralph. Still, hunting plaids aside, the references to World War IEngland weren't all that literal in this collection. For example, the first part of the show was devoted to boy-for-girl suits. Downton's Lady Mary was rather forward-looking in her thinking, but you never saw her wearing pants. (It would take another several years for the modernizing influence of Coco Chanel to assert itself in Yorkshire, no doubt.) If anything, this felt like Lauren revisiting and reworking his own oeuvre. The trip down memory lane wasn't one of the designer's blockbusters, but it produced some strong outerwear, from a houndstooth greatcoat to a glen plaid double-breasted style. Among the many suits on display, a burgundy silk velvet three-piecer had the most snap. The after-dark portion of the collection a study in gold and black, with apair of bright fuchsia satin gowns injected into the mix felt quitedifferent from where we'd started out. Here, the Roaring Twenties were anobvious influence on a beaded flapper number and black column dresses pickedout in gold and platinum Art Deco embroideries. Nonetheless, the eveninglooks as a whole felt modern."
4815,"Commuun 's Kaito Hori and Iku Furudate decided to skip a runway show in favor of showroom appointments this season. They'll use the money they're saving for the store they're planning to open here in Paris later this year. The designers looked to the Andreas Gursky book Wald for their forest print, and to late fifties/early sixties photographs of haute couture for their silhouettes. But ultimately, the big idea here was putting their customers first. Meaning that the designers continued to edit out the also-rans and the almost-rights in favor of wearable pieces like slightly cocoon-shape jackets with half-raglan sleeves; peplum tops and full-leg trousers; and a sleeveless dress made from tiers of chiffon, double crepe, and a fake fur that resembled black-and-white tweed. The clothes nodded at the trends rather than bowing down in obeisance. And the wearability factor remained high even when Hori and Furudate got more arty, as they did with dresses that were encircled with softly pleated wide ruffs. The coolest evening look was one of those ruffs turned into an asymmetrical bustier over a pair of their low-slung, wide pants in convincing faux leather. Playing up the cruelty-free aspects of their label should be job No. 1 when that store opens."
4816,"Before his show, Roberto Cavalli paraded around the catwalk with Lupo, his German shepherd. It was an outlandish image, but not as outlandish as the tiger pattern on the catwalk (which was composed of 40,000 flowers). And not nearly as outlandish as the clothes that subsequently made their way through the flowers. In its more-is-never-enough excess, this was the most impeccably styled, luxurious collection Cavalli has ever shown. But it also mastered the power of illusion to achieve a de trop, Fellini-esque grandeur. So when Naomi Campbell sailed down the catwalk barely harnessed into a waterfall of purple sequins, it seemed like the only appropriate full stop to a show that had turned nature on its head, painting python with big cat motifs, printing mink with python, turning glossy ponyskin into scaly croc, creating, in other words, an extraordinary new menagerie, one worthy of Nero himself.  The artisanship was such that the clothes needed to be seen close up, and better still, felt. The bubble skirts that opened the show, for example, were made up of fur that was pieced together like feathers. They were shown with T-shirts so densely beaded they could have been a new kind of reptile skin. By the time the skirts reached the floor, they were mink lasered to look like croc (mocodile ), or python painted in tiger stripes. There were a couple of other major silhouettes. The first consisted of extremely feminine tiers of mousseline. (One dress seemed to re-create a crocodile skin in glitteringly glazed scales, but who would be crazy enough to dare such an eyeball-straining piece of embroidery? Need we ask ) The second was a rock 'n' roll dandy-tailored suit, with peaked shoulders and long, flared legs. Every outfit was a book or at least a movie.  Cavalli has created his own fashion vocabulary. Sometimes he whispers it, other times he screams. Today's show was one long, sustained holler of unholy glee. He was exuding it backstage, clearly happiest when he's making some noise."
4817,"Mandy Coon loves bats, so much so that she was delighted to find them in her hotel a renovated Spanish colonial on a recent vacation to Nicaragua. The country's flora and fauna provided the inspiration for Fall, and the collection's sole print was derived from the pattern on a moth's wings. In her showroom, Coon explained that her cold-weather collections always have a dose of Man Ray and Helmut Newton, too. That came through in the nipped waists and slightly roomy pleated pants. Pleats were a recurring motif. A short navy circle skirt with a panel of black leather pleats was sexy and fun, the best kind of take on naughty schoolgirl. The moth wing print had a kaleidoscope effect on a paneled stretch and knit wool dress; worn with a detachable peplum (a no-brainer accessory) it narrowed the frame and added length good things, most wearers would agree. When it came to positives, the collection was full of them."
4818,"At his Fall presentation, Wes Gordon was continually encircled by a crush of fans chorusing ""amazing"" and ""obsessed."" A security guard at the venue gestured at the young designer and remarked, ""That's probably what Justin Bieber feels like all the time."" Gordon has quickly made a name for himself in the industry, and recently tied for the Fashion Group International's Rising Star Award. But he's far from complacent, and is continually setting the bar higher. This season was Gordon's largest yet. ""It's darker, grander, and more romantic, with a more disheveled elegance than in the past,"" he said, going on to reference Rooney Mara and Charles Dickens heroines as inspirations. Looks including a chain-mail tank paired with a belle-of-the-ball saffron cutaway skirt and a majestic Edwardian cashmere coat brought to mind a modern fairy tale, while duchesse satin T-shirts and brocade flared pants kept things youthful and effectively grounded the collection. You're not about to see Gordon's luxe clothing on every downtown hipster these pieces are better suited for special occasions and regular gala goers like Olivia Chantecaille, who stopped by today to show her support. But it's refreshing nonetheless to see a 25-year-old up-and-comer who keeps the fantasy in fashion, and doesn't necessarily want to be the next Alex Wang."
4819,"You can be guaranteed that Richard Nicoll will use the word ""pragmatic"" at least once when he is talking about his latest collection. Sure enough, at his presentation today it emerged in tandem with ""authentic"" as a guideline for the spirit of utility that steered him through his recent turmoils. When Style.com last sat down with Nicoll, he was feeling burned out, unsure of whether he could even be bothered doing another show. Pragmatism dictated a presentation instead. And what a smart move that turned out to be. Not only did it provide Nicoll with an opportunity to simultaneously shoot his lookbook and offer a sly comment on the fashion industry (he turned the shoot into a production line, where the designer and photographer were factory workers and the models and clothing the product), but the presentation also gave him the confidence to do something plain and simple. ""And it's my favorite collection ever,"" he exulted. The production line was actually the theme of Nicoll's new work. He called it Modern Times, after Charlie Chaplin's silent cog-in-the-wheel classic. He was also thinking about Play Time , Jacques Tati's take on the same subject, and the clothes that emerged were influenced by the idea of clothes for work, everything from the boilersuit to the smock to the suit. Lines were straight, silhouettes unfussy (a blessing after Spring's hoops). Nicoll mentioned ""modesty"" as a keynote, and there was certainly a decorum in his pleated shifts, and sweater and box-pleated skirt sets except for the fact that the modesty was contradicted by a look-at-me color palette of hazard orange, safety yellow, and electric blue. And the sweater in that set was cashmere, the skirt usually leather. Nicoll's attention to the body led to suggestive interplays of sheer and solid, as in a gray skirt with a stripe of sheer running up the thigh, or a boilersuit with a sheer top. The bag that accompanied the collection was also plugged in to the idea of work. London fashion week sponsor Vodafone has developed with the designer a tote that recharges mobiles, thus closing the door on one more excuse to go off-grid."
4820,"For his main Fall collection, Thakoon Panichgul was inspired by neon, but there was darkness lurking under that light: It was the glow of Amsterdam's red-light district, as reimagined by the artists Ed and Nancy Kienholz for their piece The Hoerengracht , that provided the juice. There were peacock-feather prints and appliqu's for pride and vanity, cardinal sins both and a basket weave detail lifted from confessional screens. That girl's all grown up, and naughty, too. But at Addition , Panichgul's kid-sister line, things are still sweet and nice. ""It's a little groovier this season,"" the designer said in his showroom, and patterned poncho tops, culottes, and wide-legged jumpsuits backed him up. There were echoes of the main line in some of the shapes, like the high-waisted, wide pants, but overall the muse was Addition's usual gamine. For Fall, she'll wear ""teddy bear"" faux furs (the best of them in a bomber, trimmed with military-trench details); ultra-fitted blazers with asymmetrical, slightly flaring backs; and loose silk dresses, whose prints mimic knit stitches. There was more leather than ever before, in response to buyers' demands: a single-breasted blazer in cadet blue on one hand, and tiny, quilted short shorts on the other the sort you might get if you had your old 2.55 retooled into hot pants. The collection continues to expand, and so does the brand: Panichgul revealed that he'll soon be in need of more space than his current digs afford, thanks largely to the sales of Addition. And the showroom buzzed with buyers. Addition's not grown up yet, but it certainly is growing."
4821,"The journey on Julien David 's runway went from the great outdoors of snowy slopes to the great-there's-a-taxi outdoors of city streets. The collection was more overtly thematic than usual, but he mostly managed it with typical cleverness. In the well-worn apr's-ski territory, David turned puffa quilting into tiny circles on a silver party frock, and if you looked closely at the Fair Isle he pieced into anoraks and cut into chic little hooded blousons and skirts, you'd see city skylines and Hummers. ""Our eyes are so used to seeing those Tyrolean patterns that you don't really see the difference,"" David explained. The axis that spun country toward town was a crisp white shirtdress printed with two views one mountains, the other a cityscape abstracted as if seen through shutters. (In the urban glare and blare, the Tyrolean motif shrank into shirt collars, and there David's sneakily avant-garde tailoring was what stood out. It came in what he called a ""bidirectional"" houndstooth, which subtly zigzags from left to right. It's custom-made for him, as most of his fabrics are, in Japan. It's easy to see why David's coats are the thing that sell most at his longtime retailers like the Webster and Colette, and now at new supporters like Browns, Lane Crawford, and tough-to-crack Susan of Burlingame. Coolly elegant street wear is David's strength, and logically his comfort zone. Credit him for leaving it, but knowing when to come home."
4822,"Give the customer what she wants that's Ashley and Mary-Kate Olsen'smantra for their contemporary collection Elizabeth and James . That means theFall lineup touches on familiar trends like parkas, pajama dressing,peplums, and flower prints all well executed. It's not only the knit fursthat look more expensive than they in fact are. This may not be the passionproject that The Row is, but these focused sisters clearly do theirhomework. At their presentation today they explained that they offer avariety of heel heights in their shoe line because ""the client wants therange."" And pointing out a white button-down with a longer hem in back,Ashley said, ""This is for the girl who wants to keep her butt covered."" Towhich an editor in the crowd quickly replied, ""Oh, I understand that."" Ahandbag range is scheduled to launch sometime next year. After that Elizabeth and James stores."
4823,"Inspired by The V.I.P.s , a 1960's celluloid curiosity in which Elizabeth Taylor and Richard Burton find themselves stranded in a luxurious airport lounge, this collection was aimed at today's jet-setters. Classic outerwear made up the show's very important pieces. Whether in a trench, A-line, fitted, or big-collared style, they all earned their status. For this, MaxMara's more rarefied sister line, the materials have clearly enjoyed an upgrade. Coats came in either double-face cashmere or a mix of camel hair and cashmere, finished with unthreaded and natural fur. With its well-cut, well-made pieces, this collection is for a customer who, like la Taylor, appreciates the finer things in life."
4824,"The Victorian era has been getting a lot of attention on the Paris runways. Andrew Gn is the latest designer to give dark romance a go. He opened with a narrow, streamlined navy coat, trimmed on the shoulders and the front placket with black mink. It had a faintly military look about it. The silhouette made reappearances throughout the show, turning up with tiny leather leaves embroidered on the shoulders and sleeves and again in black velvet with patent leather zigzagging down the front and around the cuffs. Those coats were the most understated part of the collection. Gn loves it luxe, and his chosen Victorian motif gave him carte blanche to pile on the jet beads and other embroideries. At times you wanted him to scale back lose the fishnets, say, or the black lace chokers. A couple of the evening gowns looked too period with their black ribbon lacings. Another dress with elaborate beadwork tracing the torso was too gothic. That said, though, there were charmers in addition to that first coat. The white blouse with chiffon latticework around the shoulders that accompanied a flippy black skirt had a modern look about it, as did a stretch jersey black dress with hand-cut and -appliqu'd lace above the bust and on the sleeves."
4825,"The Renaissance keeps bubbling up on the Fall runways. Carven 's Guillaume Henry used Hieronymus Bosch's Garden of Earthly Delights as inspiration for a colorful print. Don't worry though, girls, Henry hasn't suddenly gotten religious or become a strict moralist. The full, rounded hips of his dresses and skirts may have suggested a newfound modesty, but they were subverted by other things. Hemlines, for one, which inched their way up to mid-thigh. Also: keyhole slits on dress bodices and peekaboo laser cutting on other frocks that evoked stained glass. Despite a print of rose windows, and bouncy wings on the shoulders of a cocktail dress influenced, the designer said, by a portrait of the Madonna this collection was every bit as young and fun as usual. Carven is the kind of show where editors and retailers make personal shopping lists. IPhones were snapping pictures extra fast when a pair of ribbed sweaters that were split at the sides over pannier miniskirts came down the aisle. Same goes for a khaki mac with red satin lapels, and the other neat and trim outerwear. If there's one quibble, it's this: It'd be nice to see Henry apply his design savvy to pants next time."
4826,"Jen Kao 's show notes (accompanied by an original poem each season) are often a touch fanciful: ""A foxy approach, polished but cagey. East meets West for nightcaps,"" said the program this time around. A cryptic statement, to be sure. But as the models stalked down the runway to a very David Lynch-ian soundtrack, Kao's cinematic vision for Fall began to unfold, and the result was actually more wearable than what we've come to expect from this imaginative young designer. The opening series of military-inspired fur barn coats added a masculine tenor to the lavish oriental silk robes, dip-dyed fringe, and needlepoint Swarovski mesh. Kao's favorite piece a cassis-colored, lacquered trenchdress with fan pleating best illustrated the balance between rigid and fragile she was aiming for, while exotic python briefcases and statement crystal strand earrings played up the quixotic side of the lineup. These were the kind of clothes you could picture real-life rocker girls like Zoe Kravitz (who sat front-row tonight) wearing out on the town after sunset."
4827,"Shangri-La, the fictional utopia dreamed up by James Hilton in his 1933 novel Lost Horizon , was the place Vivienne Tam 's world-traveler touched down for Fall. She called the collection ""Shangri-La Remix,"" and it combined the Himalayan textiles and shaggy fur Tam's traveler picked up on the road with familiar pieces from back home. The mix, at times, was a little overdone, but most of the individual items were worth digging out. Strongest was the outerwear. In roomy menswear silhouettes, pieces featured the groovy prints you'd most likely find on a trip somewhere far away. A black and green wool jacquard wrap skirt with a diagonal motif had the same found-object quality; it had a simple sexiness that was obscured by the mandala appliqué on the coat worn with it. Tam is at her best when she keeps things simple, and she's still finding her footing when it comes to dependably solid separates. Fall was a step in the right direction."
4828,"Osman Yousefzada keeps barreling forward into uncharted territory. Last season, his rigorous shapes softened into something looser and sexier, and this time he allowed himself the high drama of highly decorative fabrics. He started small. The first look out was a typically austere ensemble of a crisp white shirt and pants with mere glints of rich brocade in the collar and in a pair of lace-up booties. You imagine that the power woman who loves Yousefzada's talent for making precise, Philo-esque smart clothing might allow herself such a flourish, or perhaps the flash from the lining of a properly minimal crepe and leather pop-over dress. But credit the designer for keeping lines sharp even when he let fly from head to toe in the more baroque fare, such as a portrait-collar jacket or cape with chic little matching cropped pants. Backstage, Yousefzada cited as inspiration the photographic collection of philanthropist Albert Kahn, who sent bands of photographers all around the globe between 1909 and 1931 to create a visual record of the world. But in a way, this brocade-centric collection mirrors Yousefzada's own story as a British-born son of Afghan immigrants, both traversing the same Silk Road. He pared everything away at the beginning of his career to give himself a fresh slate and avoid the ethnic pigeonhole. But this squaring of his East West exchange is a welcome evolution."
4829,"Haider Ackermann is back in sinuous mode. Last season saw him exploring aboxier, more masculine silhouette. Today, with Frank Sinatra crooning about""Autumn Leaves"" to back him up, he was more interested in organic shapes. ""Itry to be pure,"" he said backstage. ""But I can't help myself, I love towrap."" The waisted silhouettes that were the results of all that drapingwere the best he's ever done a spot-on mixture of the sublime and thesalable, and he's got the most sophisticated color sense of anyone inParis. He opened with a pair of looks that put a greater emphasis on salabilitythan his reputation as a design iconoclast might suggest the first was atrim, cropped jacket in sage green over a stretchy black turtleneck dresscinched with a blush gray molded leather belt, and the second was a silk blousepartially tucked into high-waisted, full-legged trousers. Leather coats andjackets with motorcycle detailing should likewise have the retailerscalling. It wasn't long, though, before Ackermann's inner wrap artist came out.Jackets were exuberantly peplumed and bustled below those new molded leatherbelts, and dresses were draped from a single point below the breastbone.Double-layer skirts in which the top layer was shaped like a simple leaf andsplit up the middle were deeply sensuous without exposing a hint of flesh.They may be too heavy in leather, but they'll be a hit in other, lessweighty materials. As for the colors, who else could pull off the pumpkin orange and marigoldyellow mix of a tailored crombie and tapered pants? Or the cobalt blue of acropped jacket worn over an oxbood vest, gunmetal scarf, and copper pants? You can add this to the short list of shows this season that brought thecrowd to its feet."
4830,"Before his presentation today, Australian designer Dion Lee explained rather meekly that he saw his London fashion week debut as ""an introduction."" Suffice it to say, London fashion week was very pleased to meet him. Lee is incontrovertibly the leading light of fashion Down Under, and as his new collection confirms, he is certainly ready for a larger stage. It's tempting to describe the appeal of Lee's clothes in terms of their technical accomplishments: the geometry of the silhouettes; the innovative, architectural quality of the construction; the unexpected materials artfully deployed. You can't avoid talking about those elements of Lee's work, and they form a tremendous part of its appeal. In this collection, for instance, he created strands of high-visibility fiber, and wove them into light-reflecting knits, and draped them off sheaths. (Perfect for cycling back from a party at night, maybe.) Another dress, suspended from nearly invisible mesh, appeared to hang on the body as if by magic; elsewhere, garments made from layered tulle and organza looked as though they were held together strictly by light. There is a cool intelligence operating here. But what makes Lee really interesting, and eventually, perhaps, significant, is that his intellect doesn't work at cross-purposes to the unavoidable sexiness of his clothes. There is something deeply Australian about that: For whatever reason, designers from Oz seem to have a totally non-vexed relationship to sex and body-consciousness, and Lee embraces that, mitigating the potential aridity of his designs by integrating vampy notes. This collection felt relatively small in its ambitions and incredibly precise in surpassing them. Now that Lee has introduced himself, it will be fascinating to see what he does when he starts dreaming big."
4831,"A perfect woman in an imperfect situation, is how Chadwick Bell describes the theme of his latest collection. As he explained backstage before his show, his primary touchstones were two radically different, yet spiritually similar, works of art: Picasso's Boy with Pipe and Arlene Gottfried's Midnight , which in turn led to his discovery of a series of Bob Richardson-lensed photographs of Anjelica Huston. ""She's well-kept but dangerous,"" he explained, elaborating on his imagined muse, ""and her hair looks like she fell asleep in a cab."" For his models, this inspiration translated to a sort of Frankenstein chic: With teased hair and bright red lips, they walked under flickering lights to ominous music straight out of a horror flick. Still, the clothing was anything but scary. Bell demonstrated his ability to create alluring looks with a variety of materials, from fur (a stunning silver fox coat worn with stockings and spotted platform heels) to silk (a completely backless printed jumpsuit). And let's not forget the python and leather separates and tuxedo jackets with matador embroidery, complete with pompoms. All in all, it's safe to say the designer has stepped up his game and reminded us how very enticing imperfection can be."
4832,"Stefano Pilati couldn't have known his days as the house's designer were numbered when he presented his men's collection for Yves Saint Laurent in June, but the way he dipped into YSL's dark side the one personified by the designer's relationship with the arch-decadent Jacques de Bascher prophetically hinted at an end game. And Pilati extended that same mood into his women's collection, the last he'll show for Saint Laurent. The wasp-waisted, fetishistic discipline, the leather, the martial strictness of Guido Palau's slicked-back hair combined with the vampiric gloss of Pat McGrath's blood-red lip were components of a powerful, hard-edge dominatrix fashion fantasy. Backless dresses in a chain mail made of metal and rubber were the ultimate expression of Pilati's hypersexualized vision. So he naturally picked the calla lily, Roman symbol of lust, as the floral accent for the collection. (Ironic footnote: Calla lilies were also the flowers laid on the graves of those who suffered an untimely demise.) The burnished backdrop, the gold paneling on the walls, established a kind of imperial, pagan tone against which Pilati could parade his broad-shouldered nightlife Amazons. There is something inevitably glamorous about that look. Many kids like Pilati were conditioned by adolescences spent poring over pictures of YSL, Warhol, and their gang idling away glittering nights. But there'd always be a grim, hard-lit dawn. And yet with that dawn would also come the promise of a new day. Maybe that's why, when he appeared to a stomping ovation, Pilati seemed so cheerful."
4833,"Creatures of Comfort impresario Jade Lai has made impressive strides since she launched her store's namesake brand in 2010. Initially, the Creatures of Comfort label comprised ultra-basic jersey pieces plus a smattering of long skirts, appealingly awkward jumpsuits, and buttoned-up button-downs that hit the nail on the head of the then emergent mumsy hipster aesthetic. (Think Alexa Chung.) This collection, Lai's sixth, proves that Creatures of Comfort has grown up and grown out: Though she still has her finger on the Bedford Avenue/Shoreditch High Street pulse, Lai has broadened her clothes' appeal. To wit, the tailored shorts and trousers in a luxe silk wool blend were accessibly sophisticated; the pieces in white, in particular, looked really chic. Elsewhere, she's added a flirtatious note, with schoolgirl minis, fitted knits, and peekaboo dévoré? velvet polka dots. (The dots were a theme; the collection included a variety.) There was still a sense here that Lai remains overfond of the purposefully awkward silhouette some of her dresses were a touch shapeless but she's gotten better at adding the grace notes that give a covered-up look verve. On a simple shirtdress, for instance, the dropped waist counted for a lot; likewise the waterfall effect on a dotted mid-calf skirt. Here's hoping that Lai doesn't outgrow her awkwardness entirely it's idiomatic to the Creatures of Comfort brand and the reason the most straightforward pieces in this collection still stood out. But it's nice to see her giving her ugly ducklings permission to be swans."
4834,"Kenneth Cole's company will be turning 30 next year, and the founder of the global brand is reflecting on its heritage with a new, higher-end line. "" Kenneth Cole Collection is made for our same modern, urban customer,"" the designer explained at a launch preview last night, ""but elevated in quality of construction, materials, and styling."" The presentation at Cedar Lake featured life-size video installations of models along with recordings of their voices delivering the kind of bons mots that Cole has made his calling card over the years. ""Some are attractive. Some are sexy. Few are available,"" said one. Highlights for women included a slick patent leather bomber jacket, deep oxblood haircalf pencil skirts and peplum belts, and a crocodile-print shift. On another exotic note, a cobalt blue python backpack was sporty chic at its best. The street-ready menswear had a slight military influence to it, seen in quilted wool parkas and lace-up leather boots. Few contemporary labels manage to strike the on-trend-but-not-too-trendy balance as well as Cole has here."
4835,"Mark Fast 's show today represented a welcome return to form for the designer. Put simply, the clothes here were realistic: Though Fast didn't stint on the skintight, barely there dresses for which he's best known, and though he did allow himself a few oddball embellishments, he also sent out a plethora of pieces that had universal appeal. Chief among these were the many knit garments in Fast's variegated stripes. The crop tops and fitted skirts had a sporty mien that lent a new dimension to his signature sexiness; meanwhile, the stripes added a graphic edge to the cozy, oversize wool cardigans and jackets. Elsewhere, the designer asserted some discipline over his feral fringes, saving the look for cool, hairlike shrugs and a few voluminous coats. Despite all the layers, this collection had a cleaner look than that of recent Fast seasons, and the clothes appeared better fitted and finished. The trademark hedonism remained intact, but it was expressed with a nice sense of refinement."
4836,"Manish Arora did street style. Not the kind you're used to, but the scrappy pop visuals of graffiti and street art, merged with his own OTT sensibility, highly detailed workmanship, and the classic couture silhouettes he tapped into last season. Appropriately, Fall's mise-en-scène was an industrial open-air space on the river where a hoodie-clad crew Parisian graffiti artists Rude, Vizion, and Broke spray-painted the backdrop as models walked on by. (Be thankful Style.com isn't yet scent-enabled. Those fumes were a shock to the brain cells.) What Arora does is still quite happily a bit cuckoo for Cocoa Puffs. He's a guy who could out-Gaga the Lady herself. But this new injection of relative reality which last season he attributed to wanting to let his freak flag fly at his other job as Paco Rabanne's creative director can make his ideas and meticulous execution shine. Take the polished little satin skirtsuit or cocoon coat printed all over with surreal highlighter-hued faces and appliqu'd with cherry blossoms (the motif was the work of Brooklyn street artist Judith Supine, whose images Arora found while researching, and which were used throughout). Or a New Look-ish skirt in iridescent laser-cut leather paired with a tulle blouse dotted with flowers, with not a golden ribcage in sight. A touch more reality: Arora's continuing collaboration with Notify Jeans. For his typically grand finale, a parade of ten models in crinoline-puffed graffiti-print dresses marched out to pose in front of the freshly sprayed-on handiwork, which ended up reading ""Life Is Beautiful."" In Arora's world, it's fun too."
4837,"Marcel Marongiu is ""sick and tired"" of jeans and sweaters and all the other pieces that apparently prevent a woman from looking her finest. In his mind, women are dressed their best in a ""total look."" At first, this sounded a tad ironic, given that the late Monsieur Laroche was one of the early champions of separates. But Marongiu didn't actually mean a collection of formal dresses; in fact, his formula was streamlined, sporty, and included a strategic showing of skin. As artistic director for Guy Laroche since 2007, Marongiu insists he's more confident now in this role than he's ever been, and you should be able to see that in the clothes. So do you? You might share his conclusion based on the opening coat that reappeared in a different coloration midway through the collection. In double-face woven crepe, laser-cut at the edges, it was strict but swingy. Thick visible seams on its inside played up the color contrast (emerald green and navy; limestone and powdery pink) and proved a nice touch. You might not be able to tell that the architecture of Frank Gehry and Oscar Niemeyer motivated Laroche's silhouettes. But that's OK. Marongiu's emphasis on an attenuated line, from high-waisted trousers to fluid ankle-length silk jersey skirts, got the message across. His use of prints was all or nothing. The two patterns a grid of triangles and abstracted leaves showed up on bags and geometric stacked heels in addition to the clothing. No styling necessary: Marongiu has your whole outfit thought out for you. If the designer's confidence was evident in the multitude of bandeaux strapless, T-backed, halters then the ensuing question is: Do you want to wear this? Marongiu's reply: ""What woman wouldn't want to wear this "" Some of this, surely. But of the 42 looks, 11 featured cropped tops. And once you ditch the bandeaux (which many customers surely will), you no longer have that total look."
4838,"Part rock, part rebel, part aristo the Iceberg show notes promised. Designer Paolo Gerani might've been conjuring the Glastonbury music festival or Ibiza or anywhere where junior members of the jet set like to congregate when the weather turns warm. There were long skirts with slits up the thigh and wide belts slung at the hips, skinny silver-dipped jeans, a blazer densely beaded in mosaic patterns. If there were echoes of Isabel Marant and Balmain in a multicolor knit baseball tee and an acid-wash denim double-breasted coat-dress, no big deal who hasn't lifted something from those two influential runways? But a couple of missteps the not-so-great fit of a strappy halter dress, suedes that didn't quite look aristo-rich prevented this season's collection from living up to the full promise of its theme."
4839,"There was madness afoot in the New York Public Library today: hypno-wheels and crazy mirrors, male mannequins made up as the 1931 version of Dr. Frankenstein, ballerinas spinning like music-box dancers to Krzysztof Penderecki, whose avant-garde atonality soundtracked classic creepshows The Exorcist and The Shining. Sound like a Thom Browne show? Why, you're absolutely right. But, for the very first time, Browne made the method in his madness perfectly clear when he owned up to an influence. It's something he's always shied away from in the past, allowing commentators to project their own bemused interpretations onto his elaborate fashion fantasias. Today, however, Browne name-checked Oskar Schlemmer, the German artist who worked under the umbrella of the Bauhaus. One of Schlemmer's theatrical specialties was living sculptures, particularly stylized female figures. Browne has often treated the body as architecture. Among his own favorites in his new collection were the first looks, given a geometric edge with the use of neoprene. The Bauhaus ethos prevailed in pieces shaped, elongated, and stiffened into sculptural forms. As the palette passed from 1920s monochrome into 1950s Technicolor, the clothes became more patterned, more ornate, candy-fied, like the lollipop encrustations on collars and cuffs. It was almost a relief to return to somber black and white as the male models stepped forward to revolve Browne's women on those hypno-wheels as though they were carnival automatons.  Even given Browne's evocation of Schlemmer's Bauhaus cabaret, there was still ample room for bemused interpretation. All that hypnosis flimflam was a tidy metaphor for the hypnotic power of fashion. It took a darker turn when the men manipulated the women on their turntables. That suggested the classic male dominance scenario: Svengali using hypnosis to control Trilby in George du Maurier's 1894 novel. Then there were the preppy motifs that have always littered Browne's clothes. Here, he used whales and seahorses, but he rendered them as beautiful little skeletons too. Moby Dead? The end of prep? Saying nothing, Browne smiled a knowing smile.  His final outfit was a wedding dress on its own leash. Penderecki was replaced on the soundtrack by ""Wuthering Heights,"" Kate Bush's paean to a woman driven crazy by love. At the end of it all, madness."
4840,"Every season has its storm in a teacup, its clutch of personalities who absorb the fashion community in thought, word, and deed. But beyond that, there are the tribes who tirelessly toil often thanklessly, in terms of media coverage to create the collections that give substance to the fashion calendar. That train of thought rode down the tracks in one's mind today during a particularly impressive showing from Issey Miyake . Yoshiyuki Miyamae the designer who is now attached enough to the line that it is he who takes the bow at show's end is visibly youthful (trusting, that is, to the evidence of one's own eyes), and it was youth, beauty, and a gloriously summery freshness that today's collection communicated. First, there was color in delicious combinations, in jersey dresses with a simple, drapey ease. Although there is, of course, no such thing as simple in the world of Miyake, so whatever fabric effect you were looking at was inevitably head-spinningly obtuse. Here, something called ""double-sided transfer printing"" meant that fabric was colored front and back, each side visible through the other. ""Yarn melting""? Well, that sounds interesting, and judging by what was on the catwalk, it looks good too, if it was responsible for the dresses with the boing-boing bounce. ""Steam stretch""? Probably the same, if it meant the black and white knits pulled out into pixie corners and set with heat. One characteristic of the Miyake collection has always been an elegance of line. It was at its best here because it was called upon to corral all the colors and patterns into one coherent whole. If the world looked this way, it would truly be a better place."
4841,"Aloha from New York was Mara Hoffman 's message today. Interpreting the idea quite literally, the designer commissioned a ukulele band and topped each model's look with a palm headpiece to drive home the collection's theme. Chiffon maxi gowns were embellished with bright, color-blocked cording details, and a canvas safari jacket featured fun motifs like toucans and pineapples created with seed beads. Kitschy? Sure. But Hoffman's enthusiastic clientele will ultimately take away the languid Polynesian-print cutout dresses, on-trend board shorts, and best-selling bikinis. Backstage before the show, Hoffman told Style.com, ""I realized everyone isn't necessarily looking to wear Alex Wang, so I decided to stay true to myself and bring my energy, pure and clean."""
4842,"In response to her clients' requests, Rachel Comey focused on occasiondressing for Spring, an area the work-and-weekend-wear designer hadpreviously left unexplored. ""I'm used to thinking about dresses thatwork for night, but for like a Tuesday night,"" the designer said beforeher show. Saturday night dresses meant a few firsts, from ruffles tobeading, and a return to last season's high-end fabrics, such as ahand-cut fille-coupe from Italy. Admittedly, the sight of a pinkstrapless minidress blooming with an outsize ruffle on the bodice was abit jarring at first. But that's the sort of jolt that's bound to happenwhen you're changing gears. Overall Comey carried off the new embellishments with her signaturesubtlety and easy femininity. A navy shift with a sheer back had tiny,brightly beaded lines where the tops of pockets on a dress shirt wouldbe. It provided a touch of evening-appropriate sparkle while also givinga nod to the menswear that Comey so often turns to for inspiration. Inan attempt to temper all the fancy stuff, she showed sleek one-piecebathing suits, some printed winningly with designs from men's neckties.For a day not at the beach, there was an easygoing pale-pink blazer withsnap-button closures and a pair of perfectly slouchy camouflage pants.Accessories are a big part of this designer's business a sunglasscollaboration with Prism this season added eyewear to herofferings and as the brand continues to evolve, it's nice to see Comey meet its clients' needs on all fronts. Comey fans with somewherespecial to go will now have plenty of playfully elegant options."
4843,"New Old Money: That was the first impression of the audience at Valentin Yudashkin 's show this season. This is old in the post-Soviet sense so not very old at all, really the first generation of people to make money in the nineties after the collapse of the Communist empire. And perhaps this was on the designer's mind, since his show notes said that his interest in ""contemporary art the cutting-edge art of the nineties was the starting point which inspired me to create this spring-summer collection."" Of course, the art market has become saturated by such new old money; it's a plaything and social pastime for some Russian high-society clients. How appropriate then that Yudashkin's first look was almost ""Tom Wolfe"" in feel: a white trouser suit and white fedora worn on a female model. Was the designer reading The Painted Word or The Bonfire of the Vanities or maybe both? They uncannily applied, at his show. Shortly after was a navy variation, worn with a navy bow tie a perverse take on the traditional male preppy look. The navy, gold-buttoned blazer with a crown crest was emphasized in hourglass form, and the trousers were tailored to within an inch of their lives. Besides being a nice play on the masculine/feminine theme, this was the best suit of the collection. It would have been great if the designer had carried on in the vein of this look like a hyper-sexualized Thom Browne. Unfortunately he didn't, and the mood dissipated too soon. Yudashkin has a thriving wedding dress business, judging by the amount of long white looks that were included in this show, but it left the collection feeling like it had lost its focus. The designer can cut clothes and he has an extravagant and detailed eye for embroidery, but how his view really translates outside of Russia and into an international climate is difficult to see at this point. It was quite telling that the next generation of high-society Russians, the offspring of the oligarchs, who have been brought up with this more international view, were conspicuous by their absence at today's show. Too busy being photographed by street-style photographers and actually buying contemporary art, no doubt."
4844,"It wasn't exactly the sixties that Martine Sitbon was after in her new Rue du Mail collection; more her memory of a Pop-y moment in fashion when mini-shifted dollies like Mia Farrow and Catherine Deneuve set the pace. Sitbon put a lot of op in her Pop by launching the show with a monochrome ode to the circle: Sheer silk georgette shifts were appliqu'd with quivering little discs. Then the story passed through a geometric vinyl moment that brought Andr? Courrèges to mind (he's on a lot of minds at the moment) before another meditation on circles, this time cut out like a sci-fi lace, or huge and rimmed in embroidery like solar eclipses. The circles mutated into abstract flowers, still monochrome, almost viruslike, and now hinting at contemporary Japanese woodcuts. A little futuristic, a little Asian? Sitbon mentioned Wong Kar-wai, though the Hong Kong director's abstract 2046 would be more appropriate than his saturatingly romantic In the Mood for Love , which is regularly cited as a major fashion influence. Even so, Sitbon started to introduce sweetness with appliqu's of flowers and accents of cherry-blossom pink. Then, two pops of Chinese red, and it was back to the monochrome virus. The show had the momentum of something steadily unfolding, from beginning to end. Sitbon imagined the momentum as optimistic, but she said it was optimism born of experience, rather than some shallow feel-good reaction to life. She herself has, after all, known hard times. Maybe that's why these clothes ultimately felt less optimistic than resigned. A little pretty, a little bitter."
4845,"Simplicity is the rule at Lyn Devon , so this season's focus on handicraft and embellishment marked new territory for the designer, albeit territory not too far from home. (If embellishment calls to mind feathers and paillettes, think again.) Devon's take on surface treatment was understated and organic, from tiny, hand-knotted faille buds to hand-punched holes on the seams of a red skirt. The designer's desire for the wearer to be able to ""see the hand in the clothing,"" as she put it at her new Upper East Side showroom, was an extension of thinking about taking her girl south of the border. Her interpretation of a traditional Mexican Otomi print was the most literal reference point, while bands of fringe in a nude, knit tank dress gave it a Latin kick. Reserved and a little staid, these aren't clothes you'll wear flamenco dancing. Then again, thoughtfully designed staples don't need a special occasion."
4846,"Well, that was refreshing. John Patrick got a head start on fashion week this morning, showing a palate cleanser of a collection for his brand, Organic. After several seasons of frenetic print pretty much owning the runways, Patrick's pared-down neutrals looked new; in particular, his tonal whites. Those whites came in a Farrow & Ball worthy range of infinitesimally differentiated shades, and Patrick further distinguished them via texture, working with clinical coated cottons, sheer point d'esprit, rumpled soft suiting linens, and a particularly fine group of crisp and lovely guipure laces. Elsewhere, standouts included wide-leg linen or dense cotton-jersey trousers in navy, and a terrifically chic A-line minidress in black linen with a provocative slit down its collar. Perhaps Patrick's smartest idea here was his play on casual suiting, pairing those wide-leg trousers, for instance, with an almost-matching sweatshirt in bonded cotton. All in all, this was a strong and focused collection, with lots of appealing, wearable clothes."
4847,"Tadashi Shoji likes to use his travels as inspiration. For Spring, the designer took us on a journey that started in California with the first outfit a blue embroidered sheath dress that echoed a Venetian tablecloth the designer found at the Rose Bowl market in Pasadena. The warm West Coast weather could also be responsible for two of the collection's more casual looks lace shorts and breezy trapeze blouses, a little something different for Shoji. From there the range traveled eastward through the Gobi desert, where long dresses in blue, rose, and jade got a patchwork treatment inspired by the caves of Dunhuang. Next was a series of pleated ikat-print dresses that sparked ""oohs"" and ""aahs"" from the crowd. Little did they know, those frocks were made from 40 individual pieces of gazar. The final stop was the ancient capital Xi'an, which apparently inspired embellished tulle gowns of the kind that have made Shoji a red-carpet staple. Still, it's the separates and colorful prints that we'd like to see more of in the future."
4848,"The Girl From Ipanema was on the soundtrack and the program notes mentioned Bahia, but this Luisa Beccaria show didn't channel Brazil so much as it did that scene in The Sound of Music where Maria pulls the curtains off the window to make clothes for the children. Could it be because the wallpaper print Beccaria used for flounced long dresses was echoed on the runway and the wall behind it? There was nothing subtle about this presentation, not with the exuberant head wraps and the basket of flowers one model carried on her head. After Beccaria's dip last season into additional categories like outerwear and more casual separates, it was also somewhat disappointing to see her lean so heavily on long evening dresses. Where were the shorts and the other vacation clothes her girls will need for their next trip to Bahia? Beccaria hit on a few lovely frocks here, but not enough to rescue this collection from the miss column."
4849,"I would waste my time if I wasn't doing things women could wear. Somedesigners should have that tattooed on their arm to remind them of theirraison d'être. Not necessary in Bouchra Jarrar 's case. She's built herpr t- -porter business on the strength of her made-to-measure work realone-on-one interactions with clients that have taught her how to cut theperfect black leather perfecto, for example. But hands-on experience isone thing; what makes Jarrar a talent to watch is her eye. She pairedthat perfecto with an A-line tweed top and a full skirt. A woman wouldcut quite a swath in that outfit. A couple of swingy little dresses alsomade a big impression. At first glance, they looked rather simple, buttheir construction, from curving pieces of different fabrics cut on thebias and layered one over the other for a moir? effect, is actually quitecomplex. Still, the results are effortless. We also liked the look of awhite leather shift with a black V-neck, especially when Jarraraccessorized it with a graphic black belt."
4850,"Cynthia Rowley sure knows the meaning of a last hurrah. Slated to present her Spring collection at 5 p.m. on the final day of New York fashion week, the designer found herself in a tough spot. Editors have already seen eight days' worth of shows, and some are already on flights to London for the next round. But Rowley's installation overcame the odds. Thirty-two looks were on display at an old hotel on Beekman Street, the same buzzed-about venue where Proenza Schouler showed the night before. The walls are peeling and the foundation has come undone (to say the least), and yet Rowley envisioned the models having a party at the abandoned space. There was confetti all over the floor and the girls wore gold bangles that doubled as flasks. Clever. The clothes were equally creative. A camo brocade bomber jacket and matching shorts were foiled to create a metallic effect. Brocade showed up elsewhere, on pointy open-toe shoes and turquoise-enameled swim trunks that were topped with a mother-of-pearl wetsuit jacket. Neoprene has become a signature fabric for Rowley, an avid surfer. Oversize dresses and wide-leg pants had unique prints, from a fun confetti pattern to a blown-up paisley design. But the true life-of-the-party look was a purple halter dress whose layers of lace were meant to echo the hotel's dilapidated ceiling. That will be the one everyone remembers most."
4851,"Coquette, meet dominatrix. For three years now Peter Copping has been polishing Nina Ricci 's special brand of Parisienne chic. Backstage he said he felt it was time to ""push it on further into new territory."" Enter the leather bondage harness glimpsed beneath the opening look's wool jacket. Enter, as well, the swags of silk fringe decorating a silvery gray cocktail dress, the clear plastic trench printed with a fishnet pattern, and the leather pants. Yes, leather pants, embellished with little zips on the side pull them open to reveal swatches of black lace. Lace that went almost otherwise ignored, save for underneath a chiffon dress in a shade of pool blue Copping described as ""sick."" The designer was clearly feeling loose this season. It showed in the holographic tweeds he chose for a pair of tailleurs, the exuberant polka dots of a fuchsia satin frock, and the showgirl sequins on a nude slipdress. He reined it in for just one black crepe gown. It faded quickly into memory amid the more surprising bits on the runway tonight. We're not completely sold on every element here; those bondage harnesses have become a bit of a fashion clich? in the wake of that Helmut Newton show at the Grand Palais. But on balance, Copping made a convincing case for breaking out of his comfort zone."
4852,"Bill Gaytten has a lot more time on his hands. He admitted as much backstage after his first season designing at John Galliano without simultaneously being pulled in the direction of Dior. Yet a feeling of urgency was in the air on Sunday afternoon. For starters, reaching the show's venue in one of the outer arrondissements of Paris proved more stressful in the wake of a strike protesting the European Union's austerity measures. Behind the scenes, the collection arrived late. Early guests might have even caught the rehearsal. And then there was the pressing question of where John Galliano (the brand) now fits within a power-shifting season closely watched by fashion types as if it were the presidential election. Maybe Gaytten was able to block this out entirely. Maybe he determined this to be the first real opportunity to express his vision. Codes? what codes? Frankly, Galliano as it was would have less relevance today, so change is good. Still, there was something missing joie de vivre. Gaytten was so wrapped up in newness, he occasionally overlooked what has always been the heart of the brand: character. The designer effectively established distance from Galliano (the man). If frills remained a focal point for Fall 2012, Spring featured folds on folds. Occasionally, too, overworked fullness. Impressively, Gaytten forced volume out of heavyweight cotton. Think trenchcoat heft. As dresses particularly one in a punchy shade of salmon pink the fabric maintained purity of form. Gaytten insisted that the folds, origami-esque on black bandeaus, have always been there, only in the past they were ""disguised"" by too much decoration and embroidery. ""You can see them now,"" he said. And you can also see how much he fussed over each one. Woe to the bulk for bulk's sake: trousers with bubble trouble and shorts like mansard roofs. Gaytten, incidentally, studied architecture and says he's ""more in love with the modern movement than John ever was."" All right, this accounts for the intersecting back panels and angular hemlines. Less so the Edwardian-style dresses reinterpreted in filmy layers and ""mille-feuille"" hats created by Stephen Jones. Large turquoise katakana lettering meant that Gaytten's Japanese influence was not lost in translation. He's not the only designer to riff on kimonos this season; he may just be the first to add in layers, not eliminate them. About that blurred print, it's actually a jacquard. But yes, you're seeing correctly: Those are cars piled up, bumper to bumper. How uncanny. And how symbolic for a house that still cannot escape its past. Alternately, you could conclude that the other motif a soaring man in silhouette represents a self-fulfilling prophecy. Time (but, ideally, not too much of it) will tell."
4853,"Sydney-based designer Kit Willow has shown at London fashion week before back in 2004, when her label was still in its infancy. Today, the designer is a fully paid-up member of the Australian fashion establishment, with five stores Down Under, strong international sales, and most significantly, an identifiable look. This season, as she returned to the London catwalk, she decided to hark back to her brand's roots. This was a collection steeped in Willow signatures, including draped leathers, nude tones, and Madame Gr's-inspired tulle micro-pleating. First and foremost among her signatures, however, is her lingerie-inspired construction, and in this collection it provided most of the jolt. Updating a vintage Dior technique, she created single-wire bustiers that girded a gravity-defying strapless dress and crisp, skin-flashing tops. A single-wire bra top also recurred as a proper underpinning, visible beneath floaty sheers. Willow pushed her sheer theme hard this season, but not always to great effect. There were too many garments that just looked shapeless, though the non-silhouette silhouette worked better when the fabric itself was intriguing. To wit, the luminescent sheer material from couture textile house Jakob Schlaepfer: Unbelievably fine and incredibly cool, it made the models in the two show-closing looks appear as though they were emerging out of the shimmering desert heat. Those closing looks were helped, too, by the fact that the dresses worn beneath the Schlaepfer sheer were interesting new takes on Willow's characteristic articulated body-con, with hand-embroidered copper sequins creating a tubular effect. All in all, though, this collection felt a little unfocused, as though Willow had addressed herself to tuning up the various signatures of her brand at the expense of really developing her best ideas."
4854,"Elena Ivanovna Diakonova, better known as Gala Dal , was Stuart Vevers' inspiration for the Spring collection at Loewe . ""As soon as I started at Loewe, I knew she was a woman I wanted to focus on at some point,"" explained the creative director. It is perhaps telling that after the tougher, less than ladylike take found in last autumn's collection for the brand, he finally felt able to tackle Gala for Spring. The woman who would get her own husband, Salvador, to seek written permission to see her so many lovers she would have stowed away in Cadaqu's, she needed the warning was reimagined as a young, contemporary madrile a. This is the sort of girl who would appear in an Almodóvar story as much as at a meeting of the Surrealists. And she has a fondness for leather. Lots of it. The collection was a bravura display of that signature of the house and ultimately gave the offering a handcrafted, Spanish feel. With embossing and incised florals, mimicking the traditional handmade lace encaje de bolillos  it tumbled down trenchcoats, pencil skirts, and hooded jackets there was a lightness to this workmanship, quite literally, as leather was taken to extremes of thinness at the house (""0.4 millimeters thinner than ever before!"" as Vevers proudly pointed out backstage), making it perfectly permissible for summer. Add to that the aerated, woven techniques; the appliqu's on fine, transparent mesh; and the floral-printed suedes, and if you are a fan of the animal skin, this is the collection for you. Perhaps what Vevers has now found at Loewe is the ability to focus on the things he likes and play to his own strengths. His background in handbags has also proved invaluable in the technical research for the clothing of the brand. Having an English sensibility, Vevers has finally given free rein to more offhand moments too, like a focus on the MA-1 jacket, that symbol of a multiplicity of British youth cultures, reconfigured for an aristocratic Spanish house. Above all, in these last two collections, the designer has found the woman that Loewe wants to concentrate on. It appears she is no pushover, and this season the lady may even be a bit of a tramp. Then again, it's a trend for Spring."
4855,"A young RISD grad with audible buzz, Katie Gallagher debuted her line at New York Fashion Week with her Spring 2010 collection; before that, one of the designer's school projects a dress made from Plexiglas springs reportedly came to the attention of Lady Gaga and Daphne Guinness before Gallagher even graduated. Since then Gallagher has maintained a consistent point of view. Goth, body-con, and futuristic are all applicable labels, and Spring's collection was a continuation of those themes. Peplums, graphic cutouts, and architectural seaming called attention to the body's swoops and curves, while a few pieces of sexy swimwear a new addition for Gallagher were cut high on the thigh and slit wide at the waist. Gallagher makes a point of using natural fibers like silk, lambskin, and kangaroo leather (a first for her this season) whenever possible, but there was an unappealingly unfinished quality to some of these pieces that made the fabrics look less special than they were. Chalk that up to the high price of producing polished samples and the designer's business still being nascent. If the press of fans at her presentation is anything to go by, people will be happy to wait while Gallagher clears those sorts of hurdles. For now, she would do well to focus on what sets her aesthetic apart from the other darkly romantic designers hoping to score a Gaga or Guinness."
4856,"I love a designer who knows his customer, an editor said tonight at Salvatore Ferragamo . Massimiliano Giornetti is that man. He took over Ferragamo's womenswear line in 2010 when it had been foundering; these days it's even registering with the new Russian fashion royalty, a few of whom were recently on hand in New York to promote the label at an in-store event. The point is, Giornetti has made the brand aspirational again. There were certainly pieces in this collection that will have fashion-watchers making lists: black leather pants that laced all the way up the sides to the waistband; an olive green suede trench, slick in its simplicity; a matte gray crocodile dress with an asymmetric double-layer skirt; and probably most of all, the knee-high peep-toe flat croc boots. This collection was super luxe, mostly in leather and exotic skins, but it registered much more casual than Giornetti's gold-leafed gypsies did for Fall. He's not setting any agendas with these clothes, but it's smart business to go after his clients' everyday needs. A black cashmere sweater and a little wrap miniskirt embroidered in gold discs, an ensemble the designer paired with flat black sandals, hit home."
4857,"Bright colors like shocking pink, pool blue, and sunshine yellow and cheeky accessories, including a clutch shaped like a giant pair of sunglasses, were the big messages at Kate Spade New York for Spring. The models' manicures even matched their gingham separates. We're not against having fun with fashion, but heavy-handed styling that paired a sleeveless pink dress with pink polka-dot tights and pink flower-print shoes was too cutesy for its own good. Casual looks like a miniskirt/T-shirt/cardigan combo were the best things about this collection."
4858,"At the Tocca presentation, designer Emma Fletcher said that she likes it when things are a bit psychedelic; her presentation, with models posing between multiple mirrors in stationary carousels, was just that. You could see the girls and their clothes from all angles, but the multiple reflections made things quite trippy. Intrigued by kaleidoscopes and designs on old-school hot-air balloons, Fletcher came to Spring's silhouettes by cutting out chevrons and zigzags. The resulting geometries are more linear than what Fletcher is used to working with, but the use of delicate knits and lace insets kept things soft and feminine. A sweet day dress with a pleated skirt and sheer, paneled top might be too demure to wear on an acid trip, but it would be perfect for a spin in a fire-fueled balloon."
4859,"When it comes to the lookbook for his 10 Crosby line, Derek Lam likes to keep things fresh. Instead of a model like Hanne Gaby Odiele or Sara Blomqvist, who starred in previous seasons, he cast beauty blogger Emily Weiss. The Into the Gloss founder also happened to style the lookbook. As for the collection itself, it tread on familiar ground the Wild West but did so in way that retained the label's edgy, downtown sensibility. Lam hasn't gone all rodeo on us. If leather pants were laced up behind the ankles, blouses got the cowboy treatment with Ultrasuede embroidery, and a cool blue jumpsuit's faded lizard print looked like it came straight off the frontier, other pieces like a color-blocked royal blue and black button-up cardigan and a pair of leather short shorts were more subtly western. Breaking from the plot, Lam also brought back his signature pajama separates again, this time in a 10C monogram pattern. The looks were accessorized with 10 Crosby bags a first for the secondary line that were inspired by folios and envelope clutches. All in all, Lam delivered a collection that girls will be itching to wear come spring this editor included."
4860,"If everything goes according to plan, there will be a Zadig & Voltaire hotel in Paris two years from now. The building, an old private mansion in the seventh arrondissement, has already been gutted, with busted walls from room to room and construction markings throughout. Founder Thierry Gillier figured the raw space might as well be put to some use right now. So, welcome to Zadig & Voltaire's presentation of its latest nouveau-boho looks. Champagne? The grouping, 14 in total, wasn't a dramatic departure from the brand's formula: the insouciant attitude, the slouchy sexy knits, the grunge-lite layering. Greater emphasis on prints python, leopard, and a brief flirtation with floral equals greater visual interest. That emphasis also risked feeling one season too late. Designer Cecilia B nstr'm said she made a point of integrating more color into the collection. In a Zadig & Voltaire world, this means muted lilacs and golds with ever-so-slightly saturated shades of orange and yellow that, combined together as a full-length knit dress, had the impact of an Instagram-worthy sunset, no filter. For a label that has a habit of over-embellishment, this season represented a more judicious approach to studs, spikes, and related miscellaneous hardware. If B nstr'm sticks to more of the unadorned, low-slung smocked skirts and pajama trousers, this popular brand should find itself some new followers."
4861,"Araks Yeramyan loves a research project, and for Spring she dug into the end of Japan's isolationist period, which corresponded in the West with the beginning of the Victorian era. As a result, Yeramyan discovered, Japanese dressing from the 1850s onward has always had a Victorian undercurrent. She played with elements of Victorian construction as well as traditional and contemporary Japanese dress, including workwear, and mixed them up for a characteristically subtle and quietly quirky collection. A white dress with an iridescent overlay of woven Lurex and silk had faint lines drawn in where Victorian pleats and seaming would be. The layer underneath had the actual pleats. It was paper light and pretty as a butterfly. A pair of voluminous pants in linen cupro were more substantial; they came in at the ankle in a nod to the trousers preferred by Japanese farmers. The best piece was a pale green vest with the elegance of a kimono. It had the delicacy of Arak's lovely lingerie and a modern, here-and-now feel."
4862,"As the curtains were closed at the Palais d'I na for the last blockbuster show of the season, you knew something special was about to happen. For starters, there were curtains at the windows something never experienced before at this venue, a place that is usually bathed in natural light. There was also a complex wooden set designed by Rem Koolhaas' OMA. Merely the evidence that Miu Miu had cut through such a massive amount of French bureaucracy this is a government-affiliated building showed that the label meant business. These are the pyrotechnics usually reserved for Prada shows. The dark setting, the smoky lighting, the jazz trumpet opening, featuring snatches of ""Miles and Miles of Miles Davis"" by Malcolm McLaren it was the kind of ambience usually reserved for a French femme fatale of the fifties. And the first looks? All dark denim. That dark denim was one of those simple statements Miuccia Prada presents that just has a strangely profound resonance for a collection. The shapes might have been those of fifties couture classics, but that dark denim was the contemporary touch of a contemporary house. But to add to the perversity, ""All of the denim was lined in duchesse satin,"" the designer explained after her show, with some glee. That is, after all, the quintessential couture fabric, relegated here to a mere very expensive lining; a decadent motif in the extreme. ""I was trying to be very elegant in a very different way,"" Prada continued. ""It was not about destroying elegance, but achieving a different kind. There was a mixture of the rich and the poor fabrics, a manipulation of fabric and material to mean something else."" She added: ""The femme fatale is never perfect at least the ones I like."" What Miuccia Prada presented today was about the opposite of perfection. Grand yet effortless, and with ease that ease, again, that is on the side of the slattern this season. This was a workwear femme fatale, with a hands-on dishabille wardrobe: Furs were tie-dyed and casually slung over shoulders, or they were vast; evening coats that were oversize, creased, and crumpled this time in that characteristic duchesse satin were given the same tie-dyed treatment, almost appearing like massive stains. It was a contemporary updating of the kind of clothes Simone Signoret might sashay around in. She was, after all, often typecast as a good-time girl. At the same time, this was not a retro collection; the layering of history in those rich and poor fabrics was used to arrive at the point of today. Like the music of the presentation, it was a sampling that showed the way to something else. Malcolm McLaren's reworking of Erik Satie's ""Gnossienne No. 3"" through the eyes of Miles Davis, spliced alongside Neneh Cherry's version of Cole Porter's ""I've Got You Under My Skin""? As Miuccia Prada is oft likely to say: It's complicated. Like McLaren himself, she is a kind of big-business punk impresario. And while she might change her style, her signature always remains the same. The ideas may be complex, but this is her unerring knack: She always makes it look easy."
4863,"Veronica Beard has come a long way since it launched two years ago with a capsule collection of tailored blazers featuring interchangeable, zip-out ""dickies."" Since then, the Beard sisters-in-law (both are named Veronica) have developed a full lifestyle range for urban working women like themselves, and today they staged their first presentation at the Gramercy Hotel. The concise Spring lineup was reportedly inspired by a recent trip to Morocco, and that influence came across in the terra-cotta-colored silk jumpsuits and chambray safari jackets, which had a sun-bleached softness to them. The Veronicas paid tribute to their original best seller with the collection's standout look: a fuchsia linen tuxedo that came with a signature dickie. That sharp suit and a flattering hourglass dress with embellished grosgrain straps were the kinds of pieces that busy moms on the go will turn to for the occasional date night out on the town."
4864,"Last week Jack McCollough and Lazaro Hernandez celebrated the opening of their first-ever store. On Madison Avenue! For fashion-watchers who've tracked the brand since the designers' 2002 graduation from Parsons, it signified one thing. Well, two things. One, we're old. Two, it's official: The Proenza Schouler boys are grown-ups. Coincidence or not, this collection felt more ambitious than their previous work. The first look out may have been a jean vest, a signifier of downtown cool, but it was a jean vest patchworked from different colors of python. With the ante sufficiently upped, they moved on to, among other things, sleeveless dresses collaged from squares of exotic skins and leather; oversize, slouching-forward coats in perforated leather bonded to jersey that was laser-cut, then crocheted back together; and Gerhard Richter-inspired jacquards cut into a boxy cropped jacket and an A-line skirt. The most energetic pieces came toward the end. Photoprints are a dime a dozen on the runways, but McCollough and Hernandez found a new way to work them. By cutting them on the bias into strips, then stitching them diagonally across the torso, found images like crowd scenes and kids in a pool looked almost abstract. Pushing their experiments even further, some of those dresses were embroidered with flat colored studs on the bodice and silver grommets at the hem. Backstage McCollough and Hernandez claimed Tumblr as a point of reference, citing its random associations and the delight-producing effects of happenstance. They may be card-carrying members of the digital generation, but they're also incredibly hard workers. Kudos to them for setting the bar ever higher."
4865,"We kindly request that you refrain from using flash photography, a voice announced over the loudspeaker before the start of Alexander Wang 's show. ""That includes cell phones."" What a bit of wishful thinking that was. Mere seconds after the overheads dimmed toward the end of the show and the black lights switched on to reveal that the models' white clothes glowed an electric shade of yellow, Twitterers took to their iPhones to share their pictures. Wang is just about as It as you can get in New York fashion at the moment, and he delivered on his reputation, sending out a focused Spring collection that put his strong, singular vision on display. ""After last season's austerity,"" he explained, ""I wanted to pull garments apart, experiment with volumes."" Wang's is a precise kind of deconstruction. The clothes were all right angles no asymmetries here and the scalpel-sharp slices that separated the graphic panels of everything from a clinical white cotton shirtdress to a sand-dune-colored leather jacket were hand-tacked like sutures. As the show progressed, the splices became cutouts in wavy zebra stripes. The experiment reached its culmination in a series of sexy dresses that seemed to float on the body thanks to the invisible fish-line embroidery holding them together. The designer called the effect Tron -like. Fun fact: The first fishing line they tried melted under the heat of the irons used to press the samples, so team Wang had to devise a new one of their own. Function often suffers when designers put so much emphasis on form, but that wasn't an issue here. Wang smartly stuck close to traditional American sportswear design. Spongy leather T-shirt dresses were modeled after baseball uniforms. Liberty Ross, a catwalker whose star appears to be on the rise after her husband's cheating scandal with Kristen Stewart, modeled a simple windbreaker. The black-light moment will be what people talk about and remember, but even without it, this was a powerful performance."
4866,"The premise of Mother of Pearl is that, each season, the brand collaborates with a different well-known artist and translates his or her work into clothes. Given that approach, the label maintains astonishing consistency from collection to collection, always emphasizing a few key silhouettes. This time out, adapting the work of multimedia artist Francesco Simeti, Mother of Pearl expanded its signatures and, to some degree, shifted its tone. This was an unusually tailored and even ladylike collection for the line. If brand mastermind Maia Norman knew before approaching Simeti that she wanted to shake things up this season, then he was a wise choice of artist to work with. His wallpaper prints don't require much engineering, which meant that they sat nicely on the collection's tailored jackets and ruffled skirts and dresses. Alternatively, perhaps it was Simeti's work itself that inspired the change. At any rate, the baroque quality of his prints made them well suited to scalloped edging and fullish, floor-length skirts. Overall, the tonal refinements here were tentative the trademark Mother of Pearl sportiness was still much in evidence but they did a fair amount to expand the brand vocabulary. One additional note: This season, Mother of Pearl is launching a range of scarves, featuring prints not only by Simeti but by previous collaborators such as Jim Lambie and Fred Tomaselli as well. Good move."
4867,"Pierre Balmain was founded as a sister line to Balmain. Judging by Spring, the family tree is branching. The recognizable signatures of Balmain rock 'n' roll, embellishment, luxury, and urbane cool were mostly absent here. Instead, Pierre Balmain turned out to be a sweet collection aimed at gamines and their would-be worldwide counterparts. (It can't be an accident that the digital fashion show the brand streamed today was taped from a runway outing in Beijing, cast with largely Asian models.) The clothes were a fantasy of polite bourgeois chic, with cropped, tapered trousers, flared skirts, and peplum-accented tops. Even perforated peekaboo pieces and a smattering of motorcycle jackets didn't add much edge. Arguably, they didn't need to. Related or not, Pierre Balmain is a separate line from Balmain and designed by a separate team from its sibling. But this collection marked a change from the label's first two seasons, when it served as a wanted and needed entry point for aspiring Balmainiacs on a budget. You sense that this member of the family is still forming her identity."
4868,"Summer is a good place to start, said Jil Sander of her return after eight years to designing womenswear under her own name. ""It's light."" Indeed. Sander's blinding white show space was as clinically lit as an operating theater, which gave a stark, institutional edge to some of the pristine looks she showed in cotton or piqué. Alternately, it could have been a sci-fi vision, an association the designer sparked when she decorated the collection's dressier looks with big, shiny, rubberized polka dots. The minimalist who stands on the edge of the future we've been here before. So, although the show notes spoke of a ""Reset to Zero,"" Sander insisted her new collection was no blank slate or fresh start. She is, after all, coming off a three-year collaboration with Uniqlo, and her time spent in Tokyo seems to have helped motivate her current energetic reengagement with the world of high fashion. But fashion's axis has shifted, and now the Queen of Clean has serious competition, not least from the man who most recently occupied her place at her label. Viewed as an exercise in re-staking her claim, today's show made a worthy enough start. It's easy to see why Sander prefers words like ""purity"" and ""integrity"" to the more commonly used ""minimalism"" or ""reduction."" Her designs were both pure and true to her ethos, which is to make an intelligent, respectful appeal to women of all ages. The show opened, for instance, with a sleeveless coat-dress that, over a white blouse, looked like a schoolgirl jumper perfect for the gravely pretty models whose hair and makeup seemed designed to emphasize their youth. But it was followed by another coat-dress whose sleeves fell to just below the elbow, a proportion that was chic but kind for an older customer.   Sander claimed her key question for any woman is ""How do you feel "" She'd probably like her women to feel like her: always curious, never stopping. That's why movement underscored the collection all kinds. Take the jacket whose subtly exaggerated back allowed for an elegant swing; or the less successful oversize culottes that swished like a silk skirt; or the boots with zips that spiraled around the calf. Sander also corralled the movement with tapered silhouettes that struck quietly sophisticated chords.   All of which sounds like Sander ran a real gamut today. At the very least, it suggests she has opened her arms a little wider to the world. Once fiercely private, she was even introducing family members backstage. The way she tells it, Tokyo helped expand her horizons. And Sander's acknowledgment of just how complicated women are signposts the challenge she has elected to take on. If she's not going to make life easy for herself, she may be about to make it more interesting for us."
4869,"Anne Valérie Hash 's early work was predominantly focused on the idea of the masculine tailored silhouette on the feminine body. Her palette was predominantly black and white. In many ways, Hash has covered the main themes of this season many, many times before. So it was interesting to see her personal offering for Spring. Did she reprise her earlier work? Not really and in a sense, what a shame, because she could have shown quite a hefty proportion of designers this season how it's done. Then again, maybe she had anticipated this mood in her last Le Smoking collection and so merely had to move on. Instead, she mined some of the other preoccupations of this present time: flesh tones, transparency, and the iridescent. In a collection entitled Electric Nude, the masculine was nowhere to be found. Layers of organza, chiffon, and tulle exaggerated the notion of the feminine in the looks, where underwear could be glimpsed through the limpid iridescent fabrics, and trousers featured transparent panels inset on the side of the leg, stretching from top to bottom. There was also a vibrant, iridescent print that owed something to the idea of the insect or the aquatic. All of these things had their charms. Yet the silhouettes of these clothes felt decidedly like you had seen them before; that certain slouchy French style that seems stuck around the early period of Nicolas Ghesqui're's output. It's a pity, because Anne Valérie Hash had once experimented with silhouette in such a deft way, for instance making a collection based on menswear on a little girl a pattern-cutting feat if ever there was one. Hopefully she will eschew this default French-cool take on the silhouette next season. She's capable of more."
4870,"In the black-and-white mood piece that Limi Feu created in lieu of a show this season, her models, filmed in a grungy loft space somewhere in Tokyo, are alter egos of the designer herself. Same furious, lean, fast-motion energy. Today, in her showroom, Limi was doing the modeling, and clothes that were shapelessly huge or hard to grasp on the hanger leapt into angular life. The dungarees with the tiny bib front, for instance, or the tailored jacket with big, kimonolike inserts at the shoulders. Limi's own favorite was a waistcoat that had been pared to what amounted to lapel peaks that pointed upward like two big arrows. A dévoré -ed, silken caftan had also been dissected and put back together with big rings that suggested a bondage harness. No, not another Fifty Shades? reference, but Limi has been studying bondage traditions at home in Japan, a country that definitely knows how to tie a knot. Maybe that has something to do with ""the Japanese mood"" Limi talked about capturing. As far as fashion goes, she has always been a tough, tattooed, bike-booted Stooges fan (there's still disbelief in her voice when she talks about her father, Yohji Yamamoto, not having a clue who Iggy is), but there was another quality in her new collection, a kind of bruised fierceness that suggested defensiveness or protection on one hand, and strength or projection on the other. The disaster 18 months ago still reverberates in Japan, not least for the younger generation of fashion designers battered by a shaky economy. There was something else in Limi's clothes, though something that the artful dodginess of the lookbook missed. That was the sturdiness of worn clothes treasured, treated in a way to give them new value. And that said ""survival."""
4871,"Gary Graham is a font of esoteric knowledge. He designs for women who appreciate his cerebral reference points, or maybe just have a taste for romantic clothes with antique appeal. ""She's creative and is the kind of girl who arrives to the party after everyone else leaves,"" Graham said of his customer at an appointment in his Tribeca store. His new collection was inspired by Jean Genet's novel Our Lady of the Flowers and evokes the moodiness of the book's Montmartre cemetery setting, though in a delicate, spring-appropriate way. Graham explained, ""I like the idea of taking heavy textiles and making them light."" So he turned rich French tapestries and jacquards into digital prints on wispy silk and organza, then whipped them up into convertible tie-back dresses and on-trend board shorts. Graham is a sucker for layering and often piled these drape-y pieces with chiffon sweaters and long gabardine jackets that were, as he put it, ""almost clergylike."" Graham's is a specific and often eccentric vision, but one that is increasingly in demand, it appears. Last season, he launched a new, lower-priced line named Anagram to reach a wider audience."
4872,"Jasmin Shokrian celebrated the tenth anniversary of her brand last season. So it's only fitting that this time out, as she commenced a new decade in business, she expand her design horizons. This collection wasn't a sea change for Shokrian, but it did see her digging deeper into the things she loves and challenging herself to incorporate some stuff she hates. There was a nice sense of tension here. As far as the ""loves"" go, Shokrian found several ways to elaborate her signature karate pant shape, adapting the style into a jumpsuit, skirt, and particularly good-looking knee-length shorts. She also worked up new iterations of the envelope dress construction she debuted last season; here, she made the look more skin-baring and sexy, in keeping with the collection's overarching themes of plunging necklines and provocative cutouts. As for ""hate,"" it's the word she used to describe her feelings about her palette's two pop colors, kelly green and neon pink. Still, the pink was especially fresh-making, both as a highlighting detail and in a full garment such as a short plastic anorak. All in all, this was a typically sound effort from Shokrian and an unusually fun one."
4873,"In many ways, this latest outing from A Détacher was typical. Per usual, designer Mona Kowalska showed a number of sculptural dresses and tops that elaborated one construction technique in this instance, a kind of gathered knot. The innovative knits were likewise familiar, though new for the season; so too, Kowalska's distinctive graphic prints. But there were also a few aspects of this collection that made it feel out-of-the-ordinary. For one thing, Kowalska has tended to be a designer not much fussed about trends, but this collection featured a few key looks that sang with the chorus. Her knotted apron dresses, for example, made for one of the better iterations of a style seen on a few other runways this season. The A Détacher jumpsuits, too, fit within a pattern, and here, again, Kowalska's versions counted among the best. A fitted tan jumpsuit, especially, evinced a stylish ease. Maybe the trendiness was purposeful, maybe it was coincidental, but either way, women will be looking for these pieces come spring.  The really uncharacteristic thing about this collection, though, was that it hinted at sex. A one-shouldered cobalt silk dress slunk around the body. Spaghetti-strap sundresses were cut low and open in back. And here and there, necklines made a daggering V. It wasn't exactly va-va-voom, but a gentle suggestiveness filtered through the collection, and that was welcome. There were a few weak looks here Kowalska's trick of draping loops of material off skirt hems came off as affected, and the season's key print, a forest silhouette, just wasn't her best. Still, this was a solid showing and in that regard, pretty typical."
4874,"The Spring Rachel Roy lineup advanced the designer's inclusive approach to easy style with fluid silk pieces in a variety of ""dreamy and emotional"" prints, as Roy called them, which she mixed and matched. An abstract skull-and-bird pattern reminiscent of X-rays came on a wide-leg crepe de chine jumpsuit with an asymmetric neckline, as well as on an updated take on the caftan. Other feminine looks included a delicate chiffon eyelet dress and a slim illusion-print pantsuit, which got a glam boost when styled with accessories like crystal-studded platform sandals or sleek python cross-body bags. The finale number a one-shoulder amethyst silk gown with a thunderboltlike peplum cascade edged in contrasting lime-colored raffia provided the only moment of real drama in a collection that was otherwise utterly wearable."
4875,"Andrea Lieberman was recently named one of the 2012 CFDA/ Vogue Fashion Fund Finalists. ""I've worked really hard for the past few years and it feels great to officially be a part of the conversation,"" she said at a preview of her latest collection. But with 200-plus current stockists, she's been part of it, at least as far as retail is concerned, for seasons, and she's already got a leg up on many of her competitors in terms of sales. Compared to collections past, this lineup had a more casual vibe and was filled with updated, everyday pieces like tapered cargo pants with extra spacious pockets and featherweight cotton mesh tops with fluttery sleeves featuring trapunto stitching inspired by traditional kimonos. Continuing on that Japanese kick (also touched on by others like Miuccia Prada and Peter Dundas at Emilio Pucci this Spring), Lieberman showed kaleidoscopic shibori prints on silk maxi wrap skirts and slim trousers with woodblock stripes. Ultimately, the item we're betting all our chips on here is the pair of tailored wool board shorts with geometric hand-beading. Sure, we've seen plenty of others like them this season, but on-trend with a personal twist is Lieberman's contribution to the conversation."
4876,"Maison Martin Margiela is very much a Parisian brand, but its younger sister, MM6, is a New York label at heart. Not only did the line just open a store on Bleecker Street last month, but today was the first of its New York fashion week presentations (the label confirmed that it will be part of the official New York calendar for seasons to come). So it's only fitting that the clothes took on the same raw, urban vibe that its home base is known for. There was a series of grayish chambray and white separates with inside-out dart details that were paired with signature MM6 booties like the ones snapped on the streets last season. Some looks had a military feel to them a khaki trenchcoat and slouchy sweatpants shown with high-top sneakers come to mind. There was also a full printed getup that had a faded camouflage illusion to it. But the most memorable of all was a three-piece sweat suit, with trouserlike pants and a jacket with a blazer silhouette. Just what every city girl needs."
4877,"A spin through Suno 's studio a day or two before its show can feel like a trip to a good vintage shop everything one-of-a-kind, with the only thing holding it all together being the proprietor's well-trained eye. Undoubtedly, the Suno vision is eclectic and unique. It's also quite winning. Forty-eight hours after that preview, Erin Beatty and Max Osterweis and their talented stylist Brian Molloy had spun runway magic out of the mishmash. Beatty and Osterweis remain as print-happy as they were several years ago when they launched the brand with Kenyan textiles. Today they're diversifying, sending out a geo-floral skirt with a soft gray leather zip-front jacket, and pairing a faded jean jacket and matching flounced-hem skirt with a striped button-down. Experiments in silhouette were also front and center. A tracksuit in a blue and red etched floral had the blouson proportions of Issey Miyake; long, nearly knee-grazing tunics worn over full-leg pants were also striking. Still, it's the prints that remain the selling point here. Proof that designers can have a sense of humor came in the form of a shirtdress featuring an oversize motif of ancient cell phones. The bright teal and red floral jacquard of a blazer and an A-line skirt aimed not at the funny bone but rather at the heart, or wherever desire resides. Some of the layering felt heavy-handed, and we're not entirely convinced that the more mismatched of the looks would play outside of fashion circles. What did work unequivocally was Suno's first foray into full-on evening: a pretty spaghetti-strap floor-length dress in buttercup yellow dotted with violets."
4878,"Jill Stuart has long been typecast as the good-girl designer, but today's show proved she has somewhat of a naughty streak, too. Inspired by Kim Basinger's character in L.A. Confidential (who is oft referenced in fashion), Stuart's new collection channeled a certain faded Hollywood glamour with boudoir-ready pieces in a muted palette of champagne, black, and lipstick pink.  A satin bralet top and tap shorts set came topped with a cargo-pocket jacquard trench, for example, and a slouchy silk suit offered pajamalike ease if you're into that trend still. While see-through lace nightgowns and cropped bustier tops with sheer organza sleeves and high, ruffled necklines seemed relatively sexy for Stuart, they were still utterly feminine and PG-13, in keeping with the label's customers. Meanwhile, disco-ball-sequin peplum tops and slinky tank gowns maintained the glam factor here."
4879,"Here's how the program notes stripped the first outfit to its bare bones: ""Ruby Jean, T-shirt, short."" Thinking back to last season's surreal extravagance, it was brutally clear that speed was of the essence for Marc Jacobs this time round. The show started at eight on the dot. It was over five minutes later. With her blond hair and dark brow, her T-shirt and ballet T-bars, Ruby Jean was a twenty-first-century spit of Edie Sedgwick. On the soundtrack, The Fall did their more than passable imitation of the Velvet Underground's glorious racket. Jacobs was arrowing back to the Factory, the icy pinnacle of New York cool where Edie reigned as the archetypal It girl, and the monochrome, amphetamine-sharp brilliance of the designer's vision cut a precise swathe through all the uncertain murk that swirls around pop culture right now. It was so simple. Back to those notes: T-shirt, coat, slip, skirt, suit, bra, etc., etc., etc. No embellishment needed. Jacobs distilled a radical moment of transition in style, between the suited young ladies of the early sixties and the free spirits of the later part of the decade, the kind of woman Edie was, passing from preppy-proper to pilled-out style icon in her patent leather and leopard spots, petaled hems and smudgy mascara-ed eyes. And stripes. So many stripes, parallel lines, black and white and sequined, like Lou Reed lyrics coming to life. But it's the genius of Jacobs that something that was so powerfully evocative of the past didn't seem retro or nostalgic. This is partly because his approach to anything that came before is so obviously cavalier. Look at the ease with which he renders his own immediate past as in last season, with its OTT headgear quite literally old hat. More to the point, it's also because the stripped-down nature of these clothes just looks right right now. Ruby Jean's T-shirt? Obvs. But Jamie Bochert's jumpsuit of sequined stripes had the kind of linear immediacy that would surely generate a why-didn't- I -think of-that? moment for other designers. And, as far as radical moments of transition go, all those skewed suits with their visible bras and hip-slung skirts felt like the slyest assault on Republican propriety that fashion is likely to mount this election year. Change from within? It wouldn't be the first time Marc Jacobs insinuated subversion into the heart of high fashion."
4880,"Androgyny, but soft. Ease and sensuousness. Beachside bohemia, ? la fran aise. Backstage, before her show started, all you had to do was listen to Vanessa Bruno tick off her list of key themes for the season to know that she had taken up residence in her sweet spot. And her collection didn't disappoint: Suits aside, this was a show premised on vacation daydreams. Oh, to be in St. Bart's, or Saint-Tropez, or one of those other insouciantly fancy French-speaking beach spots, where one of Bruno's long sand-toned sundresses, or her white-and-blue wallpaper-print jumpsuit, would look right at home. Actually, Bruno's sundresses and her (admittedly tricky to wear) jumpsuit would look just fine on the mean streets of Paris or New York. As usual, the designer applied just enough urbanity to this collection to make gauzy vibes viable. That was nowhere truer than in her tailoring this season's cropped trousers and little jackets with a kick at the back will go down a storm at retail. And her bias-cut silk skirts had a low-slung, lazy cool. The seersucker stripe, frond print, and broderie anglaise threatened to tip Bruno out of her sweet spot and into saccharine-ville a bad neighborhood. But in general she kept things sharp."
4881,"Tucker designer Gaby Basora had music on the mind when working on her Spring collection. But unlike most designers for whom music translates into leather jackets, ripped T-shirts, and tight jeans Basora was feeling a different rhythm. It had a lot to do with the book she was reading, David Hajdu's Positively 4th Street , a biography about Bob Dylan and the Baez sisters. ""It feels a little edgier and urban than the folkloric legend in the book,"" Basora said. ""But ultimately you think of those girls and their boldness."" Indeed, you could imagine Joan soulfully strumming her guitar in any one of the label's new prints (which were more vibrant than usual), from the knee-length shift dresses to the floor-skimming skirts. Orange gingham pieces, meanwhile, could've stepped off the stage at Woodstock. The standout pieces, though, were a pair of high-waisted striped trousers that recalled rock legend Mick Jagger and a silver cotton Lurex pantsuit that brought to mind the famous white one worn by Bianca. Despite crossing between musical genres here and there, we'd still say this collection was a hit."
4882,"Last season, we wrote that Alessandro Dell'Acqua was still searching for an identity for No. 21 . For Spring, it came into focus. These days, Dell'Acqua is all about the mix: masculine and feminine, high and low, sportswear and lingerie. Boxy, oversize button-downs buttoned all the way up to the collar were shown tucked into sexy little pencil skirts, and pencil skirts were either printed with neoclassical vestal virgins (the past), overlaid with silicone (the future), or cut from plain cotton poplin in front and more provocative lace in back. High and low, meanwhile, came together in a dress sheath densely embroidered with Swarovski crystals and metal bottle caps. Where's the middle ground? Dell'Acqua avoided it this season, preferring, as his show notes explained, to see through the irreverent eyes of the Tumblr generation. This reviewer knows a few of those types, and they left the No. 21 show raving about all the pieces to wear. Leaving aside all the looks stitched with clusters of beads in Y-shapes underneath the breasts those were puzzlers, for sure we're prepared to agree with them."
4883,"The theme may have been ""Total Darkness,"" but Jen Kao 's new collection her most focused to date proves that right now, everything is illuminated for this young designer. Inspired by the concept of structured haikus, Kao's Spring lineup combined asymmetrical hemlines and origami-like folds with high-tech sportswear fabrics. The result was clean, wearable pieces that still had a poetic edge to them. Rip-stop judo jackets and pants came accented with rubberized mesh that glowed in the dark, for example, and a simple shift dress was cut from Latex-bonded jersey that's typically used for athletic compression braces. Kao further nodded to Japanese culture with the stacked wooden geta sandals that the models expertly clomped around in, as well as block-print T-shirts portraying ""en masse manta ray migrations"" (sounds weird, looked cool). The finale look a camouflage denim utility jacket with bungee-cord trim and matching jeans was ultimately the most covetable here. While it was also the most trendy moment this season, it was still distinctly Kao's."
4884,"The weather in New York is getting brisker, but the folks at Osklen are planning for an ""endless summer."" At least that's what designer Oskar Metsavaht titled his latest collection for the Brazilian brand. ""Think about the best kind of summer day, when you wake up before the sunrise and spend the whole day at the beach,"" said Metsavaht (a former surfer) backstage before the show. The clothes riffed on California surf culture and the Brazilian soul of Ipanema which provides for just the right selection of clothes to pack for 24 sun-kissed hours. Model Ros Georgiou opened the show in a head-to-toe white look whose fabric mimicked the graphic pattern found on the sidewalks of Rio. One Brazilian market director made the connection instantly.  But with it being Osklen's NYFW premiere (the label has shown at São Paulo fashion week in the past), Metsavaht's goal wasn't just to capture the attention of his fellow Brazilians. ""We are ready for a new audience,"" he said. ""I am excited for Americans to see our style."" Transparent organza tops printed with colorful beach landscapes were layered over silk pants, and a formfitting crop top was accented with rubber closures. There were skinny neoprene pants paired with striped tunics, and a linen jumpsuit with an open back. Those pieces would work nicely for a modern girl in America and beyond."
4885,"In a Milan week that's been dominated by discussion of the new minimalism, it was the anti-minimalists' turn to talk tonight at Aquilano.Rimondi . Backstage Tommaso Aquilano rattled off the duo's influences this season: Fellini's La Strada, couturier Roberto Cappucci, the Venice Carnival none of which were a surprise given their commitment to all that is good and Italian. But new on their moodboard and on the runway were the references to Japan. How's this for anti-minimalist? On the bodice of one tiny dress a Kabuki character appeared in profile.  That was just the start, though, in a collection that had more of molto. Aquilano and Roberto Rimondi focused on two silhouettes: mini and midi. But short or long, there was a lot in play. Electric color-blocking, graphic harlequin jacquards, fan prints and embroideries, obi belts, and contrast ribbon borders a different one for each look, Aquilano claimed. The beauties mostly belonged to the long category: A peplum top in that fan print and horizontal stripes worn over a split-seam pencil skirt in a scarf print was particularly sublime. Alluding to the designers' love of embellishment before the show, one top merchant said, ""It's unlike anything in the market."" That's truer than ever this season when their against-the-grain approach could make them very popular with retailers."
4886,"In reviews of previous Felder Felder seasons, it's always seemed important to point out that designing twins Annette and Daniela Felder are exceptionally lithe and long-limbed girls who stand about six feet tall. That fact helped make sense of the Felder Felder clothes: To a great extent, Annette and Dani design for themselves. But something has changed, and the size and shape of the Felder twins doesn't seem so relevant anymore. The poised and pretty collection they showed today was stocked with clothes for women with all kinds of bodies, like soft suede suiting and relaxed halter-neck gowns. Even the Felders' trademark fit-and-flare dress has evolved, taking on a more supple and forgiving silhouette. This season also charted real growth in separates. Flared shorts, crop tops, sheer palazzo pants, and trim, V-neck button-downs all added dimension to a collection that was still, mainly, about dresses. The Felders should keep emphasizing those kinds of mix-and-match pieces, because they worked. And they should continue to develop their vocabulary of embellishment: This time out, they traded their usual punkish studs for fluttering scraps of chiffon, and in general, that worked, too. (Though a little of the chiffon went a long way.) Overall, this collection proved that the Felder twins can design for a more mature albeit still youthful clientele. As noted above, they do design for themselves."
4887,"Stripping back and focusing on what fashion is really about for them is the order of the day for many designers this season. And many of them are spelling out their agendas in graphic black and white. James Long is no exception. ""I asked myself: Who are the girls I really like "" he said at his presentation today. ""I wrote a list of them. I decided the girls I liked were not squeaky clean; they are more wipe clean!"" For this collection, top of the list came PJ Harvey. ""I saw her recently at the Albert Hall; her show was stripped-back, that concentration on her,"" Long said. ""I found her inspiring, although I always have."" Up there too was Winona Ryder's character in Beetlejuice , Lydia Deetz. Mixed with this direct feminine inspiration was the graphic work of the artist John Baldessari, particularly his approach to text. The two influences met in the handwritten, doodling embroidery on some of Long's garments, the written list bound into the material like girlish love notes in a school exercise book, though these were penned by the designer himself. Long is learning to reconcile the masculine and feminine in his output he is somewhat more established as a maker of menswear and in his case, that means the two are converging more and more. The pleated motif that recurred throughout his collection is one that was established in the men's Spring clothes; the leather particularly his signature leather jackets and shorts and knits are both fundamentals introduced in his earlier collections for men. Today he was decidedly on the right track; men and women are not so different after all. And many of the standout pieces did have a tougher, more masculine edge: the belted sundresses, for instance, that had the thick leather strapping around the chest, or the chevron-stitched leather jacket that simply shifted from one sex to the other. ""I don't know girls who wear lace, so why would I do lace "" said Long. Instead, there were graphic stitched cutouts on skirts that sufficed for decoration together with the earlier writing, and something the designer referred to as ""ecto-slime"" braiding. Presumably, he was possessed with the spirit of Lydia Deetz with that one quite useful for a male designer in the womenswear world."
4888,"The Schubert piece that was playing as invitees entered the huge, purpose-built salons where Raf Simons showed his first ready-to-wear collection for Dior today was familiar, especially to fans of The Hunger , David Bowie's 1983 vampire movie. Simons is an ardent Bowie-phile, and the very individual choice of music was the first sign that the designer was about to impress his personality on the massive edifice that is Dior. Where Galliano achieved the same thing by amping up the house till it matched his own delirious, romantic, saturatingly sensual historicism, Simons took a long, cool look at the heritage and found the strictness, the rigor, and a different kind of sensuality. His soundtrack spoke volumes: Detroit DJ legend Carl Craig, who took over from Schubert after the show started, delivers techno with warmth. Another telling detail: At July's Couture outing, the salons were color-coded with Galliano-esque walls of lush flowers; today, the same color-coding was achieved with minimal, diaphanous curtaining. Rococo to Bauhaus that evolution speaks another volume or two. According to the show notes and Raf's own words the key descriptor for this new era at Dior is ""freedom."" But freedom from all restraint ultimately leads to the excess of self-destruction. What we saw today, by contrast, suggested an appreciation of the power of limits. How much more inspiring is discipline than free rein. That much was already clear, by the way, in the dress rehearsal that was Simons' Couture show in July. Its achievements were revisited here, starting with the cheeky Le Smoking passage that launched proceedings in both instances. It's been impossible to ignore the media-fanned flames of the Raf-Hedi face-off that this week has generated. Simons managed to make his tux jacket-dress both a riposte to the YSL rivalry and a manifesto for himself. He de-stuffed Dior's classic Bar hourglass silhouette by turning it into something for morning, noon, and night, worn with shorts, a skirt, or nothing. Simons is clearly going to be good at the de-stuffing thing. In his ready-to-wear, as in his couture, he carved off the big below-the-waist bit of a gala gown, leaving just the visual interest of its top half. Guipure lace was turned into a two-tone bustier mini. Double-facing was responsible for a spectacular set of oh-so-simple but high-impact pop shapes in bifurcated color. The collection's most stringently disciplined statement was also one of its best looks: Kinga Rajzak's navy and black dress in pleated tulle. Still, Simons' genuine, deep-seated affection for the tropes of couture is one of the qualities that has given a potent edge to all his design for the past few years. His full-skirted finale the severe black silk-cashmere knit top, the erotic, iridescent balloon of floral-printed satin duchesse distilled history into a special kind of twenty-first-century glamour."
4889,"Rachel Zoe had new muses today she name-checked Jane Birkin and Talitha Getty but nearly two years into her new contemporary brand her signatures are coming into focus. The stylist-turned-designer loves a pantsuit, and she put a lot of emphasis on them here. The flares she usually does, though, played second fiddle to a polka-dot suit with tapering trousers that the model wore with flats, and a black jacket and Bermuda shorts combo. Bermuda shorts have been a surprise hit on the Spring runways. The other half of Zoe's heart is California bohemian. Nothing exemplified the show's laid-back SoCal vibe so much as the oversize T-shirt slouching off one shoulder that topped a floor-scraping white paillette column skirt. Unless it was the pool blue chiffon maxi dress over which she belted a turquoise linen jacket. There were plenty of wearable pieces, but for all her fame and influence Zoe is still new at the runway thing, and this show felt over-merchandised. When a model walks down the runway in a floppy hat, sunglasses, and gold lariat, carrying an oversize bag slung across her body, it's easy to overlook the clothes. Something to keep in mind for next time."
4890,"Sometimes observers have a hard time reconciling the two sides of the designer Giles Deacon. On the one hand there is the cartoonish frippery he likes to lace his collections with, and on the other there is the dark, sexually charged sophistication that also seeps through. ""I want to unite the two sides in this collection,"" said Deacon just before his Spring show. ""I think in many ways the person I always come back to is Allen Jones."" The pop and perversity of the artist Allen Jones has been a touchstone for Deacon since he was a teenager, and a notion of ""Jonesian"" graphic delineation came to the fore in his Spring collection. There was an interest in graphic line, with Deacon's fashion illustrations sprung to life, and this was mainly explored through the use of black and white laser-cut leather and silk photo-prints; it was an illustrated woman who shifted along lines from punk to pop, and her motif was smashed glass. ""Initially I had been thinking about Jayne Mansfield and the place she occupies in pop culture,"" explained Deacon. ""She is such a graphic figure, comic and tragic. And is defined by that car crash."" For a while it was believed that Mansfield's fatal accident decapitated the actress, and it has made her the focus of obsessives ever since. ""She is a significant figure for John Waters and J.G. Ballard,"" said the designer. ""And I don't see why I can't like both."" The designer showed that humour and sex aren't mutually exclusive with a look that resembled a French maid's outfit with a Peter Pan collar: It had the connotations of Allen Jones' work, and also of a Benny Hill sketch. A silk dress with a photo-print of smashed glass and jewelry, together with one of Stephen Jones' artificial-hair hats, could evoke a camp crime scene or an illustration of a geisha or bombshell. The two sides of Deacon and his collection are not incompatible, and it's the sense of intense craftsmanship within his design sensibility that ultimately binds them together."
4891,"Guests arriving at today's Ohne Titel show were greeted by a curious piece of art an installation of balloons with a distinctly mammary look created by Jason Hackenwerth, one of the artists cited by Ohne Titel designers Alexa Adams and Flora Gill as an inspiration this season. The other was Karl Wirsum, and in particular his drawings from the late sixties. The artist's influence was legible once Gill and Adams pointed it out it was there in the collection's playful palette, and in the curvilinear color-blocking on a lot of the clothes but it was hardly overt. Whereas the key, unmentioned reference point this season was Ohne Titel itself. Much of this collection comprised looks that reiterated ideas from Gill and Adams' past shows: short fit-and-flare silhouettes, body-mapping paneled construction, optical black and white, blue and black, and red and cream knits. And a major theme of this show the use of wide-net mesh in paneled pieces was a direct quotation from Fall 2010, Ohne Titel's breakthrough season. Still, the reiterated ideas read less as repetition and more like consolidation. Adams and Gill have figured out the Ohne Titel signatures; they know what works for their brand and their customer. The mesh, in particular, was very much welcome back especially in this collection's evolved, perforated leather pieces. The final look, a short, perforated leather dress with an almost luminescent revealed lining, was a high point. Elsewhere, Adams and Gill turned out T-shirt-shaped intarsia knit dresses and silk blouses bearing the season's curvilinear graphics, and silk separates with a sporty mien. The collection didn't advance much on previous ones the primary new idea was a kind of floating shoulder construction but the designers' reinterpretation of past themes was solid."
4892,"India was Vera Wang 's starting point for Spring. She isn't alone. Other designers have fallen for the tunic-over-pants look and diaphanous layers this week. Literal references weren't really Wang's focus, though. Rather, what she had to offer were textures, prints, and colors and plenty of them. The results were sumptuous. The first quarter of the collection was all white: The show started with an almost plain cotton cutaway jacket and a cotton voile dancing skirt. A V-neck shift was covered shoulder to hem in dense soutache embroidery. Another look delivered surface appeal via lace jacquard, guipure, and cotton eyelet. But when the color came in, it came in strong: azure blue, navy, amethyst, cypress green, chartreuse, culminating in gold. Wang was in mix mode today, pairing a narrow tunic embroidered in gold bullion with a swirling skirt in a wallpaper print, or teaming a beaded boy tank with brocade Bermuda shorts. Still, the prettiest numbers in the show were the sleeveless sheaths in Chantilly lace utterly simple but bejeweled at the waist or on the shoulders. Manhattan or Mumbai they'll play anywhere."
4893,"The Fendi show today began and ended with a big bang: the first a huge balloon popping to allow the models onto the catwalk; the last an explosive print that dissolved into an infinity of starlike sparkles. In between came a meditation on modernism courtesy of Karl Lagerfeld and Silvia Venturini Fendi, who never stop putting futuristic spins on the 87-year-old house's traditions. Here, for instance, the duo were ""doing modern our way, with our techniques"" according to Fendi. ""There are no machines; it's all by hand."" This rare feat was obvious in coats composed of a marquetry of fur or fabric. Almost as impressive, though not as showy, was the fact that the collection was seamless, using saldatura, or some kind of electrical welding, instead of stitching. It guaranteed that the leathers and fantastic crocodile napas looked feather-light. The iconic Baguette had also been transformed, somehow stripped of all its metal parts and turned into a testament, said Fendi, ""to the power of perfect proportion.""  The designer mentioned the perspective of the frescoes in the Sistine Chapel as a reference point for the way that dresses were multiple lengths or shorts had pannierlike pockets? so that your eye was drawn into them. Same effect with the black and colored borders that ""framed"" the clothes. The idea was apparently three-dimensionality. That's why the referencing of Anish Kapoor made a little more sense, given that there was something more sculptural than painterly about the silhouettes. And if all of that sounds a bit much for a fashion show on a Saturday morning in Milan, you should also know that the clothes in this particular Fendi show were a lot of fun. Lagerfeld's crepe silk Big Bang shift was Milan's best cocktail dress; the leather coat with the upside-down F for Fendi was the cleverest piece of Russian Constructivist branding we'll see all season; and the bags and shoes should keep kids entertained for hours. One pair, for instance, arrives with a set of uppers that will allow you to compose your footwear at will, Lego-like. And by hand, of course."
4894,"At Gianfranco Ferré today, the action on the runway played second fiddle to the intrigue going on behind the scenes. According to reports, there's a legal battle brewing between the company's current owners, the Dubai-based Paris Group, and Italian state commissioners. For the time being, it appears that the jobs of Stefano Citron and Federico Piaggi, hired to relaunch the brand over a year ago, are safe. Which is good news. The designers seem to understand Ferré's legacy; on the runway this afternoon they continued their work to streamline his eighties architectural flourishes into something believable for the present day. The mostly white and black collection keyed into one of the stronger undercurrents of the season. There were some sharp little dresses in the mix with what the press release described as ""hyperbolic décolleté"" lined in shiny python, and an evening look that consisted of a wide bandeau above a high-waisted, split-hem long skirt was sexy in a tough way.  The question is, does it matter? Two years in bankruptcy, followed by a long-running legal dispute have done serious harm to the already sadly dwindling cachet of the Ferré label. Clothes alone might not be enough to build it back."
4895,"Part of it had to do with the powerhouse front row Jessica Chastain, Kate Bosworth, the Knicks' center Tyson Chandler (all 7 feet, 1 inch of him) but the energy at Joseph Altuzarra's show tonight was popping. After Fall's breakout collection, the audience was expecting big things from the CFDA's Swarovski Award winner for womenswear. And big things is what he gave us. Actually, make that many small things that produced a big impact. Starting with the jackets. Altuzarra proved himself a standout tailor last season, with his focus on outerwear. Here he came up with a clever way to stretch a blazer's lifespan well into summer: vents through which you put your arms like a cape, rather than the sleeves, so that the jacket stays in place on your shoulders. ""It's how editors wear their coats,"" he said of the genesis of the idea. His fabrics deserve a mention, too: railroad stripes like the OshKosh overalls you wore as a kid (one of the week's burgeoning trends), and a brown the exact same shade of clay that Carhartt uses. Breast-pocket patches announcing the Altuzarra logo were another thing he borrowed from the workwear brands. No one is going to be driving spikes in these things, but they nonetheless had a no-nonsense feel that will put them at the top of women's spring shopping lists. The evening numbers, in sharp contrast, had an almost couture sensibility, constructed as they were with lavishly bejeweled and embroidered silks wrapped around the torso and neck, trailing gold chain fringe. But here again the designer instituted his fuss-free policy. They all came with deep zippers down the back for slip-on-and-go ease. Altuzarra is a big believer in the power of one piece more time to buckle up your knee-grazing Gianvito Rossi for Altuzarra sandals! and picking up where his Resort line left off, he showed a trompe l'oeil dress that looked like a banker's button-down tucked into a high-waisted printed silk pencil skirt. ""M-A-J-O-R,"" a colleague pronounced when the last model did her victory lap. You'd have been hard-pressed to find a fashion-loving soul in the house who disagreed."
4896,"After an impressive Fall debut that earned her some serious buzz,newcomer Tanya Taylor presented her sophomore collection tonight to apacked house at the Museum of Modern Art. Hype aside, Taylor has thetalent and determination to actually make it in this industry. She spentmonths persistently cold-calling MoMA to secure the venue(it's the first time the museum has hosted a fashion show), and alsobrought in the Nouveau Classical Project to perform a custom orchestralscore for the occasion. Spring was inspired by the famed Sandy Lane hotel in Barbados, whereTaylor's own wedding will take place in April. Browsing through theresort's archives, she gravitated toward vintage 1960s florals, whichshe re-created as a mod hibiscus print. The hand-drawn pattern appearedona sporty knit varsity jacket, as well as on an all-over-sequined,strapless column gown styled with a boxy double-breasted jacket slungover the shoulders. Explaining the latter look, Taylor said, ""I imaginedmy girl this season to be on a sort of self-enforced vacation. She wouldtotally wear something like that [evening dress] while lounging aroundthe pool and not care if everyone was staring at her."" The cute bustiercrop tops and A-line frocks with side cutouts contributed to thefeminineand flirty tone. Based on this lineup, we're excited to see Taylorcontinue to evolve her clever aesthetic."
4897,"Francisco Costa closed New York fashion week with a collection that delivered a strong sexual charge. Backstage he said, ""It's erotic again, a continuation of last Fall and Spring,"" and cited as references the late Carolyn Bessette Kennedy, the artist Carsten Nicolai, and the power and precision of cars. The Calvin Klein girl may be a pinup next season, but she's an intellectual too. Costa opened with a black satin conical bustier dress, the model's belle poitrine outlined in silver. All signs pointed to the bust as this collection's erogenous zone. But Costa didn't ignore the waist or the legs, either. Peplums played a starring role, and narrow belts accented most of the looks. A pair of putty-colored silk gazar numbers might go down as the shortest dresses this designer has ever put on a runway. As we said, though, this show had brains as well as beauty. What made it trademark Costa was the interesting fabric play. Adding a white lining to the black mesh he used for a skirtsuit produced a vibrating moir? effect, as did the parabolas of what looked like leather embroidery on a pair of dresses. These weren't just experiments for experimentation's sake. They were great looking. Another provocative idea, this one inspired by cars: draping a strapless cocktail dress from a gold metal frame. Ladies, rev your engines."
4898,"Sicilia announced dresses made from raffia sacks that might have held flour in a past life. Domenico Dolce and Stefano Gabbana returned one more time to Dolce's native Sicily for Spring. Side by side with those raffia numbers were umbrella-stripe separates, dresses printed with street-theater puppets, and tops and skirts emblazoned with the collectible head-shaped vases and dishes native to the Caltagirone region. The models wore souvenir scarves in their hair and chandelier earrings in the shape of those street puppets. Sound kitsch? You bet it was, maybe even more so than their hot pepper fest of a Spring show last year. The designers have landed on a winning recipe and they're sticking with it. Once again, this was a crowd-pleaser of a collection. The show-closing corset and ""crinoline"" made from bent cane like classic Sicilian baskets sparked a spontaneous round of applause. But if that won't find its way into anyone's closet, much of what was on the runway today will. The striped pieces deserve a special callout; they had a casual appeal that felt fresh for the designers. As successful as the Dolce & Gabbana formula is, though, it's starting to become almost too predictable. It might be time for the pair to move outside their comfort zone."
4899,"Tracy Reese is riding a wave this week after Michelle Obama wore one of her dresses while addressing the Democratic National Convention on Tuesday. That's some serious product placement, and Reese kept the momentum going today with an energetic Spring show. Revving up the colors, embellishments, and prints even more than usual (you'd never call her a minimalist), Reese made sure to balance things out with looser silhouettes. ""I wanted it to be strong but relaxed, and never too precious,"" she said backstage. Away-from-the-body clutch coats came in a lightweight jacquard as well as in laminated linen (the latter version also featured a cool, perforated leather hem), and slouchy silk trousers got a glam boost from ikat-patterned beading or mirrored ""shingle"" sequins. In general, separates like a mash-up moto jacket and funky, floral embroidered button-downs (reminiscent of old-school Hawaiian shirts) upstaged Reese's typically best-selling frocks this time around. Nothing here approximated the first lady's winning, iridescent brocade number from the other night. But then again, who would dare try to outdress Mobama anyways?"
4900,"Co 's Stephanie Danan and Justin Kern premiered the short film for their Fall collection, Tependris Rising , on Style.com last month. In the weeks since, they've been approached about turning the funny little flick, made in collaboration with Mrs. Tependris' alter ego, the artist Konstantin Kakanias, and a slew of other creative types, into a half-hour show. And they've enjoyed similar levels of enthusiasm about their new Spring collection. Forty Five Ten in Dallas, Isetan in Japan, and Boon the Shop in Korea have all picked up the L.A.-based line. As ever, the clothes are designed with women like Danan, a film producer-turned-designer, in mind. She's a working girl who loves fashion but not necessarily trends; a sophisticate who doesn't want to spend a fortune. There were fuchsia separates here a departure from their typical all-black lineup but you won't, for example, find a single print. If the overall mood was lighter than usual, you can chalk that up to the laugh-out-loud-funny Mrs. Tependris herself. The mini-movie took eight months to make, months that overlapped with design time for Spring. Lightness came through in a few ways: Many of the dresses were A-line or tent-shaped, almost filled with air. And adding low-key cotton poplins was another way to emphasize a fresh, relaxed mood. Still, the best look was an outfit of the more dressed-up variety: A black camisole strewn with ostrich feathers at the hem, worn with black cigarette pants and a short-sleeve jacket took its chic seriously."
4901,"Naomi Campbell, Angela Lindvall, Karolina Kurkova. They all walked in Zac Posen 's show this evening, and the supermodels weren't the only things vintage. The music was popular standards like ""Moonlight Serenade"" and ""Sunday Kind of Love,"" and the pacing was practically glacial. The weather cooperated, and it was a beautiful night on the terrace of Lincoln Center's Avery Fisher Hall; but the designer wasn't doing himself any favors on the production front. It's too bad if people went away cranky, because he put together a lovely collection.  The clothes also had a retro patina, but if some of the skirtsuits looked stuck in the 1940s, other numbers were pleasingly old-school. The sweetheart-neck, patchwork floral day dresses that Lindsey Wixson and Marihenny Rivera Pasible modeled would be an easy sell with the street style set why haven't those peacocks discovered Posen yet? After dark, a silk crepe evening jumpsuit and a tulle bustier worn with flared wide-leg satin pants moved the proceedings forward a few decades to the Studio 54 era. Most of the designer's attention, though, was focused on gowns, and one thing he's learned over the years is that timeless plays on the red carpet. So does color the color story here was gorgeous. You could picture either Gwyneth Paltrow or Grace Kelly nabbing the best-dressed prize in Posen's jade green duchesse satin and tulle strapless ball gown."
4902,"The grave young bohemians parading up and down the Clements Ribeiro catwalk today were curious creatures. Who were they, with their detached nonchalance? Where were they going garbed in their retro eccentricity and their flat plastic sandals? Anyone who saw Wes Anderson's Moonrise Kingdom had a head start on the answers to those questions, because they'll already know about Suzy Bishop's idiosyncratic style, as well as her affection for French chantoozie Françoise Hardy, whose plangent tones soundtracked the show. But people who weren't as familiar or as taken with Suzy's tween precocity as Suzanne Clements and Inacio Ribeiro might have been less willing to surrender to a collection whose spirit veered toward groovy Provençal schoolmarm (Suzy's teacher, in other words). In a low-key, somewhat flat presentation, the designers used Suzy as a bridge back to their own archive: a checked skirt with a striped cashmere sweater, a quirky detail like a fluoro orange belt on a shirtdress, the contrast of a black moir? skirt and a top trimmed in turquoise lace the off-ness of such looks was quintessential Clements Ribeiro. In a perverse way, these were clothes for connoisseurs, because it required a particular kind of mind-set to appreciate the long, sheer black or white dresses covered with huge paillettes, or the black dress embroidered with red carnations and layered over a skirt trimmed in bobbles and more of those paillettes. (Everything always with those plastic sandals.) Schoolmarm? Perhaps. But also artist's wife. Or anything where a love of craft is attached to a devil-may-care attitude."
4903,"When Starr Hout and Laura Cramer put Apiece Apart on hiatus a year and a half ago, they hit the brakes on a brand that was just picking up speed. The concept of Apiece Apart was that it was a modular wardrobe: Cramer and Hout made aggressively simple clothes elegant, adaptable, and ageless that were intended to be mixed and matched through seasons and years. Pretty much any woman could find something to love in the line, and in fact, their clothes may have been too universal for their own good. Now, with new backing in place, Cramer and Hout have returned with a collection that feels significantly more specific, while still maintaining the brand's original blank-canvas appeal. On the whole, the silhouettes felt more youthful and the vibe more casual this time out. There was an emphasis on crop tops and halter dresses and skirts and trousers with a bit of slouch. The hint of volume even in simple tees gave the lineup a feeling of lightness; likewise, the touch of drape to fitted silhouettes, like high-waist pencil skirts, conveyed a sense of ease. As in previous seasons, the palette was winningly offbeat, an intuitive mix of whites and sand tones, buttercup yellow and a range of Indian pinks, plus forceful indigo blue that came off strongest in their Japanese stripes and block prints. The fabric mix was eclectic as well, moving between earthy burlaps and technical materials with a crisp yet relaxed hand. The clothes here still felt mutable with very few exceptions, you could wear all these looks to the office, out to dinner with your boyfriend and your potential future in-laws, or to the Brooklyn Flea. There's something deeply ""appropriate"" about the Apiece Apart aesthetic, which goes to the brand ethos of creating clothes that just plain work. Cramer and Hout are those rare designers who mean it when they say they want women to wear their clothes, and not the other way around."
4904,"Season after season, the team at Hervé Léger by Max Azria takes thelabel's signature body-con dresses and proves that there are infiniteways to wrap a bandage. Backstage before the show, designer Lubov Azriaexplained that the latest Spring batch was inspired by the quilts ofGee's Bend, a rural community in Alabama whose women have developed adistinct style of traditional patchworking over the past two centuries.The influence gave the collection an added dimensionality seen ingeometric patterns and passementerie appliqué details. Look 21, amauve-colored mini with a scalloping halter neckline and sapphire blueembroidery, best exemplified the new experimentation with texture here.Elsewhere, kicky flared numbers featured basketwoven strips interlacedwith silver chains that glinted on the runway, and sexy cutout maillotplaysuits were intended for the toned and the brave. Harnesses accentedeach of the stretchy looks. Some of this was familiar territory, butthose aforementioned textured pieces kept the lineup fresh."
4905,"Designers often talk about wanting their clothes to have a sense of ease. The new Opening Ceremony collection conveyed something slightly different: a sense of un-hurriedness. According to OC's Olivia Kim, the collection took inspiration from Key West, absorbing the pastel palette of its Victorian houses and riffing on poolside pi a coladas by dappling clothes with crystal pineapples. All well and good, but these clothes were a touch too genteel to reflect the Key West ethos; instead, they conjured life in a small Southern beachfront town, the kind of place where good girls wear cute-as-pie gingham dresses, bad girls are slicked out in skin-baring crocodile frocks, and rich girls waft around the country club in cloudy taffeta pants, and for all involved, popping to the shop for a soda represents an aggressive daily agenda. The clothes practically had a drawl. Of course, Opening Ceremony being Opening Ceremony, there was plenty of frenetic activity concealed in this chillaxed lineup. For instance, this season marked the debut of the brand's sort-of denim range sort of, in that the jean jacket jumpsuits and motorcycle vests and so on were actually made out of nubby chino. A capsule collection of jersey basics launched as well, while several new styles were added to the fast-expanding range of Opening Ceremony bags. The collection as a whole benefited from the ongoing development of OC's knits, with a particular emphasis this season on pointelles and ultra-fine, glossy sheers. The design team outdid themselves in elaborating their gingham theme, creating intarsia-knit gingham and a squishy technical gingham to go with the collection's traditional cotton pieces; there were also gingham-print sunglasses. Oddly, though, for all the hustle and bustle, there was very little news. The ultra-fine knits and the voluminous taffeta trousers were good additions to the Opening Ceremony vocabulary, and the introduction of jersey and denim (or ""denim"") was inevitable and perhaps even overdue. But in general, this collection didn't break the OC mold nor, for that matter, was it trying to."
4906,"Calla Haynes' brand Calla is known for its prints. But this season, like a lot of print-focused designers, Haynes turned her attention to broadening the scope of her line and emphasizing other elements. Texture was key here: Haynes sourced some remarkable materials, including a glossy tweed and fuzzy jacquard fil coup? , and she worked with the legendary couture atelier Maison Lemari? in Paris to create a cocktail dress of feathers and tulle. Frankly, though, the tweed and jacquard didn't feel fully explored or integrated, and the cocktail dress, which could have been extraordinary, was merely very pretty.  Haynes did better with her other challenge this season, which was to add some casual zip to her line. The cropped motorcycle jackets in printed raincoat taffeta looked fresh, and a simple sweatshirt and skinny jeans ensemble got a major kick from its terrific, blue-toned foliage print. Elsewhere, back on familiar turf, Haynes turned out a clutch of cheerful minidresses, the best of which featured that foliage print and an almost-bare, tulle-covered midriff. An utterly straightforward A-line sheath in an abstract-expressionist-style print made for another strong look. It may be that Haynes does well with her prints because the weirder, creepier, or more jarring they are, the more they cut the treacle of her girlier looks. At any rate, this collection held a lot of promise for Calla: Haynes is testing her brand, and in the right ways. If the results this time out weren't as confident as the clothes in Calla's New York debut last season, that's understandable. Stretching yourself is hard."
4907,"Some fashion shows are like a trip without the acid. Or, at least, a ticket to a wingy elsewhere. Free your mind, and Anna Molinari's show today could be viewed as a country-house costume-box production of A Midsummer Night's Dream . Think Art Deco fairies. Handkerchief-hemmed chiffons, Delphic knife pleats, moonlit trims of silver lace, and a shimmering haltered smock went a long way toward evoking an ethereal Other. The past echoed effortlessly in other areas of the collection. Coppery draped lamé, slinky black silks, the quintessentially Deco shades of mauve and eau de nil , and the vaguely Japanese floral beading had an odor of period decadence. But it was definitely more downtown than Downton ."
4908,"Pamela Skaist-Levy didn't miss a beat when she was asked about the inspiration for this season's Skaist-Taylor collection. ""Authenticity, love, and friendship,"" she said. ""That cheesy enough for you "" Sure. But as today's presentation reaffirmed, Skaist-Levy and her partner, Gela Nash-Taylor, are fashion hit-makers precisely because they desire to be happy-making. Were the clothes here intellectually taxing? No. But they weren't dumb, either. With the documentary The Troubadour as their jumping-off point, Skaist-Levy and Nash-Taylor riffed on the look and vibe of L.A.'s late-sixties, early-seventies singer-songwriter scene, conjuring hippie-inflected eyelet dresses, macram? tops, fringed leather jackets, peasant blouses, and boot-cut pants. These designers aren't particularly literal, so the looks were finessed for figure flattery and mixed liberally with items, such as a crisp yellow tank dress, that didn't seem to relate to the Troubadour reference at all. ""All we really cared about was making really effortless pieces,"" Skaist-Levy explained. ""You know, the kind of thing you throw on and feel good in, whether it's a skinny day or a fat day. And pieces where you didn't have to worry about what kind of underpinnings to wear. Easy."" That attention to women's experience of wearing clothes is the emerging Skaist-Taylor signature. And as far as we're concerned, there's nothing cheesy about that."
4909,"Our review will be posted shortly. See the complete collection by clicking the image at left. This season, we are presenting several instant shows each day, so that you can see the runway images in as close to real time as possible. These shows are marked on the site with a red Instant banner. Come back a little later to see the same show with full functionality, including zoom, video features, and detail, beauty, and front-row shots.  Click here for a complete calendar of our Spring 2013 ready-to-wear show coverage."
4910,"At a Monique Lhuillier show, there are gowns and then there are gowns . The latter are the ones that seem impossible to make so great the number of beads, so vast the quantity of tulle and are designed for occasions that come with camera crews. As usual, Lhuillier's show closed with a clutch of these stunners, but it was the cocktail looks that preceded them that gave the collection a splash of modern vitality. A splash because Lhuillier was water-inspired this season (sailing around the Mediterranean will do that to you), and her arresting digital prints had aquatic subjects like an abstracted crane, rounded fish scales, and an oversize koi. A pair of slim white pants in crepe georgette with a turquoise scale print looked even slimmer thanks to the curvy way the image wrapped down from the hips and in at the knee. And an ink-blue tank dress with a fluttering hem popped like an art piece, its mirrored wing imagery making strong graphics from top to bottom. Lhuillier worked a peplum throughout, on strapless, belted tops and in wavelike curves that swooped out from the waist and met between the legs on sexy, sculpted leather dresses. The collection's lines were strong, but the quibble here is that we saw a lot of the same silhouette. A tighter edit would fix that next time and help eliminate the very real problem of glam fatigue. When a floor-skimming, sequin-shouldered, gold-dusted frock embroidered to look like it's covered in shimmering coral comes sweeping down the runway, you want to be ready to take it all in."
4911,"Tired of neons and tropical prints yet? Elie Tahari isn't. The commercial designer stuck by those familiar trends with a Spring presentation intended to channel a lively cocktail party at one of Richard Neutra's Palm Spring residences during the 1950s. A signature sheath in laser-cut lace mixed leopard and palm branch motifs, while lime-colored cropped trousers featured an allover python pattern and contrasting fluoro trim. Tahari's favorite moment was an icy blue cocktail dress embellished with glasslike sequins that were slightly singed around the edges. Paired with strappy python high heels, that number was ready for the dance floor, to be sure. However, Tahari's customer primarily turns to the label for polished everyday staples, which were also included here and ultimately made a more favorable impact than the rest of the bright, busy lineup. An effortless navy silk button-up tucked into slim, tonal leather pants was one of the simplest looks, but it was also the freshest."
4912,"It's a bit of a shame that word got out ahead of time that Markus Lupfer 's new collection was inspired, or at least semi-inspired, by The Jetsons . In theory, that was a reference the peppy and pop-culture-obsessed designer could really sink his teeth into: Mrs. Jetson's flared and layered skirt silhouette was made to be reinterpreted by Lupfer, for one thing, and there couldn't possibly be a man more in sync with the cartoon's sweet, goofy, optimistic tone. So what a shame, then, to discover that there was hardly any Jetsons at all in the latest Markus Lupfer collection just a nod in the direction of outer space, in the form of sparkly and luminous silvers and gravity-defying gossamer silks. What happened? This was a pleasant collection, but you come here for a little kook, a little bite. Not that Lupfer forgot himself entirely: His obsession with glittery things led him, eventually, to a print of diamond rings that was funny and genuinely fresh. The mind boggles at the good time he could have next season with that print as his starting point."
4913,"After Alber Elbaz's showstopping ""Take a look at me now"" moment at his tenth-anniversary show for Lanvin last season, the question inevitably was, ""What's next "" There wasn't a song by Elbaz today, but there was definitely a renewed agenda. ""It had to be, after the last ten years,"" said the designer. ""A new start. I start again."" In many ways it was a case of going back to school, in the shape of the  cole Nationale Sup rieure des Beaux-Arts, for Elbaz. That seat of classicism and the salon in French art was the venue for the Spring show today, but it wasn't simply a pretty, historic setting, it had been an inspiration for the designer. The spotlighted Greco-Roman statuary under the porticos above each end of the catwalk was a clue of what was to come. While the runway was being readied and star power being exercised in the skirmish down below Kristin Scott Thomas and Catherine Deneuve were among those in the front row in the Olympian heights above were the still, white, silent images of classical beauty. Yet what Elbaz provided was something of a cross between the two. In his new agenda for Lanvin, there might have been ""purity and precision,"" as he put it, but he was also quick to emphasize that the collection ""was not about control and minimalism."" That letting loose seen in last season's offering seems to be part of Elbaz's ongoing plan: a looseness that is unashamedly interested in sex. What Elbaz declared he was working on here was ""deconstructed classicism."" In the exploded tuxedo silhouettes, the notion of the smoking collided with the kimono and was tied off with a bow on an obi belt. Yet the designer wasn't using Japonisme as surface style, but more as a contemporary way of looking at the classical approach to dress. It could be likened to the way that the techniques of Japanese prints permeated French art of the late-nineteenth century as abstract structural solution rather than simple decoration. Asymmetry prevailed; experimentation and the focus on ""the square"" meant that some linear dresses were held together with mere origami bows, fastened at one side and revealing flashes of flesh. And yet a certain ease in this collection ensured there was also room for a black swimming costume. Worn simply with black trousers, it was one of the sexiest looks. This was a rebellious sense of classicism, more Manet's sex-drenched Olympia than the (h)armless (forgive the joke) Venus de Milo. As Alber Elbaz said: ""Every woman wants to look and be like a star; they don't want to match the wall!"" And in the same way it is perhaps better to wear one of his statue prints than to be like one. If it didn't have the immediacy of Elbaz's last collection for the label, this outing still had the same new, spirited approach to Lanvin. There is something in the risk-taking that suits the designer no end. What's more, this collection's themes could prove significant for the season as a whole."
4914,"Something wonderfully excessive felt like the right thing to do right now, Gregory Parkinson said at his presentation. Not that we needed any convincing Parkinson's 15 dresses were easy to love. Made from three, four, and even five layers of different colored laces, they almost shimmered in the Hudson River haze visible through the windows of the 12th-floor loft in which he showed. The woman who wears one of these dresses won't go unnoticed.  ""Labor-intensive"" was the term Parkinson used to describe them, pointing to a calloused index finger; and we believe him. But the effect was effortless: simple shifts and slipdresses to the knee or ankle, some fitted like a column and others more A-line. What drew you in were the reverberating colors bubblegum pink trimmed with aqua; brick red and ocher intermingling with a camouflage print in complementary hues; patchworks of Turkish delight pastels.  Parkinson's dresses are of this moment, but also timeless. While this reporter was chatting with him, Lisa Immordino Vreeland, whose documentary The Eye Has to Travel premieres this weekend, leaned in for a kiss and told him about all the compliments she received on the engagement party dress he designed for her 13 years ago. When she wore it again last week."
4915,"Julien David nabbed ANDAM's Fashion Award this summer. That qualifies him as a grown-up, if anything does. Still, or maybe because of the prize, David found himself thinking about his youth this season. Spoiled Child is the name of his cute new collection, and backstage he mentioned that he remembered sometimes wanting to fit in and sometimes wanting to rebel. ""I wanted to play with that idea,"" he said.  Play was the operative word. David's models peered out behind long bangs and sported flat shoes with ankle socks they looked about as serious as a bunch of eighth graders. The first girl out wore a tank top that spelled ""dinosaur,"" which you could take a couple of ways: One, kids love the prehistoric creatures; two, anybody not young is, well, prehistoric. Dinosaurs also appeared on a na've print used for a shirtdress, and another print featured silver spoons, as in ""born with one in your mouth.""  All of that will satisfy the school rebels, but what about fitting in, graduating to the big time, or at least joining the upperclassmen? There was less of that in evidence here tonight, but a sweet pantsuit in a tropical wool print worn with a sequined tank top suggested that David is quite capable of designing for grown-ups when he decides to do so."
4916,"There are few designers who weave autobiography into their collections as effectively as Anna Sui . The gloss of her show tonight was the work of the French interior-decorating legend Madeleine Castaing chintzes, shades of blue, leopard as a base but the guts were Sui's own years as a habitu? of London's and New York's punk underworlds. The connection between the two was chaos. Castaing loved the style of the Second Empire in France, the mid-nineteenth-century period that followed the chaos of the French Revolution and the Napoleonic upheaval. Chaos and late-1970s punk? Goes without saying. It might read as fiercely academic on paper (and the whole subject is, in fact, about to be the focus of the Met Costume Institute's next extravaganza), but when Karlie Kloss opened Sui's show in a zippered, brocade, Clash-meets-Castaing jumpsuit, the designer's internal logic started to make raw physical sense. Her love of vintage casts her as a dyed-in-the-wool romantic, but there are few youth cults as riven by romance as punk, so Sui was simply bringing about a union that was written in rock 'n' roll's stars. Her touchstone was the late Mirielle Cervenka, sister of singer Exene, whose effortless blend of Victoriana and ripped-and-torn was one of Sui's early inspirations. What said that better than a lace cape scored with rose-gold zippers? Or a floral chintz dress layered over cropped, multi-zipped pants? When people write books or make music in this style, it's called steampunk. But this show's punk aspect was ultimately less significant than Sui's own ardent attachment to the spirit of idiosyncratic style. A biker jacket in neoprene, a jaunty hat shaped after cat ears, a contoured chambray dress dripping with pearls none of that was necessary , but all of it was irresistible."
4917,"With the Gossip's Beth Ditto belting her hit ""Standing in the Way of Control"" on a perch above the photographers' pit at tonight's Versus shebang, you half-wondered why all fashion shows aren't like this: fast-paced, toe-tappingly upbeat, entertaining, fun. ""Cartoon-y"" and ""toylike"" were the two words Christopher Kane used backstage, while Donatella Versace ran out with the models in a pack behind her to party along to Ditto's last song. Kane had a point. Colors were Crayola box-bright, and the plastic chain links that trimmed the necklines and hems of 1960s-short dresses and decorated the straps of high-heel sandals had something Lego-like about them. And weren't those oversize polka dots on that sleeveless shift with the patent mesh overlay borrowed from Twister? Shiny, laser-cut patent separates added a gloss of slickness, and sweaters lifted from the house's nineties heyday gave a note of seriousness to what otherwise has to be Versace and Kane's most playful Versus show yet. The overriding theme in Milan this week has been one of optimism, but so far no one has got the crowd as revved up as these two did."
4918,"The notes at Phillip Lim's show today explained that he had been exploring ""cut-up,"" a Dada literary technique later popularized by William Burroughs and then appropriated by musicians such as David Bowie and Radiohead. Effectively, cut-up is a stratagem for nonlinearity: Write a ten-word sentence, pick out five of those words at random, and then reassemble them in an arbitrary order. Voil . You could argue that cut-up, insofar as it applies to this latest 3.1 Phillip Lim collection, is just a pretentious way of saying mix 'n' match. Bin-diving eclecticism, and all that. But then, that's Lim's trick, isn't it? He takes rarefied ideas and makes them comprehensible and realistic. And he was at it again today. Take, for instance, his interpretation of sheers. This season, more than a few New York designers have been promoting the idea that, come spring, women are going to want to wear see-through clothes. This is not an easy concept to sell. But Lim, using obscuring plaid or woodland scene appliqu's, made the look modest enough to be convincing. The silk sheers were among the standout pieces in a show that was too often muddled by grunge-y layering and mixed-print sensory overload. But there were other looks that rang out as clear winners: Lim's patchwork denim is going to fly at retail; so, too, the shredded khakis and his printed, corded silk biker jackets."
4919,"Naeem Khan is a man on the move. His recent travels took him around the globe, and in several of the places he landed, he found visual stimuli for Spring a gorgeous sunset in Utah; tile work in Morocco; the surf in Hawaii which he then snapped on one of his smartphones (he's got an iPhone and a BlackBerry) and sent to Italy with instructions for turning them into prints. The results, presented digitally, through embroidery and via laser-cutting, were the main focus here, along with an emphasis on day- as opposed to eveningwear for Khan's well-heeled clientele. A long satin sweater coat (the show notes identified it as a ""topper"") in a black and white mosaic leather appliqué over slim white cotton pants looked graphic and fresh. An updated take on Resort's sunflower print showed up on a to-the-floor belted shirtdress; in organza, it was unexpectedly chic. A rainbow of caftans closed the show bedecked in sparkling beads, they were glitzy and glam. Clients hoping for a new gala gown will be disappointed this season, but smart shoppers will surely be able to think of somewhere to show off those caftans."
4920,"All hail the dress! Tomas Maier lasered intense focus on the silhouette in his brilliant Bottega Veneta show today, cutting forties-style frocks with strong but not hard shoulders and slender, body-loving shapes. In a less accomplished designer's hands, a collection like this one there were no pants and just one coat among the 33 looks could prove repetitive, dull. Here each little number looked like a treasure you'd discover in the best vintage shop in the world, but without the dust. The retro stylings of so many Milanese brands this season are not for Maier. Yes, these dresses glanced back at the past, but the cuts were thoroughly modern and the embroideries state-of-the-art. You know a designer has a hit on his hands when more than one woman walks out uttering the same breathless line, ""I want every single piece."" It was the workmanship that made these dresses so special they were very obviously labored over but never belabored. Take the day dress worn by Ruby Aldridge, collaged from two different flower prints, the bodice folded and pintucked and the seams, all of them, edged with glossy strips of snakeskin lined with matte bronze studs. It will cost a fortune, but it'll be worth every cent. Same goes for a party dress in a Givernylike floral with wispy, frayed-edge sleeves that was crisscrossed with diagonal lines of gleaming jet lozenges descending into dense clusters at the hem. ""It's about making women feel confident,"" Maier said backstage. Confident and beautiful. There wasn't a man or woman in the room who wasn't seduced."
4921,"For a far-flung inspiration, look no further than Kimberly Ovitz 's Spring muse: Almagul Menlibayeva, a Kazakhstani performance artist who filters cultural experiences through the dual lenses of Soviet-era Russian futurism and a nomadic view of contemporary Kazakhstan. Sound heady? It is, but there are fewer muses as evergreen as the nomad, and through Menlibayeva's oeuvre, Ovitz honed in on the easy appeal of a wanderer's wardrobe. Draping, transparency, and paneled layering were the core elements at work here, and the collection was heavy on ephemeral dresses that moved fluidly around the body. A tighter edit would have made the subtle features on these pieces stand out more: There was raised textural detailing on an otherwise simple white dress, and the angle of the hems on relaxed pants was cut upward at the ankle like a triangle. As it was, the loosened-up silhouette made the few structured outerwear pieces really pop. A sweatshirt vest in heather gray and a cropped white jacket had a refreshing crispness while still looking lightweight enough to wear on the road. There were strictly body-con dresses, too, but the best looks incorporated movement and structure, such as a slinky jersey dress with one broad strap in textured leather. The collection's desert palette of black and nude (with one digital print abstracted from crystals spotted on a design field trip to the American Museum of Natural History and a few looks in emerald green) made the clothes feel like foundation pieces. They will look sharper with shoes (the models went barefoot) and should stand up to city styling."
4922,"Let's just have a good time; we got it comin'. In these days of dire downturn, you can imagine Italians clinging to the sentiments of that song from the soundtrack of today's Moschino show. Rossella Jardini joined her Milanese peers in patriotically taking up the cudgels for optimism with a collection that was as upbeat and energetic as a youthquake's shake, rattle, and roll. She actually referenced the original 1960s watershed in her new designs, courtesy of the inspiration she took from the cult classic Two for the Road , in which Audrey Hepburn's wardrobe borrowed from Mary Quant, Paco Rabanne, and Ken Scott. Jardini said she liked the slightly shrunken, doll-like proportions of Hepburn's clothes, and she certainly duplicated them in the neat, short little dresses that dominated today's show. And there, as well, were Quant's daisies, and Rabanne's metal-disc-covered shift, and Scott's florals precisely duplicated in sequined appliqu's. Oh, what a wonderful magpie fashion is. Still, Jardini's collection definitely had an optimistic kick. And why shouldn't the label be feeling good when It popstrels such as Gaga, Kylie, Adele, Beyoncé, and Lana Del Rey have been papped in Moschino recently? There was, however, a fly-in-the-ointment whiff of the brand's primogenitor, Franco Moschino himself, in hair and makeup that evoked Ginger Rothstein, Sharon Stone's doomed character in Casino . That's the third time Ginger has been referenced this season. She has now officially trended."
4923,"Louise Goldin was always pretty cool. Back when she was showing in London as part of the same class of up-and-comers as Erdem and Christopher Kane her sexy sci-fi knits made her brand count as one of the city's hippest. Tonight, after a two-year hiatus, Goldin returned to the fashion calendar, and she was cooler than ever. Some of that was atmospheric: Diplo did the music; Kim and Kanye sat in the front row. But mostly, the coolness was in Goldin's clothes. The collection had a casual and even sporty vibe, with stretchy knits, color-blocking, sweatshirt shapes, and NFL shoulders, and individually, lots of the pieces were very good. There were also a few looks where Goldin really nailed it: an all-white outfit that paired slouchy shorts with a knockout sweater done in a nipple-y technical knit; the stretchy tan skirt in a tire-tread print worn with a darted sweatshirt of blue and silver. In general, the strongest looks were the cleanest. Though the layering here was often effective, in particular the layered skirts, you sometimes sensed that Goldin was trying too hard to make a look offbeat, or create an awkward proportion. Still, this was a respectably confident return to the runway, and one stocked with ideas that Goldin should continue to explore."
4924,"For Spring, the Max Mara design team went on safari. This is territory so well trod by fashion it's practically trampled. It nonetheless served the brand well. This was a successful collection that played to the company's heritage as a maker of fine outerwear. The silhouette was oversized, loose, and slightly slouched forward, so that the buttons on double-breasted coats sat lower on the torso than they normally would. Coupled with sleeves that were often rolled up to nearly the shoulders, it was an elongating look. If the sheer gazars and organzas the coats were cut in seem unlikely to make it onto the selling floor, at least without the addition of linings, Max Mara no doubt has more practical materials at its disposal. Complementing the outerwear were pencil skirts worn with graphic knit T-shirts or blouson tops in patchworks of plaid, florals, and animal print. There were also safari jackets-turned-dresses and take-your-pick all-in-ones cut flightsuit-tight or slouchy with gaucho-style pants. The palette was desert tones and sky blues. We didn't need to see each look in multiple color variations; by the end, the show felt repetitive. Still, there wasn't one piece that couldn't have believably marched off the runway and into the street."
4925,"Goddess. Daniella Helayel was unequivocal in her description of the woman who inspired her new collection. With Malcolm Edwards' orchid-wrapped hairstyles and Val Garland's glossy-lipped maquillage offering sterling support, Helayel's female deity could have slithered straight off one of those Roxy Music covers that defined sophisticated womanly allure in the seventies. That was both a strength and a weakness. As seductive as the vision Helayel presented on the catwalk was, it was essentially one note: entrance-making va-voom. Though the designer was quick to say there were more workaday looks back in the showroom, the suspicion will always linger that Issa is fundamentally about that one note. That's because Brazilian-to-the-last-pore-of-her-honeyed-skin Helayel nails it so convincingly. As she herself said with a gust of laughter, ""You can take the girl out of the country, but you can't take the country out of the girl."" Issa's first foray into the digital world covered floating georgette caftans with huge prints of an Amazonian Garden of Eden. Tiered full-length smocks could pass for rain-forest hostess wear. A gown draped over one shoulder and a halterneck jumpsuit were edgier Sharon Stone in Casino , say. Another gown, also halternecked and printed in a negative image of dark green leaves, hinted at dramatic shadows in the eternal sunshine of Helayel's Edenic Brazil. It was all the better for such depth."
4926,"I was thinking of faraway places, Nicolas Andreas Taralis said today. A statement like that could be a warning sign coming from a designer of less-disciplined habits. On another runway, we could've been in for a costume drama. Not here. Even when Taralis is looking at Japan or outer space, which were two of his talking points today, his signatures remain constant. This is a man who lives and breathes for tailoring. Japan came through in the origamilike constructions of shoulders on jackets as if the fabric was pinched together rather than stitched. Outer space was at once a more obvious reference (see the aluminum foil coat, made from lacquered nylon polyamide) and a more subtle one: We wouldn't have guessed the quilted and draped collar of a more casual jacket was inspired by astronauts' uniforms if Taralis hadn't alerted us to the fact backstage.  The designer's best idea didn't quite fit into either of those categories, but it felt of a piece with his work in general. It was, no surprise, another jacket, this one with a single shoulder and sleeve sliced off and darts on one hip to create a sort of half-peplum. Worn with a pair of sheer dhoti pants, as he showed it in the opening outfit, it would make a fabulous evening look."
4927,"The dominant theme at the Spring shows was a return to simplicity following a Fall season of opulent brocades and printed suits. Banana Republic creative director Simon Kneen tapped into the cleaned-up mood with his new collection for the brand. Guests at today's presentation were greeted by models in graphic striped patio dresses that hinted at the French Riviera, worn with mid-heel stacked leather sandals. The IAC building's atrium was divided into four different tableaux, and it was the ""fifty shades of white or rather, one hundred shades of white"" moment, as Kneen put it, that felt the freshest. Noteworthy here was a sharp, single-button tuxedo vest paired with pleated trousers, piled up with chunky gold chain necklaces. There was also a vibrant monochromatic section that incorporated what Kneen called ""colors from my salad,"" like heirloom tomato red, spring mix green, and bell pepper orange and yellow. For the boys, tailored shorts suits and chambray jackets offered updates for the wardrobe, emphasizing basics with a twist."
4928,"If you're trying to get a bead on what constitutes modern Californian style, look to Raquel Allegra . Based in Los Angeles, Allegra emphasizes soft tailoring and relaxed gauze and jersey separates that conjure the distinctive SoCal ease. The earthy vibe is reflected in her signature mottled overdyes and in the raking technique she employs to create shredded effects. She uses the T-shirt as a jumping-off point for many of her designs, and her tie-dye prints reference hippie history without in the least reiterating the look. Allegra has apparently zero interest in clothes that are vintage-y; her brand is recognizably Californian but in its own, current way. This season, Allegra's big innovation was print. A doodled line print was deployed to graphic effect, showing up on soft linen suiting, silk dresses and blouses, and even a bustier. Elsewhere, Allegra created a cool, irregular polka-dot print and another one based on her trademark shredded tee. She also continued to develop her tie-dyes, creating crisp patterns by using chiffon as a canvas. Likewise, Allegra worked to define her shapes, albeit tentatively; some of her sharper pieces included sexy mid-calf tank dresses with dropped waists, oversize jackets, and nightshirt-inspired cotton button-downs. Her shapes still need work refining the silhouettes would instantly elevate the look of Allegra's collections. She's a clever enough designer to figure out how to accomplish a little refinement in an unfussy, idiomatically Californian way."
4929,"Opening to the dulcet tones of Lady Miss Kier asking, ""How do you say de-groovy? How do you say de-gorgeous ? How do you say Deee-Lite "" Amy Molyneaux and Percy Parker's PPQ show agenda was set: that late-sixties aesthetic refracted through the glass of the early nineties. With its plethora of paisley prints and sailor stripes, a take on solid stretch and translucency, there was something both playful and cartoony about the collection that showed its heart was in the right place. A ""Groove Is in the Heart"" catsuit certainly had its charms. Lady Miss Kier carried off this way of dressing with amazing aplomb, inspiring countless girls in nightclubs around the world at the beginning of the nineties. Yet at the time it never looked nostalgic, just being of the now. Presented in London today, there was a definite pining for the past, for the club and fashion landscape of the early nineties, in the PPQ collection. The problem for PPQ is that landscape has disappeared. If only fashion worked in the same way now. At that point, local designers would have a place to sell such clothes in London and be taken seriously: facing down the fearsome Fiona Cartledge at Sign of the Times she also ran the club nights or setting up a stall in Hyper Hyper. These were places for a fast turnover; flash, fun clothes for a Saturday night that were trashed by Sunday afternoon. At that point the High Street was a lumbering beast that simply couldn't keep up with clothes like this. Now it can. And it has the resources to produce them in better fabrics and make them cheaper. This leaves labels like PPQ in a difficult position. Always at their best with something light and breezy and slightly disposable, Molyneaux and Parker are still in the business of designer clothing with the expectation for high-end production values. Now that their millennial club-kid fan base has grown up although, by the look of the show's audience, they are decidedly refusing to admit it they might want something less ephemeral."
4930,"People are always asking me if living in Los Angeles would rub off on my designs, Victoria Beckham said before her show. She gave them her answer today with LL Cool J rapping about ""Going Back to Cali"" on the soundtrack. Or so you might've thought. There was a very pretty photo-print shift of the sun setting over palm trees, and the oversize T-shirt silhouette of an olive drab cotton poplin dress looked newly casual. But even if they were seriously leggy, these weren't the kind of frocks you slip on over your bikini to go grab a pressed juice. She wasn't formerly known as Posh for nothing; this may be a diffusion collection, but Beckham still prefers a polished look see the models' oversize resin bangles and their Walter Steiger platform shoes. The real development here was the appearance among all the minis of a single structured knee-length dress. We're curious to see what other new things Beckham could do at this lower price point."
4931,"When there was much talk a few seasons ago of ""the female fashion designer,"" with a cod-feminist veneer applied by many magazines, Marc Jacobs pointed out to this reviewer, ""There is nobody more influential than Vivienne Westwood or Miuccia Prada, and they don't get talked about in that way."" They're viewed as designers, not (merely) female designers. In the Vivienne Westwood Red Label show today, it was perhaps up to the designer herself to make a not-so-veiled comment that went beyond the silliness of this discussion. Known to be not such a fan of Feminism with a capital F, Westwood proceeded to present a ladylike collection that harked back to the austerity period of her youth. These painted 1950s ladies literally so at times, with full faces of green, blue, yellow, and pink makeup sauntered along the catwalk in clothing that was among Westwood's more demure offerings: fine wool twinsets, pink silk jacquard skirtsuits, cocktail dresses with giant pearls. These codified clothes have been seen many times before in Westwood's output as the ultimate punk reactionary, but they were particularly purposeful and pretty today. They also pointed to a period when consumerism wasn't rampant, and fashion was not so disposable something that Westwood is known to appreciate about her upbringing. All of this was accompanied by a live performance by Rooster, with Sara Stockbridge perhaps the ultimate Westwood muse, and most closely associated with the designer's mini-crini, corset, and crown phase providing jarring lead vocals. As the designer emerged at the end, heavily cloaked and helmeted, by Stephen Jones, naturally, and with thick black makeup applied to her mouth and eye, she was the literal grim-faced antithesis of what had just gone before. Dropping her cloak to reveal the most unflattering pair of large knickers and a T-shirt that stated, ""Climate Revolution,"" she further unfurled and held aloft a banner with the aid of two helmeted model helpers that said the same. Vivienne Westwood has almost attained the status of a British national treasure. But don't be slapping the National Trust sign on her just yet: She will never really ever be ""kept"" she's far too unpredictable for that."
4932,"Paging Marella Agnelli and Marisa Berenson. At Gucci today, FridaGiannini conjured their glory days (and those of early Italianready-to-wear), as seen through the lenses of photographers like RichardAvedon and Gian Paolo Barbieri. As night-and-day different from herbrooding Fall outing as could be, the show opened up-up-upbeat, with anarrow tunic belted over full trousers in azalea pink. It set a late-sixties/early-seventies vibe and a feel-good mood that the designercalled ""aristographic."" Aristo Charlotte Casiraghi took it all in fromthe front row. ""I love to play with color for Spring,"" Giannini said backstage, and playshe did. In addition to that bright pink, there was cobalt, citrusyellow, coral, and turquoise, each one as vibrant as the next and wornhead-to-quite-literally-toe with sunglasses, bags, and shoes matched tooutfits. It wasn't subtle, but subtlety, at least in terms of palette,wasn't the designer's game this season. Plastic necklaces and earringswere designed to look, as she put it, ""like fake Liz Taylor."" Still, color was only part of the message. Silhouette was a big story.Tunic and trouser combinations have been getting major play lately, andGiannini is positioning herself as a serious proponent for Spring. She believes in ruffles tracing the singlesleeve of a column dress, arcing around the shoulders and down the backof another, adding major drama to an otherwise quite minimal V-neck gown.Cutouts also played a starring role, upping the provocation factor andgiving these polished clothes a modern update. Giannini looked east forthe collection's prints but not in any obvious way. A karung motif wasstamped on a crisp Japanese paper fabric and the floral was inspired byJapanese wallpaper. For evening, the designer opted to show only black and white. It made fora strong endnote, especially in the cases of a stunning long white dresswith coral jewels embroidering the neckline and another in black withruffles outlining a completely bare back. The international jet set looksdifferent now than it did in Agnelli and Berenson's heyday. As Europecontinues to struggle, new economies flourish witness the top clientsGucci flew in from around the globe for this runway show. Still,sophisticated looks like those two dresses cross all borders. Perhaps nowmore than ever, we all yearn for a slice of the good life, don't we?"
4933,"From the opening riffs of Biggie's ""Hypnotize"" to the taxi-cab-yellow windbreaker Donna Karan took a bow in, it was clear that this season more so than any in recent memory the DKNY designer was in an Empire state of mind. For the first time, pieces from the label's commercial sub-lines, DKNY Jeans and pureDKNY, were thrown into the runway mix, and the results were successful more often than not. You could picture models Alana Zimmer and Cara Delevingne sauntering down the city sidewalks in looks five and six, respectively: a rolled-down chambray jumpsuit tied around the waist styled with a silk button-up, and a coated-cotton blazer paired with distressed denim Bermuda shorts. On the other hand, there's a reason why you don't usually see cotton logo T-shirts at fashion shows. It's better to leave those to tourists. More directional items made an impact, too. Leather-trim circle skirts cut from spongy coated mesh, oversize color-blocked car coats, and neoprene-jersey racerback gowns nicely balanced femininity with urban athleticism. Meanwhile, accessories including baseball caps, leather knapsacks, fanny packs, and wedge sneakers played a key role in putting the NY back in DKNY."
4934,"Elie Saab dubbed his collection Heiress, but this aristo has a job. No lolling about in raw-edged silk pajama pants and fur-lined shower shoes for her. Saab emphasized daywear here, shirts that buttoned all the way up to the collar worn with flap-pocket trousers or pencil skirts, and for dresses, a fitted sheath or a V-neck with a pleated A-line skirt. The models wore cross-body bags or carried big totes Saab meant business. He worked with strong, monochrome colors: royal blue, turquoise, raspberry pink. Most of them appeared in a bold abstract print used for a passage of floaty chiffon dresses. The dresses were a change of pace for Saab and not a bad one, even though most of Paris has moved on from the digital print craze. For evening, Saab's big idea was to sculpt dresses at the waist with grosgrain. The look was graphic on an ivory column embroidered with dark brown ribbons. He re-created the effect on sequined cocktail numbers and gowns with geometric inserts of lace tracing the natural curves of the body. That experiment produced the collection's best piece, a three-quarter-sleeve raspberry pink dress on Magdalena Frackowiak that sizzled as she came down the runway."
4935,"There are very few fashion designers you meet and think, Wow that guy could be president. He could build rocket ships that go to Mars, or invent some paradigm-shifting green technology. No, in the course of the average fashion week, these thoughts do not often come along. But you do think those kinds of things about Christopher Raeburn . Watching him develop his brand over the past four years, it's been impossible not to catch on to his diligent, creative intelligence. And the way he operates as a designer cautiously mapping out new territory, and then, with a breathtaking leap, demonstrating total mastery marks him out as someone who could thrive in virtually any field. But every other industry's loss is fashion's gain, and this season it's women in particular who ought to be thankful. Raeburn's first two women's collections saw him in studious mapping mode; this time out, he made his breathtaking leap. Raeburn launched his brand in 2008 with a capsule collection of parkas made from upcycled British Army parachute nylon. Though much has evolved since then, it was remarkable to see, in this new collection, how assiduously he continues to follow the principles he laid down back then. The show opener, a sleek white shirtdress, was made of an iridescent nylon that recalled his parachute nylons. Details and finishes reinforced his elementally utilitarian point of view: The lace, for instance, was laminated and water-resistant, and therefore a fit material for outerwear. His military interests continue to thrive and were elaborated here by a print developed from the escape maps given to pilots in the fifties, and a white burnout pattern inspired by camouflage. And he still makes tremendously effective use of his articulating grosgrain ribbon, a brand signature from day one. This season, the ribbon turned up, among other places, on a terrific pair of tapered track pants, which Raeburn paired with a sharp little laminated-lace jacket. The look was feminine and chic, and miles away from men's oversize parachute-nylon parkas, but you could see the family relationship clearly. For the record, Christopher Raeburn could not be president. For one thing, he's English. And beyond that, he's not much of a glad-hander, which may explain why his presentation this morning was a petite one, in a deathly time slot. It's about time for Raeburn to test himself on a bigger stage."
4936,"Over the summer, Mark Badgley and James Mischka developed a cinematic crush on the 1935 film version of A Midsummer Night's Dream . Enchanted by the film's ""haunting beauty,"" as one of the designers put it a few days before their show, they set out to achieve the same effect with their collection. A sylvan backdrop set the mood, and the clothes, which, as in seasons past included a mix of items from Badgley Mischka and Mark and James, were frothy and romantic. Fluttering tulle sleeves looked fitting for a fairy queen (they were, perhaps, a touch large for a mortal), and Lurex-treated tweed on a full, knee-length skirt had an effervescent shine. In another setting, a pair of skinny tweed pants fixed with a hologram effect would have seemed downright clubby; the strapless organza bustier they were worn with it looked like a giant rose made for rarefied company. A pair of heather jersey sweatpants studded with sequins did little to deflate the mood. With a surfeit of novelty fabrics brocades, matelassé, lace, and bouclé making up the majority of the looks, this was not a collection geared toward, say, a performing troupe of mechanics. Which is to say, the label's usual demographic will have plenty to choose from."
4937,"The play of the masculine against the feminine has been a familiar theme this season. And Sharon Wauchob had already looked at it in her earlier showing of the Edun collection in New York. There it was the casual and slouchy military-inflected route. Here it was the notion of formality that made the play between the two sexes. The yin and yang found itself in the black and white pieces yes, here was further focus on those two (non) colors of the season, again along with a debt to the tuxedo. There was also a hint of perforated floral lacquerwork about those sheer and solid black looks at the beginning. So many trends were being hit in this collection, and yet there was some sense that it lacked conviction. Wauchob is much better as a designer when there is a harder edge to what she does. Her Fall collection had that edge together with something that melded the tough with the luxurious. But the liberal use of fur that worked there isn't really an option for summer. Here, in comparison, the mixture of silk and polyester pieces felt wan. The standout looks of the collection were the ones that played with transparency see-through, almost pajama trousers worn with shorts underneath and tops with underwear visible. They featured a silk scarf print and maintained a certain flamboyant, graphic approach. More of that flamboyance would have been welcome."
4938,"In the three years Guillaume Henry has headed up Carven , he's establishednew codes for the old couture house with surprising swiftness andconfidence. The cheeky cutouts, the snug little sweaters, and the trimand neat tailleurs that made today's front row look like a convention ofnaughtyprep school girls all made reappearances on the runway. The difference wasthis collection's new mood. ""Lost in India in the middle of the twentiethcentury"" was how Henry described it, though he also cited influences likethe Art Nouveau star  mile Gall? and African safaris. How we describe it:moodier, sophisticated, more grown-up. That's thanks to new silhouettes like fuller, A-line skirts in place oflastseason's bubble minis and elongated, belted jackets that looked almoststately. Fabrics like a thick, substantial tweed seemed richer (not tomention fall-like designers are shrugging off seasons more and more),butHenry hasn't lost his cheekier sensibilities. The safari print featurednotjust animals but also caravans and binoculars-wielding tourists. As forthose cutouts, they were everywhere you looked: heart-shaped at the waistof suit jackets, above the bust on a coat-dress, on the sides of aracer-backsheath. If anything, Henry relied on them too much this season. They feltfresh when they were laser-cut in Gall -esque Art Nouveau patterns, butHenry's next step forward should be to define some new signatures for thebrand."
4939,"Memories of the Olympics may have faded, but search back in your headspace, past the Spice Girls, past the ""Mobot,"" past Gabby Douglas' megawatt smile, and recall the case of Ye Shiwen, the 16-year-old Chinese swimmer who set a new world record in the women's 400-meter individual medley. Ye, you may recall, didn't just best the women competing against her by a historic margin; she also swam a final 50-meter split that was faster than Ryan Lochte's, who won men's gold in the same event. Experienced swimmers worldwide saw that, and were all like, WTF? (To use the technical language.) She had to be doping, they cried. Had to be. Ye tested clean and protested her innocence. But the whole episode serves as a reminder that bouts of unprecedented excellence occasion as much suspicion as joy. It was something you recalled when Emilio de la Morena sent out a collection today that so improved on previous efforts, the audience was all like, WTF. If there's such a thing as fashion doping, de la Morena should be tested for it. It was hard to put your finger on what made this collection so much more convincing than usual; the temptation was to say that de la Morena had pared back his look and put a clear focus on tailoring, but that wasn't the whole story, for the collection was characteristically well stocked with frippery and frou. Perhaps it was just that he was using his frou with great specificity, applying tiny pleats to the hem of his sharply cut trousers or making sculptural bandeaux out of ruffles. And it helped, too, that the tailoring emphasis cut the treacle. And if there wasn't something simpler, exactly, about this collection, it was certainly true that it was atypically relaxed. The tailoring was rigorous, yes, and some of the fitted cocktail looks were fussy and fell prey to de la Morena's habit of overdecorating. But there were also laid-back pieces such as long mannish jackets and slouchy, square-emblazoned silk tees, and among the cocktail frocks, de la Morena's thread-embroidered yellow slipdress had a modern ease. Ditto the bare, square-emblazoned silk tank thrown on over a girlish pink minidress, an outfit that gave the de la Morena signatures a new and winning attitude. He gets the gold with this go-around. And if he is taking fashion enhancers whatever those might be well, they work."
4940,"There are some British labels that one fashion editor recently described as ""mandatory middle-class."" Something boho? Overtly embellished? Worn in West London? It's a thing you just know when you see it if you're British we, of course, have an eye for the class system like nobody else.  For a time Temperley was such a label but not anymore. Alice Temperley's output has been on a steady track to somewhere else for quite some time now, and with her Spring collection it really arrived. Perusing the credit list, it did no harm to see that Katie Shillingford was on styling duty this time her main show relationship has been with designer Gareth Pugh, so this was something of a departure for her. But ultimately a new clarity and precision was to be found in the clothes themselves, and credit is due to Alice Temperley and her decision to move her collection forward over successive seasons. At the same time, her Spring offering, entitled Return to Elegance, should bring her core audience with her even as it finds a new one.  This was a vision of ""a late-1950s couture model or a young Sophia Loren,"" as the designer put it, but there was also the idea of ""modernizing the Temperley woman, making her uncomplicated and effortlessly beautiful."" A certain Portofino chic was to be found in the collection, spinning around variations on the sundress and holiday casualwear though this was casualwear in the fifties, so not very casual at all. And that was no bad thing: It's time for flip-flops to be banned from cities, and you cannot imagine the new Temperley woman ever deigning to wear them (especially when she has Charlotte Olympia's shoes on offer), whereas the old one, heinously, might have.  In a palette of scarlet, pale china blue, white, navy, and black, there was a graphic delineation and simplicity to the collection. Even when there was intense workmanship, such as the stylized powder blue floral appliqu's on organza and tulle pieces, all of the garments had an ease to them. Ribbon skirts with thick horizontal satin bands alternated with organza felt perfectly feasible for day, and were in tune with this season's play on sheer and solid. Fresh white cotton with lace looks felt pure, simple, and lovely. Engineered digital prints displayed both precision and sheer prettiness . In short, there was much to choose from: It was deft, and decidedly beyond the realm of desultory middle-class-ness."
4941,"Nicholas K likes to play to its strengths. That said, the past few seasons have seen designer Nicholas Kunz taking tentative steps toward expanding the vocabulary of her brand. The results have sometimes been mixed, but this time out, Kunz uncorked a winner. Her belted silk-satin trousers for women, with their blouson folded leg, really helped to refresh the Nicholas K womenswear silhouette and elevate the tone of the collection as a whole. They should find the brand some new fans. Elsewhere in the women's collection, Kunz largely reiterated her recurring themes lots of draping, and lots of experimentation with parkas and anoraks. (Is an anorak still an anorak when it has a poncho-like draped knit body? Comments welcome from any philosophy majors reading this.) The collection's seventies inflection was a debt to Soylent Green, Kunz explained after the show, while the colors here were extrapolated from Lyonel Feininger.  Kunz's menswear stuck to its guns. This was fairly standard fare for the Nicholas K man; the big news was the application of pockets inspired by vintage pigeon-hunting jackets, and color-blocking that served as a nice development for Kunz's signature desert palette. The one real surprise was the solitary men's sweater, hand-knit out of linen and boasting nautical cream-and-faded-blue cables and stripes. The sweater didn't quite work, but the idea seemed worthy of further exploration. Maybe its presence in the show is proof, in fact, that Kunz is now ready to extend her cautious experimentation to menswear."
4942,"What's an Emilio Pucci collection without print? A very good Pucci collection, it turns out. When Peter Dundas inherited this historic  Florentine house famous since the 1960s for its kaleidoscopic prints he  made reworked archival patterns a major part of his storyline. Last season  and this one, though, he's started inching away from them. These days, the  label is just as well known for Dundas' confident, louche brand of glamour  as it once was for its founder's graphic swirls and geometries.   For Spring, Dundas filtered his style signatures through the lens of  Vietnam. The designer, who was not shy about using the occasional military reference as  well as traditional Asian motifs, showed bomber jackets (some embroidered  with the house logo), sheer veiling, tattoo embroideries, and one unmissable  cargo jacket-cum-kimono with lavish stitch work inside and out. And in fact  the collection wasn't completely devoid of archival prints, even if they  weren't the focus. This time, he layered a woodblock motif over the vintage  find to make it modern, and used it for a bomber and matching pajama pants, as well as for a long evening dress with lace inset above the bust and a  sexy cutout below it.   Red-carpet dressing has also become an integral part of Dundas' Pucci. The  red halter dress Joan Smalls wore would make a smashing choice for the Emmys  tomorrow night."
4943,"I like Tibi 's price points. Terrific clothes and very accessible, Bryan Boy tweeted about a week ago. The NowManifest blogger's statement pretty much nailed the contemporary label's draw, at least as far as you can in 140 characters. For the past few seasons, designer Amy Smilovic has been pushing clean, nineties-inspired separates in sturdy fabrics, and the Spring collection brought raw denim into the mix for the first time. Boxy indigo vests and cropped-sleeve jackets were shown with slouchy selvedge trousers, many of which had subtle corset details through the hips and waist. ""It's about giving girls shape and ease at the same time,"" Smilovic told Style.com at a preview. Wide, peplumlike leather belts also gave more fluid items like midi-length lasercut dresses and sheer mesh lace skirts a structured appeal. Meanwhile, you could imagine It girls like Solange Knowles and Elena Perminova, who sat in the front row, wanting the lineup's standout pieces. They might go for the relaxed linen suit (they'll wear it styled like it was here with the belly-baring crop top) or opt for a crinkly, coated tweed shift on those days when they're going for a fuss-free, polished look."
4944,"You may not yet be familiar with the name Brandon Sun , but chances are you've seen his luxe furs around town. After graduating Parsons, the young designer went on to direct the fur divisions at J. Mendel and Oscar de la Renta, then started his own luxe accessories line in 2011 (currently sold at Bergdorf and Neiman Marcus), and is now on his second ready-to-wear collection. At his Spring presentation this morning, Sun balanced avant-garde tailoring with upscale accents. The ultrasoft cashmere-jersey cardigan with geometric tufts of mink (which reminded Sun of cherry blossoms) was a standout piece. Ditto the vest dress that mixed techno raffia and tweed with a furry arctic fox panel in back. But since it was Spring, Sun couldn't rely too heavily on his signature furs, which played more of a supporting role than the lead. Spotlight-worthy looks included a lace-embroidered tulle T-shirt paired with silk crepe trousers that had a dramatic (but surprisingly flattering) drop crotch, and a racerback tweed column gown with a peplumlike cascade and deep pockets. You could imagine wearing it for a casual walk around the block or with heels to a fancy dinner."
4945,"Hussein Chalayan's premise for his show, ""Seize the day,"" was utterly enchanting: Try to make ordinary, banal situations as monumental as possible. In other words, attach value to every single second of life. Consider the alternative (which is essentially what the news feeds us 24 hours a day) for one of those seconds, and the simple humanism of Chalayan 's position was irresistible. His challenge, of course, was to translate his concept into cloth. An average moment made its presence felt with the back-projection of an unmade bed that greeted the audience on arrival. Subsequent film snippets were head-scratchingly obscure (some of them shot on Chalayan's phone), but they successfully conveyed the random smallnesses of an ordinary day, which is what the designer wanted. The clothes, on the other hand, started from items as basic as a camp shirt or a chambray jean jacket and went large , with imposingly boxy silhouettes. But they weren't stiff. In fact, they served to underscore a facet of Chalayan's talent that is usually overlooked in the whole ""man who made a table walk"" clich? of his career arc: He is a great sportswear designer. There were a number of crisp, clear, cleanly colored, sheerly summery pieces in this collection that brought to mind a twenty-first-century Ren? Lacoste. There was even a 3-D net fabric that could have been tomorrow's exaggerated reweave of yesterday's cotton piqué. Chalayan continued to twist the banal with a print that featured piles of his own clothes. Who knew there was such weird beauty in his laundry basket? Except that, once it was printed on a shimmering jacquard, it made perfect sense. After the show, the designer reflected on a career that has made him a nabob of conceptual fashion. ""The first step was creating my own style,"" he said. ""Now I want to see it on people. I want to fill the gap between fantasy and reality, because people only ever shot the showpieces."" So no showpieces today? Strike that. Chalayan allowed himself one single indulgence, a ""wig"" made of palladium, the precious metal whose international promoters he has aligned himself with. It looked a bit like the tinfoil on a popcorn pan that, given the designer's track record with mechanical effects, made some audience members wonder whether the finale might be an exploding head."
4946,"The late sixties and early seventies keep rematerializing this season.Those years were reference points for Piazza Sempione , too, but thisbeing the department store-friendly brand that it is, the interpretationwasn't quite as literal as what we've seen elsewhere. Marc Jacobs hadprecise black and white stripes on skirtsuits and column gowns; herethey were brushstrokes on a party dress. Gucci opened withtunic and trouser sets in sizzling brights; here, again, the shockingpink separates were less retro-fabulous than they were real-worldappropriate. We can't all be principessas . Quite the opposite. Piazza Sempione's clients are working women for whomcomfort always counts. What captured the brand's easy-to-wear mantra bestwas a pantsuit cut from paisley-print silk. The unconstructed blazer wasas effortless as a pajama top."
4947,"Jenni Kayne carried over her Resort collection's loosely surf-inspired vibe into Spring. Prints, color-blocking, and a strong palette were the key messages here. A blue and rust ethnic pattern, developed in house, was shown neck to knee on a snug cropped top and slim pencil skirt. You could wear the pieces apart, but the prints looked chic pulled together. Kayne also made a statement with her signature four-ply suiting, done this season in hard-to-ignore pops of fuchsia and daffodil yellow. Despite being highlighter bright, a short yellow suit paired with a worn-in, painted baseball tee a casual first for Kayne had the refined ease the designer has cultivated over the years. Also easy: a dark, oversize poncho and matching flat-front pants. Part of the collection's first delivery, they'll make smart transition pieces when winter thaws into spring."
4948,"Eclecticism in fashion is a slippery slope. Hit just right, it works, but past a certain threshold, it becomes a mess. The new Joseph collection stood right astride that blurry line.  The range was inspired by the work of stylist Carlyne Cerf de Dudzeele and her influential mix-and-match, piled-on, high-and-low approach to fashion. With that in mind, designer Louise Trotter ginned up an assortment of usual suspect references: Chanel bouclé, preppy English check, polka dots, punkish studs and motorcycle jackets, and, predominantly, military and nautical apparel, both of which were quoted very directly. And all that was thrown in the blender with Joseph-trademark looks such as sporty track pants and fluid shirting.  The problem here wasn't the grab bag of references. And within each of her themes, Trotter conjured up lots of strong pieces that ought to kill on the sales floor. But there wasn't a clear, overarching look to this collection, and the individually appealing items were buried under layering. Ultimately, the eclecticism felt forced."
4949,"Charting the careers of young fashion talents, we've come to observe aphenomenon we'll call the click moment. It's when an up-and-coming designerfigures out how to get out of his own head and get into the head of hiscustomers. Damir Doma had his click moment today. In the past, hiscollections have suffered from a persistent dreaminess. Last season, forexample, he looked back to the Renaissance for ideas. For Spring, as he saidbackstage, he wanted to be ""more clear in message."" It was no struggle topicture these clothes in his newly opened shop on the Rue du Faubourg Saint-Honor , and we're confident there were plenty of women in the crowd who'dlike to see some of these pieces in their closets. The medium of Doma's message was collage, a trend that's gotten a lot ofplay on this month's runways. Doma combined military-issue olive drab,quilted black leather, and marled gray fleece for a boxy cropped jacket andpaired it with baggy silk pants. If it looked like he'd absorbed some recentBalenciaga-isms at times, a sleeveless, zip-front shift that combinedmilitary green cotton, blue silk, and black leather with a wide red-brownbelt was a hit entirely his own. We'll go ahead and call it an underdogcontender for day dress of the season. Tailored pantsuits, meanwhile, werecut from leather in front and textural jacquard in back. Sometimes suchcombos can feel forced; here they just clicked."
4950,"Daniel Vosovic 's Spring collection is inspired by the expressive, intense work of Austrian painter Egon Schiele. The designer, a new member of the CFDA Incubator program, showed a string of chartreuse chiffon dresses with a mosaic print borrowed from the artist's early pieces, and aimed to bring Schiele's vision to life with his Spring video, which features ballerina Isabella Boylston, a soloist with the American Ballet Theatre. ""Schiele's paintings are extremely graphic and gestural, and working with a dancer who understood movement was really the only answer. His work never seemed to be about capturing a final static pose, but more about a fleeting moment in time,"" Vosovic explained. ""Isabella was able to bring that energy to the collection in a fluid, elevated way."" In line with that idea, there was a balance of fragility and functionality here. Wispy maxi skirts and sheer blouses with asymmetrical overlays hung next to tailored suiting separates with an urban sensibility. Slim, stretchy cotton trousers featured subtle mesh floating seams that looked like cracks along the kneecap and femur, while linen tweed jackets trimmed with leather had a collapsible, ""S"" shape, ""almost as though she's so strong, she has to slouch,"" the designer pointed out. Vosovic launched his line two-and-a-half years ago now, and he's hitting his stride. ""Things are slotting into place and I feel like I can flex my muscles a bit,"" he said."
4951,"I don't want to talk about the clothes, Tara Subkoff said at her presentation/art installation at Bortolami Gallery in Chelsea. Fair enough. The title of Subkoff's happening was ""This Is Not a Fashion Show,"" so the usual requests for inspiration were, by definition, out of place. An a cappella girls choir in nude bodysuits and red lips greeted guests with a tweaked version of ""Carol of the Bells"" (it was hard to hear what the new lyrics were, but it felt very uncool to ask), and in the main gallery space women of all ages and dimensions played dress-up in front of individual mirrors. Every performer had her own wall text this was a proper gallery show, to be sure and, selecting from the piles of clothes at their feet, each dressed and undressed. They preened, pouted, and experimented (one grandmother-age performer tried on a patent bolero as a hat); in short, all the things women do when they're alone in front of a mirror. In the back, a video of Vanessa Beecroft, very pregnant and nude save a pair of heels, played on a loop. An equally naked troupe of women offered up glass masks that Subkoff had created (along with glass vaginas) during an artist's residency in Venice this summer. The masks were marked with a plastic surgeon's suggested lifts and nips, and the women genuflected in front of projected images of skinny models and magazine covers the usual begetters of low self-esteem. ""I wanted people to experience what women go through when they get dressed,"" Subkoff explained. ""The clothes are not the point. I couldn't think of a clearer way of saying that than by putting them on the floor."" While a few viewers may not have gotten it (""This is getting bizarre,"" a young man noted as a performer stripped back down to her bodysuit), Subkoff succeeded in creating a hypnotic mood. As for the clothes, they were entirely beside the point. Pity the photographers who tried to capture each look."
4952,"Neat, the name Giorgio Armani gave his Emporio collection, could be read a couple of ways: as a reference to the monotone precision of the clothes, or as a slightly ironic, teen-y nod of approval to a lineup that targeted a much younger audience than usual. At least, that was the impression left by flippy little layered pastel-toned skirts and flat metallic sandals, by the endless shorts suits and all-in-ones, by pixelated prints and silken swags clasped on the bias by metal clips. There was something a bit Diana the Huntress about it all. The gold, bronze, and platinum glazing compounded the classicism of that notion. And then Armani went and showed a coat-and-shorts set in a glazed Prince of Wales check, or a natural suede coat with casually rolled sleeves, or a languid trouser suit, all of them reminding you of the kind of things he can design in his sleep. And that reminder came with a jolt of recognition these are the clothes that thousands of women aspire to. But this season, they'll have to work harder to find the items they want among the teen-leaning fare."
4953,"Season after season, Surface to Air nails what quietly confident, cool girls want to be wearing at the moment. On-trend without being overtly so, the cult Paris brand's new Spring collection includes boxy, military-inspired parka jackets loaded up with utility pockets (no purse required), as well as shrunken, patchwork denim jackets and second-skin stovepipes similar to those the fashion set is coveting from Phillip Lim's recent outing. Priced to ring in at around $220, the S2A jeans will be slightly easier on the wallet.  Art and music have always been an integral part of the lifestyle label's DNA, and S2A continued its noteworthy collaboration series here with a capsule of silk maxi dresses and bombers featuring prints taken from Aaron Young's oeuvre. Fans of the artist-about-town should recognize his signature motorcycle burnout marks streaking over a tropical palm-tree backdrop. We can imagine Young's girlfriend Laure Heriard Dubreuil turning up in one of the looks at an Art Basel Miami Beach party in December."
4954,"When former fashion writer Aimee Cho started Gryphon five years ago, it was all about the trenchcoat. Now her focus has evolved to include what lies beneath the label's eclectic, feminine outerwear. For Spring, Cho found inspiration in her own post-baby tendency to favor easy dressing; ""tomboy style,"" she calls it, ""but still chic and polished."" Slouchy pants, a first for the designer, in denim-colored camo, embossed snakeskin, and tie-dyed plaid were paired with Gryphon's signature embellished T-shirts, vintage sweatshirts with lace overlays, and oversized vests. Cho added a hint of ""sexy"" to the range of boyish silhouettes with a purple-ash colored leather bra top worn over a cream-colored shirt a look that echoed Balenciaga's latest Resort collection. Despite all that, though, outerwear was still the major player. There were trenchcoats, of course, including a piece designed in collaboration with blogger Lizzie Garrett Mettler of Tomboy Style and seasons-old jackets that were brought back to life with reworked denim swatches on the pockets and collars. Those will be made-to-order. For the Gryphon girl who's looking for instant gratification, the metallic anorak would be a smart choice."
4955,"The tennis dress, the tennis ball, the tennis net, the tennis court, the tennis racket, the tennis shoe? Who would have thought that one ball game could have so much mileage in one collection? And yet, surprisingly, it did in David Koma 's latest offering. Citing the influence of professional female players of the past such as Suzanne Lenglen, Gussie Moran, and Lea Pericoli, the designer set out to reinterpret the conventional tennis dress. He did so in the spirit of Teddy Tinling, the quintessential tennis dress designer, who clothed all the great ladies of Centre Court in daring designs before the sportswear companies made the game's outfits just that little bit more tedious.  Koma seems to have taken it upon himself to solve the plight of the tennis dress and make it interesting, contemporary, and sexy again without making kitsch reference to that ass-scratching seventies poster. What Koma produced was a decidedly body-con version of the dress something that was more nightclub than country club executed with a precision and a pop appreciation for his subject matter that was second to none. This was a full-blown tennis fetish sprung to life and explored in a myriad of detail see the first sentence with sex added to the sporting quality. The clothes were neat, geometric, graphic, sculptural, and totally contemporary; delineated in patent leather, engineered in thick jersey and silk, with some of the best use of the sheer/solid trend this season. Witness the precision layering of one outfit featuring a cropped green and black silk tennis-net sweatshirt over a see-through counterpart and a tight flesh-pink and green tennis-net skirt. Game, set, and match, as they say. And just think, if Serena or Venus wears any of these designs, it will bring new meaning to the phrase ""Girlfriend in a Koma."""
4956,"Let them eat cake. It's too bad, in a way, that ""let them eat cake"" is the most famous thing Marie Antoinette never said. Because if you remove all the sour, anti-plebe connotations, ""let them eat cake"" would be a pretty good summary of the Mulberry ethos and aesthetic. Except, in Mulberry-speak, it would be: ""Let them eat cake!"" Because Mulberry and its creative director, Emma Hill, really, truly believe in the mood-boosting effects of a good sugar rush. That's why their collections are always so calculatedly sweet. Anyway. There was cake at Mulberry today. There were also a giant poodle in a peacoat, chinoiserie jacquard, pastel floral lace, halter-strap sundresses, and wide-leg leather pants. And, as the infomercials say: all this, plus so much more! Mainly, the ""so much more"" meant bags, lots of bags. (Only twice today did models come down the catwalk at Claridge's empty-handed. ""No bag!"" said a VIP front-rower, sotto voce, the first time it happened.) And Mulberry will do well with its shrunken Alexas in this season's jacquards and floral leathers. The floral leather motorcycle jackets will be a brisk seller, too ditto the little waistcoat jackets, which had the right ease for Spring. Elsewhere, the non-outerwear leathers came off rather heavy, and the flower hardware on jackets read as particularly twee. Still, finding fault with Mulberry's sweetsiness is like getting mad at a cupcake. Is there a rusty nail in it? No? Then what's the problem? As Marie Antoinette once never said, ""Let them eat cake."""
4957,"She's a sexy tomboy with a bit of bon vivant, Rebecca Minkoff said backstage before her show. And that is a pretty accurate way to describe the clothes that came down the runway. The pumping sounds of indie group Tennis mixed with DJ Cassidy's beats riffed off Minkoff's reinterpretation of Slim Aarons photos. The models were cooler, more modern versions of the 1960s jet-setters and socials that he snapped as they lounged by the pool. Think boot-cut jeans with floral bottoms, faded motorcycle vests, sunset-print bomber jackets, and a grandma-chic tweed shorts suit. The trendy track pant even got a bit of a refresher colorful flowered stripes went down the front of the leg instead of the side. Midway through the show was a series of bandanna-inspired looks, which were the highlight of the collection. Case in point? White jeans with red embroidery paired with a matching ""Leno"" jacket and topped off with a '70s-style headpiece. Minkoff also took a risk with an open-back, utility-style jumpsuit and a pair of snakeskin overalls, but managed to pull them both off as only a true Minkette can."
4958,"There's no rigorous way to test this, but it's entirely possible that Duro Olowu is the world's most charming man. It's not even necessary to spend time in his company to get the sense of his charm (although if you ever get the opportunity to hang out with Olowu, you should). His clothes exude the force and warmth of his personality. Seriously: There is no earthly reason why a trim jacket made with contrasting pieces of toile de Jouy should work, and especially not when it's got balloonlike pleated sleeves, and especially especially not when it's paired with a ruffled dévoré? chiffon gown in a print that looks like the groaning innards of a volcano, but  Olowu makes the look convincing. Enticing, even. Taking in one of his ensembles is a bit like having the best conversation ever with a stranger you suspect may be mad. You just have to go with it. There were, of course, a number of looks in this collection that boasted an appeal that was easy to comprehend. An ensemble comprising a ruffled blouse and wide-leg pants in matching white silk noile was simply chic. After the recent explosion of digital print, Olowu's batiks reminded you of the tactile appeal of analog prints. Fine, graphic knits and slouchy big skirts just looked cool. And the bias-cut dresses, an Olowu signature, had an easy, graceful fit. Olowu himself defined something of the magic of his clothes today when he said that he avoids, at all costs, girliness, and designs instead for ""a woman who stands her ground."" It may well be that the heart of Olowu's charm, both personally and as a designer, is that he believes women are as interesting as he is."
4959,"Pop! Paris fashion week finished this morning with a six-minute Louis Vuitton show as energizing as it was brief. Marc Jacobs makes it look so easy. The mod, sixties-ish shapes, the eye-grabbing checks, all those miles of legs gliding around on sharp little heels. The girls walked out in pairs models of efficiency! Les Deux Plateaux , a famous installation piece in the Palais Royal by the artist Daniel Buren with columns arranged in a grid, gave Jacobs his starting point. The columns' three different heights suggested the show's three lengths mini, midi, and maxi. Buren also collaborated with Vuitton on today's fabulous set, with its four escalators emptying out on a giant yellow and white check runway. Vuitton's famous Damier provided the template for the checks both large and small. Even the floral embroideries were stitched in mini-squares, and the house's iconic Speedy bag got cubed, too. The checks gave this collection a graphic immediacy not unlike that of Jacobs' signature line in New York, where stripes ruled. A month ago, that show got fashion watchers talking about the new minimalism. Backstage today, the designer said, ""After the romance of the train and storytelling, this felt like something very powerful without telling a story. I was like, yeah, let's have a grid."" A flash of flat tummy between bandeau top and maxi skirt and hipbones jutting out from a cropped jacket and a lean pencil skirt ensured that the collection didn't feel cold, despite its comparative lack of emotion. The sunshine yellow worked its optimistic magic, too. For a finale, the models streamed down the four escalators like an army of grown-up Diane Arbus twins. The show was a kick. It was also a corrective response to the excesses of last season and a reminder, during a Paris week when other design stars are hogging the spotlight, that Jacobs is as agenda-setting as ever."
4960,"Paging Joan Crawford. Viktor Horsting and Rolf Snoeren revisited old Hollywood today. There was a black and white tile floor straight out of the Regency period, and the models stepped onto the runway via an antique mirror, like visions from the past. For clothes they wore long pleated gowns in black, white, and silver lamé almost as reflective as that mirror, or pastel georgette draped and swagged from necklines and waists embellished with ropes of crystals. Shoulders were big and waists were tiny. There's just about nothing more classic than the era they were channeling. The surprise, this being a Viktor & Rolf show, was how normal, how reasonable the collection was. That doesn't mean the designers completely laid off the visual puns, of course: We think we saw Lauren Bacall's face rendered in patchwork leather on a sweater, and we're certain the designers' first names were picked out in sequins on two others. For other decorative motifs, they turned to bows and roses and three-dimensional tulle embroideries, all details culled from their own archives. The column skirt in shaved tulle ruffles embellished with cut-Plexiglas roses that were much, much bigger than life-size won't bridge the runway-reality divide, but the eveningwear will: Most of it will end up on the backs of Crawford and Bacall's silver-screen descendants. That's gotta be a kick for Messieurs Horsting and Snoeren."
4961,"Last season Louise Gray went spectacularly onto another level as a designer with a show that her former Central Saint Martins M.A. tutor, Louise Wilson, said was like ""something from the Paris catwalk."" Wilson is the fearsome doyenne of London (and in many ways global) fashion, so great has been her influence on successive generations of major fashion designers whom she has taught and still supports. What she meant with her comment was that Gray's Fall collection combined the slickness and creativity that the French capital is famed for and from which it derives its mythological status in the fashion mind.  In actuality it's London that is exploding right now with a talent that is hard to contain: a peer group of designers mostly taught by Wilson who in the last two days have produced their fair share of powerful moments. Like Paris in one of its creative peaks, or indeed, like London in one of its own. Louise Gray cemented her place within that group today with a collection that had far more to do with London than Paris. ""I wanted to look back to look forward,"" she said after the show, which she titled Now What. ""It was about all the things I like, basically,"" she continued. ""I thought, I just like this, and I am going to do it."" That has been the métier for many London designers this season a sense of ""to thine own self be true.""  In Gray's collection that idea made for a compelling display, featuring a dizzying array of techniques in print and textile innovation. The graphic approach that has been surfacing throughout this season was present in spades here, in newspaper-print prints and even a specially woven newsprint cloth. Again there was an illustrated woman it's a trend we've seen on other runways this time delineated quite literally in her makeup and cartoonlike in her getup: fun, but serious nonetheless. That cartoon-y feel was accentuated by Stephen Jones' hats, Tatty Divine's jewelry, and at one point, a sincere nod to Barbie. Gray's bricolage approach to ""liking things"" gave the collection a punk and new-wave spirit that reflected figures such as Stephen Sprouse and Rachel Auburn who are no doubt present on the designer's list of likes although Gray defined the mood as ""art school."" Really, it was Saint Martins experimentation all grown up and ready for the wider world."
4962,"The Fashion East platform is the playpen for nascent talent in London. But what was surprising today was how mature some young designers' ideas can be without losing any of their edge. It is hard to pass judgment on designers at this stage in their careers; people who start off in one place can turn around in a few years and shock the hell out of you both for good and for bad. But the Lulu Kennedy-run showcase has a good track record. Ryan Lo produced a candy-floss confection of looks, where the experiments in texture were fine he is known for his fabric innovation but the taste left something to be desired. It seemed like glam house was back again and that marabou was de rigueur; references to this period are popping up all over the place in London. Overall, the collection had a syrupy flavor, when it felt like it needed to be spiked with something stronger. Or maybe that's just this reviewer's palate. On the other hand, there was Claire Barrow, the recent Westminster graduate whose collection had a literal debt to the strong stuff: Garments were inspired by and named after tequila, bourbon, martini, gin, and absinthe. Here, there was a fifties rockabilly sensibility that actually pointed to the designer's interest in punk. ""Punk looked back to this time to get those basic rhythms back,"" she said of her music choice. Equally, she looked back to go forward in the fashion she has been making. Skipping nostalgia for something more sinister and enigmatic, Barrow put her boys and girls in rubber dungarees, hand-illustrated leather jackets, and odd rainwear. She hoped her gang defied some easy explanation, and it worked, in a good way. After enjoying two previous seasons of Fashion East, Maarten van der Horst was the only designer to have his output on the catwalk (the other two presented in a tableau format). Not surprisingly, his work felt the most ready to leave the playpen's confines, and yet it had lost none of its youthful bravado. Much spun around the detritus of consumer corporate culture, particularly the motif of the carrier bag. And the cheap carrier bag at that the kind you get from the supermarket or the market stall, not the designer kind. Tesco bags were a particularly prominent part of the collection. Of course, there was a debt to punk and pop here, particularly from the school of Sprouse, and yet the appropriation felt entirely contemporary, as opposed to being tinged with nostalgia. The manic handmade screen prints, the Swarovski stickers, the ready-made workwear shapes of corporate uniforms ""I am not a big fan of hiding behind craftsmanship,"" said the designer gave an honesty and democracy to the entire thing. In London this season, Fashion East really did point the way forward to something different in fashion today."
4963,"Designer Stacey Bendet's latest collection for Alice + Olivia was inspired by the American dream. ""You know, that late-1950s optimism,"" she said in a preview at her Meatpacking District studio. It started with a color palette drawn from the work of artist Ilya Bolotowsky, who cleverly mixed the decade's primary hues with unexpected pastels. For Spring, Bendet took that idea and ran with it. Pale blue chambray-denim pants were paired with a cobalt sequin tank and striped jacket. A Kelly green swing skirt and T-shirt were topped with a red and white Pop-art cardigan sweater that had lips and a heavily mascara-ed eye on it. ""There is a little humor in everything,"" Bendet said. What's funny is how many people flocked to the model who was dressed in white gauchos and a rhinestone-encrusted bustier with a leather jacket thrown over her shoulder. That was the best look, but the handbags, which are a new venture for Spring, were also hard to forget. The Lucite clutches filled with candy were particularly sweet . But overall, the range seemed to lack a cohesive point of view. Yet Bendet spoke to that. ""As a designer today, part of my job is to pick a trend and to design the clothes,"" she said. ""But I also need to create a way for my customers to be individuals."" With a Meatpacking District store opening next month and other outposts on the West Coast and abroad, Bendet must be doing something right."
4964,"Through all his years at Dior Homme, Hedi Slimane always knew how to create a sense of occasion. His womenswear debut for the newly rechristened Saint Laurent took place in the Grand Palais, possibly the most magnificent exhibition space in Paris, except that Slimane led his audience up single-file escalators and down singularly un-magnificent administrative corridors before they happened upon the sepulchral rectangle of show space. A trick! As klieg lights rotated and Daft Punk's electronics pulsed, the ceiling closed in, shifting hydraulically into a new configuration. It was a spectacularly ominous effect, like a techno overture to what? A promise of the future? A man who can reshape space is surely capable of such.  Not the case tonight. Post-show, Betty Catroux, longtime muse to Yves himself, was delirious with delight, proclaiming Slimane the savior for all womankind. But a reality check suggested something less grandiose, more in tune with the way Slimane has been spending his time since he left fashion five years ago. In the City of Angels, to be precise. True, he hot-wired himself into the YSL legacy with Le Smoking, the mousselines, the pussy bows, the shot of animal spot, and that thing called Saharienne (which will always be Veruschka in Vogue ). The tassels said Morocco they also said Opium, ? la Yves.  But it felt like the real mood of the collection was dictated by Slimane's L.A. sojourn. The pared-to-the-bone rock-chick look with its legging-slender pants and tiny sequined jackets was one facet. The other, deeper reference was the city's plangent, occult pull. The women on Slimane's catwalk today looked like the witchy covens who'd surround rock groups in the sixties/seventies heyday of the Strip. Or maybe even earlier, when the artist Cameron seduced the stalwarts of the Ferus Gallery. The floor-sweeping, full-sleeve dresses had the deeply gothic tinge that is peculiar to L.A. With the models' faces uniformly shaded by wide-brimmed hats, it seemed that witchy seduction was the agenda of the evening. A bizarre way to stake a claim to one of fashion's most unimpeachable legacies, maybe, but it felt perfectly in tune with what one could legitimately claim to be Slimane's California obsession. And the clothes struck a major chord with the babes in the audience the Kills' Alison Mosshart claimed she was ready to take a fourth job to afford them."
4965,"If designer Maki Osakwe based Maki Oh in New York City or in London, she'd be one of the most buzzed-about young designers around. Her point of view is unique and compelling. The clothes she designs are beautifully tailored, feminine, and elegant yet idiosyncratically modern. She knows how to make unexpected juxtapositions convincing. Her designs have been worn by the likes of Solange Knowles and Leelee Sobieski, which is truly remarkable given that she's actually based in Lagos, Nigeria. There will probably come a day when Lagos, teeming metropolis that it is, displaces London or New York as a fashion capital for emerging designers. Today, however, Lagos is a place where Internet outages are a daily occurrence. That Osakwe is getting noticed at all is a testament to her extraordinary talent and equivalent potential. Part of what makes Osakwe so interesting is the way her designs are informed by Africa. One signature of her brand is that it's dyed by hand using a traditional process called adire . Another is her way of combining Western silhouettes and native materials and motifs to wit, a lace-blouse-and-pencil-skirt set appliqu'd with unsettling raffia eyeballs. Perhaps most significantly, though, Osakwe brings an African sense of clothes-as-storytelling to her collections: This season, for instance, her starting point was a story she made up about secrets. The eyes on Osakwe's clothes are meant to be unsettling: They're watching you. And it's no accident that the face cut into the fringe on Osakwe's terrific slipdress looks pissed off; that's the girl whose secret's been betrayed. Elsewhere, Osakwe picked up a traditional Nigerian print of spiraled squares, which was an allusion to the compounds where people live in rural Nigeria. These are places, she explained when she presented her collection by appointment, where it's impossible to keep secrets. And so on. You can either take an interest in Osakwe's stories or you can consign them to the same ""interesting but whatever"" mental pile where you put information like the fact that Osakwe was also inspired by Cy Twombly this season, and Pina Bausch. Though the African-ness of Osakwe's clothes are a non-incidental part of their appeal, they're as much a mash-up of references and obsessions as that of any designer. The thing to put in your mental ""must-know"" pile is that Maki Osakwe deserves to be a star."
4966,"Coincidentally, Paul & Joe 's Sophie Albou hit on the same hot spot for her Spring collection as Isabel Marant: Hawaii! ""She's a cool, active, working woman, and she mixes her city looks with Hawaiian looks,"" Albou said before the show. ""It's a sexy, interesting mix."" In fact, it's not the newest idea out there, but it served Albou well tonight. Tailoring was the strong suit of her Fall collection, and her Spring lineup delivered more of a good thing: Take softly pleated, faded denim jeans with a boxy striped bomber, or a slightly elongated white jacket with striped, cuffed pants. Hawaii entered the picture via fluoro floral embroidery, which appeared on everything from a button-down that accompanied a blazer and oversize Bermudas to a pair of low-slung capris. In this era of eye-searing digital prints, Albou's multicolor tile motif looked a little fuzzy. Better was an electric-bright orange and marigold floral, especially when it appeared up and down the front of a simple, sleeveless floor-length dress worn with flats. It would've been nice to see more of the stretch jersey pieces. A racerback style in white with a black band at the bottom had a sporty kick."
4967,"Make way for Miss Wu , a new contemporary collection from Jason Wu that taps into his more carefree, playful side. Priced between $195 and $795, it allows the designer to reach a younger audience. ""In the beginning, Jason Wu was much girlier, and as I've matured, so has my aesthetic. But there's still a part of me that loves that French gamine look, and now I'm able to fully explore that with this line,"" he explained at a studio appointment earlier this week. Speaking further to the differences between his two customers, Wu said, ""The Jason Wu woman is manicured. She's done. She's polished. Miss Wu is a little more offbeat and her clothes have a slightly lived-in appearance. Miss Wu will do a clashing print with an off-color floppy hat."" The debut Spring lineup, which hits Nordstrom stores next month (the retailer will exclusively sell the first two collections), features staples including soft striped sweaters, geometric-print silk blouses, boxy leather shifts, and tailored trenches. Wu put the emphasis on timeless, rather than trendy, and that was refreshing. Some of the pieces were twists on his design signatures. A white cocktail dress came with the kind of intricate beading we'd expect from Wu's namesake collection. Hand-painted feather and ""photo negative floral"" prints exhibited the same attention to detail. Wu has already finished designing the Miss Wu Fall collection and seemed genuinely excited about this new project. ""It's easy when it comes from an honest place,"" he said. ""I never had to search for Miss Wu."""
4968,"It is a tall order to be the creative director of a house during its 60th anniversary. And to do that in only your third season is an even taller one. Yet Clare Waight Keller came through this challenge with suitable aplomb for Spring. It was her most accomplished collection yet.  The designer appeared unbowed by the weight of history what was shown today was not a greatest-hits collection. Yet, at the same time, she seemed to have subtly absorbed the lessons of the archive to be found in the Judith Clark-curated "" Chloé : Attitudes"" retrospective currently showing at the Palais de Tokyo. The main lesson being that the unifying factor in Chloé's history is not a surface style, but rather a state of mind. Gaby Aghion, the founder of the brand, had wanted to free women from the heaviness and import of haute couture. She did this with a lightness and an insouciance in her attitude to fashion and to life. ""I actually started by looking at transcripts of Gaby's talks with us,"" Waight Keller explained of the collection after her show. ""She said something that really struck me: 'I never explain anything. I live my life, and I live the life I love.'""  In that way there is no real narrative for this Chloé collection, just an idea of a certain feminine confidence and a more French one than has been seen for some time. Simultaneously there is a certain English and boyish discipline that Waight Keller has added to the clothes, both in style and structure. Concentrating on the cropped, the mid-length, and the long ""a clean organization of looks,"" as the designer put it there was a play on layering, particularly in the transparent and the solid, as well as Bermuda shorts and ""side pleat"" trousers. Technical experiments with materials were another way this collection was freed from the weight of history; the creation of volume and structure with a stiff, geometric lace and the use of pleated Japanese polyester brought about some of the prettiest looks. Yet a few of these dresses indeed had their counterparts in the exhibition, such as a flesh pink, transparent pleated tulle dress that Karl Lagerfeld had created during his tenure at Chloé in the eighties. It's telling that Lagerfeld is the go-to designer for Waight Keller, and it further points to an interest in the substance of Chloé as much as its style."
4969,"There's been another designer change at Vionnet . The Croce sisters, who took over for Rudy Paglialunga, are out after just one runway season. Today's collection was designed under the new creative director Goga Ashkenazi, who is also the company's new owner. And don't forget Sophia Kokosalaki and Marc Audibet, who both had their shot at turning the label into something with its previous owners. Got all that? It's a long way of saying that reviving a heritage label, no matter how illustrious the name, is hard. Really hard. And Vionnet's name was once illustrious; the inventor of the bias cut, she helped free women from the cage of corsetry. Now? You can't blame customers if they've lost interest. Inconsistency can sink a brand; even a 100-year-old name can lose its currency. Ashkenazi demonstrated today that she has a general sense of Madeleine Vionnet's house codes the asymmetric necklines, the draped square cuts and she gave the sheer chiffons and georgettes a modern spin, often pairing them with pants underneath. But the collection lacked finesse, and it'll need it to compete in the fashion world of 2012."
4970,"You never really get to see the clothes in the environment that they end up in, Barbara Tfank said a few days before her presentation. Which is why the designer staged her Spring collection the way she did today in different rooms of an impeccably furnished Upper East Side townhouse. The whole setup was meant to bring the subjects of renowned celebrity photographer Slim Aarons' work to life. It was ultimately Aarons' famous quote about his pictures' content, ""attractive people doing attractive things in attractive places,"" that Tfank was trying to emulate. Most of the looks were feminine, full-skirted dresses in colorful brocades and cotton matelassé. Some of the better ones had scalloped necklines and patch pocket details. Tfank cleverly matched the models to the decor, which looked best in the master bedroom. Hydrangea blue and lavender rose gowns were displayed there to blend with the floral-patterned carpet. For the younger Tfank girl, there was a medallion-printed cropped trouser with a matching capelet and a neon geranium and white grid-patterned skirtsuit paired with a white T-shirt. Overall, today's showing didn't exactly capture the relaxed feel of Aarons' iconic photos like the one of Joan Collins lounging on her bed with a pink poodle but hats off to Tfank for trying something different."
4971,"The hardest collection I've ever done, Jonathan Saunders declared after a show that continually tricked the eye but ultimately seduced the mind. As one of London's original masters of the print renaissance, he feels he has to force himself into strange new places each season. Here, for instance, there were laser-precise stripes that defied comprehension. The silver and green combo, for instance was it color printed on leather? Or laminate printed on fabric? Or both? That ambiguous duality seemed like the essence of the collection, which also revolved around outfits that totally transformed front to back. The first look featured a nude second-skin top and a sci-fi metallic skirt. Both turned to reveal a matte black back. Later, there were a sensational red sequin cardigan and skirt that, viewed from behind, were all gray jersey. Or an almost-corsetlike top and skirt embossed with shiny green dots that died away to a lime-y matte in back. What was Saunders implying with such split-personality clothes? You could probably extract some interesting philosophical point about lubricious comings and decorous goings, and the fairy tales of first impressions. That line of reasoning might yield an appropriately sexual subtext. Saunders himself was, after all, keen to emphasize the up-for-it-ness of his new collection. The sneery, erotic grind of ""Strange"" by seventies art-punk icons Wire set the mood. Saunders said he was thinking about ""a Michael Clark disco girl"" glossy lips; tousled hair; sequined, bias-cut slipdress; a wild child, but with a bit of art in her. He agreed she'd probably be someone like the girls in Antonio Lopez's Instamatics, and God knows they are the fierce ruling divas of pop culture at the moment with the Lopez book, the New York exhibition, and the MAC collection. Which proves that Saunders has an instinct for the moment. The graphic boldness and hard confidence of this collection had take-charge guts. There will always be something about a blouson over a bandeau that says bad girl, but recent political events in the U.S. have conspired to make it a practical necessity for girls to be ""bad"" in the face of male idiocy. Saunders has generously given them a uniform to triumphantly fight the good/bad fight."
4972,"What is iconic? This was the question on Sharon Wauchob's mind for Spring, so she looked to timeless fashion tropes for answers. She honed in on two opposing motifs, military toughness and femininity, the latter of which led to a dissection of lingerie. Wauchob combined the softer elements of underpinnings with rugged army staples for a cool, pretty mix of utilitarian daywear. For a touch of girly shine, muted paillettes dusted the pockets of nylon cargo shorts, slouchy and low-slung enough to draw the eye up, up, up to the jersey bralets they were worn with. But even the sight of so many lovely midriffs couldn't compete with the runway's real scene-stealers: structured, mixed-textile outerwear pieces that added a necessary dose of polish to many of the ensembles' competing layers. A sleeveless trench in bright peach looked lightweight but still substantial; better yet, it steered clear of the straps, buckles, zippers, and harnesses that vied for attention on a few too many blouses and shorts. When the balance of wispy layers and functional hardware was right, the looks had an appealingly unstudied ease."
4973,"There were two key themes at this evening's Osman show. One color wasan unalloyed triumph. The other, an embroidered heart motif, sold in someplaces but not in others. But the vexing thing about this show was thatit represented something of a retreat for designer Osman Yousefzada.After two good-looking, grounded collections, Yousefzada fell back intohis old habit of treating clothing as sculpture in which the womanwearing it is a relatively incidental part of the art. There were somenice ideas here, like fitted leather tops laced with twisted chiffon, andYousefzada made a refreshing appeal to female sexiness, with cleavage cutdangerously low and legs slit eyebrow-raisingly high. But petal-shapedshorts that flapped longer in the back were just awkward, and the yardsof fabric descending from the shoulders of dresses and dragging on thefloor read as overly theatrical flourishes. Past seasons have proved thatYousefzada has the discipline to think about his clothes from the inside,from the point of view of the women who might be wearing them; this timeout, he seems to have gotten lost in visions of the artistic effects hisclothes create. A woman is a kind of canvas, but she's not a blank one."
4974,"At Alexander Wang's downtown showroom, it can be difficult to decipher his T line from his main collection an obvious sign that the designer is pushing T onward and upward season after season. There were the usual staples today French terry sweatpants, linen striped long-sleeved shirts, and the classic black, white, and heather gray palette but they were mixed in with more sophisticated styles. Crepe suiting in the short and pant variety echoed the clean and simple lines of his recent runway show. The sleek pieces were paired with satin and leather bralettes, which leads us to believe that the crop top trend is here to stay. Wang also introduced a handful of new silhouettes, such as a low-back halter dress with metal hardware and leather tops with full back zippers. A far cry from a simple pocket tee, that's for sure. The sweaters, like those we saw on Liberty Ross and Daria Strokous last week, had sheer backs for showing a little springtime skin. But as for separates that glow in the dark? Maybe next season."
4975,"Cacharel was the Isabel Marant of its day: young, carefree, colorful, in love with prints, and very French. Marant's isn't the only route to success in the advanced contemporary market, but it's not a bad road map for designers eager to build a brand. Watching Ling Liu and Dawei Sun's third runway collection for Cacharel, you wondered why they haven't tried their hands at her more casual, everyday approach to clothes. It might give the collection a currency that it needs in order to survive and thrive in a seriously competitive category. The show didn't lack for charming pieces: It started strong with a lyrical botanical print on a popover top and Bermuda shorts set, and it ended well, too, with a strapless long dress covered in a colorful abstract goldfish motif. In between, though, it was difficult to fathom why the designers insisted on the cool blues and hot oranges that were used almost exclusively. Certainly there are other, prettier colors. The graphic knits could've used more finessing too. But what was most perplexing were those sheer organza smocked dresses and ruffled skirts. They were prissy when they should've been sassy."
4976,"Wayne Lee can't seem to kick the memories of her trip to the Caribbean last year. Her Spring collection found her diving deeper into the ocean. Her dream has always been to be a marine biologist. The under-the-sea theme was most evident in the prints. Lee incorporated four into the latest range. One was inspired by the Portuguese man-of-war, a jellyfishlike invertebrate that has 30-foot-long tentacles. (""I had them cut shorter for the clothes,"" she joked.) Another print was a digital rendering of a coral reef. It showed up on tanks, slouchy boy-fit pants, and a baseball-style bomber jacket. The wares were more colorful than what we usually see at Wayne . ""Maybe it's because I had a kid,"" she said. ""I have been reading a lot of children's books, and it definitely changes the way you think."" Cobalt blue, conch pink, and a neon yellow were mixed in with the line's signature black and white palette. Shapes and silhouettes stayed true to the Wayne DNA but were updated with cool details. Racer-back tanks got side zippers, mini skorts (and skort dresses!) were lined in contrasting colors, and flaps on cropped pants were strategically placed to create an apron effect. It's pieces like these that we'd like to see more of next season."
4977,"Here's a novelty this week in Milan: a show that advertises itself as having ""no inspiring eras, no retro nostalgia."" With the city in the grips of 1960s fever Courrèges! Paco Rabanne! Mary Quant! the designers at Sportmax opted to go modern-modern. There was a lot on the runway this afternoon that looked right for the here and now: boxy, almost spongy leather jackets and split-hem skirts that called to mind last season's Proenza Schouler show; sporty ribbed knits, some of which were coated in stripes of an almost reflective-looking plastic; easy-to-wear shift dresses arranged with more stripes in bold chevrons across the front. Not everything was quite as successful. The bands of transparent film that decorated the edges of shantung suits and coats were superfluous at best, a lame attempt at what the tailoring of the future might look like. The Sportmax team had better luck with the leather pieces at the end of the show that were laser-cut in houndstooth motifs. They had a cool, graphic zing."
4978,"By the time Chitose Abe's Sacai show wrapped up this morning, we were already two for two. Both Abe and Stella McCartney an hour earlier were talking backstage about combining masculine and feminine. Abe got more specific about her intentions this season: ""Contrasting workwear with feminine aspects of clothes."" The boy/girl mix was a fixation of hers for Fall, so it was smart of the designer to add the utility spin. It's a point of difference that gave this collection a more casual feel than her previous one, and, intentionally or not, a more wallet-friendly price tag.  Not that sticker resistance seems to be much of an issue here. Clever clothes like Abe's are rare and, if the swarms of retailers in her packed-to-the-rafters show was anything to go by, hard to resist. Abe has a special knack for outerwear; we've clocked her jackets in the crowds all over the Paris shows. On the runway today, a pair of swingy parkas with feather-lined hoods looked particularly great. One came in olive drab and navy cotton canvas, the other in railroad stripes two of the fabrics holding up the utility side of the equation, while lace, embroidered tulle, and silk scarf prints represented femininity.   Most of the time, Abe's Spring pieces were different front-to-back. What looked like a pair of trousers in that olive drab turned to reveal a long, split navy silk skirt; a knit cardigan was peplumed on the rear hem with cotton canvas; and one gray sweatshirt dress flared out in an A-line bustle of engineer stripes. There was a lot going on Abe is no minimalist. But if the vertically spliced carwash skirts were too busy, the rest of the collection really worked."
4979,"Three months of hell. Jonathan Anderson wasn't mincing words about thetorture he'd inflicted on himself in the name of Spring 2013. But that'swhat happens when you set yourself challenges that sound peculiar to thepoint of insurmountability. Like, how do you screen-print cotton sponge soit has the uniform matteness of a Dulux-ed wall or a sheet of Pantone Whaaaaat? Anderson managed to do it, but the result looked and felt likeneoprene, which kind of made you wonder why he didn't just use neoprene inthe first place. That question would, however, be a fundamentalmisapprehension of Anderson's extraordinary, experimental commitment to hiscraft. Here, printed satin was heat-sealed to give it a lumpy texture,cotton shirting was given ""a chemical puff."" Color was lasered on the backof a nylon base and shot with silk to provide the metallic fabrics for theshow's last looks. Everything was done by hand, but the result had acuriously mechanized edge, which made you acutely conscious of how mucheasier he could make life for himself. Easy? No thanks. Anderson's priority with this collection was, he insisted,""breaking the code,"" meaning abandoning whatever comfort zone he'd createdfor himself. There was some irony in the fact that what came next wasactually his most fully realized and accessible collection. Andersoncarried over his gender games. The models had spit-smart schoolboy hair,but he imagined them as the ""older, hyper-feminine"" counterpart of the menhe showed in June. He dressed them in masculine pinstripes, but tied themin a huge bow. In a typically surreal touch, he emphasized theirwomanliness by draping a clumsy swatch of black, ""like a bad brassiere,""across puffy, printed satins. The designer called his collection ""The Treatment Room,"" imagining it as ""alab where problems are worked out and solutions are found."" There wascertainly enough of that. But his convoluted thought processes also ran toirresistible merino knits, dissected so that what wasn't there was just as important as what was. Here, the cerebral intention actually paled beside the physical execution. The knits were pretty. Pretty? Anderson blanched."
4980,"It's not a perfect science, but reading between the lines of a show casting can tell you quite a bit about a brand's take on itself. There were no megasuperstar models at this morning's Daks show, but the presence of serious, in-demand girls such as Marie Piovesan, Kate King, and Lara Mullen gave a clear impression that the house is liking its chances at the moment. That confidence isn't misplaced: The new Daks collection was the most compelling yet from Sheila McKain-Waid, who instituted a regime of clean, sculptural sophistication when she debuted as the brand's womenswear designer a year ago. The show today opened with a series of looks in tonal exchanges of chalky white and cream. The limpid palette established an atmosphere of weightlessness that carried through much of the show. And that weightlessness was what really felt fresh here: Where other brands have seized the moment for sculpted silhouettes by bonding, lacquering, and hardening their fabrics, McKain-Waid had the wit to go in the opposite direction, and create ethereal volumes using barely-there materials. Witness the belted cream vest on Kate King, with its ballooning volume in back, or the handkerchief-weight, broad-leg jumpsuit worn underneath it. McKain-Waid wasn't opposed to using sterner materials, but when she did, it was with great specificity, as in her see-through nylon anoraks, or sporty vests trimmed with plastic. The see-through nylon and plastic touches were part of a larger conversation within the collection about opacity and transparency. In general, McKain-Waid played with the theme by overlapping sheer materials an idea taken from an antique Vionnet blouse made from sewn-together scarves. McKain-Waid makes a habit of using her references well: Another inspiration this season was a Jasper Johns painting, of white paint brushed on raw canvas, which influenced the collection's tonal and textural play, as well its excellent brushstroke prints. (One of these was a riff on Daks' heritage check, which McKain-Waid is of course obliged to incorporate into all of her collections. If she minds, she doesn't show it.) There were some weak spots here the leather, for instance, seemed a little out of place but overall, this collection was thorough, polished, and compelling."
4981,"How do you follow up a striptease? If you're Olympia Le-Tan  who presented her debut ready-to-wear collection last season on dancers who promptly doffed it you hire the one, the only Ronnie Spector to sing ""Be My Baby."" The bag-maker-turned-clothing-designer booked the Th  tre de la Madeleine today, hired a dozen or so models of color, and had them lip-synch girl-group hits. After they performed the ""Locomotion"" ensemble, the 69-year-old Spector took the stage and put a smile on everyone's face. No easy feat in these last days of fashion month.  In a presentation like this, the clothes are bound to come second. If they don't yet have the cult factor of Le-Tan's bags, they were quite true to the designer's own personal style, with a late-fifties/early-sixties, body-loving vibe. Little cashmere sweaters and even littler shorts, a Lolita-ish matching push-up bra and capri pants set, printed A-line dresses, and a vegetable-print pencil skirt worn with a scallop-edged top. All cute, but the real fun was Spector and co."
4982,"Richard Nicoll 's first foray into menswear earlier this year was an unequivocal critical smash, something the designer needed. He pulled it off by going back to design ground zero: himself. Today, we saw how the same approach could apply to his women's collection. It relaunched a re-energized and refocused Nicoll doing what he does best. In his own words: ""no tricks, down-to-earth, athletic, urban, timeless "" And, we might add, gratifyingly sellable. Nicoll built on the straightforward, sexy strengths of his menswear, carrying over the color palette (especially the Nicoll blues that say so much about his Sydney upbringing), individual items such as the shirts and bermuda shorts in leather, and unprecious fabrics like piqué, cotton mesh, and gray marl jersey, which loaned themselves easily to the instinctive, body-conscious sportiness of his designs. Standout pieces included the white piqué parkas, the skirts with zipped-in mesh detailing, and what amounted to a hyper-sophisticated take on T-shirt dressing, with elongated tops fluttering over shorts. Nicoll enlarged the mesh to make an abstract pattern for some of his jacquards. His other jacquards were Regency florals from heritage weavers Stephen Walters and Sons. They were the dressiest pieces in a collection that was otherwise firmly focused on daywear, but equally, they had a punchy athleticism. Likewise the short, fitted dresses with long billowing trains in anorak taffeta. Glamorous but utilitarian. That combo is a significant strand in the Nicoll DNA."
4983,"Juan Carlos Obando was thinking outside the box when he came up with the concept for his Spring presentation, opting to show the new collection on mannequins with papier-m ch? animal heads instead of models. (He shot Heidi Mount for the accompanying lookbook seen here.) The surreal sculptures articulated a sort of woodland fantasy that tied in with the clothes. The prints this season were based on sketches Obando did as a graphic designer ten years ago of zoomed-in fish scales and feathers. The patterns came on peplum jackets and hourglass-enhancing cocktail dresses cut from sporty, silicon-treated crepe. Obando carried over his sheer chiffon pants with built-in board shorts from Resort, which successfully advanced his modern approach to unassuming eveningwear. On the other hand, he also included dramatic gowns with puddling trains and over 32,000 Swarovski crystals. Red carpet ready? You bet."
4984,"Last season, it seemed as if Donna Karan had never met a pinstripe she didn't like. Today, she dumped tailoring like she was shorting a bad stock. The mood chez Karan for Spring is decidedly ethereal the palette all dusk and dawn, with fitted-on-top, full-below-the-waist silhouettes borrowed from the world of ballet, or the 1950s. Such zigzags aren't uncommon in this business some of Karan's contemporaries have built their fortunes on them but this one proved a bit more disorienting than usual. A fitted spiral sheath in eggshell white canvas and a matching cropped jacket with three-quarter sleeves resuscitated the strong urban message of the designer's Fall lineup. A draped silk dress in oyster gray was another sexy look. Bette Franke's handkerchief linen sundress, meanwhile, had a sweeter demeanor but was still ravishing. More often than not, though, the clothes felt soft-focused. Despite show notes proclaiming ""the awe of coming into the city"" as an inspiration point, there was a lack of edge to such evening looks as a pair of chiffon gowns with a smattering of sequins and natural pearls and a deeply cowled long dress in platinum viscose crepe. The collection came alive with a pair of navy blue gazar gowns printed below the knees with enormous pink shells, but they arrived a little late."
4985,"Marios Schwab 's ability to insinuate elements of his Greek heritage into his clothes is impressive. The quotes from classical dress in his show today were already part of his design signature. New was the inspiration he took from the bee, whose honey has fueled Greek culture lo these long millennia. ""I've always been mesmerized by bees,"" Schwab admitted backstage. He found in their humble industriousness a necessary reminder of the vital nurturing connection between nature and human nature, and that Nat Geo notion was really the foundation of a collection that aimed at celebrating the tribal, the ritual, the mythic.  Cha O Ha was the title Schwab gave it, which was, he said, Navajo for ""in the wilderness."" The Navajo and the Amazons seemed to be reference points for him. The fringing, the lacing, the slashed suedes had something of the frontier about them. The raffia felt more rain forest. The harness detailing in leather or Swarovski crystal suggested Amazon princesses. Then there was all the pleating, which echoed the chiton of ancient Greece. And don't forget the bees. Their honeycomb was a recurring visual motif. Often, all these elements came together in one outfit. It was too much. And when Schwab pleated soft, shiny skins colored in vivid shades of pink and blue, they injected an additional incongruity, looking like nothing so much as sheets of Plasticine laid across the body. Schwab thinks. He has proved himself adept at incorporating the most arcane ideas into clothes that seduce. And his source material this season was certainly as promising as any he's ever worked with. But then Schwab's instinct is overwhelmed by overthinking, and the delicate balance on which his success depends tips over. That was made clearest here in his eveningwear. Earlier this year Schwab produced some of the most erotically suggestive and memorable gowns of the season. This time, suggestion solidified into showgirl territory. With added raffia. Inconsistency is always frustrating in talent you respect and admire. The consolation is that tomorrow is another season. The bee never gives up."
4986,"The London fashion scene is never short on young designers with a directional point of view. More unusual, though, is a designer like Eudon Choi , an up-and-comer with serious commercial knack. Editors in London haven't just been buzzing about Choi for a couple of seasons now, they've also been wearing his clothes, like the oversize varsity jacket he knocked out last Spring, or the Fall 2012 tee crusted with mineral-looking silver and gold. Watching his presentation today, you could see, vaguely, the makings of a Phillip Lim-like career and it ought to go without saying, that's no bad thing. But if Choi wants to seize that potential, the first thing he has to do is embrace his talent for approachability. There were a lot of pieces in this collection that showed him doing just that. The themes here were Stanley Kubrick's 2001: A Space Odyssey and futuristic sixties mod. Choi did well when he tethered those references to easy, modern shapes, like a linear jumpsuit in lunar silver or white. He turned out several clever Balenciaga diffusions, such as structured T-shirts with oversize sleeves or all-white looks made from a superb, three-dimensional mesh fabric. A lab coat in the squishy mesh was strong. But the collection lost focus whenever Choi reintroduced his super-reflective, super-stiff patent leathers. As an element, the material worked fine, as when he inserted bands of patent leather into his patchwork minidresses. However, an all-patent black suit just didn't look fresh, and overall there was simply too much shine. You got the sense that Choi felt obliged to attempt an editorial statement, when in fact his heart was in the small innovations, like the Escher-esque sequin embroidery on a slouchy black silk tee. That might not be the kind of piece that editors gawp over, but it is the kind they wear."
4987,"John Rocha has recently been designing a glass chapel in the Ch teau la Coste, an arts center in the south of France. It's made up of 400 square feet of crystal components provided by Waterford, the Irish company for which he designs tableware. Rocha claimed the location inspired the palette of his new collection, with its broom yellow, sky blue, and rose pink, but the strangeness of the concept also involuntarily dictated the mournful mood of the clothes. There was something antique about the silken layers crushed like broken blossoms, the cobweb lace draped over a black mini-crini, the hand-knit skirt in virginal wool spectrally veiled not to mention the hollow-eyed models in big, squashy hats. They told a story of romance gone terribly wrong, like Dickens' lovelorn Miss Havisham projected half a century forward to the Edwardian era, which Rocha's silhouettes echoed with flaring hips and mid-calf lengths. The idea of a glass chapel somehow only served to underscore shattered illusions. So did the soundtrack, The Kills' version of ""Pale Blue Eyes,"" in which Lou Reed's lyrics detail the angst of a cheating lover."
4988,"To call it a green thumb would be putting it mildly. Serkan Sarier's new Brood collection was a riot of roses. The designer drew on botanical rose prints from throughout the twentieth century the Deco period, the forties, the sixties and silkscreened them onto silk faille, stitching panel on panel of them, so that many looks bloomed from black and white to color, from one panel to another. Sarier was interested, he said, in the durability of the rose throughout the years, the way the flowers came to stand for a permanent emblem of beauty. Gertrude Stein once said much the same thing, though a bit more simply. As she put it, a rose is a rose is a rose. As roses layered on roses, so pieces layered on pieces a change for this label, which typically focuses on dresses. ""I wanted to give the Brood girl more options,"" Sarier explained. ""Usually we think of layering in autumn, but everyone loves to wear light layers."" He provided plenty. Each look comprised several, with fluoro lace tanks under floral bodices, lace-up silk shorts giving a glimpse of a lacier pair beneath. (The flowers, fluorescents, and mixed prints were very young London, by the way a strain that's run through the New York collections all week.) Here the lengths were short, the fits mostly snug, the details borrowed, as is Sarier's signature, from sport: stoppers, laces, pulls. The prettiness and sportiness together jarred in an appealing way, and the emphasis on separates presents a solid commercial opportunity. Both aspects were good and if anything, the show occasionally veered into too much of a good thing. There was so much to look at in any given look that each one took on a frantic energy. In the past, Sarier has offered a few palette cleansers in his presentations snow white or solid-colored moments of calm. A few more here wouldn't have hurt. By kismet or cosmic coincidence, Brood fan Emma Watson wore just such a dress from Sarier's Fall collection to her latest premiere tonight."
4989,"There are odd moments when Angela Missoni takes a leap of faith that flummoxes her audience, and it usually involves something she's done to Missoni 's inviolable knitwear legacy. This time around, for a while at least, she turned her back on the colorful palette that is the company chromosome. The first looks were all white. The show eventually embraced color, then returned at the end to the monochrome of all black. But for Angela, this seemingly radical gesture was simply an embrace of tradition. Missoni's first magazine cover was for French Elle in 1966 with an all-white outfit. Now, with the label's 60th anniversary on the horizon in 2013, the designer wanted to remind everyone that ""Missoni is fashion."" Messing with color wasn't Angela's only iconoclastic move. Missoni knits and layers come to mind. Here, the layers had been simplified, even stripped away. Or, at least, they'd been replaced by a veil of organza. The raschel knit that is a Missoni signature was patchworked and multi-textured, sometimes with sequins and crystals, under a filmy shroud. It was a nice way to add mystery to something that is familiar to the point of clich . Once or twice, the organza was printed with the pattern of the knit underneath and even more patched with paillettes in the same print. Angela loved 3-D movies as a child, and that's the effect she was after here. Not everything made sense, least of all a press-release scenario that tried to recast the Missoni girl as some sort of intergalactic emissary. The tailoring may have been an effort to introduce a new structure and definition, but it looked leaden beside the diaphanous sweep of Jourdan Dunn's organza veil. And there's still the issue of how the dyed-in-the-colored-wool Missoni customer will take to monochrome. Even so, the black trapeze dress worn by Julia Nobis to close the show clearly had a story to tell. That's only right. After 60 years, so does Missoni."
4990,"Under the reign of chief creative officer and president LeAnn Nealz, the Juicy Couture girl has grown up and evolved. But she'll never be too old for a little Hollywood glamour after all, she is a California girl at heart. ""She's sophisticated but still playful and fun,"" Nealz said. One could picture her strolling on Rodeo Drive in the pale pink polka-dot shorts-and-jacket set, accessorized with a palm-tree-printed clutch. Ditto the floral minidress topped with a pink leather jacket and the series of shorts suits done in tropical patterns. Other looks were clearly meant for lounging by the pool. Nealz brought back an old Juicy Couture favorite the tracksuit with an updated, more mature fit. Gone are the days of the tight, flared sweatpants and matching hoodie. Here, the pants tapered at the ankle and served as a bathing-suit cover-up, over a coral monokini. This may be Nealz's way of saying that the tracksuit doesn't quite belong on the streets of Beverly Hills. Good call. The baseball jacket with ""California"" stamped on the back and the embellished denim cutoffs with a simple white button-up shirt, however, are certainly street-ready."
4991,"The rough taste of stripped-down couture that was the proposal made by Ter et Bantine 's show notes. And, though it sounded unappealing, it actually came close to nailing the curious essence of this label. Manuela Arcari's attention to cut means that her silhouettes have a striking rigor. She uses substantial fabrics like gazar silk, canvas, and duchesse cotton, which hold those silhouettes. And she strips away any superfluous detail until all that is left is the bare essentials.  This season, there was an even stronger feeling that Arcari's priority is utility over femininity. Her ruffles were simply the unfrilliest version you've ever seen. Her shoes were either ballet pumps or a kind of sock-cum-boxing-boot. Closings consisted of press studs. There were no waistbands on the hip-slung skirts they just snapped shut. And yet, when paired with one of Arcari's cropped tops, the look had a severe sensuality. It was the same thing with her graphic effects, particularly the metallic stripes printed on silk. In fact, rough and stripped-down translated in the designer's hands into something a little fierce, a little confrontational, but with the absolute courage of its convictions. Like the invitation with its un-PC smoking cigarette, and the models with their eyebrows combed into tough little tufts, Ter et Bantine doesn't give a damn what you think."
4992,"This is Albino D'Amato's second season showing in Paris, and for his newcollection, he drew on the work of another Italian with a penchant forFrenchness: Bernardo Bertolucci. In particular, D'Amato explained at hispresentation today, he looked to Bertolucci's heroines forinspiration Maria Schneider's Jeanne in Last Tango in Paris , forinstance, and Eva Green's Isabelle in The Dreamers . But more to thepoint, D'Amato seized on Bertolucci's thing for Parisian interiors andparlayed the reference into a collection that traded betweenarchitectural construction and fluid draping. The emphasis here was ondressy dresses, and D'Amato scored with his more structured looks,especially a head-turning frock in double-faced mikado that wasaccordioned with wavelike super-pleats. Other strong numbers included achantilly lace minidress with panniers and D'Amato's A-line shiftspunctuated by a scribble of crumpled rosettes. Both of these had awinning, dreamy weirdness. And D'Amato did well with his day looks, too,applying unexpected volume to smart gauchos and asymmetric jackets. Theone quibble here was with the embroideries, which were a major theme ingeneral, they seemed tacked on and inessential. All in all, though, thiswas a strong outing for D'Amato. Paris seems to be his natural home."
4993,"One of the developing stories this week has been American sportswear workwear, to be more precise and all the ways designers can elevate it on the runways. A season like this is made for Derek Lam , who's been practicing his own brand of sporty luxury for years. He keyed into the trend from the beginning of the show, co-opting madras plaids for a sleeveless dress, whipping up boxy T-shirts from crisp cottons, and, as is his custom, tweaking traditional trenches into something entirely new. The best look in the collection was a glorified fleece sweatshirt with rolled sleeves worn with a metallic gold leather skirt pieced together with black silk cord macram . Modern and cool, it's exactly how Lam's girl wants to dress now. Lam's other preoccupation this season was craft. In addition to that macram , there was brightly hued guipure lace on a midriff-revealing top and a matching midi skirt. Other pieces were made from what looked like a lacquered basket weave. They showed off Lam's gorgeous color sense black, with sunny yellow and fatigue green even if they looked familiar from other runways. Meanwhile, large holographic paillettes embroidered on the front panels of skirts felt flashier than the rest of the collection a grasp, perhaps, for last season's embellishment trend, which is already looking tired. Like we said at the beginning, Lam excels at polished sportswear. We would've traded in all of those paillettes put together for just one more of his inventive trenches."
4994,"The mismatched velvet couches, well-trod oriental carpets, and antique chandeliers at the Jane Hotel provided the backdrop for today's Behnaz Sarafpour presentation. ""I wanted something from another time,"" she explained. ""This ballroom's turn-of-the-century charm brought out the collection's Art Nouveau influences."" A tunic-length jacquard vest shown with crisp wide-leg pants that had embroidered irises (a symbol of the Art Nouveau era) snaking up the sides struck the balance of old world and modern that Sarafpour was aiming for. Ditto the pale pink strapless cocktail frock with peplum-like flap pockets embellished with sparkling opals and resin pieces. Compared to those two standouts, the guipure lace capelet dresses and flutter-sleeve organza tops on show seemed a tad too delicate for the type of free-spirited girl who parties at the Jane on a Friday night."
4995,"Betsey Johnson has always been a girl who just wants to have fun with fashion, and for her 70th birthday the designer put on an epic bash to celebrate the occasion, as well as a career that has spanned five decades. Cyndi Lauper, who has been a Betsey fan since 1980, performed an energetic set of greatest hits (including, of course, ""Girls Just Want to Have Fun"") before Johnson sent her own greatest hits from the archive down the runway. Noteworthy throwbacks included a funky orange, wide-wale corduroy ""Verushca"" set from the sixties, 1980s punk mesh looks, and a Nirvana-era tapestry coat paired with a burnout velour slipdress. Those vintage numbers set the tone for Johnson's Spring collection, which, as usual, was more about promoting a confident, irreverent attitude than the clothes themselves. Models with teased-out, crimped hair hammed it up for the photo pit. Some waddled around in snorkel flippers and arm floaties, another pushed a toy stroller, and one girl even cradled a baby pig. Those antics put a quirky spin on Johnson's signature corset petticoat frocks and baby dolls. The final 30 looks (out of 90 total) belonged to a capsule of cupcake-sweet birthday ""Princess"" dresses. Johnson came out at the end and danced around onstage (she also did her seasonal gymnast split) to roaring applause from the crowd. The Betsey Johnson label may have filed for bankruptcy protection earlier this year, but at 70, the designer who built her business around flipping the bird at fashion's conventions shows no sign of slowing down."
4996,"According to Jeremy Laing , it's not too late to get on last Spring's sporty-trend bandwagon. The designer, who decided to forgo a traditional show this season in order to pursue other ventures, presented layered separates a continuation from his Fall range with mesh details in shapes that mimicked baseball jackets, basketball shorts, jerseys, and sweatshirts. The color palette was ""swamp deco,"" according to Laing, who recently went on a bayou adventure in New Orleans. A Spanish-moss-colored fabric was pigment-dyed to deliver a milky white and tarnished silver hue. The prints were camolike in a gray scale, and appeared on a double-layered T-shirt with an open flap in the back and slouchy culottes that could easily carry over into evening. Following a few bare, austere seasons, Laing brought back embellishment. There were metallic baguettes on flak vests and bibs that attached to minidresses with matte closures. Leather sequins accented a sexy cutout frock. But the highlight here was an equally sexy look with no sparkle at all a bustier with an exposed back zipper paired with wide-leg trousers that wrapped to show just a hint of leg."
4997,"Esmeraldorado was the name of JCDC's Spring collection. Would the Hunchback of Notre-Dame go to the mysterious city of gold? Would Esmeralda ditch Quasimodo in the emerald forest for a conquistador? Or would this be a playful clash of Oscar Niemeyer modernist architecture with the motifs of wild, tropical Brazilian nature? Of course it was the latter, but anything is possible in the world of de Castelbajac. And since the setting was the Oratoire du Louvre, where rainforest foliage crept in around the exit to the catwalk, the other two possibilities were not ruled out until the show began. For a designer who has made attire for pop stars and for pontiffs de Castelbajac once had a famously controversial commission from the Vatican for the Pope's visit to Paris this season's outing could be seen as a fairly sober affair. The music might have been by Superpitcher, but the collection was not delivered at a super pitch. The prints in the first section focused on the motif of Niemeyer's architecture and the foliage of the forest in black, gray, and green. That was one of the most successful parts of the show. The other, later on, was the yellow, black, and white palm tree and cityscape print that recapped similar themes, but had a slightly more Fornasetti quality to it. Each of these sections displayed de Castelbajac's charm in capturing the cartoony and playful aspects of clothing. What was less successful were the plastic pieces that were neither real nor fantastical enough, but hovered in an awkward territory a bit like the cloud formations that sprouted from one model's shoulders. De Castelbajac is capable of so much more as a designer, and can be dismissed too easily with this collection. After all, it's not everyone who gets the holy seal of approval by the Vatican and Madonna."
4998,"The world needs Jenny Packham . Or, at any rate, it needs designers like Jenny Packham designers who make dresses that make women feel like movie stars, and movie stars feel like princesses, and princesses feel like the queen of the whole damn world. Directional fashion types may find it tempting to condescend to Packham, but there's a market for what she does unless she does it badly. This was a clunky season for Packham. And it made you realize, watching her sixties Vegas-inspired sheath dresses come down the runway, that there's a craft, too, in making straightforwardly glam frocks. Glittery Vegas should have been good source material for this designer, who's never met a sequin, bead, or crystal she didn't like, but like many a gambler, Packham went too far. There were just too many looks so over-dappled with embellishment that they looked heavy; the short dresses were OK, but the models had to muscle the floor-length gowns to the photographers' pit and back. Packham had a few interesting ideas, like creating a kind of flock pattern with sequins, and her dangling paillettes created a nice sense of movement. But the overall impression here was of a collection that vintage references aside just didn't feel modern."
4999,"It was raves all around after Narciso Rodriguez 's show tonight. The designer has been going from success to success lately, but this collection really got the blood pumping. And it wasn't just the girls in the crowd whose pulses were racing. Yes, there were pantsuits and beaded muscle tees and trousers that all nailed the way we want to look at work right now. But those slipdresses with the sheer mesh backs that plunged all the way to there those were people-pleasers, and by ""people"" we mean those of the male variety. Satisfying both a woman's wardrobe needs and a man's eye, that's the whole package. And that's why this was the most successful lineup of Rodriguez's career. How'd he do it? Backstage he played it modest. ""I love my work,"" he shrugged, then added, ""it's a good time in my life."" It showed. Rodriguez dug into color for Spring: a blood orange sheath was bisected down the front and across the waist in brick; a teal and moss green crepe dress came with laminated-wood paillette embroidery; and one of those muscle tees was embellished with dense swirls of brick, marigold, and black beads. And then there was the sex. Rodriguez spliced shirts all the way down to the navel, and cropped the underpinning below the bust to reveal several provocative inches of midriff. He placed an arrowhead-shaped cutout at the solar plexus of an otherwise demure ivory silk sleeveless shift. And as for Kinga Rajzak's embroidered slipdress, if you think it looked good coming, trust us, it looked even better going. The clothes should sell like gangbusters in the stores. One high-profile retailer was so gobsmacked she said, ""There's no reason why anybody should dress any other way."""
