review_id,review
1800,"With a blast of Disco Inferno and a long stretch of animal-printed runway, Dolce e Gabbana set off in the direction of the Studio 54 seventies. It began with a series of chiffon leopard-spot dresses with full sleeves and high, scarf-tied necklines, intercut with variations on bow-tied, white-shirted tuxedo suits. This is established territory for their main line, and it lent a distinctly dressed-up focus to one of their familiar romps around the junior brand happily, the effect was more a case of Jerry Hall posing on a banquette than momma coming home to break up a teenage house party. Not that there weren't short shorts and minute gold Lurex numbers and incy baby dolls ? la Biba to keep the little ones happy or bicolored patent duffels so oversized a girl could probably smuggle a boyfriend upstairs in one. But overall, the sense of extending the brand was uppermost. Cute staples, like high-belted black coats and nonconfrontational flower-print dresses, strengthened the Mom-can-I-have-that appeal for Fall. And who knows? Maybe the high-waist metallic flares and some of the more covered-up gowns might tempt the woman who holds the purse strings to shell out for herself on a mother-daughter shopping spree."
1801,"Since they launched their collection eight years ago, designers Richie Rich and Traver Rains have defied expectations and steadily built a business out of their cartoony, club-kid gear. Two years ago they partnered with investors the Weisfeld Group. And last year, the label that once didn't dare dream of seeing a selling floor even spun off a lower-priced line, now carried in over a hundred stores and its own in-store boutique at Macy's in Herald Square. That said, Rich and Rains haven't lost an iota of the outrageously kooky spirit that makes entering the world of Heatherette a bit like dropping down a psychedelic rabbit hole. This season, it was a madcap take on The Wizard of Oz titled ""Over the Rainbow,"" with their perennial muses cast in starring roles. Amanda Lepore took the role of the Good Witch Glenda, while Dorothy was played by Lydia Hearst, outfitted aptly for the role except for the racket bag on her arm. (The latter, a limited-edition piece from Puma's French 77 collection, is the fruit of a design collaboration between Hearst and Heatherette even a muse needs to market herself.) As always, amid the mad mix of deconstructed, reconstructed looks were some real clothes. A banded skirt over a pale blouse didn't make much sense, but a stiff black skirtsuit embellished with oversize googly eyes somehow worked. Ultimately, though, what will get their fans shopping is the series of block-lettered T-shirts that closed the show, with sayings like ""WE'RE NOT IN KANSAS ANYMORE"" and ""IF I ONLY HAD A BRAIN."""
1802,"Peter Jensen, a Dane living in London, always finds an obscure muse to get him started. This season, it was a northern Renaissance princess, Christina of Denmark, who jumped out at him from a 1538 painting in the recent Holbein exhibition at the Tate Britain. He studied her coif and browless, alabaster looks, and observed her sober, black fur-trimmed mourning coat and white, high-frilled blouse, then turned his back and started playing around. The result, as always, had a kind of truehearted mix of Scandinavian inventiveness and practicality about it. Long, meringue ball gowns made of bunchy black nylon were layered over black sweaters; sensible wool checks were bias cut into jackets and coats; and funny little gray knitted hoods came off somewhere between medieval armor and jokey cats? ears. Jensen's grounded focus on making nice-and-normal things to wear saved his theme from any pretentious historicism. What he's good at is providing interesting variations on young and sporty pieces like, say, teal corduroy shirtwaisters and jackets the kind of honest, everyday stuff other designers overlook in the rush to make statements. On the other hand, the velvet-wrapped hair and pale Holbein makeup gave this tenth-anniversary collection quite enough charm to maintain the balance between art and commerce."
1803,"Jason Wu is earning his wings. In a few short seasons, he's defined his customer and garnered attention from key press ( Vogue ) and retailers (Saks Fifth Avenue) along the way. This show should help speed his upward trajectory. Though still more deb than Kate Moss (one of Wu's alleged muses), Fall was discernibly edgier than previous seasons. A strapless cocktail piece and several belted coats were dressed down in a fine basket-weave fabric that mimicked dark denim. Metal buttons peeked from beneath plackets, half-exposed for a bit of whimsy, and the lines of a potentially stuffy dress were broken in the back with soft pleats. Wu's strength is his immaculate tailoring a solid foundation for beautiful clothing. Look for young socials and starlets to start appearing in his front row sooner rather than later."
1804,"Leave the 180-degree turns, the frantic grasping for new ideas, to other designers. Ralph Lauren delivered one more in a line of self-assured collections today, and even better, proved he still has the power to surprise. Returning home from last season's jaunt across North Africa and India, this urbane show began with suits the first was long and lean, with a closely fitting, cropped double-breasted jacket and a skirt in the slim, three-quarter length that now looks fresh again. From there, he took the season's knit-dressing trend in a new direction. First, classic cardigan coats in hand-knit metallic tweeds cut a reliably elegant figure. Then and here's the surprise he whipped up strappy little cashmere dresses with short, kicky skirts. They had real youth appeal. The nipped-waist shape was echoed elsewhere in the collection in slim turtlenecks worn with dirndls; in a chocolate flight jacket and matching flaring skirt; and in a couple of great-looking coats. These were slim on top and full to the knee, and the best one came in the antiqued gold that was the only flash amid the blacks, browns, and grays. But in Lauren's world, after-eight dressing will always call for something sinuous. This season, that meant a pair of exit-making black gowns, one with a giant bow at the lower back and another with an organza ruffle from nape to ankle. Along with a daring, plunge-front dress in burnished gold lamé, they were surefire hits."
1805,"In an art-filled gallery at Christie's, we met a gaggle of insouciant bookworm types with a quirky dress code and a killer sense of color: Chris Benz, at the dewy age of 24, cast his first-ever show as a trio of set pieces starring girls who threw together looks in a mash-up of styles. Jodhpurs were worn with pajama tops under roomy, lightweight tweed jackets; a calf-hair jacket topped rugby stripes; wool shorts mixed with a micropleat chiffon tank and a delicately embroidered tulle cardigan. Pea coats, trenches, and boxy jackets came not double- but quadruple-breasted. Some of Benz's color combinations (dusty blue with mustard and navy, acid-bright turquoise with navy and rust) could easily have gone terribly wrong. But instead they struck all the right chords. This was definitely a strong breakout from the starting gate."
1806,"It's no secret that Luca Orlandi likes to get as much glitz as possible into his front row. Sitting runwayside this season were Petra Nemcova, J.C. Chasez, Amber Tamblyn, Carmen Electra, and The Hills ' Lauren Conrad and Audrina Partridge. Not a bad turnout for an arctic post-Super Bowl Monday afternoon. What's more, Orlandi decided to take that glitz to the runway in a collection so chock-full of metallics that any Luca lover who doesn't like to sparkle will have to find her winter wardrobe elsewhere. The designer worked the idea again and again in all manner of sequins, Lurex, and iridescent silk. Though he mostly played it earthbound, Orlandi occasionally skewed futuristic, as in a liquid silver hooded bodysuit layered under a skirtsuit. The Luca Luca lady is hardly a wallflower, but at times it was a bit of an overload even for her. Reworked fur an early Fall trend also made repeat appearances, tiered with chiffon into a skirt, or trimming a sequined dress in stripes. While it may seem luxurious in theory to use fur in such unusual ways, in practice it can be tricky. A chic chocolate sheared-mink-and-crocodile coat showed that restraint might just be the key to making it work. Another relatively plain coat also stood out, this one a winter-white trench with a collar lightly embellished with clear crystal chunks. It proved that you don't always need to shine so brightly to grab someone's attention."
1807,"Calling all latter-day Twiggys, Bardots, and Schneiders? Elie Tahari offered an updated take on mod shapes for Fall. ""I was inspired by the sleek industrial designs of the sixties,"" the designer said. That would explain the sage-green patent trench quite striking in its shiny geometry and the updated A-line shifts for work and play. A black-and-white tweed dress with pockets and leather trim had a get-down-to-business feel, while a color-block number layered over a turtleneck and leggings was just right for a Sunday brunch in Soho. Thankfully, Tahari mostly avoided the time-capsule trap; elements of the season patent, feathers, and active-sportswear touches were smoothly incorporated into a collection built around a clean sixties silhouette."
1808,"For fall, Alice Roi cited the spunky children's-book heroine Madeline as her inspiration, but the schoolgirl who walked the runway was a darker version of the original 1930s merry mischief-maker. Show notes referred to such mental and physical misfortunes as ""broken thoughts,"" night sweats, fractures, and sutures. Translation: A mix of the innocent (a toggle coat, Peter Pan collars, a shimmering floral brocade dress) and the subversive (bat-print silk tees, asymmetrically draped skirts, racy, second-skin knit minidresses). From all this, what will Roi's customer find to wear? Not the clunky wool layered skirts and yeti-like mohair pieces, which might in fact induce night sweats. More covetable were the windowpane trousers and a perfect, fluid, black silk dress with a metallic-trimmed ruffled flourish."
1809,"The provocations with which Vivienne Westwood once surprised fashion have now become the norm. You can see, for instance, her draped and twisting silhouettes with their unusual volumes in the Japanese collections. The assimilations have sapped some of the shock value from her shows, but they haven't dampened her enthusiasm. In addition to those swirling and bunching shapes this season shown snapped together (and racily unsnapped) like the pieces of a jigsaw puzzle she reprised such favorites as the corset and the exaggerated, squared-off shoulder. A Fall trend, the bolder shoulder was achieved here with padded harnesses that, when they came in gold brocade, made believable substitutes for evening boleros. Also on-message were the big knit furs and blown-out plaids. It's more difficult to explain how the cave-drawing prints and intarsias fit in, other than to say that she loves a doodle and that she had seen fit to name the show ""Wake Up, Cave Girl."" But then, without a few oddball elements like those (or a bit of sideshow, like the band of supporters in the audience sporting fake-fur loincloths and wielding golden clubs), she wouldn't be Westwood, would she?"
1810,"Thuy Pham and Miho Aoki were thinking about architecture. An origamilike building technique  blocks,? as they called them, of fabric folded in on itself to create a square turned up in various guises, from the velvet-ribbon trim of an A-line dress to the waistband finish of a poufy plaid skirt. While striking on a navy coat and effective on a plaid shirtdress, in other instances all these folds didn't seem to do much but add bulk to even the slenderest of runway-model frames. For the ironic hipster with a window office at an ad agency there were, as always, desirable revamped classics, like a toggle coat, a three-piece shorts suit, and tight gloves of shimmery, cyborg gunmetal.Black sheer stockings layered over opaque white tights, on the other hand, were a hard sell. An ensemble featuring a leather riding jacket and plaid jodhpurs was satisfyingly tough but seemed incongruous among dresses that looked like Edwardian children's clothes. The last look, a sequined frock with a petal-tiered bell skirt, was described in the program notes as  geodesic? as in Buckminster Fuller's dome but might more simply have been labeled an homage to Paul Poiret."
1811,"Ralph Rucci celebrated his 25th anniversary in business last month with a retrospective at the Museum at FIT. It's quite possible that many of the pieces in tonight's show are destined for museum collections of their own, so remarkable is his workmanship and extravagant the embellishments. Rucci isn't content to cut a suit in copper double-face cashmere; both jacket and skirt are overstitched in gently arcing swirls of bas-relief. And a series of dresses from his Spring Couture collection, which constituted the second portion of this stately affair, were embroidered with curving shapes straight out of a Louise Nevelson collage. Perhaps with an eye to his next quarter century, Rucci's loftiest creations were balanced by pieces with a rather more youthful appeal. Take, for instance, a natural Mongolian lamb chubby striped across its center with chocolate brown, or the beige chinchilla spiral jacket intercut with cognac leather macram . It was easy to picture either of them draped over the shoulders of one of the fur-loving socials swanning about during fashion week. But the likeliest contender for the youth vote was a dress that fell in smoky tiers of organza to the floor, free of all embellishments save for a jewel suspended like a secret from a delicate back strap. For all that, if Rucci really wants to put a new generation under his couturier spell, he'll have to trim his overlong presentation, change the music, and lighten up the hair and makeup."
1812,"Anne Klein was a pioneer of American sportswear who, in the seventies, pushed the idea (it's hard to believe it was ever rebellious) of mix-and-match separates for a workforce of women heading to the office in Charlie, and to Elaine's in a blazer and slacks. This season marked the debut of the much-admired Isabel Toledo as the designer of the brand with the lion's-head logo, and there was a palpable feeling of goodwill in the room. If the collection didn't come out roaring, it did purr along apace, with solid pieces like a navy cashmere cardigan with an asymmetrical closure and a camel robe coat. The Klein DNA was most directly obvious in a suede tunic and pant. Toledo's concept for Fall was ""couture haberdashery,"" and it was well captured by several pleated dresses and a red cord coat-dress with a peplum. The sophistication of these looks perhaps spoke more to Toledo's own refined aesthetic than to Klein's more emphatically casual one. ""I feel like a scientist in a lab,"" Toledo joked of her alchemical attempts to create new Anne Klein gold. Her debut can be seen as a useful experiment, with the promise of new invention to come."
1813,"The twin forces who have made fashion turn to ponder the pushed-out, built-up shoulder are Martin Margiela and Nicolas Ghesqui're at Balenciaga. What they did last season is still controversial and advanced though many others are now clicking into the idea, gradually working toward a forties film noir silhouette. So now he's in the lead, Martin Margiela is canny to keep at it. The Fall collection he showed today might have been subtitled ""Shoulders II."" This time, the line was way, way out there 50 centimeters, to be precise and aided, in some cases, by rods on which to hang the vast inverted triangle of the upper body. This sharp shape was a starting point for a total look. Essentially, it tapered downward to high-waisted narrow skirts or black leg casings that were a strange amalgam of ski pants and long-line girdle. Mad as this sounds, there was a dramatic, graphic elegance in the way Margiela worked the theme through black and white, with contrasting shots of fluorescent pink and lime. The big shoulders didn't always literally make a rod for a woman's back. He moved from squared-off capes through conceptual boleros constructed of strands of looped wool or giant tubes of tulle-covered padding. But then came the luxe part, sans superstructure. There were rabbit-fur jackets with huge cowls, and a couple of glam backless shaggy goat halters that gave a clever twist to the season's ubiquitous chubbies.  Yes, this is avant-garde fashion pushed to its most extreme limits, and many women will be scared to death by it. On the other hand, if the reaction to Margiela's last collection is anything to go by, editors will rush to shoot it, and other designers will quietly absorb its signals as a way to move forward."
1814,"This season the young-designer-struggling-to-find-a-voice has become a mini-theme, so Zac Posen's focused Fall show was a reassuring development. In his five-and-a-half years on the runway, the 26-year-old has made a signature of forties-inflected tailoring. And today there was a new polish to his suits, evident in their strong lines some jackets had nipped waists, others flared capelike from the shoulder. A coat that was all collar, and a fur with ruffles never the best idea were rather less reliable. But a tweed day dress was a winner. With curving seams piped in black patent, it was cut to smartly maximize his model's hourglass potential. When it came to eveningwear Posen's first love he reined in the exuberance that can sometimes get him in trouble. Still, he couldn't resist a statement gown or two this season Agyness Deyn was charged with pulling off the requisite show-closing dress with the stiffly voluminous skirts. But Posen mostly stuck to slimmer silhouettes in body-loving stretch silks and colors that the camera adores. These unlike some of the more showy pieces have serious red-carpet promise, and the crowd ate them up."
1815,"When Frida Giannini showed pretty, forties-influenced, floral-printed silk dresses and blouses in her first collection for Gucci, they were a commercial hit. This Fall, after veering through glam-rock disco and last summer's folkloric frocks, she returned to vintage-inspired dressmaking. ""I've been reading a biography of Lee Miller, a woman who started off as a model, became a friend of the surrealists and then a war photographer for British Vogue  a strong woman with two sides to her,"" she explained, adding, ""I was thinking about the dresses of the thirties and forties, with high waists and emphasis on the shoulder."" As a new proposition for Gucci in a less sexed-up era, the dresses worked. Giannini dropped the print and worked on a silhouette with puffed shoulders and narrow, long sleeves that hit the right note of covered-up femininity, albeit with little peeks of plunging neckline or naked back this is still Gucci, after all. Since the idea of the forties is gaining traction this season, these dresses especially the black finale glamour gowns with Schiaparelli-esque sun-ray embroideries at the shoulder steered this part of the collection in line with the general direction of fashion at large. By contrast, tweedy knickers and vaguely Tyrolean jackets in the daywear section seemed more out on a limb, and the big duffel tote wielded as the season's must-have bag missed the ineffable quality of ""It,"" no matter how insistently it was shown. There were eye-catching pieces, though, like a tiny burgundy suede bomber trimmed with leather, inspired by Gucci's seventies archive, and a couple of assertively patchworked furs aimed squarely at the tastes of the brand's die-hard rock-chick faithful."
1816,"Tina Chow was the inspiration cited in Bruno Pieters' Fall collection. Remembered for her sleek, understated style and boyish haircut, the late fashion icon made an apt point of reference for the 29-year-old Belgian designer with the sharp, almost architectural sensibility. You could imagine Chow in his shiny tweed lantern-sleeve jacket with a square neck and a light, flippy skirt worn with flat over-the-knee boots. And she might well have donned a plain black bustier with a high-waisted, quasi-bubble skirt in gold lamé.The collection's strengths were to be found in coats and suits nearly military in their precision. Its weaknesses, in the plain-Jane knits and the reds and yellows that lacked both the sophistication and the wearability of the neutrals. Pieters used some of the  100,000 he won from the Swiss Textiles Award in November to put on his first formal show, and consider it growing pains there were echoes of his do-it-yourself previous presentations in the distracting and unflattering hair ornaments. But those details aside, there's no denying the enviable polish of his tailoring."
1817,"First in Paris, now in New York, L Wren Scott has settled on a striking mode of presentation for her small but powerful collections. The gallery she opted for this time was Marianne Boesky in Chelsea, and the all-white space provided a pristine backdrop for clothes that had something of the night about them. Look at Scott's palette: black accented by a rich burgundy she said was named ""Too Much Blood."" The attenuated silhouettes matched. Each dress was tailored to within an inch of the model's life, the single overt detail a buttoning kick pleat, a fishtail of tulle at the hem slyly suggestive, perhaps, of a kink in the wearer's personality. The tailcoats elongated the body still further, spectacularly so in the case of one in leather that demanded candlelight and a country estate. A capelet gathered at the back and a coat with lace tails trailing away over a jet mermaid dress similarly set one's head spinning with visions of dark romance. Scott's experience as a stylist means she is used to cramming a single outfit with as much import as she can muster. It showed in the precise luxury of each of her looks.  This is the way everyone should dress on the red carpet,? enthused Ellen Barkin."
1818,"That is what modern is meant to be! one influential American retailer called out as he left Jonathan Saunders' show. ""And wouldn't it be great to see an Oscar girl in a gown like that "" He was raving about the remarkable, vertically pieced, linear dresses at the end of the show either asymmetrically sliced patchworks of solids and zones of print, or dark columns with narrow triangles of fluid chiffon flowing in front, tethered to the waist with contrast belts. Their graphic energy and athletic presence would certainly make a woman stand tall and distinguished in a red-carpet herd or any other, come to that. The same went for most of the daywear: coats and dresses also constructed from narrow panels of royal blue and black, sometimes with an inset of white-and-beige stripes and contrasting horizontals to emphasize the waist. Saunders said he'd developed the idea partly from looking at the linear stripes in the work of the artist Daniel Buren. The clever thing was the way he manipulated material and color to completely flattering effect. By reducing his vivid dégradé? and scribbly textured prints to strips running center-front, he made each dress look willow-slim. It was a huge stride forward for this young designer, marking his transition from a genius printmaker to someone who is beginning to manipulate shape in an ingenious contemporary manner."
1819,"With careful, virtually noiseless steps, Tomas Maier has moved up on the outside of fashion to give renewed credibility to that overused and downgraded term, luxury . If genuine luxury resides in out-of-the-ordinary things crafted with an intimate understanding of a life attainable only by the few, then Bottega Veneta could well stand as its contemporary definition. Crucially, Maier's point of view values the personal over the trendily available. His central principle, that ""clothes are a means of expression, not an end in themselves,"" means he has in his sights a woman who likes to look like a woman curvaceous, individualistic, and beautifully grown-up. It was there from the start today in the quiet but impactful glamour that picked up on a vaguely forties silhouette via a built-out shoulder folded into a cap sleeve that drew attention to a narrow, sometimes corseted torso, which then flared outward to the skirt. It's a way of treating suits and coats with details that rise above retro say, a sprouting of blanket fringing on a layered skirt or shoulder, a puffy pocket on a jacket, or a bloused curve caught in the small of the back of a coat. The eveningwear was just as good, and, at points, charged with an elegant eroticism, worked through satin bra tops and then three stunning black columns topped with flesh-colored crepe chiffon (quadruple-layered to ensure modesty). Overall, the achievement was that Bottega's ultraluxe ready-to-wear is seeming less and less like a background foil for its founding leather goods. Even so, Maier is steadily moving the signature bags onward and upward. Among the new soft hobos and hard clutches, the classic soft woven tote is still there, but it now comes in tinted lizard. The company notes that prices reaching $75,000 do not deter collectors, and given Maier's insight into such customers who will likely fall for a multistrapped python sandal and a pair of pav -set diamond bobble earrings without a second thought it seems the designer can hardly put a foot wrong."
1820,"Christopher Bailey's ability to keep changing, and yet stay in lockstep with Burberry brand identity, could be set as an M.B.A. study in effective fashion design. For Fall, he simply glanced at the Burberry Prorsum logo a medieval knight on a charger and took it from there. ""It's the same Burberry girl. She's just rocking a bit more,"" he said, describing a tougher, sexier look he extrapolated from the look of armor, tunics, and jousting regalia. It was hardly Sir Galahad, though; rather a matter of a full metal-studded trench, a pair of quilted patent gauntlets, and some thigh-high patent boots. That, at least, is what a Notting Hill girl might extract from this collection. Others i.e., those belonging to the more upscale, sophisticated, and international extended Burberry clan Bailey has built will doubtless gravitate toward a velvety shaved-mink coat, bearing a minimal vestige of a trench in the storm-flap in back, or a superluxe quilted python puffer. Bailey, of course, has an iron grip on making the Burberry trenchcoat current for the label's broad bandwidth of customers. This season, beige gabardine and checks gave way to zippy padded anoraks with big fold-over collars and, latterly, silver-armor embroidery and rich jacquard flower- and leaf-patterned coats. That is, something for everyone, without veering from the plot. For those tuned to a high-fashion frequency, the collection also registered a hint of the body-conscious dressing (in this case, layered over knits) and the belted, short, full-skirted Alaïa-esque silhouette that is coming out of London. Burberry, after all, is based in the English capital, and Christopher Bailey is that city's most accomplished example of what can be done when young design is melded with commerce."
1821,"As a small but intense addendum to the season, what's going on at Vionnet deserves recognition. The name has been revived in a very rarefied, technically accomplished way by Sophia Kokosalaki, who was hired by the French owners of the dormant brand last season, in arrangement with Barneys New York, who are, for the moment, the sole stockists. ""It has to be French, formal, and pure,"" Kokosalaki said. ""I avoid festoonery and anything to do with cool Britannia, which I can do in my own line."" Following in the footsteps of Madeleine Vionnet, who laid down the fundamentals of twentieth-century dressmaking, is a daunting task, but Kokosalaki has taken it on in a way that shines a subtle sidelight on fashion's pent-up desire for simple-seeming but ultrarefined minimalism. Sophia herself likes trenchcoats and dresses, and that's what she showed in her low-key, appointment-only presentation. It gave a close-up of some exceptional things. There was a pliant brown shearling coat with a small waist and a soft, undulating bounce in the skirt, one of the best of its kind seen all season. The draped, twisted, and knotted evening dresses, especially the one in silver silk lamé, gave a quietly impactful alternative for women who prefer to pass under the radar of red carpet branding. Integral here is the manipulation of superluxe fabrics to trick the eye: patinated silk that looks like leather, textured cloque that could be astrakhan, and minute dustings of pearl Lesage embroidery (taken from an original Vionnet sample) that, as Kokosalaki puts it, ""make it look as if you've been snowed on."" The fact that the designer has taken lessons from the authority on Vionnet's complex cutting techniques is part of the magic, though she's intelligent enough to see that it isn't about being slavishly referential. In this collection, Kokosalaki worked on Vionnet's ""barrel"" shape rather than bias cutting. It produced, for example, a square-cut coat with a collar that can fold into place, or be left loose to create a standout shoulder line, according to whim or weather. The price tags are some of the highest in ready-to-wear, but so far the cost is proving no deterrent. Within three weeks, the spring delivery of Vionnet's little-publicized first collection had sold out, an indication that Kokosalaki's woman-flattering approach is very much on the right track."
1822,"Swapping the Dome at the Soho Grand for the swish environs of the National Arts Club, Threeasfour's Gabi, Ange, and Adi showed their most sophisticated collection to date. Pushing their signature circular cutting techniques and curving seams in new directions, they sent out an asymmetric pieced tank with a slimly wrapped tweedy skirt almost bourgeois in its tidiness. Then, fast on its heels, came an utterly cool metallic leather motorcycle jacket that tapered and draped from the model's shoulders as if she'd worn it for years. Not all 21 looks were showstoppers. A gray silk gown spliced into heavy fringes drooped, and the head wraps don't have a chance off of the runway likewise, let's hope, a fuchsia dress with cutouts at the torso worn by Lydia Hearst. But these were overshadowed by a number of better pieces. A quilted silk color-block jacket channeled the best of Koos van den Akker (whom insiders will remember was a big influence at Marc Jacobs and Balenciaga a few years back). And an ingeniously cut tendril of a dress had ruffles cascading from under the bust to the floor. When the model looped her hand under the strap ruffle at the shoulder and swung it out from her body, the graceful sweep of green silk crepe produced a collective sigh of appreciation."
1823,"The last time Tommy Hilfiger showed on the runway, a year and a half ago, it was a party the company's 20th birthday party, to be exact with scads of celebrities, a movie, and a 100-look collection jammed with his greatest hits. But after a two-season break, Hilfiger has gotten serious. The Fall show featured a glossy black runway with a melancholy backdrop: the negative image of a redwood forest. There was a light smattering of celebs, but the front row lacked the zoo ambience of shows past. ""It's a rebirth, a new chapter in my life,"" Hilfiger said backstage. To the bittersweet harmonies of Simon & Garfunkel's Sounds of Silence , out came fresh-scrubbed sixties schoolgirls in toggle coats, tweed pinafores, and tartan trapeze dresses, all worn with knit tights. The sober New-England-in-winter color scheme was freshened up with flashes of primary color, to chic effect: a navy coat over a lemon-yellow dress and red shoes. Wool coat-dresses had an innocent, Katharine Ross elegance. Hilfiger has often mined an era or subculture for his ideas, but this effort captured the optimism of that decade without caricature. The clothes had a certain quiet refinement all part of a well-considered repositioning of the brand. Asked whether this runway show will be followed by another, Hilfiger answered, ""Absolutely. It's good to be back."""
1824,"You couldn't help but feel a twinge of déjà? vu: This was the second Paris showing for the peripatetic Wolfgang Joop, and it was an improvement on his first, but at times it felt like too unsubtle an homage to Alexander McQueen from the models? frizzed and upswept hair down to the handkerchief hems of the bias-cut and asymmetrically draped frocks. Among the more obvious references were chiffon dresses with soft little bustles at the lower back and pleats fanning out from upside-down U-shaped seaming at the torso. Like McQueen, Joop enjoys a bit of severe tailoring, and this collection had that, too, in the form of a black peaked-shoulder double-breasted jacket worn with a wrap skirt and net underlay, and coats so minutely studded with beads that they resembled shagreen. He isn't the first designer to propose jodhpurs this season, but that doesn't mean women are likely to go for them. On the other hand, a forties-ish dress with almost New Look proportions was a winner. Joop smartly lightened up on the accessories in general, but those PVC tights, especially in prophylactic nude, were a definite don't."
1825,"Veronica Etro swapped the psychedelic sixties paisleys and magic-mushroom prints of Spring for twenties constructivism, with some timely Art Deco flash thrown in. The show opened with this season's by-now-familiar round-shouldered, short-sleeved coat with deep fur cuffs. Hers came in a natural linen tweed decorated with geometric blocks of color and slim saffron satin pants. From there, Etro started working the artsy (often over-the-top) layers: belted side-button tunic vests over pussy-bow silk-print blouses with willowy, high-waisted trousers; and a plaid anorak with a fur collar topping a purple pleated skirt with buckles at the sides. For evening, she showed drop-waist numbers, some with crystal embroidery at the hem, others beaded along the racer-back straps. Longer tank dresses were suspended from the shoulders with ropes of jet jewelry. A silk-velvet sack coat as vivid as a tapestry stood out for its simplicity. No matter which decade is the inspiration, a rich interplay of prints and textures is the house's trademark; this season, though, Etro let that exuberance get the better of her. She isn't the only designer guilty of overlong presentations in Milan, but a more thorough edit, not to mention less flamboyant styling, could've sharpened what she said was her message about languid sensuality."
1826,"I wanted to take a motorcycle and escape to Tibet, said Haider Ackermann, the peripatetic Colombian-born, Belgian-trained designer whose subtle, sometimes stark clothes are still flying under the radar in the U.S. With this rather abstract concept in mind, Ackermann layered and draped leathers, suedes, and velvets in a deep palette of plums, sage greens, and grays. The most challenging of his looks was a tunic that twisted and bunched at the waist: not an easy area to wear extra fabric (""for some it will be too heavy,"" he admitted backstage). Modified biker jackets with zippers that twisted from one shoulder to the opposite hip were more user-friendly. The jersey dresses that floated to the floor from gathered and ruched necklines were dramatic in an unembellished, perhaps almost monastic, way. Ackermann was at his best working in this idiom of austerely cool draping. When he added details to the collection's more tailored pieces, though, the results were slightly off: Bands of sequins on walking shorts, and a pair of chiffon pants with a gathered hem, worn over another pair of shorts, were impractical and fussy. That said, a bronze one-button suit was sexy and edgy and way too sophisticated for the windswept wilds of Tibet ."
1827,"She has what other designers spend their careers struggling to find: an eagle-sharp vision of what her line is and who her customers are, an unfailingly consistent aesthetic. Tory Burch is about easy-chic,modern-classic sportswear informed by the sixties and seventies. It might not be the reinvention of the wheel, but women from all walks of life go wild for it in large part, because it's so reliably wearable. Come fall, they'll be clamoring again. The show was presented in a raw loft space way over on the West Side, to tunes spun by the celeb-DJ trio the MisShapes. While maintaining her distinctly American sensibility, Burch flavored things up with a touch of Paris.  I was looking at French films and photos from the sixties Catherine Deneuve,? she said. Again, it's not that the inspiration is unique which designer hasn't cited the star of Belle de Jour at some point? it's that the execution is so neatly done.  The Umbrellas of Cherbourg et al. were evoked in lots of great outerwear, from stylish trenches and peacoats to a slick black patent coat with fur cuffs and a three-quarter coat of striped, sheared mink. Burch's hit sequined minidress made another appearance, this time in light blue and silver. She showed her signature jacket in a delectable stiff brown silk, with crystals down the front, over a pair of insanely chic skinny white pants. Classic Tory but isn't it always classic Tory?"
1828,"Back in the day of bias-cut mermaid dresses, Roksanda Ilincic was a lone London eccentric pumping up volumes in taffeta and duchesse satin. Now that the world is completely at ease with balloons, cocoons, trapezes, and megaflounces, her inflated shapes seem, if not exactly mainstream, then quite plausible for many a quirky party girl.  This season, I was interested in waves and motion,? she said, making flowy movements around her body with her long, pale fingers. The gesture made a good visual description of the bands of milliner's crin that served as volumizing decoration, rippling and whooshing along the edges of dresses, capes, and jackets. Ilincic's appeal is in the spontaneity and refreshing lack of pretention she brings to her homages to old-world couture. The novelty of the frilly crin wore off with repetition, but there was something clever in the way it extended shapes (particularly shoulders) without adding bulk. Since her prices aren't astronomical, pieces like the flouncy capes and high-necked dresses are certain to be taken for many a whirl by girls who don't take their evenings too seriously."
1829,"Lazaro Hernandez and Jack McCollough are fashion's early adopters. The Alaïa references that have been spotted on the runways this week? So last season. They've moved away from their Spring outing's essentially spare sensibility and rediscovered the interest in surface decoration that informed some of their best collections. Coats, for starters, were a veritable patchwork of materials, with wool bodies, popcorn-knit sleeves, and fur collars or fur-lined hoods. Some necklines were studded with patinaed crystals. Minimalists may find the overall effect a bit much, but the workmanship was beyond question. Paul Poiret, the twentieth-century innovator whose many hallmarks included East Asian motifs, and whose oeuvre will go on display at the Costume Institute come May, could've been one of the show's touchstones. His influence was there in cocooning kimono jackets, the standout of which came in white-and-black fur-trimmed jacquard. And you could see it in the vintage-y twenties dresses dripping in jet. Other embellishments had a more modern dimension. Intricate pleats zigzagged up and down the fronts of chiffon dresses, or crisscrossed at the bodice in a way that resembled the bustier shapes for which this duo is loved. Radzimir dresses in luscious jewel tones were treated similarly. If these rarefied clothes have a small target audience, that's sort of the point especially now that the boys have proved they can reach a large Target audience any time they want with the instant success of their recent high-low collaboration. Exquisite details? Cheap chic? These two talents excel at both."
1830,"I wanted to do this even before Nancy Pelosi was voted in, said VPL designer Victoria Bartlett, whose show dubbed ""Modern Suffragettes"" was a sartorial homage to pioneering women through the ages. Drawing loosely from women ranging from Victorian suffragette Emmeline Pankhurst to Guardian Angel Lisa Sliwa, Bartlett gave herself a broad aesthetic palette, while keeping the utilitarian slant that has always enabled her collection to evoke the strength of the female form. This show built on the designer's longtime love of the details on uniforms and institutional garb, with a new and mostly successful emphasis on more literal military inspirations, such as well-tailored wool pieces liberally detailed with patch pockets. These were mixed with the forward-thinking, fluid jersey pieces that are a VPL mainstay, while styling touches like berets and boots underlined the march-for-a-cause theme. Bartlett is doing some pioneering of her own. Having just garnered a Fashion Group nomination, and having joined up a year ago with a Japanese silent partner, this stylist-turned-designer is turning what began as a sideline lingerie label into a complete business. Bartlett's wider focus was apparent in the specially commissioned shoes made with Jean-Michel Cazabat and her great slouchy handbags in lightly distressed leather. They were big enough, of course, to hold everything for a woman who is busy changing the world."
1831,"Paul Smith doesn't really do theme-y collections. Whatever the season, his concept revolves around the brand of modern Britishness he has personally made accessible throughout the world. For Fall, though, he seemed almost inadvertently to have picked up the current twenties vibe in drop-waisted Deco chiffon dresses, long lean cardigans, fluid pants, and the odd shawl-collared Poiret coat. Since these were followed by a section of gamekeeper-check knickers and vests and a khaki WWI greatcoat, it was easy to think, just for a moment, ""Aha, of course! Lady Chatterley's Lover ,"" and ""What a clever English spin."" It was only a flash, though, because after that it was back to the natty pinstripe pantsuits, some randomly misplaced neon knits, and tux tailoring for evening. Not that any of this was a letdown particularly, but by the end, that intriguing D.H. Lawrence moment had vanished from memory among the general merchandise."
1832,"Spring is the new fall! Isaac Mizrahi mock-declared in an interview a few days before his show, which he had titled Frozen Spring. ""I want something that feels like spring, something light and seasonless. It makes me sad to look at the same old tweeds."" Mizrahi's optimistic alternatives for the tweedy season were largely executed in winter whites and dazzling brights: big Day-Glo flower prints; a showstopping fit-and-flare gown called ""Psychopeach"" that brought Grace Kelly to mind; and lavish gala dresses with less-than-practical petticoats of snow-white mink. The designer, whose ultra-luxe line is carried exclusively at Bergdorf Goodman, insists he's ""not in the sportswear business anymore."" Still, the looks that worked best here were the ones that didn't demand a grand occasion. In keeping with the American-casual tradition, he offered a series of calf-length, bell-shaped ""skating skirts"" with fur-trimmed hems (let's not mention the accompanying white leggings), as well as an easy long gray-jersey dress with beading at the wrist that really hit home."
1833,"In a dark, dark season, the cumulative effect of Fall's shows makes the eye crave more of the punchy color that's been cropping up here and there. That could have been an opportunity for Matthew Williamson, who at Pucci is in charge of tweaking Italy's richest print archive. Today he took things in the general direction of the seventies, though his opening tableau announced that he had more on his mind than dealing with psychedelia: It comprised Popsicle-orange and -pink tunic dresses, short skirts, and A-line coats, all in plain felted wool. When the print came, it was angular and geometric, based on a pattern Monroe once wore, or composed of rounded-off overlapping rectangles and, in one section, an architecturally derived scheme called ""Duomo."" All these were applied to skimpy jersey dresses and long caftans, liberally mixed with fur bombers and frizzy Mongolian lamb chubbies and styled with suede wedges and clunky, geometric cuffs. If the intention was to demonstrate Pucci's push to become known as more than a maker of jazzy dresses, that's fair enough. The critical point, though, in this of all places, is whether the color choices are sufficiently spot-on to put Pucci in a position to mix with directional fashion. And that was the trouble: Somehow, none of Willamson's combinations of dusty pinks, purples, ochers, browns, and greens ever lifted themselves to the vivid level of the magentas, turquoises, electric blues, and oranges that are setting the pace right now. If he wants to get that right next season, he'll need help to fine-tune his palette."
1834,"Horses, coming-out parties, Sgt. Pepper military gear Luella's girls have fallen head over heels for all things proper and British this season. Angela Lindvall opened the designer's upbeat Fall show in a red hunting coat with a velvet collar and a mink jockey cap. Diana Dondoe played the deb in an ocher dress with a cinched waist (though her riding boots, customized by an artist named Noki, had what Bartley described as a ""very London street vibe""). Freja Beha Erichsen's short boxy jacket, meanwhile, was paired with a white bow shirt and polka-dot mini. There was a deliberate ""frumpy"" element to all this, but Luella being Luella, she successfully sent up the concept with playful looks like a black coat with a patent bow and mink pom-pom buttons. And when Julia Stegner took to the runway in a menswear plaid coat, button-down, and tight pink jeans, the outfit could have come out of the model's own cool-girl closet."
1835,"With brilliant jewel velvets and golden jacquards, Reem Acra was shooting for ""modern decadence."" Her cleverest conceit for Fall was an unexpected play between front and back: Coco Rocha, for example, greeted the audience in a gleaming emerald silk charmeuse dress, but when she turned and headed back up the runway hey, presto! she was trailing a waft of chiffon. Focusing on the vibrancy of these colors and textures, Acra kept decoration to a minimum, indulging mainly in Deco-beaded shoulder straps and belts on the pretty (if too numerous) velvet flapper frocks. There was a hint of Paul Poiret in a fur-trimmed manteau and a taffeta coat with a sack-back. But the bias-cut pants, in chiffon and velvet, had more of a matronly than vintage appeal."
1836,"Behnaz Sarafpour's moody collection left many in the crowd scratching their heads, wondering if they understood exactly what the designer was trying to say. Tough chic? Goth? Minimal? For those aware of Sarafpour's modern medieval inspiration, it could be argued that most looks theoretically pertained to the theme at hand. But abstract concepts can only take clothing so far, and there was little to help square such wildly disparate elements as a gray T-shirt dress with sporty yellow zips, a goth black velvet gown, and a luxurious but ho-hum cashmere trench. Along the way, Sarafpour offered occasional glimpses of why her show is always a draw for starlets and socialites, this season including Aerin Lauder Zinterhofer and Jamee Gregory. A black chemise with lantern sleeves and a neckline embellished with hammered metal, for instance, captured her youthful slant on uptown chic. But it wasn't enough to sustain the sweetness and light that we've come to expect from this young talent."
1837,"It was a family affair at Luisa Beccaria. Her youngest daughter, Luna, scooted down the runway in a golden brocade shift. And her oldest girl, Lucilla, came out with her for her bow. In fact, it is with Lucilla's input that Beccaria has started moving the always-feminine, occasionally frothy collection in a younger direction, refining her understanding of what the party set she caters to really wants to wear now. This season, the Beccaria look spanned black silk velvets punctuated with ivory frills; forties frocks with puffed shoulders, bow fronts, and flippy hems in an arabesque-print silk or silvered lace; sixties bracelet-sleeved A-line coats; and, of course, a fair amount of fuchsia pink. In fuchsia, a short strapless satin dress worked better than a ruched cocktail number in silk velvet. A rosebud-print trench and matching pants added up to a misstep, too, but you could imagine Beccaria pulling off the same silhouette in a solid. One of the best looks of the show was a tailored, ankle-grazing evening trench. Among the more ethereal chiffon evening confections, it stood out for its sophistication."
1838,"Sportswear has become one of Fall's buzzwords, and Michael Kors was not only in his element but in top crowd-pleasing form. Working in a palette of soft, flattering (read: salable) neutrals, with shots of safety orange and caution yellow, he laid the cashmere on thick. A knit dress shaded from cream to chestnut. An oversize face-framing cowl-neck pullover peaked out from beneath a Donegal tweed swing coat. And other sweaters, with plunging V-necks and deep keyholes, made an erogenous zone of the back. The only thing he loves more than four-ply, of course, is fur. Here, Kors pulled out all the stops. It trimmed trenches and anoraks, even a stand-away-collar sheath. And talk about luxe he used truffle broadtail for a swing dress and coffee mink for a shift. Should the absolutely mammoth fox chubby in royal blue have suffocated the tiny model who wore it, any number of his front-row fans would've swooped in to pick it up no second thought for the girl. For evening, there was this season's requisite fringe dress and an even shorter cocktail number in an oversize gold-and-brown sequin check, a riff on the collection's glen plaid suiting. His signature long jersey dresses, meanwhile, were embroidered with clear crystals. Sexy, but they didn't have the unleashed exuberance of his day looks."
1839,"With his girls Debbie Bancroft, Valesca Guerrand-Herm's, and Lorraine Bracco perched in the front row, Douglas Hannant sent out a tenth-anniversary collection full of expensive-looking little skirt suits and endlessly bejeweled evening confections that appeal to women of a certain zip code and upon which he's built his label. Taking the Renaissance as an inspiration, the designer inserted corsetry laces in the side seams of a fitted velvet jacket and at the back of a strapless gown. Cocktail dresses in metallic tweed came with puffed poet's sleeves or a tucked ruffle at the hem. And tiny silk Fortuny pleats cascaded from a ruff accented with a contrasting velvet bow. Backstage, the designer explained that the theme stopped at the silhouette, which was lean and modern. ""It's time to be sexy again,"" he said. And so, for good measure, he tossed in a couple of flirty flapper dresses one in tiers of gold chain fringe, another in black ostrich feathers and a sequin tunic that in its brevity channeled Edie Sedgwick more than the Mona Lisa. These last had a freshness that, a decade in, suggest Hannant sees the value in wooing a younger social set."
1840,"Paul Poiret has been cited by a zillion designers this week. This is partly in anticipation of the upcoming retrospective at the Costume Institute, but also simply because those waistless Poiret pear shapes are an inevitable next step in the Darwinian evolution of the silhouette. But of all those shows where his name was invoked, at Vivienne Tam it was the most difficult to see any actual evidence of Poiret in the clothes. Season after season, Tam reworks the Chinese qipao . This go-round, she developed a qipao /twenties hybrid and overadorned it with ruffled bibs and geometric shapes  slashed? to expose flashes of the underlayering and then added clunky, studded wood platform shoes for good measure. It was difficult to imagine where anyone could wear most of this: A lot of it was too fussy for the office but still not quite right for a night on the town. A copper-sequined mesh dress was an exception, as was a satin trench with a quilted skull on the back, and a dress with a dragon-embroidered overlay and fur trim at neck and hemlines. Those worked because, unlike much of the rest, they were straightforward looks that hadn't been forced through some esoteric fashion filter."
1841,"For Spring, Tommaso Aquilano and Roberto Rimondi had done a futuristic take on Marimekko; for Fall, it was a futuristic take on Franz Kline. Abstract expressionism: That explains the splashy prints. And the cool austerity. Tailored menswear for women was the focus of the first half of the show. Fur was also abundant; one that looked like astrakhan had hirsute beaver sleeves. But what about the knitwear, you ask? After all, this is Malo, home of luxurious Italian cashmeres. Knits were represented by untraditional ""Rasta"" pieces, like the opening look, covered with twists of yarn that looked almost like dreadlocks. There was a mohair mini that looked like it might purr. Some of Aquilano and Rimondi's artsy-craftsy techniques worked better than others. A feathered and beaded coat was over-the-top fabulous. The pieces with outsize jingle-jangle plastic beads, not so much. In the audience were Lenny Kravitz, a Romanoff princess, and Italy's answer to the Traina sisters, Matilde and Beatrice Borromeo. How these high-profile Malo customers will react to some of Aquilano and Rimondi's experiments is TBD, but the collection was well-edited, and overall it felt like the designers were pushing the brand forward."
1842,"Thakoon Panichgul, recipient of a 2006 CFDA/ Vogue Fashion Fund runner-up award, showed a winning collection today at the Prince George Ballroom, building on the strengths of last season's flower-inspired show. As a former fashion journalist, the designer knows how to spin a tale, and one of the main characters in his romantic Fall story was Paul Poiret. Both the Frenchman's (in)famous lamp-shade dress and his house's signature rose were referenced, and Panichgul succeeded in modernizing the latter by working a floriated pattern in shimmering paillettes onto silk dresses. However, rather than indulging in the 1,001-night fantasies Poiret favored, Panichgul focused on day and outerwear. Peacock-print silk dresses would work at the office or an art opening, while open-weave cocoon jackets and snappy seamed coats would be sure to stand out on the way to either. Panichgul even added a touch of sportiness, offering a chunky cashmere baseball cardigan albeit one that looked better suited to a pitch meeting than the pitcher's mound. The terms ""tee"" and ""sweatshirt dress"" shouldn't be taken too literally, either, as the pretty items bearing these descriptions were sewn up in misty tulle and luxurious satin, respectively. The designer won't win points for some of his drop-waisted pieces, as they won't be flattering on many figures, but you can bet there will be a waiting list for the coq -feather dress and pencil skirt."
1843," Sex is overexposed,"" Maria Cornejo said. ""I want to express sensuality in a subtle way."" She actually approached her goal in two ways. The first was through what were, for her, surprisingly delicate, feminine touches: a grosgrain-ribbon cascade that rippled down the front of an evening gown, or a slip layered under a gauzy dress. The second, via androgyny though in this case it was less about girls looking like boys than about how they look in their boyfriend's clothes, and the interesting proportion play that ensues. Perhaps because Cornejo's at her best when she's creating strong newgeometries and silhouettes, she seemed more comfortable with the second approach. Working partly with high-tech fabrics one a taffeta, the other a metal material that takes the shape of the wearer's body she crafted cocoons, straight-arrow shifts, and pantsuits. Standouts included an astrakhan ""cuddle"" coat with a satisfying heft; a softly sacked back; and big, buttery leather caplets with zippers that ran from the cuff to the shoulder. Another was a draped tartan dress to wear with riding boots on a drive upstate to Dia:Beacon. An art gallery is exactly the sort of place you'd want to wear one of these artful experiments in shape."
1844,"Although Fendi has been steadily building up a roster of regular fashion clothing, in winter it remains the one and only place to turn for the ne plus ultra of what can be done with fur and leather. So this time there were few distractions from the coats, which Karl Lagerfeld updated with all the news from the fashion vanguard. The first had almost every keynote compressed into it: the big collar, belted waist, full skirt, and wide sleeves; the black-and-white chinchilla stripes contrasted with voluminous fox. There followed a geometric patchwork jacket another trend and then caped suits and the ultimate example of the shaggy goat story of the season: a spiky cream belted coat-jacket with giant shoulders, sported by Carmen Kass. That dealt with the out-and-out luxe side of things, but Lagerfeld also knowingly played with another subject du jour: the blurring of the line between natural and synthetic. That was visible in some of the leathers, but only on second inspection: A jacket that looked like a deconstructed quilted puffer that had been stitched together with rustle-y black trash-bag plastic squares was, of course, actually something else the rarest handmade innovation of Italy's most advanced tanneries. Otherwise, the collection, with its brightly contrasting cartridge belts and turquoise and orange platforms, read as one of Lagerfeld's quick-minded summaries of all the trends so far, from major coats to accessible accessories."
1845,"If you're getting into the forties this season (and that's definitely one way to go), John Galliano is the man to fulfill those latent Joan Crawford urges, no holds barred. His ready-to-wear collection for Christian Dior was virtually a camp-fabulous Hollywood spectacular like a pumped-up 2007 remake of The Women (Cukor, 1939; ever a fashion favorite), but this time played out in full glorious purple, pistachio, electric blue, and fuchsia, rather than black and white. As a comeback from last season's comparatively muted collection, this was Galliano performing at full throttle, filling the runway with 58 girls dressed, as grandma would say, to the nines. Partly, it was an homage to Dior the dove-gray runway, the banked flowers, and the balustraded staircase and partly it was, as the French rather awkwardly translate it, a collection ""declined"" from Galliano's triumphant Madame Butterfly haute couture collection for Spring. To ""decline,"" in fashion-Franglais, means to take the wildly expensive handcrafted fantasies of couture and turn them into factory-produced lookie-likeys. Sometimes ""declension"" (here and elsewhere) can actually lead to decline i.e., disappointing commercial husks of the original thought. But now, in a flurry of energy and application, Galliano has upped the ante for Dior, reproducing believably close simulacra of such details as the origami-folding (see the suit pockets) and shortened versions of the multitiered ruffled skirts seen in his couture. There was showiness and chic in this. The python jackets and ostrich swing coats with sleeves built out in fox were the declarative side, but a sensuous womanliness came through, too. Galliano's draping, ingeniously wrapped to the hip in a purple skirtsuit and a chartreuse day dress, or deployed as one-shouldered asymmetries and sashes for cocktail and evening, created husband-hunting outfits of a type guaranteed to net results, be it 1947 or 2007."
1846,"For his second full ready-to-wear show, Alexander Wang focused on a combination of eighties hip-hop and seventies Parisian chic, channeling Run-D.M.C. and YSL simultaneously. As unlikely a mix as those influences are, Wang managed to pull off a modern and polished, not to mention commercially viable, collection. A dense crowd turned up at an abandoned Hell's Kitchen warehouse to applaud slim cropped-at-the-ankle leather pants with a hint of biker about them and a silk crepe T-shirt dress studded at the hem. The green matte-paillette shirtdress or the pleated gray silk strapless number would be fun for a party-girl night out, paired with a little fur jacket for Uptown or an olive anorak for Down. Wang, who first made his name with his line of cashmere knits, is off to a strong start."
1847,"It's not often that a new label emerges on the Milan runways, so it was with some enthusiasm that a small audience assembled for designer Mina Lee's debut Derercuny show. Until now, the small collection of prettily embellished clothes that glance at the trends rather than follow them blindly had been seen by appointment only. Chalk it up to first-timer jitters and inexperience, but some of the pieces (a gold jacquard matelassé skirt worn with a lamé blouse, and the bubble shapes) hinted perhaps too much at Prada and Marni. More discouraging, a pair of long tiered dresses in woven cashmere with an overly stiff drape just didn't do enough to flatter the models. Those issues aside, there were enough good things here to bring the crowd back again next time from the sculptural black coats, including the requisite cape, to the elegant cocktail dresses with hand-constructed bows at the bust. The young company can be thankful, too, that it has been backed by Samsung. Judging by the A-list models booked, the expensive-looking fabrications, and the over-the-knee flat boots, Derercuny has pockets deep enough to give its talent time to work out the kinks."
1848,"The wide-leg trouser is giving the sexy, skinny pant dominant for the last couple of seasons a serious run for its money. Veronique Branquinho, the Belgian designer with a knack for chicly understated tailoring, made them her focal point for Fall. ""I was interested in new volumes,"" she said backstage. ""Wider, A-line shapes for dresses, coats, and trousers."" She dismissed the idea that she was referencing the seventies, but hints of the Me Decade could be seen not only in the elongated silhouette created by ponchos but also in the muted, but not somber, color palette and in the socks worn with chunky high-heeled sandals. Still, Branquinho was right that there was nothing retro about this collection. This is one of Paris' quieter shows, and due to inconvenient, out-of-the-way locations and an overcrowded schedule, it doesn't always get the attention it deserves. But loyalists have been wise to stick with her. The cocoon made from interlocking diamonds of wool, cashmere, and other knits; the forest-green cape with the foreshortened, peaked shoulders; and the sophisticated way she cut and matched plaids all showed a renewed confidence. This was one of her strongest shows in years."
1849,"The boys from Brooklyn are playing in the big leagues. Showing for the first time in the Bryant Park tents, Jeffrey Costello and Robert Tagliapietra did ingenious variations on their favorite medium, jersey. Everything was a bit off , but in a good way. How did they do it? By, in their words,  controlling the pleating and cowling in one area.? And so a dress had a  cowl? drape over just one hip, and skirts were likewise skewed asymmetrically. (They even somehow managed to do a collar that appeared upside-down, i.e., pointing up, without it looking weird.) Mixed in among the more sober dresses in gray, brick, and ink were a few slinkier numbers, like a long black two-piece for the Halstonette of 2007. The duo also did pants, skirts, and jackets (one that belled out boldly over the hips) in luxe tapestry material and other French weaves. A red one shouldered dress with a streamer  tie? wrapped around the neck and the bodice was especially smart. Less successful were the experiments with crystal embellishment. By the end of the show, the boys had proved they can pitch a few curveballs, and that they deserve their spot in the rotation."
1850,"Should anyone have the idea that today's models are a limp and weedy bunch, they might take a look at what they had to put up with literally at Viktor & Rolf. First, the girls had to shoulder heavy steel rigs, further weighed down with tungsten lights and speakers, some of them built up high above their heads. Then, unable to bend or use their arms to balance, they were asked to walk the runway wearing giant, clunky high-heeled Dutch wooden clogs. As the rigs got bigger and the girls' expressions more frozen with fear, involuntary gasps escaped from the audience. ""Oh my God, she's listing!"" hissed one observer. ""I can't look!"" cried another. ""That poor girl's slipping!"" shrieked someone else. By pure luck, no one did fall, and when the applause came, Viktor & Rolf may not have realized it was all for the models' heroic endurance, rather than for them. The mild-mannered and scrupulously polite Horsting and Snoeren can hardly be suspected of being closet sadists, but in this case their concept crossed over into cruelty. At the end, if they'd come out rigged up themselves in clogs they might have gotten away with it, but whatever point they were (perhaps) making about how each of us walks through life in her own imaginary fashion show, it couldn't override the discomfort of the spectacle. Worse, no one was talking about the clothes as they left the show. In fact, they were inspired by Dutch folk costume: tapestries, checks, and pure white buttoned-up blouses, with a smattering of basic sportswear corduroy cropped pants in between. There was also something in the way that some of the skirts and evening dresses were hooked to the rigs that seemed fleetingly reminiscent of the manner in which costume dolls are pinned into packaging in souvenir shops. Unfortunately, though, it's almost impossible to concentrate on finer points like that when you're anxious that a young woman might be about to break her neck in front of you."
1851,"Fiona Sinha and Aleksandar Stanic have recently received a  60,000 business-development award. From the regimented looks on their runway, it would seem that the influx has them concerned with making sure the press and buyers are very clear about every option they have in their line. The show consisted of one basic shape a short, body-molding template that appeared as a coat, a zip-front dress, or a skirt and shell with a little (though not much) variety added by boleros and skinny, cropped pants. In the London context, this is last year's silhouette. But the couple tried to add novelty by superimposing a Japanese samurai theme, using quilted leather, metallic fabrics, and cuts that mildly mimicked articulated plates of armor. A lot of handworked silver, copper, dull gold leather, and embroidery went into the finale coats, which turned out considerably more glam-rock than shogun. Still, they weren't enough to overcome the repetitious nature of what preceded them. In the end, this felt more like a literal-minded line presentation to financial types than an inspired fashion show. Sinha-Stanic may have had to do a lot of the former recently, but they shouldn't equate the need to prove their business savvy with an exciting proposition for editors."
1852,"In a season when the collision of the natural and the synthetic and the inconvenient truth of global warming seem to be hanging out there on the periphery of fashion-consciousness, Jun Takahashi has been quietly thinking things through in his own intelligent way. ""You can't tell whether a winter's going to be warm or freezing,"" he rightly observes. So now he's adapted NASA technology for the inner cladding of flimsy coats: His lightweight furs with climate-sensitive linings keep the body cool in heat and snug in a cold snap. He's also added waterproofing techniques to knits and wool coats designed to cope with the violent unexpected downpours that are increasingly part of everyday life. Still, Takahashi isn't making any heavy apocalyptic weather of all this. True to the name of his collection, the content is mostly kept undercover, a secret understood only when you get up close. Outwardly, it's more about the clever and charming way he manipulates sporty knits, like gray jersey tracksuits, shorts over woolly tights, marled sweaters, knitted dresses with sheer yokes, and a cardigan dress made from quilted silver satin. For Undercover followers, there's still a signature subversion going on (check out the razor-blade paillettes at the end), but this collection is broadening its appeal from being a minority-taste art cult to something that is playfully accessible in an unusually smart way."
1853,"If there is one connecting principle that ran through Yves Saint Laurent's hottest years, it was the way he picked up the beat of street ideas and transformed them into transcendent cut. For the first time, Stefano Pilati came close to nailing the essence of that bold philosophy, centering his collection on the mission to reshape form and give it a contemporary bite. That clarity of intent produced a fresh silhouette and a new proportion, designed around a precisely engineered upper-body volume but that's just the technical side. Volume can be overwhelming, fattening, and fashion-victim-y, but here Pilati concentrated on offering chic women and not just young women a dashing, long-legged wardrobe eminently cut out for urban living. The news was in the rounded, raglan-sleeved coats and menswear-derived jackets and a multiplicity of textures scored, stamped, and bubbling up from concrete-gray and black surfaces (who else could make a gray ""fur"" out of knotted chiffon ). Before now, Pilati's enthusiasm for fabric innovation has run away with him, but he controlled it in the service of elegant shapes that stood away from the body. His jackets, starting with a gray, mannish blazer, captured the idea of ""oversized,"" but tailored it to form a bell-like volume in front an idea that ended in a couple of sublime tuxedo jackets for evening (put on one of those, add a pair of black opaques, and you can forget the skirt). If the achievement here was partly the sense that Pilati had rejected the burden of quoting too much literal YSL history, he also melded a significant reference into the collection that reached back to the radical beginnings of Saint Laurent's career. The subversive Left Bank spirit of the crocodile thigh boots that so shocked the establishment in the early sixties (and got Yves fired from Dior) rose again in a fiercely chic passage of black shiny nylon-look cloque, black hoods, gauntlets, and dark glasses. It was a timely reminder that all really new ideas are risky at first before they get absorbed and worn by everyone months later. Pilati himself experienced that in the general panning his first YSL collection received, after which his belts, tulip skirts, and platforms were copied the world over. There's a chance that the newness in this show might stir up some of the same like-it-loathe-it controversy, but whatever the response, this much is already clear: Few designers in the world are applying themselves to modernity in this way, and that's an energy fashion sorely needs in order to go forward."
1854,"Jean Paul Gaultier skipped the dockside mise-en-scène of last season's Herm's presentation and concentrated strictly on the clothes. Good move. From the first look (a black crocodile bomber over a ruffle-hemmed pencil skirt) to the last (the same jacket, this time buffed to a high sheen, tossed over one shoulder of a long silk dress), the designer was at his hyper-focused best. Every single superluxe piece exuded the faultless elegance that is the brand's calling card. He started with ultrasoft leather outerwear peacoats, swing coats, and tail coats. He worked his way through tweedy brown suits, Fair Isle cardigans, and sweater dresses in warm autumn hues. He riffed on a man's tuxedo. If the knit leggings he showed with many of the looks meant that his clients may have to go elsewhere for their pants, there was no shortage of accessories, from biker caps (some in sheared fur) to over-the-knee boots. Gaultier's amusing takes on the house's signature Kelly bag included soft, foldable suede versions, miniature crocodile styles, and the oversize number he came galloping out with himself. Rounding out the show were draped gowns in velvet dévoré? or chiffon topped by grand, floor-sweeping trenches. The ne plus ultra came in matte forest-green crocodile. A conspicuously ostentatious moment, no doubt, but the designer had more than earned this little indulgence with the smart, rich, classic clothes that came before."
1855,"Lela Rose caught the current mood for sportswear, cutting glorified sweatshirts in cashmere and tossing in menswear fabrics for an extra edge. It was a smart move, because the full volumes of the girlish trapeze dresses that have become her specialty threaten to look like last season's trend. Still, the Texan designer hasn't forgotten what made fans of social types like Celerie Kemble and Amanda Cutter Brooks in the first place, so those sweatshirts came with taffeta cuffs, while an oversize herringbone cape had a prodigious drape. Rose also tapped into the inevitable Poiret revival that will accompany this spring's Costume Institute exhibition. There was a touch of the twenties in elongated tanks and tees paired with drop-waist full skirts, as well as in unstructured chemises in polka-dot gauze and panne velvet. The French master's signature bright colors were here, too. Rose said that she borrowed the marigolds, crimsons, and rococo blues from old, colorized black-and-white movies. Whatever the reference, they were a welcome jolt after last fall's more muted palette."
1856,"Carmen Marc Valvo is best known for his eveningwear, specifically pretty dresses that don't rock the boat. ""He just makes a great gown,"" said celebrity stylist Phillip Bloch before today's show. ""They work whether you're being scrutinized on the red carpet or at a little party in your hometown."" This season, Valvo cited as inspiration the clean lines of mid-century modern designers like Isamu Noguchi and Jean-Michel Frank. Sticking to a minimalist's palette of black, white, steely grays, and icy nudes, he made liberal use of all manner of pleating (pintucked, accordion, sunburst) throughout the collection. Fashion has long batted its eyelashes at architecture and industrial design, but marrying the two successfully isn't an easy proposition. While a lovely bateau-neck dress in ivory crepe with inverted pleats squarely hit the mark, other pieces looked stiff and awkward, particularly the ones with those tricky sunburst pleats. Valvo also does daywear, most of which stayed in line with the season's sixties thread, with a metallic-tweed swing coat being particularly notable. Of course, the designer's daytime pieces do tend to betray his real interests they all seem to be designed with an eye toward leaving the office for the night's activities."
1857," American football. Cheerleaders. Angie Bowie. Mr. Fish . These were the inspirations Richard Nicoll rattled off backstage before his show, adding for good measure,  It's joyful daywear inspired by eveningwear.? Actually, what he meant was that he'd found some new things to do with shirts, specifically the signature striped, bib-fronted men's style for which he's received a lot of recognition these past two seasons. The best pieces were the most elaborate, in black-and-white stripes falling to long, curved tails front and back, finished with piping details, corseted implants, pie-frill peplums, belts, and chunky Swarovksi buttons. Some had shoulder patches picked out in crystal, and others had stars appliqu'd into their flanks. A couple of sweatshirt-inspired reproportioned knits with deep ribbing added a new dimension to the collection. Where he went wrong was with the fringe and cross-lacing. It might have seemed like ironic, playful Americana in the studio, but it messed up a few too many outfits to be funny."
1858,"A sparkling black trench, a herringbone suit fitted through the waist and worn with extra-wide cuffed trousers, a swingy coat in an exaggerated check . Graeme Black at Ferragamo, like other Milan designers, traded in last season's curvaceous dresses for a more tailored expression. The Bourse, then, made a fitting, if perhaps a bit too obvious, setting for his new sharp and masculine focus. In fact, there was an overstated quality to the show's blown-out menswear patterns. Likewise the mirrored runway that provided multiple viewing angles for the house's raison d'être: platform sandals, wedges, and knee-high boots in gleaming crocodile (as well as structured totes and large envelope clutches done in the same). Evening, naturally, was a more feminine affair. Black played up the back view, showing a long sequin dress with a triangular cutout between the shoulder blades and a velvet column that dipped behind from a beaded strap. The shorter crystal-embroidered dress that closed the show had a swingy A-line shape, and a sweet bow that peeked out above a scoop back. But in the end, its novel charm wasn't enough to rescue this collection from its overbearing beginnings."
1859,"The spirit of Millicent Rogers haunted this all-American show like a dirndl-skirt-wearing, Navaho-art-collecting, globe-trotting ghost. Jeff Mahshie, who co-designs the line with Julie Chaiken, explained that they chose Rogers as their starting point because of her ""chic, nomadic lifestyle,"" as well as the vivid, ethnographic colors pungent tomato-reds and yolk-yellows she pioneered in the 1940s. You could see that Millicent flair in the longer, slimmer cut of the skirts, the curvy glamour sheaths, and the fuller trousers. Front-row guests like Kelly Rowland and Juliana Margulies no doubt were most interested in the latter: Customers count on Chaiken for a well-cut pair of pants. This season, they can choose from a flannel sailor look, a full-cuffed option, or sporty cropped styles. Many of these were worn in a (typically Millicent) mannish manner, with cravats and hand-knit calvary jackets. Less successful were the tuxedo looks and cummerbund-bound waists. There were also several anomalous sari pieces apparently a reference to the cultural tourism undertaken by their style icon and five ""Taos"" dresses in full-on sun-scorched primaries that were just a bit too much Millicent."
1860," I'm tired of mundane, everyday fashion,? declared Rei Kawakubo.  I'm curious. I want something that takes us to another world.? She didn't mean another world as in futuristic sci-fi, but rather something that seemed to start with an exploration of the tender parts of the developing female psyche which these days are usually stamped out before a girl is 10 years old. That, at least, was one reading of the Minnie Mouse hats and the tiny baby frocks sewn to the front of the violet and pink dresses that opened the show. They were sweet and playfully imaginative without being saccharine, and led to more tropes of childlike ingenuity: padded, appliqu'd bows and flowers implanted on stretch dresses and, later, like an adolescent's dream of a virtual boyfriend, a pair of 3-D hands grasping the hips of a skirt.  Still, Comme des Garçons is the Rorschach test of fashion, so that may be just so much subjective speculation. In any case, just when you think you've spotted a reference, Kawakubo reliably skews away from it. So it was with the rest of the show, in which she patched zones of synthetics onto velvet or menswear jackets and overlaid shine on matte nothing very girlish about that. Nevertheless, those elements natural/unnatural texture contrasts and Kawakubo's fresh and lovely combinations of red, pink, and mauve succeeded in landing this resolute outsider's collection within the general conversations fashion is having with itself this Fall."
1861,"The first look sent a ripple through the stunned audience. Out came the model in a leather coat and matching rolling suitcase printed and embossed with a double-Y logo that seemed to be poking rather obvious fun at the Louis Vuitton monogram and taking a swipe at the corporatization of fashion in general. (Whatever Yamamoto's intention, it struck a wrong note.) More logo-leather tail coats followed, along with intarsia sweater dresses and biker vests, all layered over skinny pants and topped off with printed head scarves wrapped, knotted, and braided into the models? hair.  Next came an interlude of black-and-white polka-dot hoop skirts that at the touch of a switch revolved, the tiers of the most complicated one turning in different directions. Despite the inevitable comparisons that will be made to Hussein Chalayan (who sent out his own motorized showpieces last season), you could feel the audience breathe a sigh of happy relief. This was more familiar territory.  After a bride in a camel-on-white version of the logo pattern, Yamamoto returned to his signatures again in the show-closing series of strapless dresses variously tucked, pleated, and gathered, and worn over an array of pants, some cropped below the knee, others zipping narrowly at the models? Dr. Martens clad feet. The beginning of the show was off Yamamoto's too sublime a talent to indulge in such unsubtle lampooning but by the finale he was back at his best."
1862,"Having to précis Prada is one of the toughest mind games in the business. All critics know is that they might as well leave their usual compasses at the door: Whatever Mrs. P is onto next is guaranteed to throw ready-made vocabulary and easy references into disarray. How, then, to capture the meaning of a show that started with a plain gray mannish coat and then moved into boxy, furry, laminated, bubbling, natural-cum-synthetic color and texture? Meaning, schmeaning, says Miuccia. As the anxious hordes pressed backstage for an intellectual coda from the oracle, she gave them a friendly Italian laugh. ""Eh! The only thing I could think of was to work on color and materials,"" she shrugged. ""Something simple but strange."" Simple but strange: She said it. In a way, the schoolgirl coats, gray uniform cardigans and jumpers and the sort of intransigently unsexy girl who wore them seemed to be a return to the minimalist nineties character of Prada's early collections. Simple, but not quite: Some of the coats now have capelike slits where the sleeves should be, or a nice twenties slouch in the back, caught into a low half-belt. The strange? That came fast and furious with the addition of tufty mohair, first on the front of a cardigan, then as shaggy coats this season's fur replacement. Then, to make it all the more complex, there was a running contradiction between rough-hewn primitivism (like raw-edged tan leather) and almost toxic plasticized orange, bright green, and off-turquoise, laminated onto spongy knits. Suffice to say, the color-blocking was brilliantly original, and further offset by the bonkers footless two-tone socks thrust into weird backward-curving cone heels. As for subtexts, one might be Mrs. Prada's penchant for walking holidays in the mountains hence the socks, the woolly ski beanies, and, maybe, the extraordinary fabrics woven to change from black to bubbly outcrops of rocky brown and grass green. Was this an abstraction of screes and verdant slopes seen from afar? Oh, let's not get pretentious. As Miuccia Prada is the first to point out, it's all fashion better processed by the eye than justified by any number of words. Just judge by the pictures, then. All you might want to factor in is this one extra, invisible subtext: a soundtrack of some very angry girls, chanting lines like ""poke his eyes out."" If Miuccia really did breathe in her inspiration with the alpine air, she didn't exactly come back with The Sound of Music . Instead, she created a collection that seems destined to be one of the pivotal influences of the season."
1863,"Entering the Gramercy Park Hotel, it was easy to spot Milla Jovovich and Carmen Hawk. You just had to look for the throng of photographers elbowing one another for a chance to capture the rakishly glamorous design team. It was a far cry from the days when they invited friends over to Jovovich's Greenwich Avenue town house for scones, tea, and dresses. ""We've just had so much support,"" said Jovovich in her sweet, raspy voice. There was still, actually, a sense of home in the setting. Three scenes were arranged with gilt-edged mirrors, chaise longues, and Chinese screens to look like a place where a flapper might hang her cloche. Ideas and images were snatched from various places the avant-garde films of Kenneth Anger and Roxy Music album covers but, ultimately, Jovovich-Hawk always comes back to grandmother's attic. There were plenty of their reliably floaty dresses in beaded chiffon, but there was sturdier stuff, too: a little black wool suit edged in bugle beads, and frame bags with braided handles, some beaded, some patchworked. One striped suit, in fact, was so lean and mean it looked less granny and more grand-old Keith Richards."
1864,"Scarlett O Hara; Rambo; Elvira, Mistress of the Dark and a giant set of Swarovski-crystal bathroom knobs. These were just some of the rich and potent components that went into Christopher Kane's second collection. But they don't begin to describe what came out: circle-skirted dresses decorated with corrugated  ammo? bands, gorgeous velvets spliced together with tough leather, huge crystal studs in place of buttons, wicked-witchy calf-length stretch dresses, and heavy-duty chrome-ringed belts.  It's Paul Delaroche's The Execution of Lady Jane Grey  and vindictive, man-eating women!? Kane rasped backstage, half-dead with exhaustion. It was a triumph, both for the designer and his sister Tammy, who is the chief muse, in-house model, and general egger-on in this remarkable sibling enterprise. Kane managed to confound skeptics who wondered whether he'd be able to move on from the ultrayoung, ruffly neon-and-nylon-lace collection with which he made his mark last summer. He did, with a giant step into tough black and oxblood leather, sumptuous burnt orange, scarlet, and emerald velvet (tear down the drapes!) and an intensely creative sequence of work that patched fluid Versace-esque crystal mesh over a base of matte-black knit. Some caviled that at first sight it was reminiscent of Azzedine Alaïa, and (in the Elvira moment) the drapey stretch silhouettes of Romeo Gigli. But neither Alaïa nor Gigli used fabrics or combined colors this way. Kane's energy derives not from looking at fashion history but from the sheer enjoyment of working in a nonstop creative fury with his sister in their rented house in Dalston. The level of polish and accomplishment in this collection was precocious; you could put the show on a runway in Paris, and it would still shine. Kane's the strongest talent to have emerged in London in a decade and more remarkably, his clothes are selling. Twenty-two dresses flew out of the London store Browns within two days of delivery, confounding the chorus of critics who called his first collection vulgar. Just one year out of Central Saint Martins, this young designer is an extraordinary star on the rise."
1865,"Malandrino's models walked with slick black caps of side-parted hair: a gamine 'do in homage to Zizi Jeanmaire, the French prima ballerina who lit up fifties Europe with her magical Carmen . Like the Spring show, which had a (slightly questionable) zing of eighties flavor, this was undeniably a retro moment, mining the sixties of Zizi's heyday (funnel-collared coats and graphic tunics) as well as the twenties (straight flapper dresses trimmed with marabou). For the most part, though, Malandrino avoided the dusty vintage pitfall, the one exception being a purple A-line coat that looked like it came off the rack at Resurrection. Pretty draped-jersey pieces, the least nostalgic look, tipped a hat not only to Jeanmaire but also to Malandrino's own dance background. Over the past year, the designer has moved away from crafty fare and toward a cleaner look. Perhaps to fill a tactile void, she allowed herself to play with volume everywhere you turned in the ballooning sleeves of a knit blazer, chic blouson jackets, and an iffy bubble evening gown. In short, Malandrino packed into the collection everything that a modern-day Jeanmaire might tuck into her traveling trunks, from a sexy daytime suit to a kicky little beaded houndstooth shift for aperitifs avec her own modern-day Roland Petit."
1866,"Jil Sander may be the last designer resource for alpha-female corporate dressing left unbowed in the twenty-first century it's certainly the only one that dares to air a full range of navy pantsuits on a runway. That unflinching Belgian pragmatism regarding the need for upper-echelon career clothes has, after three seasons, become Raf Simons' brand-stabilizing trademark, alongside the stamp of calm conceptualism he's bringing to the house. The show opened with a new, almost monastic, close-cut cape with a rounded shoulder, after which Simons reiterated the silhouette of narrow body-line coats and jackets with attenuated skinny pants, ballasting them, as before, with heavy black platforms. The variation among the plain blues and grays came in a few futuristic shot metallics, which broke out more delicately in a silver accordion-pleated dress for evening. The effect of all this was to make the eye search for the new points. Simons has added some terrific ribbed knits with little turned-down collars, including a maroon sweater dress. Most of the innovation, however, was concentrated in the intelligent minutiae. For example, he made the simple combination of a green skirt and a matching skinny, high-neck sweater look interesting by adding a wrapped-band waistline. Simons' dresses, too, have incisive economy of cut, like an otherwise plain short-sleeve boardroom sheath with a single off-center vertical raised tuck. That made the collection solid on go-to-work daywear, but for evening there were also outstanding pieces: a one-shouldered white sheath, and a little black velvet dress modernized with a pair of tramline seams in front. Those developments, along with three elegantly asymmetrical flyaway dresses, lent a degree of uplift to the conclusion of a businesslike message."
1867,"For a designer who loves her frills, the movement toward masculine tailoring could've been a headache. But Anna Molinari took it in her stride, adding satin power suits to her (as usual) dress-heavy lineup; to keep it Blumarine, she simply outlined the lapels, pockets, and skirt slits with glistening bugle beads. As ever, there was no shortage of embellishments. They ran the gamut from subtle jet beading and passementerie details on black cashmere coats to the rather-too-loud trompe l'oeil crystal necklaces decorating satin dresses. Molinari keyed into both the season's must-have neutral, gray a short-sleeved chinchilla jacket, cropped, belted, and worn with skinny pants, was a highlight and the color trend. A pair of fitted day sheaths came in one of Milan's loveliest brocades, a lush, painterly floral in shades of red and pink on a dark base. An emerald-green duchesse-satin bomber with matching pencil skirt was strong, too. As for the evening bolero made from densely embroidered roses of amethyst silk that closed the show, it was a final flip of the nose at all the talk of seriousness. Molinari prefers to have fun with fashion, thank you very much."
1868,"Working in a limited palette, mostly austere black with splashes of bold red, Julia Jentzsch and Waleed Khairzada set their minds on volume and proportion.  We wanted to reimagine the geometry and movement of the clothes on the body,? Khairzada said, after the show at the Baryshnikov Arts Center in Hell's Kitchen. The recent Ecco Domani winners achieved said goal through the use of high-tech materials (fabric technology is a near obsession with them) and clever, precise tailoring. In the volume department: a balloon-like parka,  sphere? jackets and tops that bubbled away from the body, wide-legged pants, and puffed sleeves. Plays on proportion included oversize blazers that brought to mind eighties power suiting and elongated silhouettes in the form of a slim, high-waisted skirt suit and breezy silk column dresses. A smart business executive could fill her closet with Naum and never worry about looking inappropriate. But a cooler creative type, who's never suffered under fluorescent lights in her life, would be a happy Naum customer, too."
1869,"For her second show in New York, New Zealander Karen Walker chose as her muse a thirties comic-book superheroine, one who leads a double life. Such a whimsical starting point could have translated into runway disaster, but Walker knows how to finesse a slightly off-kilter theme. Pretty caped sleeves on printed blouses and dresses subtly echoed standard-issue superhero fare. The designer likes to pair masculine with feminine, and here she cut menswear wools into Depression-era silhouettes of the sort that once populated Katharine Hepburn's closet. These were layered with Lycra pieces in a graphic lightning-bolt print, adding a fresh pop of humor to the serious tailoring. Along the way, Walker managed to weave in several disparate elements from bright nylon anoraks to a covetable but relatively plain-Jane black day dress without producing the jarring feeling of a phone-booth quick-change. A year in, this designer is already establishing herself as another exciting part of the city's growing fashion expat contingent."
1870,"Giles Deacon has always been a nature-lover, and after a few virtual flying expeditions via Google Earth, he was off on his Fall theme. It came to encompass earthy forest-floor colors, porcupine quills, leaves, tribal prints, Chinese pheasant feathers, and, along the way, a showpiece constructed of fans that may be fashion's first-ever dress based on a sea cucumber. As always in a Giles collection, though, the starting point is never where things end up.  We just add and add and go mad, and we got on a real roll this time,? was the best explanation he had for the anti-method that produced a duchesse satin gown jigsawed together from 550 pattern pieces, a leather sheath decorated with grommets, gargantuan knitwear, a coq -feather bolero, and a puffy ball gown sprouting extravagant tail feathers. It makes for an expansive show with links that are perplexing to follow, until you realize that none really exist. Deacon's increasingly complex, handworked clothes are best considered individually, just as they are rendered in his studio, with prints and embroideries, corsetry, and padding applied by a small army of friends. No big thrusting vision, then; but a sense that a jolly good time was had by all who made it."
1871,"Industrial and ""modern"" are hardly the buzzwords you expect to hear from a designer whose romantic gowns regularly survive the red-carpet gauntlet, a process that tends to discourage forward-thinking looks. Still, this season, Monique Lhuillier had architecture on the brain, the result, she said, of seeing the Disney Concert Hall on a daily basis. (Frank Gehry's masterpiece neighbors her Los Angeles office.)  The designer didn't really follow through on her intentions, though. Little in the collection approached the stark quality of the brushed-steel, Gehry-esque curl hung above the runway and, in fact, Lhuillier's choice of fabrics like gold lam's and brocades played it quite rich. Still, the motif was echoed here and there in flat gold hardware and circular seaming, edged prettily in chiffon, on both plain wool coats and metallic pencil skirts. Elsewhere, boxy coats with bracelet-length sleeves gave a futuristic-by-way-of-the-sixties feel.  Lhuillier says that she wants to be known as more than a red-carpet designer, but as a series of slim gowns with jeweled belts paraded past, it was difficult to think of anything else. The sole exception to the celebrity-stylist-friendly fare was a convoluted animal-print ball gown, layered with tulle and then embroidered. A better option? A strapless number in a lovely emerald satin chic and Joan Rivers-proof."
1872," I remember coming to the city with my skateboard in the eighties,? said Richard Chai a few days before his show.  There was such an artiness to the way people dressed.? But the grittiness of the Amy Arbus and Nan Goldin photos from back in the day pinned to his inspiration board was only half the story. Chai enjoys the push and pull of opposites, so he attempted to marry to his original motivation a sense of airy romance and refinement. A tall order, sure. But Chai, for the most part, was up to the task. Coats and jackets were the high point. They were many and varied, a chocolate-box assortment, from an edgy-cool patent-leather blouson to a wool chesterfield. Outerwear, it seems, best absorbs Chai's forward-thinking fascination with circular seaming and tweaked proportion. Elsewhere, he cut strict, skinny pants in shiny menswear jacquards potentially a tough sell, but they paired well with chic popcorn knits and belted peplum jackets. As for the ethereal element, an Easter egg colored jacket worn with a white tulle tutu was a bit baffling; but the simpler pearlized organza-and-silk dresses in deep jewel tones were undeniably elegant."
1873,"Sporty knitting in neon pink and black for Fall, that's the nub of Tao, the mini-collection designed by Tao Kurihara in her own separate nook at the house of Comme des Garçons in Tokyo. The designer bent her mind to layering cropped crochet tank tops over fine-gauge knits, running shorts, and sweatpants, then working in a substrand of black-and-white stripes and tiny, asymmetric ruffles. As a piece of condensed thinking about gym wear, it carried a lot of Kurihara's signature charm and accessibility, making it a part of Comme's output that's less a commitment to high-concept dressing and more a line of quirky pieces for young women to break down and incorporate into everyday wear. That, especially, goes for the big, wedge sneakers not exactly designed for the running track, but, then again, one of the season's rare footwear compromises between fashion and comfort. For a crowd suffering from four toe-crushing weeks in platforms, they were a sight for sore feet."
1874,"Laura Poretzky initially launched her Abaeté line in 2003 as a collection of swimsuits and resortwear inspired by childhood summers spent on the beaches of Rio de Janeiro. Since then, the designer's contemporary label has been growing up. For Fall, her fourth ready-to-wear season at Bryant Park, Poretzky offered up a Courrèges-inspired mod look in the form of zippered and color-blocked shift dresses and patent leather coats. It's a tried-and-true motif and one that Poretzky has previously explored, which made for a slightly predictable and occasionally repetitive show. Nevertheless, in a market hungry for dresses, those familiar silhouettes should easily find a customer. And there will be plenty more fans lining up for the similarly mod-themed bags and shoes, designed by Poretzky for Payless. It's a collaboration that is now in its third season and one that, according to the designer, will continue for a few more, no doubt providing an invaluable boost of brand recognition."
1875,"Soft-focus romanticism is Vera Wang's stock-in-trade; she was a bridal designer first, after all. Whether she borrows from the ballet or travels back in time to early-twentieth-century Russia, as she did for Fall, there will always be embroidered tulle, metallic brocade, and glossy duchesse satin. To these pretty Vera-isms, she added stiffened jackets belted and bustled in the back with a taut military elegance, and fabulously thin shearlings in black and midnight cropped high above the waist. For accessories, there were gloves that inched their way up the biceps and sturdy boots with medallions on the calves. In case this all proved a little moody, a little dark, for the luxe-loving Vera Wang girl, the designer embroidered the skirt of a cage dress with enough gold and bronze bullion to fill the Romanovs? coffers. She added panels of densely embroidered paillettes to dresses, then veiled them with net. Babushkas aside, there was a lot going on in these looks. If her artsy layers didn't have the same effervescence as last season's did, chalk it up to her starting point: Yes, she mentioned the Bolsheviks in her program notes. But no matter: Pulled apart and taken piece by piece, there was real beauty to be found."
1876,"Whisking away the drapey jersey and pin-tucked chiffons of her Spring collection like so much fluff, Alberta Ferretti came out strong for Fall. Given the less-is-more direction in which fashion seems to be heading, it was perfect timing. She'll never be a minimalist, of course, so the smart pea jacket that opened the show came with puff sleeves, while a V-neck dress had a flaring hourglass shape that shaded from dove gray at the bodice to charcoal at the knee. Coats were potent, too. If their inspirations were retro, their lines were reproportioned to look new. One princess silhouette was decorated with a warm sunset print. Glossy leathers were studded, as is the trend this season. Ferretti is a designer who truly gets evening, satisfying both the desire for ornament and the less glamorous, but no less important, need for ease. Despite all of the pretty embellishments (cocktail dresses with gold sequins arrayed in Art Deco geometries or feathers aligned in horizontal stripes), there wasn't a lot of trickery. And as for the red carpet, get those gowns on a plane, pronto! Especially the ice-blue number aswirl with ruched chiffon, and the strapless black coupe de velour: The Oscars are only half a week away."
1877,"Behind the scenes, Marc Jacobs now in his tenth year at Louis Vuitton had a knowing tag for the season: He called it ""Girl with a Monogram Handbag."" So there it was, as a mathematical equation: Scarlett Johansson (she of Girl with a Pearl Earring and the Louis Vuitton ad campaign, sitting front row) + Vermeer (research trip to Holland) = Fall 2007 collection. And yet, not quite. At the end of the show, which also featured a plethora of references to Jacobs' previous LV outings, all he would declare was, ""Clothes, and more clothes!"" and then, more reluctantly, ""A Vermeer palette. Romantic, graphic, painterly, but kind of strong."" In fact, there's no urgent need to Google ""Dutch Masters"" to get a fix on the fact that this Fall collection was actually a mustering of sportswear pieces as a foil for a huge range of Vuitton accessories everything from big, floppy Flemish berets to tinted patent and shearling bags, brushed-gilt plate-metal buckled belts and shiny little shoe-boots. First off, the clothes were simply a matter of high-necked dark green, gray, and fluffy orange sweaters, color-blocked against copper, bronze, blue, and red lamé skirts. Then came leather circle skirts with loose-backed jackets falling in a curve at the back, and a great oversize blue-gray sweater over slim pants. That section moved into black and navy tailoring, the best examples being neat pencil skirts with menswear pocket flaps, and eventually into grown-up chic suits (including a couple with pieces of densely tufted tulle and crochet whacked on the shoulder to puff things up) and black dresses. For evening, it was a matter of dégradé? printed dresses, some sprouting ostrich feathers under the hem. In other words, the show felt a bit all over the place. But never mind: A lot of the women in the audience declared that, once the elements are merchandised for stores, they'll be going shopping."
1878,"Although one has to tolerate a special kind of torture by concept to see a Preen show, it can be worth it. Vast banks of retina-scalding white neon lights provided the agony this time, meaning that those without dark glasses spent most of the show barely able to open their eyes. Those who did manage to peel their lids back for a few seconds clocked the fact that Thea Bregazzi and Justin Thornton are also playing the reference-the-late-eighties game. It's a very London thing. Where Christopher Kane and Marios Schwab have alluded to Versace, Alaïa, and, as of this week, Romeo Gigli, Preen are the first to make a bid to bring back Claude Montana. However consciously, something about their large, round-shouldered bubble-gum-pink blousons; cowl-hooded knits; and zip-bisected body dresses made an uncanny parallel to the commercial collections Montana used to design in Italy, right down to the top-tights-ankle-boot color coordination. In fairness, Preen can't be castigated for direct copying. They clearly put a vast amount of work into the horizontal pleating effects they used throughout the show, and into the huge number of fawn, purple, and black variations on their theme. As a matter of fact, they could save themselves a lot of trouble if they only did half the work. It would certainly have made for a more concise collection this season and spared the audience a migraine."
1879,"Sending out invitations slipped into pairs of white gloves and lining her runway with tables set for tea, Betsey Johnson established a ""School of Charm"" for her latest show. Could this really be the same designer whose cheeky antics have included those ""GUYS ? B.J."" tees? Apparently so. ""Fall is more elegant, refined more grown-up,"" the perennial teenager said. ""We have to be more about the cake than the icing."" Of course, Betsey wanted to have her cake and eat it, too. Her prototypical sex-bomb baby still strode the catwalk in a suit with pinup short shorts, and any number of blowsy (okay, to be frank, tarty) dresses. Meanwhile, the more mature if not strictly demure minx dressed the part in formfitting frocks with a whisper of Dietrich, and a really pretty brown blouse with white polka dots, paired with a suspendered pinstripe skirt in a length that Johnson evocatively described as ""longer, leaner, and more swayable."""
1880,"If there were any lingering doubts about Pringle's identity or the viability of another British revival, Clare Waight Keller went a long way to putting them to rest today. She opened the show with a look that nicely referenced the Scottish cashmere house's heritage: a double layer of slate-gray cable sweaters topping a short, flirty skirt with a ruffle circling the hips. In a season of luxe, chunky knits, hers were the best yet: dense and cozy, without being droopy. And they were innovative to boot. The yoke of a black A-line coat was cashmere crochet, the collar of a silvery lambskin jacket was an oversize mohair cable. Meanwhile, color-blocked fine-gauge cashmere layers tunics over turtlenecks over slim skirts looked almost weightless. Riffing on and simultaneously moving beyond the company's foundations, Waight Keller used a woven fabric, printed trompe l oeil-style to look like an oversize knit, for a bubble dress and a lamp-shade number. Poufy volumes are still a fixation in Milan, but credit her tenure at Gucci she also cut a convincing skinny pant. And she nailed evening, too. A burgundy silk-satin top worn over a matching skirt with pleats and a banded hem balanced polish and cool in equal measure. Like other outfits in this show, it proved Pringle can give young women what they really want."
1881,"DJ Donna D'Cruz set a party mood and Naeem Khan has had reason to celebrate lately. After all, this is the designer who created the slithery metallic dresses worn in the finale of Dreamgirls . And at today's show, he might have had the Oscars in mind (hint, hint, Beyoncé) when he sent out a series of sheaths and gowns covered in jewel-tone paillettes. If somewhat repetitive, the effect was still dazzling. Another series of striking pieces, including a festive evening jacket, was decked out with hand-cut Venetian-glass mirrors. A series of organzas, meanwhile, were appliqu'd with abstract patterns of patent leather, inspired by Mogul palaces in Khan's native India. He also used embellishments of pleated and steam-crushed organza ribbons. ""They are fabulous artsy and crafty, but modern,"" feels Khan. The Halston alum balanced out the glitz factor a bit with a pair of pieces that expressed a more subtle elegance: a flowing scarf gown in ombré shades of topaz and a one-shouldered dress adorned with a simple feather corsage."
1882,"Until the Pollini show, there hadn't been much allusion, direct or indirect, to the conflict in the Middle East this season. Rifat Ozbek changed that with his second look out: an innocuous-looking short silver shift that on closer inspection revealed an embroidered figure arms in the air, mouth agape plucked straight from Picasso's Guernica . (Of course, this being Ozbek, a designer who always has a lot going on, and this being fashion, it wasn't immediately clear how many in the audience had noticed his cri de coeur.) Ozbek kitted out his power babes with all sorts of military regalia, most of it less in-your-face than that opening salvo. Tone-on-tone frogging decorated the collars and lapels of parkas and coats. A black silk jacquard used for a coat-dress and a jacket-mini combo looked for all intents and purposes like a miniature camo print. Then there were the green, red, and purple berets and the leather bags slung around the hips, fanny-pack style. On the softer side were little dresses with flowers for epaulets and tops decorated all over with chiffon rosettes that were worn with short shorts in a substantial gray-wool knit. All in all, it was a good effort from Ozbek, and those dresses and rosettes were very pretty. (But pretty enough to make you forget the op-ed rumblings of a potential U.S. invasion of Iran, now that Ozbek's brought up the subject? That's a different question.)"
1883,"Beyoncé radiating heat at the Golden Globes in his plunging metallic dress proof positive that Elie Saab's name has been firmly established on the red carpet. Now, he's set his sights on after-dark occasions that don't necessarily entail a press line. There were eighties-ish one-sleeve billowy tops and stretch minis for nightclubbing, baby dolls in black lace for 21st-birthday parties, and long velvet dresses with blouson tops and bias-cut skirts for charity balls. Of course, you never know when you'll run into a camera which explains the light-catching sequins that decorated so many looks, and why his faux leather (easier than the real stuff to embroider, apparently) had a shiny, wet, photo-ready look. When he did go full-on glam, it was with emerald-green and violet crystals arrayed in sunburst patterns on a base of black. Out in Hollywood, of course, bare shoulders trumped sparkle at the Oscars, so a strapless black organza number with that faux leather accenting the bust looks like a bigger winner. There were exactly zero pants on Saab's runway, and his shorts came in one length only: micro. What to make of the lack of real daywear, especially on the eve of the opening of his first Paris store? Put simply, Saab lives for the night, and so do his ladies."
1884,"Were those curtain swags decorating the hem of a minidress? As a matter of fact, yes. Backstage at her show, Anna Sui explained that she began working on Fall by looking at pre-Pop Andy Warhol and other commercial artists, and that afterward she became interested in interiors. ""I put all of my favorite objects into the prints,"" she said. So, bits of furniture decorated a silk charmeuse dress, newspaper print showed up on a crepe de chine number, and wool knits came appliqu'd with sewing notions. As a concept, Victorian chairs aren't as compelling as, say, Marie Antoinette at a New York Dolls concert (one theme from last season). And as a collection, it didn't have the same spunk as some of Sui's earlier efforts. But there's always something to like in the designer's magpie piles of coats, sweaters, and frocks. Lacquered-silk anoraks layered under smocks or jumpers gave the show a sportier than usual edge. A pair of black lace party dresses worn, in keeping with the trend, over fitted turtlenecks looked like winners. And her silver-fox patchwork coat was so chic that even those furniture tassels could be forgiven."
1885,"It wasn't a promising start, because who wants to arrive at Christian Lacroix to be greeted by black coats? Ignore that, though. In the second half, this show picked up wonderfully. Once Lacroix let himself loose on evening, a vision of the color, prints, bows, and general idiosyncratic whimsy he puts into his couture was suddenly and for the first time prettily captured in his ready-to-wear collection. In a season when the eye craves color, what Lacroix can do with poufy little dresses splashed with painterly strokes of orange, purple, and pink was a treat, as were his purple and emerald velvets and a delightful scarlet satin ruffled bustier. Lacroix's fantasias in haute couture have an extravagance whose applicability to real life is sometimes hard to imagine. Here, though, he made it believable by abbreviating the lengths and putting everything with black opaques and a pair of outrageously original boots, which in themselves were riveting. Part biker, part Western, yet wholly feminine, they were decorated with a flower pattern of domed studs running across the pointy toe and around the slouched-down back of the heel, and they were then finished as Lacroix always finishes his best things with a bow in front. At the end, the most wantable pair came in dark-green metallic leather, smothered in pearls. For that alone, this collection gets a three-star rating and a recommendation that any cool and special girl check it out immediately."
1886,"Georgina Chapman and Keren Craig took some critical hits for unfinished hems and sloppy seams at their debut runway show last season. But from the looks of their Fall collection, shown tableau-style at Diane von Furstenberg's old West 12th Street digs, they learned from the experience. Perhaps the androgynous Marlene Dietrich-meets-the-Duchess-of-Windsor theme simply suited them better than Spring's hyper-romantic flowers. Or maybe their recent red-carpet coups Sienna Miller and J. Lo at the Golden Globes; Anne Hathaway at the SAG Awards have boosted their confidence. In any case, there was newfound polish to the satin chiffon dresses with embroidered waists that have become their calling card. The girls love a rhinestone, and they hand-sewed ropes of them to a violet velvet strapless chemise for a trompe l oeil necklace effect. And there was more ambition, too, in the black-and-white pieces that riffed sexily on a man's tuxedo although a simpler bib-front frock was more successful than a party dress with a tricky bodice made from what looked like the collars of a jacket and a shirt. And if the sweeping ball gown in silk tulle with dégradé? feather bodice is too grand for today's starlets, they'll be angling for first dibs on the ostrich-plume cocktail number with a duchesse satin belt."
1887,"It's a big mix a street mix, with symbols and colors that are very multicultural, said Nicolas Ghesqui're at the Balenciaga rehearsal an hour before the show. Then Led Zeppelin kerranged on the sound track, the girls started loping by, and he grinned, ""It's like in your room, on campus. It's about how girls become themselves."" In other words, this was Balenciaga brought back to the realm of the casual and young, but still just as layered, complex, and resonant as any Ghesqui're projection into sci-fi. Well, what does that mean? Practically speaking, clothes to wear as simple as a tight little peak-shoulder jacket, a pair of narrow jodhpur-ish pants, a college-girl scarf wound up high, and killer athletic-techno sandals (some colored as brightly as Legos). Or, as the alternative choice, a mixed-print patchwork dress. As a look, it all hung together with a clarity that doesn't take a master's degree to understand. Still, there was enough to study in there to make a complete thesis on Ghesqui're's ability to relate what he's doing to his past body of work and then to add to it, bit by bit, without ever saying the same thing twice. Using multiethnic fabric references Eastern European folk embroideries, ikat, kimono, and African, Peruvian, Mongolian, and Balinese patterns is a tricky business if you want to articulate something cool that hasn't been done by everyone else. But Ghesqui're has his own conceptual compass it was set when he used a Palestinian scarf in one of his early collections, and it turned up this time in a different print, elaborated with gold fringe, as a takeoff point for the fluttery multipieced dresses, as well as the sculpted peplum jackets at the end of the show. As a counterbalance, there were all the traditional Western roots in the jackets: English men's tailoring in green velvet smoking-jacket tail coats, Tyrolean boiled wool dyed magenta, boating-blazer stripes, and, lastly, bouclé tweeds of the sort associated with Chanel (though Ghesqui're notes that Balenciaga was neck and neck with Coco on that). Suffice to say, it is a major achievement to make all of that coherent while also producing a collection that isn't overly prescriptive, locked into a head-to-toe look. When all's said, the real cleverness of this show wasn't even in its impressive levels of intellect or craft: It's in the fact that so many women will be able to reach in, grab a jacket or a towering pair of Balenciaga heels, and make them work with whatever else they own."
1888,"The Mulleavy sisters have a way of provoking strong reactions, pro or con. As always, the quality of their workmanship was meticulous for Fall; so much so, one editor commented, ""that it's almost painful."" The show veered between two Mulleavian extremes: the fantastic and the classic. While the more radical experimentation with volume helps them stand out in the Manhattan fashion landscape and was successful on the opening coat, for example other pieces, though undeniably sophisticated, seemed almost too rare to touch. The sisters collaborated with Swarovski, resulting in twinkling embroideries on Bianchini brocades from the 1920s and on some unusual laminated fabrics. The designers took joy in molding new materials into different shapes. A fake leather, for example, was worked into a lean, mean pair of pants, worn with a hand-knit sweater-vest and a lace top all of which managed to look almost casual in relation to the Poiret-like lamp-shade dresses at show's end. Needing less explication or argument were the goddess gowns. Jessica Stam wore a one-shouldered blush-colored one that clung about her like mist. Another featured twisted pendant trimmings with glistening oil-black jet beads. The finale dress, in ombré pinks, had pinked edges inset into wafty waves of pleats and a sigh went up in the room. In the end, all of the talk and palaver is just further proof that fashion takes Rodarte seriously."
1889,"Showing at her usual venue, the grand New York Public Library, Jill Stuart seemed just a touch breathless. Perhaps it's because chez Stuart there's quite a bit to talk about. Her debut men's collection, named Stuart Curtis, is about to hit stores for spring. She just launched Jill, a lower-priced collection meant to deliver her flirty fare to a younger customer. And she recently signed a licensing deal with Tim Schifter to make handbags, one of which (a luscious, oversize black patent shopper) she modeled for the backstage crowd. Out on the runway, Fall found Stuart back in a favorite haunt: the vintage store. This time she was working in the reliably fertile Swinging Sixties spirit of Emma Peel, Françoise Hardy, and Twiggy. Somehow, unlike other blasts from the past (the Roaring Twenties, say), the bold colors and clean shapes of that era tend not to feel as bogged down in a mire of nostalgia. Despite a few overly literal interpretations of Courrèges or Paco Rabanne, Stuart kept her leggy minidresses, skinny pants, and boxy little jackets fresh and relevant to the modern customer. Still, the show soon lapsed into repetitive territory: Stuart could have made her point more strongly with fewer looks."
1890,"So long, Claire McCardell. The American sportswear pioneer who was the inspiration behind Derek Lam's fine Spring collection has been replaced by something altogether sexier a change of direction that seemed to interfere with the designer's better instincts. The first clue was a pair of black leather-and-suede riding pants leggings, really that trotted down the runway with a boxy, asymmetrical boiled-felt coat. Other exhibits included a bustier dress, a clingy bolero worn with a flippy tweed skirt, and an otherwise office-ready gray flannel sheath with corsetry seaming on the bodice. The clothes' exaggerated shoulders, high nipped waists, and abbreviated hemlines looked like a wink and nod in the direction of Azzedine Alaïa and Hervé Léger. The trouble being, these designers were big news last season, which made Lam's show, for all its sexy wearability, look derivative. But if there were shades of other collections in his day looks, evening was pure Derek. The goddess gowns he did for Spring were reinterpreted as flirty cocktail numbers, one in gold silk lamé. And the trio of graceful double-crepe columns in black, royal, and white that closed the show were, simply put, drop-dead gorgeous."
1891,"Marios Schwab has the right instincts about moving away from the neon-bright, body-conscious, early nineties vibe with which he and Christopher Kane ignited new interest in London last year. The challenge lies in gauging the speed at which to do it, and in successfully developing some fresh angles that feel true and sincere all while offering something sensible to sell in the bargain. He opened his collection with a hexagonally pieced nip-waist jacket with a curve in the back that stood away from the body like a geodesic dome. Cutting hexagons and mathematically fitting them around the human form is a pastime Schwab devised last summer, and now he's applying it to puffers. Cut into hourglass shapes and skating dresses, these carried a distinct air of Gaultier Junior, circa 1989. They were also the designer's personal response to the futuristic-sporty agenda that's been in the air since last fall. Schwab is too methodical about weaving in new strands of thought to leave it at that. He's also working on a fresh approach to dresses. He should. The tight body-line ones, even with new iridescent metal plates worked into the bodice, are beginning to be yesterday's news. More interesting were the soft asymmetries he wrapped into sport-fleece tops and scarf-lashed necklines (a reference to Romeo Gigli, perhaps ). Some of this read as a work in progress, but with the intense Schwab, it's guaranteed he'll have developed it into more sophisticated form next season."
1892,"The massive gold peace sign at the back of the runway could've meant Moschino's audience was in for more of the military looks seen elsewhere this week, but that couldn't have been further from the case. Instead, designer Rosella Jardini focused on the innocence of the sixties, as exemplified by the bubble silhouettes that are still popping up all over Milan. The collection started all sweetness and light with a swingy brocade coat-dress. A gold laser-cut leather pinafore, a short navy taffeta shift with bunches of rosettes at the back, and a lamp-shade coat in red satin also kept the look young, as did the sporty black fabric used for such pieces as a one-shoulder dress. The collection was pretty enough, in other words, but somewhat tepid by house standards. Where was the signature wackiness? The only hint of the late Franco Moschino's madcap wit was in a couple of slogan T-shirts (in the style of Frankie Goes to Hollywood or House of Holland, depending on your generation) that read ""MOSCHINO SAYS LOVE."" A few more surprising gestures like that would've made the show more interesting."
1893,"Giles Deacon has pitched up in Milan to show his first collection under contract to Daks, a British brand known from the thirties onward as a solid producer of respectable clothing for English gents and their good lady wives. Before his show, he talked about his ambition to address businesswomen, and since that's a species routinely blanked by fashion designers, his words and the fact that he is lauded on his own turf as British Designer of the Year sounded promising. Given the heritage of the brand, the obvious way to set about creating updated business attire is to work on tailoring, or at least daywear necessities for high achievers. Deacon started out by doing just that, and he came up with a precise, wasp-waisted silhouette with a rounded hip, achieved through boning and a tie-on pad device that goes beneath the coat and jacket. That molded shape vaguely retro in a New Look-ish way chimed with both the forties trend and the menswear feeling of the season. There were well-executed dresses, too, pieced in matte-shine velvet, wool, and duchesse satin, but the show swiftly drifted off into fashion-y ""statements"" more fit for extreme magazine shoots than any recognizable business agenda. This involved transplanting some of the vast cable-knit pieces and geometric satin patchworks seen in Deacon's own collection, and a big quilted stole device whose practicality beyond the runway is questionable. In other words, it hardly amounted to a riposte to Jil Sander. Perhaps that's because Deacon, frantically working away with his cool gang in east London, doesn't run across many corporate highfliers, or even medium-affluent women with a day job outside fashion. It's not particularly fair to bawl him out for that, because he's only part of a syndrome. Watching shows these days, it's increasingly hard to stifle the thought that the best thing many designers could do is beg to be seconded to an employed woman for a week."
1894,"This collection marked Neil Barrett's second time showing womenswear on the runway though like his fellow cult-inspiring men's designers, he has in fact been dressing the fairer sex for much longer simply by cutting his coolly tailored clothes into smaller sizes. This season, however, he decided not to translate his considerable talent for menswear quite so literally. In short, he wanted to give the ladies something of their own. As admirable a sentiment as that might be, in practice it didn't really work out. In a severe palette of black, gray, and white, Barrett explored the idea of sculpted tailoring that stood away from the body, the result of hearing complaints from girlfriends about the limitations of stricter cuts. That meant boxy jackets with bracelet sleeves, pleated wide trousers, and cocoon coats, which, though executed well, seemed more likely to appeal to an older customer than the one Barrett targets. The result was that his fans were left wanting more. ""Now that's what I like from him,"" whispered a young but influential stylist as a little motorcycle jacket in a chic dark-gray leather and slim pants finally passed by."
1895,"The opening look at Stella McCartney a frankly fake fur ingeniously fashioned from dense whorls of hand-tufted yarn set the tone: Welcome to one of the least pretentious and most playful shows of Paris fashion week. The fun continued with knits, including a hard-to-miss oversize red-and-black cardigan woven into a polar-bear pattern. And last season's rompers grew legs, becoming fine-gauge jumpsuits in hot pink or sweatshirt gray. It wasn't all games. Outerwear was sportif too, but also seriously chic. McCartney focused on loose, flaring, of-the-moment silhouettes like trapeze coats and capes. Hooded anoraks were adorably egg-shaped. Fans of her sophisticated Savile Row suits, though, will have to content themselves with a satin-lapel smoking and a cropped, double-breasted jacket with brass buttons. The look at Stella is extremely young and very long on leg, which meant few pants and short, short, short hems on baby-doll smocks, petticoat dresses, and curvy bustier styles. For extra cheek, she paired them with ankle boots and socks. Count on McCartney to bring the charm."
1896,"lingerie and fur are the twin passions of Filip Arickx and An Vandevorst, and they vied for attention on the duo's Fall runway. Starting things off was a deceptively plain shirt with gussets at the breasts tied together with tiny, provocative bows. A red dress was wantonly sliced in front to expose flashes of white satin brassiere, the strap of which poked through a horizontal slit in back. And a narrow sheath was draped from black floral lace, which was also used for an evening shawl and leggings. Some of this veered toward the overcomplicated, but the same couldn't be said of the show's outerwear. Shaggy lamb vests, trenches, and wraps some patchworked together from squares with naps of different thicknesses felt cool and completely of the moment, as did the fur hoods with scarf flaps attached. Easy calico dresses with short sleeves edged in the fluffy stuff looked signature and very original, and almost wholesome in comparison to the kinky boudoir touches. Somewhere in the middle were the narrow, hooded blanket-plaid capes: Who knows what sort of delectations were hidden beneath their ankle-grazing shapes?"
1897,"Jos? Ramón Reyes, a native of the Dominican Republic and a Parsons grad, cited Elle Macpherson as the muse for his runway debut, an eighties sportswear-inspired collection that included exposed zips, drawstring waists (a mini-trend of the season), neoprene, technical nylons, and touches of fluorescent. Some of Reyes' more literal takes on the trend, like an exaggeratedly boxy striped ""kangaroo"" dress, seemed destined to go no further than the runway, but his sloped-shoulder utility tops and track pants had legs. You could imagine MisShapes regulars sporting the fitted or funnel-necked dresses at Don Hill's, while a velvet sack dress wouldn't scare off a leggy girl who spends Saturday nights at Tenjune with her investment-banker boyfriend."
1898,"Gilles Mendel's front row is always a photographer's dream. Today it was studded not just with Patrick McMullan's favorite New Yorkers (Dr. Lisa Airan, Helen Lee Schifter, Jennifer Creel) but also with a gaggle of stars who live in a red-carpet world (Céline Dion, Cynthia Nixon, Natasha Richardson). It's hard to imagine any of them walking away from this show without a wish list. ""This collection is not about colors, but textures,"" Mendel said. And so, restricting his palette to ivory, slate, and ""blacks of many shades,"" he focused on a silhouette he described as ""post-war."" Mendel isn't known for day looks, but he did some very viable, unapologeticallly dressy office options, like suits (pant and skirt) with fitted jackets and a tweed sheath that hit above the knee. His clients go to him mainly, though, for photo-op looks. He delivered these in spades. Glamour gowns featured interesting contrasts. A wrap number, for example, had pleated chiffon on one side and silk satin on the other. The finale piece backless, cap-sleeved black velvet with patent trim was long on glamour and begging to be worn by a modern-day Madame X. The minks and chinchillas were also very glam (quite naturally, from a firm that once was exclusively a furrier). Kim Noorda looked every inch the snow princess in a white lamb coat with a halo of a fox hood. And there was a very J. Mendel take on the coat-with-contrasting-sleeves trend: It came cinched at the waist, with two kinds of black fur on the body and full, silvery Old Hollywood sleeves."
1899,"At Anna Molinari, Rosella Tarabini clearly got the Milanese-trend memo about keeping it tough, dark, short, and, at all possible times, belted. That might seem like a bit of a volte-face for a label known not long ago for peachy chiffon fairy dresses, but recently this collection has been edging toward a hipper, younger vibe, and so today's mood shift didn't seem too egregiously out of character (which is more than can be said for several other houses in this city). Some of it, admittedly, was down to styling: the military caps as well as the black tights, platforms, and long gloves that are cropping up in so many places. But Tarabini managed to inject enough personality into enough of the things she showed to differentiate her collection from all the others that currently feature laundry lists of black high-belted dresses and coats, egg-shaped skirts, and black patent. Tarabini's strengths: a naughty-schoolgirl black knife-pleat skirt in patent, a high-necked A-line coat, and, most credibly, her contribution to the knit revival that's becoming noticeable this season. Hers were fine-gauge sweater dresses in multidirectional stripes, with a skimpy roughness that made them seem like the kind of thing a young girl really might want to wear a welcome contrast to the gargantuan quadruple-knit fantasies that have appeared on some other runways and that look frankly ridiculous in the midst of the world's global-warming crisis."
1900,"I have been working on pretty, floaty, feminine for so long, said Australian designer Toni Maticevski, who played Edward Scissorhands in his sophomore New York effort, slashing away at conventional notions of beauty and proportion. ""I felt I needed to add a bit more severity and grit."" You could see echoes of thirties Hollywood in the long, sinuous lines and the embroidered balloon sleeves. But the fragile allure of these details was willfully sabotaged: Underneath a delicate ivory biasgown with beaded blossoms, for example, was a bondage-style bathing suit. Intent on exploring the darker facets of his talent, Maticevski refused to give the audience what it expected. A simple black cocktail dress with a twisted neckline stood out, as did a minidress dripping with antique jet. But the choreography with models aggressively (and strangely) clutching at their hips was bound to be jarring for viewers who, after last season, came expecting a garden party. And the padded, Popsicle-colored puffer gowns brought  freak legend? Leigh Bowery to mind. Maticevski, explaining these last as  blow ups? of the thirties bias look, remained defiant:  You either love them or you hate them,? he said. For many in the audience, you suspected, it was a case of the latter."
1901," Big girl, you are beautiful!? sang the Brit pop flavor of the moment Mika on the boppy tune that opened the show as if to hammer home the point that the three-season-old MaxAzria line is more grown-up than its sibling, BCBG Max Azria. What followed was heavy on pleating here as elsewhere this week, sometimes seeming to do little but create bulk. Still, the pleats were well applied in a few cases, as in a pretty, belted black-and-green chiffon dress worn by Julia Dunstall. Roomy knit coats and cashmere sweater dresses were cozy and autumnal, while a muskrat tank-shaped vest looked quite sophisticated. Max and Lubov Azria have a faithful following, and their show attracted a brace of social girls to the front row: Camilla Belle, Tinsley Mortimer, Leigh Lezark, Byrdie Bell, and Olivia Palermo among them.These are young women with lots of photo opportunities. What will they be wearing to next fall's movie premieres? Maybe a black sequined lace coat over a navy halter dress with beading detail. And for dinner with an up-and-coming Mexican director? A metallic jacquard shift with cream satin pleated sleeves would fill that role quite nicely."
1902,"When you think about TSE, you probably think about a sweater, but of course we are so much more, Tess Giberson stated. She proved her point today with a spare and smartly edited Fall collection that included menswear for the first time. The strength of the show was the play of proportions. A fitted pair of stovepipe trousers, for example, formed the base of an ensemble that layered two long tops under a boxy jacket with dropped shoulders and cropped sleeves. Somehow, the effect was unforced. That's not to say the collection was glitch-free a series of droopy-crotched suspender pants come to mind, and it's doubtful the TSE customer will want to pay big bucks for a mini with deliberate runs, however clever the technique used to create them. ""We're not trend-driven,"" Giberson demurred. Then how do you explain the sexy fitted skirt (with the highest waist we've seen this season) balancing out a quilted puffer vest? Or the presence of that Fall 2007 must-have a coat with sleeves of contrasting material cleverly rendered here with a tweedy woven body and cable-knit sleeves?"
1903,"Glamazon looks are what Roberto Cavalli is famous, or perhaps notorious, for. But over the past few seasons, he's been reining things in at his signature line. Today's runway set looked straight out of old Hollywood, and the clothes like something borrowed from the soigné wardrobe of a Clark Gable and Carole Lombard flick. Models sported slim safari jackets, swaggering furs with toggle closures, and jodhpurs (OK, jodhpurs aren't the most flattering look invented) with crisp, mannish button-downs and matching ties. The Lombard part of the equation came in billowy dressing gowns in Liberty peacock prints, more structured forties-style dresses (a real Fall trend), and a great-looking silvery short fur over a demure satin dress that turned to reveal a thigh-high slit. The masculine/feminine theme extended into evening, where Cavalli showed black smokings and boxier suits in white satin alongside the hot cha-cha gowns that are his stock-in-trade. Of the latter, a metallic-blue bustier number with an asymmetric strap and a green goddess dress crisscrossed with sequin bands looked light and youthful. A beaded-all-over halter and a clingy gold sequin column with a fishtail hem, on the other hand, looked less fresh, and brought flashbacks of the brasher Cavalli of yore. The designer, like his front-row star, Steven Tyler, may be a rocker forever, but he has been wise of late to steer his work in a more elegant, even decorous direction."
1904,"The very English ritual surrounding the Topshop Unique show feels rather like the first day back at school. There are the weary seniors just arrived from the New York collections; over there are the fresh-faced enthusiastic juniors who've barely been to a show before; and there's Sir Philip Green and his family, Topshop's owners, observing who's present and correct. Then everyone knocks back cocktails and Champagne for an hour, and it's finally  oops, yes! on with the show. One notable absentee was Kate Moss, because this collection, designed by the in-house team led by Nick Passmore, has nothing to do with the model's forthcoming Topshop launch in April. Neither, in fact, has Unique much to do with the highly popular fast-moving merchandise that is Topshop's core appeal it's more of a separate stab at a higher-priced collection available in limited quantities. This season, the team settled on its own translation of a Biba-esque Art Deco theme. It was full of fit-and-flare dresses and coats with perked-up shoulders and belled sleeves, austerity-era geometric prints on satin, and long hand-knitted cardigans and vests. The best part of the show was the one item that leapt clear of all that a pair of high-waisted black flared denims with deep, shoe-covering cuffs. Judging by the reaction as all girls know, it's no mean achievement to come up with a newly flattering jean Sir P. ought to be ordering them up in bulk overnight."
1905,"There were an ice rink, banks of snow, and, up above, a suspended skyscape of tulle clouds, gently puffing vapor into the atmosphere under the glass dome of the Grand Palais. Welcome to Chanel, where Karl Lagerfeld picked up on the idea of cold-weather college-girl styling that's emerging as a Parisian subtheme. How can ""random"" and casual work for one of the great establishment names of the City of Light? Lagerfeld approached it by turning the house bouclé tweeds into colorful checks, punching them up with magenta and turquoise, and adding a load of bobbly crochet, striped sock hats, sequined rugby vests, stacks of plastic geometric cuffs, and shiny breastplate necklaces. Since Coco Chanel co-opted Tyrolean felted jackets as one of the inspirations for her classic genre, there was a vague link between the past and Lagerfeld's references to, say, snowboarding and skiwear like the puffer-sleeved tweed with a cowl hoodie and narrow fur skirt, shaved to look like corduroy. A sense of all this is going on in fashion at large, and it wasn't a bad device for loosening things up at a time when ""ladylike"" is feeling distinctly over. Still, though Lagerfeld proved yet again that he is a canny barometer of every change in the fashion atmosphere, he's eternally careful not to lose sight of the fact that Chanel is for a woman who essentially wants to feel put-together and dainty. Example: She might now want to wear one of Chanel's standard creamy blouses untucked, with a rugby-striped sequin vest over a pair of skinny pants, or make an impeccable black shift look futuristic with a flash of beige patent in the neckline. By evening, in any case, Lagerfeld had cleared the way for a plain view of little black dresses, now with draped shoulder lines, bows, and flyaway trails that looked light and lovely in movement. For the faithful, that was just enough youthfulness to keep the appeal of Chanel feeling perfectly current, even if, as a whole, this didn't quite come up to the level of one of Lagerfeld's blockbusters."
1906,"Todd Lynn has chosen a narrow field in which to work: androgynous tailoring that works for both men and women. It's a smart decision, because apart from anything else, not many people have been doing that since Helmut Lang withdrew from the picture. It's also a bold decision, because as any expert cutter knows, it takes years to hone a signature in that exacting craft. So, the tightness and rigor in Lynn's second presentation was a pleasing thing to watch. It opened with a girl in a short, lean coat-dress, which, on a man, was worn as a jacket. That's Lynn's point: He adjusts the same shapes to fit both male and female, and mostly he managed to pull it off without turning either sissy or butch in the wrong places. A short black wool jacket with a pointed front, worn with a white wing-tip collar, had an impeccable graphic punch on both sexes. The wide-legged trouser with a pleat implanted toward the outer leg was an improved reprise of a pant he showed last season, a refreshingly flattering alternative to the predictable skinnies. Meanwhile, shirts with subtle strips of lace running down the front and cutaway, high-collared jackets had something of a goth attitude about them but minimal goth. Which is a good thing, because Lynn's prices are luxe-level, and these pieces are designed more to be keepers than overtly styled seasonal fashion. Even after two seasons, it seems clear that Lynn will be developing his cut by increments only and the interesting thing is, that feels right."
1907,"Olivier Theyskens said he wanted ""to introduce a new wave of cool something urban and gray-ish, but nonchalant, fragile, and superlight"" at Nina Ricci. Since he's only just exited the now-defunct Rochas, the collection he showed, though suffused with his signature poetics, felt more transitional than definitive. Like several other designers of his age, Theyskens is accurately intuiting the fact that fashion needs to address a younger, more casual level of dressing, but at the same time, pressure is on him to stay within the fuzzy parameters of the not-so-defined genre of Ricci femininity. So to begin with, Theyskens focused on teardrop-shaped down-filled blousons, twisted sweater dresses, and diagonally zipped biker jackets that fell open in soft, petal-like folds. If there was a discernible Nina Ricci reference, it was in the spiraling cuts reminiscent of the crystal flacons of the classic Ricci L'Air du Temps perfume bottle. What with the palette of pearl gray, slate, and charcoal, and the introduction of denim, the collection fell somewhere in the range of Rick Owens, the L.A. designer whose clothes have a link to Belgian streetwise aesthetics. That, of course, is no coincidence: Theyskens is himself a Belgian designer who, before his tenure at Rochas, made an impact, at the age of 21, with strong, dark collections that electrified fashion in the late nineties. His mood now is far more ethereal the downy feathers floating from the girls' hair established that quite beautifully. Nevertheless, two soft but fiercely cut pantsuits served as a reminder of the tailoring talent that remained latent while he concentrated on femininity at Rochas. Excellent as those were, they added to the tension that hovered over the collection. Theyskens laid on an irresistible finale of trail-y, ragged-edged white and chartreuse fantasy gowns, but still, the question about where he intends to take Ricci was left in the air."
1908,"Sari Gueron isn't a designer given to grand themes or statements; she usually just prefers to make the kind of cool, unstudied clothes that girls clamor to wear. This season, however, she decided to give concepts a try. She described her starting point as an updated, woodsy fairy tale an imaginary world populated with a Harry Potter book's worth of owls, images of which covered nearly every inch of her studio's inspiration board. Still, Gueron is a pragmatist at heart, one who would never let concept trump wearability. For day, she mostly showed an urban take on cozy, countryside fare, all accessorized with black riding boots. Dark wool coats, capes, and dresses in slim silhouettes came piped with leather for a hint of subversion. Gueron is steadily shedding her reputation for being solely a dress designer, and here she delved further into separates, like the covetable chunky cardigans shown layered over her frocks. Along the way, the designer riffed lightly on her woodland theme; an ivory cotton-and-silk dress, its collar embroidered with abstracted owls, was both whimsical and chic. Unfortunately, evening looks trimmed with a combination of jet crystals and glossy black feathers left one wishing for the slightly more low-key version of after-eight dressing for which Gueron is normallly the go-to girl. This show didn't strike as strong a chord as last Spring's, but with Gueron's first Resort collection hitting stores and a recent Fashion Group Rising Star nomination, she is still forging purposefully ahead."
1909,"Dennis Basso's presentation today was a thoroughly social affair, complete with the designer's ""ladies,"" cocooned in their furs, clapping at their favorite looks. Basso stated that he was launching his first full ready-to-wear collection this season ""because people wanted this,"" and he offered if not exactly a full line, a few hand-embroidered herringbone pants and micro-minidresses. The main draws, notwithstanding, were the designer's cleverly worked furs, like a sable coat in a chevron pattern, or a hand-embroidered shearling with a generous trim of cognac chinchilla that gently bobbed in step with the model.  Fall's line included many sueded minks, some featuring crafty scallops of fur, and almost all worn with embroidered leather belts. Russian broadtail jackets featured intricate embroideries. Still, you had to wonder, where were the full-on and full-length furs that keep Basso's loyal following warm and happy? Presumably, they're waiting back at the showroom for the likes Patti LaBelle, who arrived at today's presentation in a coat so plush it even managed to snag its own front-row seat."
1910,"Duro Olowu's show has finally brought the talent that's been cooking away in his Portobello Road store, OG2, into full sight. A Nigerian with a sophisticated eye for mixing splashily printed vintage couture fabrics with seventies-style tailoring and hoards of exceptional jewelry, he has steadily built a business and many friends around the first signature wide-sleeved, high-waisted patchwork dress he designed two years ago. Today's violet and bright-green African-print velvet coats instantly captured the essence of his appeal in their exuberantly luxurious swing. ""I wanted it to have practical volume,"" he said, ""a regal normality. I called it 'Bamako Pompadour.'"" Bamako is the capital of Mali, which, he explained, ""had an empire of huge wealth and intellect and beautiful women."" If it was smart to lay a foundation for a couple of years before deciding to show, the move also raised the bar for Olowu, setting him the task of proving he can do more than just that one dress. He pulled that off by orchestrating a total look, from leather headband visors to necklaces made from recycled belt buckles and beads to shiny patent shoes and boots all sourced from craftspeople he found around London. His new squared-off agbada dress, in fluid brown, black, and gray color-blocked jersey, had an easy, drapey elegance that looked fresh. And though a too long section of gamekeeper tailoring in the middle broke the spell a bit, that was only a minor beginner's demerit in a collection that brought a welcome shot of energy to London's shows."
1911,"With any other designer, you'd expect a show described as the collision of Japonisme with Mick Rock's iconic glam-rock photographs of David Bowie and Queen to be a pretty over-the-top affair. But in the house that Susan Dell built, clothes are a serious business, both aesthetically and otherwise. And that's not necessarily a bad thing. The ""I want that in my closet"" appeal of Phi designer Andreas Melbostad's Fall collection was excitement enough. Backstage after the show, Melbostad talked about revisiting and repositioning utilitarian wardrobe staples like the duffel coat, the trench, and the biker jacket sensible words to anyone who knows how most women shop. He recast these classic items with tightened, elongated silhouettes in an edgy dark palette of mostly black, navy, and gray. To keep boredom at bay, the designer created subtle textural interest, mixing tactile fabrics like leather, knits, shearling, and a nubby alpaca wool. Proportion and layering were also part of the story: Sleeveless hooded coats were worn over sweaters and pin-tucked shirtdresses. Suede vests hinted at Rock's louche seventies. Elsewhere, a Japanese stencil print subtly flashed from a dress worn under a massive toggle-buttoned cardigan. Melbostad's show is often criticized as being repetitive, but in a season with more than 200 collections, it's a relief to see a designer whose message is Baccarat clear."
1912," If Nan Kempner hung out with Bob Dylan in the West Village in the fifties, this is what she would've worn,"" Brian Wolk said backstage at the National Arts Club, Claude Morais standing by as if about to jump in and finish his partner's sentence for him. And, yes, you could absolutely picture Kempner, the late, rail-thin clotheshorse whose style is currently being celebrated at the Costume Institute exhibit, in the duo's second-skin (""molded,"" they called it) stretch-charmeuse top and high-waisted silk-faille trousers. She would've just loved the ruffle flounces that traipsed along the lapel of a wrap jacket and down the neckline of a halter. Ruffian has long bandied about the aspirational term  American couture,? and it's always seemed anachronistic that they should design for women of Kempner's generation and tax bracket. But perhaps their focus is shifting. While it was clear they hadn't exactly raided the bargain bin when it came to fabrics all that polished wool, silk taffeta, and sequins plenty of the pieces would look believable on, say, Olivia Palermo (the freshly anointed social darling who sat in the front row and, based solely on the number of shows she's hit so far this weekend, just might rival Kempner for fashion enthusiasm). In a Ruffian cashmere flannel A-line dress with snaps and exposed zippers, any twenty-first-century Nan would fairly glow."
1913,"This Israeli designer's evolution from simply a special-occasion man to a full-fledged downtown designer continues apace. He has gained enough confidence, for one thing, to dip into accessories for the first time, with the introduction of a roomy patent-leather tote. Azrouël's recently launched menswear line was also making its catwalk debut here so perhaps it's not surprising that there was a masculine/feminine theme running through the show. ""This is a superpersonal collection,"" he said before the show. ""It's based on what I wear and what my girlfriend is going to want to wear."" For women, oversize chunky knits, some with elbow patches, looked like the sort of going-steady sweater worn to a high-school football game, circa 1950. Layering, which played an important role in the Spring collection, returned for fall, and a fine merino turtleneck worn under a pewter chiffon dress was one pairing that worked particularly well. Mixed among the all-American collegiate looks and the studied casualness of the loose, layered jersey pieces (many printed, Margiela-fashion, with words and serial numbers) was a sporty herringbone coat with a huge buttoned collar. That one cool topper plus a few precision A-line dresses in heavy fabrics added the sharp bite that the collection might otherwise have lacked."
1914,"David Neville and Marcus Wainwright have been honing denim for five years now, but they're still relative newcomers to women's ready-to-wear. This time, they cannily mixed equestrian and military references in with their unstudied-cool signature looks. Their reliably sexy stovepipe jeans, for instance, were paired with assured cutaway jackets and double-belted cardigans with elbow patches. Roomier tuxedo pants, with contrasting stripes, were topped by a boyish vest and crisp button-down, or a smart side-closure jacket that fell capelike to the waist. More girly were the trapeze dresses over skinny pants. While hardly new Sienna Miller sported the same in the front row the look was strong: The pants were as thin and easy as leggings, yet scads more chic. The Rag & Bone duo has always had an eye for luxe, but there was a noticeable uptick in their fabrics (especially the tan wool plaid that was cut into a short jacket and a pleated knee-length skirt to open the show). So it was a disappointment to see shoes that were clunky and, in one case, coming apart at the heel. Ultimately, though, they didn't weigh down a confident collection that showed marked strides in cut and fit."
1915,"After a season of dressed-up eighteenth-century dandy formality, Junya Watanabe took it down again for Fall, returning to rework a different classic register biker, instead of Beethoven. (He called it ""Romantic in Black."") Essentially, it was a show of little riffs up and down the scale of fabric and construction/deconstruction, the sort of riffs that have become familiar at the house of Comme des Garçons over the years i.e., stiff leather (real and fake), overdyed viscose, school-uniform knits, polka dots, asymmetry, and the hybridization of garments. It wasn't one of Watanabe's confrontational punk war cries more of a teen-rebel look with a softer side. This is for a girl who will pull on a flower-print dress (albeit one she's boil-washed with several loads of black) with her leather jacket, a shrunken cardigan, and a pair of pointy biker-cum-Western boots. In many dresses, the cardigan was fused in and wrapped at the back, sending the frock's pretty lines of tucks and minute ruffles off-kilter. Overall, there was plenty to appreciate, such as the way Watanabe manipulated those unbending leathers: here, to make a zipper ripple down the front of a jacket to echo a frill-front shirt; there, to pick out a fitted fishtail of Alaïa-like seaming in the back of a waisted coat. Look at this as a collection of young, casual separates, and it doesn't take any leap of imagination to see how these pieces will sell, but then again, this wasn't one of those Watanabe shows that provokes its audience to think any big thoughts."
1916,"Daphne Gutierrez and Nicole Noselli are so low-key and their clothes so unobtrusively, anonymously cool, that you might not have noticed their disappearance from the New York fashion scene in 2004. But seeing their fall show made you realize that you had missed them. Not only for their killer pintucked and pieced black lace bodysuit and micro-pleated purple minidress, but also for their off-kilter furry knits (tanks, blazers, and coats came in what they dubbed ""gorilla wool"" in the program notes). If the show had a bit of an eccentric streak, it was intentional. ""We looked back at all of our collections and saw that we did a lot of valid stuff that we'd like to expand on,"" Noselli said. ""We ended so abruptly. This really is another beginning for us."" The trousers with pleats at the side seams were a weak link, but high-waisted jeans, which they fearlessly paired with matching denim shirts, leave little doubt that they can cut a mean pair of pants. As for frocks, they ranged from a subtle matte-jersey dress with an easy, drawstring waist to a wood-paneling-print smock to a black lace cocktail number with sexy ribbon lacing. When the duo came out for a quick bow, a cheer erupted, along with a happy chorus of ""I'm so glad they're back."""
1917,"It seemed a prescient move to bring back the Biba label two seasons ago. It resurfaced heavy seventies platforms just before anyone had gotten into them, and it proposed balloon-sleeved jersey dresses and silver lamé long-line cardigans before fashion turned in that direction. Trouble is, by now every mass-market retailer is churning out so many 60th-generation Biba ideas that the label's whole reason for being has been undermined. The Fall runway didn't give any evidence that the mother brand had thought of a way to save this situation. The flippy minidresses, ankle-grazing maxi coats, and cropped-flare mod suits looked like the kind of thing that's already overavailable in fast-fashion chains. Besides that, the presentation was amateurish and sloppy, especially in a week in which young independents have upped the ante in terms of polish and discipline. The desultory way the models stopped short before the end of the runway seemed a metaphor for the low energy behind the collection. If the designer, Bella Freud, wants to compete, she'll have to first improve the fabrics, and then slick up the way Biba shows."
1918,"Christophe Decarnin struck this season's come-hither/don't-mess-with-me tone smack on the head. The temptress part of his mixed message came courtesy of the thigh-grazing dresses that have become a house motif since its relaunch a year ago; these are now more fitted through the waist, with the help of eighties-Alaïa cinching girdles. The tough-chic element came via silver armor embroidery at the neckline of a sequined number, metal coils at the shoulder of a short white frock, and a swooping cape of feathers that attached around the neck with a rope of shining crystals. Metal studs on suede platform booties completed the picture. Decarnin has made this collection a strictly after-dark affair, and his work has a decidedly more louche tone than the ultra-elegant one that was Pierre Balmain's signature. But he did chivalrously show some pants alongside all the minidresses and the strapless goddess styles with slits coursing up the thighs. His low-slung bumsters clung to every inch of the models' legs from their backsides on down to the mid-calf, where they flared out in big swooshes of fabric to the soles of their platforms. You couldn't call them practical, but they were certainly bristling with swaggering attitude."
1919,"People who scope out the red carpet with the intensity of a Red Sox fanatic at Fenway Park will recognize Peter Soronen's name. Reese Witherspoon and Sarah Jessica Parker have been ""papped"" in his dresses. An expert corsetiere, Soronen started selling his pieces at Barneys six years ago. ""Peter's work appeals to a very discerning customer, someone who can have anything she wants,"" commented Julie Gilhart, the store's fashion director. Now, for the first time, Soronen has made the jump to the runway and his debut, while hardly flawless, served to give a wider audience a good idea of what this designer's all about. A ribbon-laced corset made of sheets of copper was mainly a showpiece (or a fetishist's special order), but a cream satin flute-back gown with jet embroidery was not unworthy of Audrey Hepburn as Sabrina. An asymmetrical scarlet satin gown had Dita Von Teese's name written all over it; yes, Soronen's aesthetic tends toward the forties. Anomalous, but beautiful, was a chiffon gown printed with forest-floor flora: While corseted, it emphasized flou over form. A bit of Soronen trivia for those obsessive fans out there: He has fashioned Napoleon and harlequin stage costumes for Fischerspooner, the electroclash duo that did his runway music."
1920,"Herzog & de Meuron, the visionary Swiss architects, were on Albert Kriemler's mind this season. The silvery high-tech ""skin"" of the Walker Art Center was interpreted as a georgette-covered metallic shrug, and San Francisco's new de Young could be seen in the sequins scattered over a black slip dress. Some of the more obvious building motifs, like the severe suede wedges and the 3-D cubes superimposed on large-gauge knits, looked clunky rather than light. But the theme was generally a good match for this designer's spare, precise sensibility and his strength as a tailor. Kriemler delivered in the suit department, showing sharp, lean cuts in charcoal gray, sometimes with a minimalist ring of ruffles decorating the hem of a putty vest. Jackets were cinched with a polished stainless-steel belt for a slightly futuristic touch. And the interesting surfaces on the coats turned them into the highlight of the show. Crushed aluminum made a cocoon shape modern, while leather made a cropped anorak deluxe. Parkas were taken apart and rebuilt as evening toppers, a trick clever enough to even impress Jacques and Pierre back in Basel."
1921,"Ivana Omazic found inspiration in Françoise Sagan's 1977 novel The Unmade Bed . ""I like a woman who's feminine, but not a doll. Someone who's seductive and beautiful, but a little wild,"" she said backstage. Sounds like a foreigner's idea of the archetypical Frenchwoman and Omazic, who is Croatian, did focus on the classical elements of Gallic chic. There were narrow belted sheaths, smart wide-legged pants, and statement trenches (one in lipstick-red duchesse satin), all shown with leather newsboy caps with flaps that fastened below the chin in place of the more traditional silk scarf. The collection was an improvement over Spring's, in which the simple was made unnecessarily elaborate. There was an appealing lack of fuss in such Fall offerings as a black cape-back jacket with an A-line skirt, and a cocktail dress of midnight-blue sequins. But a tiger-print ponyskin skirt and a fitted tiger-print silk dress looked rather too much like an outsider's impersonation of the fictive femme fatale. Now that she's proven she can do the basics, Omazic's next challenge will be to move beyond the useful, but predictable, Parisian stereotypes and create an identity that's uniquely Celine."
1922,"With Marisa Berenson sitting front-row in a red, rock-crystal-strewn Andrew Gn linen coat, the designer sent out looks extravagant even by his own lavish standards a Fall collection that's sure to send Berenson and the rest of his loyal ladies rushing to his private atelier. Inspired by the early twentieth-century architect Josef Hoffmann and the interior designer Armand-Albert Rateau, the clothes had a Belle  poque opulence and a twenties shape witness the feather-dusted frayed-organza capelets, the satin tunics and drop-waist numbers with jeweled necklines, and a bubble dress embroidered with fringes of gold chain. The couture details came fast and furious: velvet passementerie on a kimono coat, a Byzantine jewel closure on a cardigan (to match the model's drop earrings), and tiny pheasant-feather collars on tweeds. There were bags, too: minaudières and exotic skins that the designer is launching in collaboration with Judith Leiber. And there were 12-ply funnel-neck cashmere sweaters, anything but understated. It's a matter of course that Gn, a lover of excess, should have a tough time paring down the looks in his show, but for all but his most faithful fans a briefer lineup would make for a bigger impact."
1923,"This was an intentionally conceptual show, but it started simply enough: The first look out was a camel suit with a slightly nipped waist and rounded hips over a pleated knee-length skirt its girth perhaps a little exaggerated worn with knee socks and spectator pumps. From there, however, the molded shapes turned more pronounced, almost old-ladyish, in fact . And then came the provocatively sheer, flesh-tone metallic twinsets and skirts followed by rubbery leather coats in lipstick pinks and reds. Miuccia Prada returned her attention to the natural/synthetic dichotomy that informed her Prada show (and many other designers' this season), with the accent falling heavily this time on the man-made. In reality, those A-line coats were 100 percent real leather, but lined with neoprene to look spongy and fake. What was her point? ""It's a vision of what's happening in the world right now with women,"" she said after the show. ""On videos and TV all of the women look fake. I wanted to show this plasticized vision, but filtered through classic pieces and sticking to tradition."" This translated to jackets and pants cut from a Lurex-shot quilted fabric that looked like nothing so much as your old granny's polyester housecoat (and appeared just as flammable). Cardigans and V-necks were tucked into the top of nude pantyhose, the waistbands of which were exposed above low-slung skirts. Strapless dresses came with deflated, folded-over bra cups, as if to suggest they would only fit correctly if filled with pneumatic silicone breasts. Despite all the (matron-meets-) porn-star allusions, this wasn't a sexy collection. And it won't necessarily be easy to wear, either. But in her characteristically thoughtful style, Prada has given everyone plenty to ponder on their long plane ride home."
1924,"Think of this pretty-pretty collection as an early valentine. Remember Bryan Bradley's luxe Vassar Girl collection a year ago, with its patrician air and pencil skirts? Well, Bradley says,  Now she's gettingmarried."" (Hence the dreamy, sack-backed wedding dress that closed the show.) These are good-looking pieces meant to appeal to the good-looking inhabitants of ZIP codes 10021 and 10012 alike. To win the hearts of the former (a.k.a. Park Avenue girls), there were snug cardigans and an hourglass jacket with fur-muff wrists. The kiss-print dress with a modern leg-of-mutton sleeve and the narrow pants that stretched sexily down over the heel would woo her art-collecting cousin below 23rd Street.As the line was conceived as a continuation of an earlier collection, it didn't stake out much new ground. Not every look was a winner, and we didn't totally lose our heads. But love was definitely in the air."
1925,"Roberto Cavalli's glamazons all but disappeared from his signature collection last season in favor of a softer kind of beauty. But they were out in full force at his Just Cavalli show today, alongside ski bunnies, biker chicks, and what one editor called toy poodles a reference to the no doubt unwitting effect produced by one too many pairs of fur-trimmed ankle booties and miles of bare leg. From the barely decent bubble minis in candy brights to superskinny pants laced up the calves or cinched with bondage straps, there was nothing tame about this show. Even cable-knit sweaters fell suggestively from bare shoulders. Oversize knits like shrugs and cardigans often layered over denim or metallic leather jackets played a starring role, as did fur hoods, capes, and boleros. Particularly racy was a snug black bomber lined in white shearling with a matching short skirt. Yes, Cavalli was up to his old tricks, and the 24-hour partywear inevitably came off as much too much for the pared-down crowd. The designer's riposte might be that it's working at retail: A Just Cavalli flagship is set to open on Fifth Avenue in New York this summer, and 15 additional U.S. stores are planned for the next 18 months."
1926,"The pleasures of a Martin Grant show are found in the smallest of details: the sculptural fan-pleated bodice of a strapless dress, the perfectly spherical clear buttons descending the front of a collarless, bubble-hem coat, the way one strap of a cocktail number is designed to slip provocatively off the shoulder, while the other remains demurely in place. These touches and more were on display on Grant's runway today evidence that, after a brief, ill-advised dip into the sportif side of fashion, the designer has returned to his dressmaking roots and the exacting tailoring for which he's known. Working in a palette of black, white, gray, and purple, Grant captured the season's voluminous but structured silhouette, without seeming trendy. The show started off with an A-line, hooded bouclé coat, and there were sway-back jackets, egg-shaped coats, and wide-leg pants for day. For evening, he focused on tulip and bubble dresses that often came with a second cutaway cocooning skirt. The highlights included a pair of satiny coat-dresses, one with a pouf at the upper back, the other flaring out from the shoulders like a cape. Best of all, though, was the finale a silver lamé siren gown that, in contrast to the other rounded shapes, skimmed the body like a breeze. Just one quibble: The pacing of the show was far too stately for the seen-it-all, end-of-fashion-week crowd."
1927,"A giant, globe-traveling retrospective of Giorgio Armani's three-decade-long career finally touches down in Milan this week. And the jackets on his runway today were not unworthy heirs to the many timeless variations in that exhibition. Some curved around the torso in natty tweed, others came with pert peplums. One, cut in gray leather embossed to look like crocodile, blousoned at the waist. These he showed not with his signature pants, but with multiple versions of a slim skirt with a soft drape a few inches above the knee a look he finished with flats for a youthful, modern feel. Formal eveningwear, which is so well represented at the La Triennale show, was likewise notably absent here. Armani showed just one gown, embroidered with new Swarovski crystals cut to his specifications an effect that was glittering if a bit stiff. Cocktail dresses with intricately beaded bodices and softly ballooning skirts in the palest of pastels were effervescent by comparison. They worked well when their harnesslike straps were made from delicate jet crystal. As for red-carpet showstoppers, it seems the designer is saving those for the Oscars this Sunday, not to mention the just announced Armani Priv? presentation in Los Angeles at the weekend."
1928,"Of the three labels Karl Lagerfeld heads up, the one that bears his own name is, if not necessarily the closest to his heart, then the closest to his own closet. There was something vaguely military and distinctly mannish about the black and blue and army-drab tailored pieces and the flat new-wave boots with which they were worn. Compared with the funnel-neck coats and the boxy jackets, with their strong rounded shoulders, an abbreviated shirtdress that flared over short shorts and a jumper with a tucked bubble hem looked refreshingly female. What kept the collection from going over to the dark side were the kittenish accessories: fishnet underpinnings, lace stockings, and neon driving gloves (fingerless, natch) with talonlike press-on nails. And while it was executed with martial austerity, Lagerfeld didn't completely resist the temptation to embellish. A pair of sexy sheaths were a graphic mix of matte and shine. And tulle dresses (ranging from a blouson to a long halter to a sleeveless shift worn over skinny pants) were embroidered with sequins in patches. Nothing masculine about that."
1929,"It's a given that no matter which way the trend winds blow, DKNY will offer up a paean to the city that is such an innate part of its DNA. This season, Donna Karan set the stage with shifting projections of New York's twinkling skyline and a two-story neon sign that transported a bit of Times Square down to Greenwich Street. The standing-room-only setup, with the runway striped down the center like a street, had editors jockeying for prime viewing spots like a crowd gathered to watch the Macy's Thanksgiving Day Parade. Appearances were deceiving, though, because when the first look appeared a salt-and-pepper tweed jacket over a printed-chiffon bow blouse topped with a beret it was another fashion capital that popped into mind: the City of Light. The whole show had a Gallic inflection, with, for example, a wide-legged suit and heart-print blouse that tipped its hat to Yves Saint Laurent; or the charming, flippy little skirts with matching jackets in tweeds and jacquards (a wonderfully fresh way for a twentysomething to sport a suit). Though there was a hint of mean streets in a black shearling jacket and cargo pants, this was mostly a sweet affair. There were a few low points like the baffling overly bright satin-and-jersey ""scuba"" dresses that closed the show but overall, it was highly successful. As for the Paris-on-the-Hudson mood of  Le DKNY,? it was yet another affirmation that New York style is indeed international."
1930,"Now in its fourth season in New York, Yohji Yamamoto and Adidas' love child, Y-3, has become a fully entrenched part of fashion week. For Fall, the gymnasium at Hunter College was transformed over three days into an orange Y-3-logoed basketball court flanked by glossy black runways linked by a moving walkway. Digital clocks on either end counted down to showtime. (Shouldn't every designer have one of these ) Popcorn and orange vodka drinks were passed around. (Shouldn't every designer serve some of these ) The show, however, didn't inspire the breathless raves that followed the fresh and energetic Spring effort. From the first look, a dark nubby cape knotted over an even darker sweater dress, it was clear that this was Yamamoto in moody mode (even with those orange leg warmers). Everything was layered to the hilt, with roomy knit dresses, mohair skirts, long zip cardigans, caps, leggings, and leg warmers over aqua socklike sneakers and boots. Colors were on the dark side, too, with pops of orange, red, and royal blue. Basically, it was an approximation of the consciously haphazard way teenagers dress themselves. But if that didn't make for one of Yamamoto's more fully realized presentations, it should yield plenty of salable items in the stores."
1931,"Legion are the women who want to be in the Marni-girl gang these days. On the runway, designer Consuelo Castiglioni's knack for layering up sporty-techno bits and pieces with shiny black PVC and odd shots of bright color and print is pushing this label out in front as one of the most refreshing forces in fashion. Last summer, she simply put sport-leggings under her favorite tunics, and the world ran after her. Now that she's sneaking elements of technical outdoorsy clothing into her wardrobe, the same thing will happen again. One glance at Marni's genius nylon platform-soled ski boots will set off a fan avalanche, guaranteed. It's partly the designer's talent for striding ahead without breaking continuity that does it. Her Marni girl has often been typecast as an eclectic, original spirit, but Castiglioni's no woolly thinker: She follows her ideas through from one season to the next, and people love her for it. Thus, she's playing with the same sort of shapes, like plain loose tunics and gray parallel pants, but is now mixing them up with nylon T-shirts, neoprene vests, PVC skirts, and down linings, then cinching it all in with a hefty webbing belt. If this sounds a bit of a mess, it's not the really clever part is that the cheerfully arty charm of Marni carries it all along. This season it's there in the bright, multicolored marbled prints; the color blocking of magenta, royal blue, and green; the shaggy beaver and goat-hair coats. In the end, Marni achieves a unique, offbeat glamour along with a life-enhancing playfulness that is irresistible."
1932,"Doo-Ri Chung had a very good year. She nabbed the Swarovski Perry Ellis Award for Emerging Talent in June and then in November took home the CFDA/ Vogue Fashion Fund's big prize. What Chung has going for her is a distinct personal vision, and for Fall she continued to sharpen her focus. That isn't to say the collection was free from slip-ups. The crystal cages and harnesses worn over her signature jersey dresses got a little complicated, and it would've been nice to see her work in colors other than bordeaux, emerald, and navy. But if today's show wasn't on a level with her accomplished Spring outing, there was still a lot to like. The silhouette was short and fresh, and her draping was at its most imaginative in a number of swingy cocktail numbers, the hems of which looped over to swag decoratively from the side seams or the bust. Ironically for a designer known for her dresses, it was the tight, rib-clinching pants and cropped three-quarter-sleeve jackets shown with elbow gloves that were the strongest looks. Chung should consider adding more sexy tailoring to her dress parade the next time around."
1933," I wanted to mix two different worlds, uniforms and dresses,? said Ennio Capasa backstage before his show. As a point of departure, this concept sticks pretty close to Costume National's successful formula: strong tailoring that doesn't ignore sex appeal. The opening coat, a side-closure number with an asymmetrical lapel and utilitarian-looking belt slung low across the hips, established a military theme that was echoed by camo-green pieces in fine wool and alpaca, along with fur Cossack hats and mufflers. The suits were an exercise in sharp simplicity. One in banker gray and another in black satin were cut broad and boxy through the jacket but pencil-thin through the pants. Many of the evening looks, on the other hand, were overdone. The colorful duchesse satins on the narrow, knee-length dresses might have been pinched from Prada in this, Capasa wasn't alone and their strappy necklines were fussy. Capasa is capable of doing both structure and sensuality (witness the navy cape dress, complexly draped yet effortless), but this season only the tailored side of the equation added up."
1934,"Marc Jacobs commandeered Claridge's, flew in a planeload of pretty friends, and changed the air in London the minute his gang started tripping into the Marc by Marc Jacobs show. Was it a glorious social spectacle? Of course. For London to get a look at Sofia Coppola, Zoe Cassavetes, Selma Blair, Rufus Wainwright, Lisa Marie, and Lucie de la Falaise in the flesh was a rare treat indeed. This sort of thing does not happen in the raw basements of London fashion week. But was it a life-changing show? Of course not. ""Oh, I always think it's silly to talk about themes and inspirations,"" said Jacobs with engaging frankness. ""The collection's just always about this youthful, angelic, idyllic army. It's comprised of a lot of things big plaids, layered woolliness, gangly stockings but really, it's all about how people will break it down and wear it in their own way."" In other words, it was supercute and stuffed with lovely accessories from the tip of a furry bonnet to the toe of the stack-heeled ""skating boots."" Skating was (loosely) the theme that ran through the cozy pileup of blanket-check coats, flimsy dresses pulled over stripy sweaters, knitted salopettes, and wide gray tweed pants. For something so layered, though, it never seemed heavy, perhaps because of the short proportions and the minute, swingy pleated skirts that flipped under Empire coats. As only in a Marc by Marc Jacobs show, all this managed to look both girlishly spontaneous and thought-out down to the last little detail the details being thick gray rib tights; scarves with deep pockets in each end; platform hiking boots; a great selection of berets, beanies, pom-pom fur riding hats; and a covetable squished, peaked trapper's hat. And why was all this getting shown in London? As a one-off in celebration of the Marc Jacobs store that opened this week on Mount Street in the heart of Mayfair. It finished off London fashion week with a bang and a bash. At the after-party at the Connaught, weary showgoers gratefully got to eat, drink, and be merry for the first time in days."
1935,"What do you get when you mix Rembrandt, Le Corbusier, and the Mexican film star María Félix? The new Fall collection by Giambattista Valli. From the painter (and perhaps from classic YSL, too) came the black suits longer through the jacket, fuller through the leg, and more office-ready than anything the designer has shown before. The bold shots of yellow and red, geometric prints, and the new stiffer architecture found in Valli's favorite trapeze and bell shapes were derived from the great architect. And from La Do a, as she was called, he took the flourishes. Valli's first love is a party dress. So Swarovski crystals studded the funnel necks of short frocks. Black-tipped white feathers were stitched together to create a showstopping weightless cape. And last season's masses of soft floral rosettes have become ribbon-candy ruffles on one shift dress, they were horizontally arrayed to decorate the neckline; on another, they zipped up and down from neck to knee-length hem. From his new jewelry line, Valli showed large heart-shaped pendants emblazoned with skulls. All of this gave Jessica Biel and the Euro socialite cohort in the front row plenty to ooh and aah over. What jazzes up the fashion types on the opposite side of the runway aside from the obvious luxe of the fabrics and the fine construction is how the cut-away-from-the-body silhouette seems both right for the season and completely of a piece with the exciting body of sophisticated work Valli is continuing to build."
1936,"After last season, explained Alber Elbaz, ""we sat in the studio and asked ourselves, 'Where do you go after futurism ' And someone said to me, 'You want to go home.' So then I went back and started looking at Jeanne Lanvin's sketches again."" What Elbaz came across was a sheaf of illustrations of Lanvin's wide-shouldered thirties gowns and that was enough to set him off on a path of intense cutting research, which led to one of the strongest advances in modern dressing to come out of the Paris shows. ""It's all in the sleeve,"" he said. Technical construction details sound dull on paper, and too often designerly innovation ends up beyond the realm of the sanely wearable. But in pushing his broad-shouldered look, Elbaz applied both scissors and his sensitivity to most women's morbid fears about its last go-round, viz., the Sue Ellen eighties. His solution is an aerated shoulder volume without pads, something akin to a leg-of-mutton, but actually without historical precedent. It came on washed duchesse-satin shifts, belted jackets, techno-nylon coats, and a delicious ivory charmeuse blouse. That striking silhouette formed the core of the collection, but Elbaz didn't leave it there. His other contribution to the growing desire for concise but luxurious design (we have to think of something to call it other than minimalism) was in dresses that were sexily wrapped from single lengths of fabric. Often deceptively sober in front, they draped through the hip and got caught up in back with an asymmetric frill running the length of the spine, or turned to show a little upthrust scroll of peplum in the small of the back. As for the out-and-out-luxe side of Lanvin, which so many women adore, Elbaz had that well covered. Some of his rigorous sleeveless dresses had the darts and seams picked out in jewels, and then there were the furs, ingeniously calculated to deconstruct into separate vests, scarves, and techno-look undercoats. This is smart thinking from so many angles that its true ingenuity can only be appreciated in front of a mirror in a changing room. And that, really, is how Alber Elbaz likes to speak to women rather than from the lofty vantage point of the runway."
1937,"Somber will never be this designer's style or that of her Park Avenue clients. And yet, there was almost a brooding or even mysterious quality to Herrera's Fall collection. Side-by-side with chic little skirtsuits and covetable furs (among them a must-have three-quarter-sleeve tunic), she showed a cropped jacket in broadtail with a sly, standup collar, a muskrat trench with felted-wool trim and belt, and long, languorous skirts with graceful trains. With dark menswear plaids and jacquards juxtaposed against the artistic detailing that has lately become a Herrera signature, the effect was altogether different from her confectionary-sweet spring outing. The designer upped the luxury ante for evening. There was a couturelike finish to the gathered tulle that overlaid a painted georgette column; a dress appliqu'd all over with squares of graduated taffeta was an impressive technical feat. Such extraordinary attention to detail sometimes got the better of Herrera, though. Embroidered broadtail, micropleats (at a shirt collar and running down the front of a skirt), and crystal-studded tights could quickly become too much of a good thing. But there were moments of lovely simplicity, too. Take, for instance, a black maxi coat worn with an organza blouse and wide-leg pants. Amid all that visual stimuli, it almost got lost, but solo it's a guaranteed hit."
1938,"Autumn is the time to turn up the heat, and Jos? Enrique O a Selfa didn't disappoint on that score. Gone were the A-line shifts, lush floral prints, and mod silvers of spring, and in their place were tough-chic black motorcycle leathers, fur coats, and chubbies, and a turquoise suede skirtsuit as supple as it was bright. All that fit in with the vampy, slightly eighties vibe of the season, as did a black dress with gold sequin embroidery, the Lurex touches on a long tank and a crisscross bodice dress, and the matching heavy-metal eye makeup. So what exactly is the identity of this historic Spanish leather-goods brand? Beyond the exotic-skin bags buffed to a high shine, it's hard to tell. Should LVMH ever want it to rival the French luxury houses in its stable or simply make it a competitor in the U.S., which was not well represented at the show O a Selfa will have to learn to take a lead on trends rather than simply follow them."
1939,"If London fashion week is a nursery of new talent, then Fashion East is the city's neonatal unit a nice, warm (and free) place in which to prepare newborns to go it alone on the official runways. Louise Goldin, Danielle Scutt, and Henry Holland are currently sharing the incubator, and the reason visitors come to inspect them is that some of their predecessors, including Gareth Pugh, Marios Schwab, and Roksanda Ilincic, are now taking their first steps in their own right. Henry Holland is the splashiest and newest of the three, and as a former writer at the teen magazine Bliss  more of a rhymer, punner, and nu-rave limericksmith than a designer, per se. His naughtily worded T-shirts (""UHU GARETH PUGH,"" ""CAUSE ME PAIN HEDI SLIMANE,"" and other excruciating double entendres invoking the names of international and local frock makers) come from the Northern English tradition of George Formby via eighties Katharine Hamnett and the in-jokes of today's East End clubs. Given the chance to show on Fashion East's runway, Holland ran off some more neon-bright filth about models (""WHAM BAM THANK YOU STAM"" being the most repeatable), and then took a bow in a T-shirt that read ""ONE TRICK PONY."" Which shows he knows himself, but it also begs the question as to what happens when the joke's over. That'll be in five minutes, so if he wants to pop up next season, it'll have to be with a new device and maybe with a friendly designer to help out with the shapes. Danielle Scutt, the second designer in the lineup, hit a wobbly patch after the strong minicollection of power-dressing she sent out last season. This time, her inspirations were Joan Collins and pedigree dog shows, but even though she'd spent months researching and designing prints derived from dog hair, and cutting ironically boxy suits in bubble-gum pink and red, the results lacked the impact of her first show. It was Louise Goldin, a knit designer, who came out top of class. Her black-and-gray harlequin intarsias, some of which came with big head wraps, read in a way like an approachable version of Gareth Pugh's freak-show antics. That earned her kudos among the young editors present, no mean feat considering it's been a couple of generations since a sweater designer has been considered capable of cool. Of the three, Goldin's the one who seems ready to toddle out on her own."
1940,"I never had so much fun doing a collection! said this Brazilian designer fervently. The reason? Love. ""To have your muse by your side is the best thing,"" he gushed backstage before his show. The object of his enthusiasm is his newish girlfriend, Alex Kramer, a pretty blonde social who has taken on a serious advisory role. The most notable change in the Miele mien is that this time, glitzy embellishment was kept to a minimum. The genesis of the Fall collection was a tale of three cities: New York (the base for his business), São Paulo (his hometown), and Paris (where Miele is planning to open a boutique). The designer had been struck by the way Kramer dressed differently as they bounced between the three capitals. Hence, the City of Light was referenced in printed dresses that recalled classic Emanuel Ungaro. Belted jackets in perforated suede and leather were quintessential New York sportswear. And there was a brief nod to the Brazilian metropolis in a few animal-print evening dresses. But this was far from a perfect collection. It fell occasionally into the mousetrap of cheesiness see the hot-pink bomber and black silk skirt. And a number of pieces, in particular the pants, were overly fussy. Still, it was good to see a designer who has been criticized for being flashy and a bit overwrought rein himself in."
1941,"Donatella Versace was the first person to find a good name for the elusive chemical-bright turquoise that has shot through the best collections of Milan: She called it litmus-paper blue. Her use of it was spot-on, as was a startling red and a single bolt of sulfuric green, as well as chic contrasts of black, camel, and white. Is this the most important news to come out of Versace? Maybe: Bold color innovation combined with a pared-down, superprecise shape can make a collection jump this season. It cross-references with both Prada and Jil Sander. Perhaps this is becoming the twenty-first century's first run at making minimalism exciting and who would have guessed that Gianni Versace's little sister would be involved in that? But she is. Donatella Versace has stripped off the gold Medusa heads, canned the scarf prints, and set about cutting a strong, feminine silhouette. ""It's about a bell shape. Controlled volume. Black and white and color to put the life in,"" she said. The ""bell"" is actually a kind of molded hourglass, emphasizing the waist and hips, but constructed in a demi-couture manner that neatly avoids constricting vulgarity. Versace used it in techno-fabric dresses, jackets, and tailored coats, and in one amazing dyed red fox that had been shaved into that shape in the midsection. Not that Donatella has fully restrained herself from channeling the more-is-more essence of Versace. You still see it at full vent in her varnished gunmetal crocodile coat with short flared mink sleeves, the hilariously excessive white powder-puff fur-and-patent bag, and, of course, the chain mail and draped, slit evening gowns. Still, the picture of what Donatella has to say is becoming clearer by the season. It's a cleaned-up image of a strong, expensive woman completely in charge of herself, and though there is eye-poppingly luxurious technique involved, the most striking development is just how wearable most of the clothes are beginning to look."
1942,"I'm German. I like things to be on time, rasped Kai Kühne, trying to explain that he was as frustrated as everyone else by the late, late start (an hour and twenty minutes, to be precise) of today's show. It wasn't just the lapse in Prussian punctuality that made it clear Kühne is experiencing some growing pains. He is by his own admission still recovering from his difficult divorce from As Four, now rechristened Threeasfour, three seasons ago. And, as of this week, he also finds himself in the vulnerable circumstance of being between publicists. Kühne described his collection, at times emotionally, as a coming to terms with that past and with growing up. True to his word, it did come across as his most mature to date. He lightened up his ornate ""German origami"" technique and produced chic Breakfast at Tiffany's dresses and an elegant shantung evening coat. Furs, in collaboration with Saga, boosted the luxury level. Of course, this being the occasionally outrageous Kai, it wasn't all serious. A sculpted cable-knit jumpsuit and a coat crafted entirely from striped Hudson Bay blankets provided a dollop of wit. And as an apt exclamation mark for a designer who says he aspires to show at the Haute Couture in Paris one day, he closed today's slightly fraught proceedings with a bride in an ivory cotton-and-silk column striped with marabou."
1943,"Rock chic is what Daryl Kerrigan does so well, and this time she did it with an eye to the seventies. ""I began with Jane Fonda in Klute , for a leaner silhouette,"" she said, referencing Bree Daniels, circa 1971, perhaps the most famous call girl in all moviedom. Two fantastic, long and lean and shiny trenches opened the show. ""We call it liquid leather, but it's actually a high-tech Japanese fabric,"" the designer explained. ""Anyway, it's the ultimate mac."" Colder days will warrant the navy wool version that followed. And from there, Kerrigan moved on to tunics and dresses with dolman sleeves, swingy coats, slouchy blouson jackets and tops, and cozy belted cardigans. Nearly everything was paired with leggings, which came in satin, molten lamé, or, best of all, stretch leather. The closing series of washed-wool plaid pieces added a rustic touch to this otherwise slick urban collection. Yes, it's a formula, but when it works this well, why change?"
1944," Beauty in exile,? said Alice Temperley before her show.  It's all about the Russian emigration to Paris after the Revolution.? Following a plain-Jane Spring showing, the invocation of Diaghilev and the Ballets Russes for Fall must have been sweet music to the ears of her steadfast fans. They're an international clique of girls who plunk down the plastic for her boho, ultrafeminine fare even in seasons when minimalism otherwise rules, and they'll likely love the crafty passementerie on the new blouses and dresses. Shaking off her reputation for being solely a frock star, Temperley ventured further into more structured pieces: lean Victorian jackets, wide trousers, and tulip skirts. Tailoring isn't exactly her bag, but the jackets especially a pintucked Le Smoking were very worthy of attention. The ornate Byzantine headpieces were not: Such a costumey touch felt out of place in a line that is much more about wearability than grand gesture."
1945,"This was a quiet collection, but a rather lovely one. Giving away the fact that she hails from the sunnier shores of L.A ., Stephanie Schur incorporated some unusually light elements for Fall: breezy silk-twill dresses, chiffon tops, and gauzy head wraps that clearly weren't designed to weather the winter winds of New York. Actually, Schur had East Asia in mind: Japanese art, to be exact. For us Northeasterners, thankfully, these delicate bits were deftly mixed with heavier pieces. Exhibit A: a dress that had a rose skirt floating beneath a fitted black-wool bodice. A pink silk top simple save for the enormous crystals cascading from the shoulders was tucked into a voluminous black skirt with that subtle sheen we've seen all over this week. Fuchsia and black moir's as well as clean, Japanese prints, added texture to a sweetly winning collection."
1946,"Watching a Valentino show, it's hard not to be overcome by a wistful attack of the ""if onlys."" If only we women really were that precious and adored. If only we had leisure to get together the Veronica Lake hairdo and the immaculate makeup. If only there were still gentlemen to put us on that pedestal? Of course, its a wildly difficult stretch to imagine such a thing today, but in a season when so many designers are referencing forties movie-star glamour, Valentino Garavani is one old-school master fully qualified to take us there if only for a few fabulous flashbacks. Once past the daywear where he worked on puffing up the shoulders of shifts with fur sleeves, and glamorizing tunics over pants the gorgeousness flickered intermittently into focus. But you had to keep your eye on the ball or at least, the right ball gown: Valentino is one of the few designers still operating who persist in showing 70 outfits on a runway a distinct challenge to a modern audience with an attention span permanently set to ""tell it to me quick."" Still, the lettuce-green satin dress, delicately ruched in the front with a sparkle on the shoulder, the cream column with a draped knot in the bodice, a hyacinth off-the-shoulder gown, and, of course, the showstoppers in Valentino's signature red made it well worth the wait."
1947,"After taking several seasons off the runways to raise a baby, this Australian designer set out to prove that she's capable of more than the beaded, lacy confections that've made her a red carpet favorite. You'll see a lot more daywear,? she said backstage.  And a new edginess, too.? It turns out that Collette Dinnigan is no slouch in the tailoring department. She showed this season's high-waisted, deep-cuffed trousers with a Peter Pan-collared chiffon shirt and a leather cummerbund. Other pants came hip-slung and tapered, with a slight crop. She also keyed into the trend toward special sleeves: batwings on jackets and teardrops on a brocade coat. The trouble is, there weren't enough of these strong, sharp pieces in a mix that came off feeling a bit light on the day when Paris? big kids came out to play. The few cocktail dresses that she did show a trapeze in a bejeweled floral lamé or an hourglass in gold lace were unfortunately almost obscured by large knit scarves twisting elaborately around the models? necks. These details might be timely, but they were superfluous, and her stylist should've been able to resist them. Dinnigan didn't invent the concept of lingerie dressing, but she certainly put her stamp on it and popularized it in Hollywood. In a season of slipdresses, it would've been nice to see her play more to her strength."
1948,"In a season of absolutely massive sweaters, Sonia Rykiel proved that she can still knit and purl with the best of them. Her cardigan coats weren't made with the biggest needles of the season as of now, that distinction belongs to Giles Deacon but they were draped, tucked, and puckered more playfully than all the rest. In fact, the flowering necklines, ruffling lapels, and boxy pleats at the hips will make them challenging for all but the most willowy of sweater girls, so the designer applied similar motifs to candy-colored dresses in tulle and silk charmeuse.  It wasn't all soft and sweet, though. Rykiel also had the season's sexy peaked-shoulder jacket and pencil skirt. And she injected a touch of the garçon , with high-waisted wide-leg suspender pants worn over sheer gauzy tanks. Then, for the finale, she sent out every one of her girls in Mongolian lamb coats, colored hot shades of neon with contrasting holographic belts. These, of course, are one of the season's big trends, but they're also a Rykiel signature, and they made for an upbeat ending to a feel-good show."
1949,"This industry veteran has, over the last few seasons, embarked on a fashion expedition of sorts through a world of ancient civilizations. After last spring's Mayan exploration, Miller ventured south to Peru for fall. But while she did accessorize with the traditional flat-brimmed hats Peruvians are mad for hats the folky theme was balanced by a refined sense of modernity and city chic.  Plenty of the patterns and prints she's come to be so closely associated with appeared, but the most interesting pieces were as plain as could be. Bubble-sleeved pea coat; slim, boyish trousers; and pinafore dresses worn over banker-striped shirts made a strong counterpoint to the graphic jacquards and blanket prints. Swarmed by well-wishers backstage (including Ann Dexter-Jones, Sarah Wynter, and Cyndi Lauper), Miller joked about the fact that her label recently celebrated its quarter-century mark. ""It's my birthday, not my anniversary!"" she kidded the crowd. That's a long time for a label to hold strong, but by all accounts, Miller is as involved as ever in the day-to-day running of the business, and forging solidly ahead."
1950,"Some might complain that Ann Demeulemeester never changes, but her most ardent fans arty types who could clock the Kara Walker reference on one of her graphic prints at 20 paces would argue right back that the naysayers are simply not paying close enough attention. There was a billowy new volume to the hems of jackets and shirts layered over reliably cool trousers, some of them tucked into knee-high boots. Call it a bubble, and a major development for the dark queen of slouch. And those were sequins covering a pair of her signature vests. The collection had even lighter moments, too, like an ivory duster and a white tail coat with contrasting trim, and the models' matching powdered 'dos. But no, Demeulemeester hasn't abandoned black. She used it as a layering device (ribbed knits worn under waistcoats and below floaty tops of tulle) and as an accent (see the oversize lamb mufflers). She knows her way around a shaggy fur, which makes Fall her moment. Of the scores seen on the runways these last few weeks, her vest, longer in front than back, stands out. Why? Years of practice."
1951,"Matthew Williamson is a dyed-in-the-wool fashion nomad, plucking inspiration from all around the globe to weave into his colorful wares. This season, he claimed to have found his spark on his first visit to Tokyo a whirlwind 48-hour press trip he took for his bosses at Emilio Pucci. After last spring's much-criticized Day-Glo Ibizan romp, Williamson was aiming for polish and refinement, but his habitual layering of color, texture, and statement-making silhouettes didn't leave much room for either goal. There were metallic brocades, icy jacquards, and heavy, jewel-toned satins, all crusted with chunks of crystal. A vintage streak showed up in the form of patchworked furs, a purple Mondrian-print coat, and palazzo pants topped with patterned Lurex turtlenecks. The collection may have been intended to capture the frenetic energy of a teeming neon metropolis where fashion statements are a national pastime, but on the runway the effect was overwhelming. Amid the visual overload, though, were looks of the sort that Williamson does best, like a slim printed gown in a swirling print on Coco Rocha or a Deco beaded tunic. It might be here that the designer can find what he's been looking for."
1952,"Perhaps with a little joke at his own expense, Nathan Jenden named his collection  Gatecrasher? an apt title for a New Yorker who's just shown up at the young-designer party in London. Or perhaps it was less a quip than a description. His girls, wearing puffy taffeta gowns and strapless cocktail dresses, arrived on the scene throwing attitude in teased-up quiffs, metal-grill veils, and brothel creepers.  I'm English,? said the British-born expat designer.  London is less sleek. It has a harder edge than New York.? In his day job, Jenden is Diane von Furstenburg's chief aide-de-camp, and generously, she flew in to support her protégé s first London show. In a sign of independence, there wasn't a wrap dress in sight, but the fabrics, like  metallic silk linen,?  optic moir ,? and  brushed-silk jacquard,? had an unmistakable New York polish about them. Styling apart, the substance was in Jenden's puffy-shouldered dresses, a little matte black frock sliced across the shoulders and fitted saucily around the backside, and a suit in sparkly black tweed. In the end, then, this didn't read like a renegade outburst, but as a young designer's bid to get a viewing of his collection on a less crowded platform. Which is quite ironic, when you think about it."
1953,"Grown-up elegance is the Giorgio Armani signature but he took his Emporio Armani collection in a decidedly more youthful direction. What with all the baby blues and Bazooka pinks and minidresses parading two and three at a time down the runway, it felt almost like prom night. The comparatively young models, sporting trompe l'oeil stockings that looked like knee socks, contributed to the overall effect. Working in black, white, and gray mixed with pastels and an airy silhouette strikingly similar to that of his main line, down to the pointy flats Armani opened with a bubble skirt and jacket, a checkerboard fur shrug tossed over one shoulder. After that, he worked his way through a teenage army of tiny frocks: abbreviated A-lines, innocent baby dolls, and swingy trapezes accented with bows or crystals, some as bright as hard candy. Here, as in his signature line, he kept pants to the sidelines: The few pairs he did show were cropped and worn with abbreviated jackets left unbuttoned to expose the somewhat ill-advised bra tops, one sour note amid the show's nonstop sugar high."
1954,"The extent to which upscale American and British retailers are betting on 6267 as the great hope for Italian fashion's future could be gauged by the impressive lineup in the front row. ""We're here because they're the only young ones coming up, and people are talking about what they're doing at Malo,"" said one buyer. No one had exactly laid out the welcome mat for the audience, though. It was after 8:30 by the time everyone battled through two major door crushes, and polite expressions were wearing off. To be fair to Tommaso Aquilano and Roberto Rimondi, the clothes on the runway weren't as shambolically amateurish as the hospitality arrangements. The collection was strong on coats, starting with an enveloping gray cashmere edge-to-edge wrap, and a camel man-tailored coat, seamed at the torso. The designers also came up with good showpieces at the end, like extra-chunky cable knits and a shaggy goat-hair chubby. But the middle of the show was too wobbly it was derivative of Azzedine Alaïa in the sculpted, big-shouldered, tiny-waisted gray jackets, while the overcomplicated dresses read as a clumsy homage to everything Alber Elbaz had covered far more prettily last season. Edited by world-class buyers, what 6267 has to offer might still respectably fill a niche. But to up their game, this pair needs to hire advice on presentation and making sure their identity comes through more strongly."
1955,"Taking a cue, perhaps, from fellow Milanese designer Miuccia Prada, Alberta Ferretti has taken her second collection on the road. Where Prada chose Paris for Miu Miu, Ferretti settled on New York. Her reasoning? A growing celebrity following, increasing stateside sales, and, not least, because ""it's an exciting city for fashion."" Indeed, her Philosophy debut could have been lost among the week's 220 other shows, but thanks to a convenient location just a few windy blocks from the Narciso Rodriguez show, editors and buyers breezed in and out of her hassle-free installation all night. What they saw was signature Ferretti: pretty, retro frocks, this season with a glam fifties vibe. Think tweedy skirtsuits and strapless, nipped-waist dresses in jewel-tone satins or brocades, with a smattering of schoolgirl pinafores and trapeze coats thrown in. By design, there was nothing new here, but Ferretti did play to what she called New York's modernity, with techno touches like floral and transparent laminates, the latter of which gave a boxy plaid jacket and A-line skirt a glossy sheen. Will Ferretti be back for more next season? Unlike some other newcomers, she has the money and the infrastructure behind her, so if she wants to compete for New York's attention, she can."
1956,"In case you hadn't noticed, there's been an Australian fashion invasion lately. And though you wouldn't expect that the Seoul-based husband-and-wife team Hanii Yoon and Gene Kang would be part of it, their new collection was in fact inspired by a trip Down Under. Specifically, they took as their central concept an intricate patchwork modeled after Lab architecture's glass-and-metal mosaic of buildings in Federation Square, Melbourne. Though beautifully made, these patchworks circling the yoke of a chemise or banding the bust of a silver jumper dress didn't have much resonance. But that isn't to say the collection didn't have appeal. Especially interesting were the tight pants with buttons at the back of the heel, and a black silk-taffeta moir? tuxedo with four large bone buttons that would even turn Beau Brummell's head. The slinky, silky champagne-and-caviar dresses were pretty, too. But the best looks were the more substantial, tailored ones: coat-dresses (a red moir? and a black double-breasted one) and a jacquard trapeze jacket with a drawstring closure. The pièce de résistance was a short, black sheared-mink coat with puffed sleeves. It fairly bloomed with fur roses."
1957,"In a season when the forties and the seventies are a rising influence, Missoni incorporated them both. It's hardly a novelty to tie the decades together, though, because ""the forties"" were the rediscovery of the early seventies which just so happens to be the time when the Missonis were first knitting together their family business. The trouble is, so many are stomping their platforms on this well-trodden era this season that it's shown there's a fine line no, a chasm between doing it badly and making it seem like not such a lame idea after all. Angela Missoni came out on the right side of the line, even if she did use the familiar devices of Rita Hayworth's hair, Marlene Dietrich's tip-tilted hat, and the inevitable Bowie sound track. But what's the distinction between Missoni's cape-sleeved printed dresses, big-shouldered furs, balloon sleeves, tailored flares, Deco jerseys and everyone else's? It's largely a deft wielding of the hard-to-handle dusty seventies palette. Exact choices of maroon, brown, beige, mustard, dusty pink, and petrol blue marked Missoni best-in-class in Milan. Even irregularly pieced triangular Deco patchworks (fully murdered in several collections elsewhere) turned into a double-knit patchwork dress and a shorter shell version that actually looked likable both were helped immeasurably by sexy gathers shaping the bustline. When Missoni keeps the confidence of her feminine instincts like that, things go well. What she might learn is not to be panicked by conflicting trend news. The demerit in this show was the unstoppable short circle skirt that kept popping up, which seemed not just out of character with the collection, but like a panic reaction to the Azzedine Alaïa trend that's currently doing the rounds."
1958,"After three seasons showing in London, the meaning behind Peter Ingwersen's  Noir? has finally become clear. The name has nothing to do with the color black, necessarily, but there's always something perverse running through this show, and unfortunately, it's beginning to hold it back. Ingwersen, a Danish eco-activist who is developing a sustainable cotton farm in Uganda, seems overanxious to prove that humanitarian fashion can be sexy. Often, it crops up in the form of black leather among the otherwise sharp jackets and luxuriously crisp mannish cotton shirts that are Noir's strongest established staples. Until now, it hasn't been too difficult to avert one's eyes from the odd pair of leather trousers, but this season, Ingwersen's heavy-handed Weimar Berlin theme almost scuppered the show. It was conveyed with lashings of the usual Cabaret clich? butch ties, silk-and-lace lingerie, even a fetishy leather policeman cape. As for the flashy crystal-diamant? bras and buttons, and Baron von Richthofen jodphurs: No. They were laid on so insistently that the audience's goodwill could be felt draining from the room at every exit. And that's a major pity, because beneath it all, the clean, nicely tailored core of Noir isn't a dark and pervy proposition. The world is ready to equate eco-soundness with cool, and Ingwersen shouldn't be afraid to show his clothes without the distracting trappings of a heavy, and not very original, theme."
1959,"It could've been a movie, so picture-perfect was Oscar de la Renta's take on the good life. From beginning to end, and day to night, the collection sparkled. A houndstooth sheath glinted with crystal embroidery; a cardigan (of which there were many covetable varieties) came trimmed with chains and stones; and tweed coats were laminated so that they resembled crinkly patent leather. On top of that, the fur was fairly flying, from apr's-ski vests little rings of ermine or sable circling the shoulders of models in evening dresses to weightless chinchillas for warding off the wind as it whips down the avenues. Even the designer's sweaters were lined and edged in the stuff. But when it comes to luxe factor, the astrakhan shot through with gold and finished off with face-framing wolverine was the ne plus ultra. Come evening, the designer had something for everyone to covet: for the minimalists, a silk velvet dress with swayback in deepest navy; for would-be princesses, the fairy tale of a gown in embroidered anthracite tulle with matching chinchilla bolero that closed the show. Complaints? He could've switched up some of the sequin cocktail dresses for a few more suits. Otherwise, this was another Oscar crowd-pleaser."
1960,"Renzo Rosso, the Italian fashion magnate behind Diesel, Martin Margiela, and Dsquared, was the first to push backstage to tell Sophia Kokosalaki how many important editors were at her show, and how they're rooting for her. That must've been good for him to witness, because he's recently signed Kokosalaki to a business pact under which her clothes will be manufactured in his high-standard Staff International factory near Venice, thus liberating her from years of struggling to sort out production from her East London base. Good news all round, then, and some of it is already apparent in her clothes. Kokosalaki's knack is in the balance between Greco-modern draped, pleated dresses and something cool but under-the-radar rocking in the outerwear. A giant black curly-haired lamb coat with goat-hair sprouting at the shoulder and a textured trench (silk, but made to look synthetic in the mood du jour) did the rocking, while the designer's newest dresses came in multipleated stretch panne velvet. With a business push behind her, Kokosalaki is carefully upping the luxury content of her collection while gradually figuring out how to extend her signatures to make a tight, special brand. It's not only press and buyers who are watching. One more immediate vote of approval came from Carmen Kass, who wore the best number here an artfully twisted black satin dress. She was seen leaving the show with it tucked under her arm, singing Kokosalaki's praises."
1961,"It was a case of trend overload at Alessandro Dell'Acqua. The show opened with a neoprene parka lined in long-haired fur that suggested he was about to take off in a sporty new direction; also on the sporty side were hyper-fitted puffer jackets that came tucked under or into dresses and skirts constructed from Hervé Léger-esque bandages (which, rather randomly, also accented sweaters and knit vests). But Dell'Acqua was only getting started. There was also a remix of last season's metallics, which were draped into a goddess minidress and a dash of futurism, in the form of space-age silver quilting and don't forget the designer's signature lingerie stylings: Cocktail numbers were spliced with lace or veiled with nude chiffon. A few white girdles somehow made it out onto the runway, too. As is often the case, the most successful pieces were the simplest say a cocooning gray coat embellished only with elbow patches. The designer who took his bow to Pat Benatar's Love Is a Battlefield  clearly had the new eighties power babe in mind, and the collection did tap into this season's tough-chic vibe. The trouble is, he seemed to take his ideas from every place but his own imagination to get there."
1962,"Welcome to the Dolce e Gabbana dungeon. It's a black padded cell in which a posse of amazons stands frozen in classic lesbian S&M poses, silver spanking crops at the ready. This is the tableau that turned on a dais at the end of the runway in the Metropol theater, the venue in which the designers installed themselves last year. Trust the transgressive ebullience of Dolce & Gabbana to bring up sex and in-your-face glamour. Forget the fact that most everyone else has their heads down concentrating on modesty and sobriety these two have never had any truck with that. And neither, frankly, has the massive customer base they've built: Their billion-dollar turnover says so. The show was one major performance, with wave after wave of metallic bustier dresses, hard-corseted belts, metal eye masks, latex-look dresses, see-through lace, studded coats a veritable catalog of the kind of porn-chic material pioneered by Madonna in her Sex book of the early nineties (and it was she, indeed, who was panting Erotic on the sound track). The vice device didn't totally obscure the fact that this collection did have a day base untouched by kink. There was a great, mannish-shouldered pantsuit and luscious coats including a puffy satin parka in there, and an excellent pair of the season's high-waisted seventies pants that were testament to Domenico Dolce's inimitable cutting skills. After a while, of course, the theme took over, especially during the long buildup to the finale of no less than 13 crystal-mesh gowns, some of them giving a clear view to the underwear. This has become a seasonal ritual by now. It has undoubtedly established Dolce & Gabbana as the biggest, flashiest show on the Milan calendar, and its publicity will penetrate parts of the media that could care less about fashion. You have to hand it to them for that. But there's something about designing to fill the podium of this new theater-auditorium that can be distancing to the fashion-sensitive. Some are beginning to pine for the intimacy of the days when Dolce & Gabbana would pitch a tent outside their home, invite people in, settle them down with a snack and a drink, and let them enjoy watching Gisele et al. cavorting at eye level, while inspecting every stitch of what they do so well. If they could recapture some of that, everyone would be happy."
1963,"Adam Lippes' Fall collection embraced the sporty collegiate life a theme familiar to those who've been following his line. Cozy cable-knit sweaters enormous, and thick as duvets were paired with slouchy tweed coats or a shrunken rain slicker. A wool trench with a tie-dye effect would make a cool cover-up for day or night, on- or off-campus. The rebel might be drawn to a patent-trimmed, cropped jacket or a gathered sack dress studded with brass spheres; the party girl would favor the cocktail dresses, particularly the black taffeta bubble with sequin trim or the triple-tiered plissé mini with glittery dots. While Lippes' vision remains fixed, his execution and materials have climbed to a higher level. Now let's hope for some deviation from the schoolgirl theme in the future."
1964,"I was looking at the work of the French cartoonist Sens, who did caricatures lampooning Poiret women as insects, said Rick Owens backstage before his show. That just might be the most meta inspiration of the season, given fashion's current fascination with the great couturier. It's certainly among the most unusual, and it produced one of Owens' most precise and accomplished shows yet. Paring back on the decorative confections of his last collection, the designer played with volume and texture to create what he called simple, primitive shapes. But if his skirt silhouette a draped jersey design with the hint of a slit remained unchanged from the first to the last of his 35 looks, there was nothing simple about the show's jackets and coats. Among them: shaggy mohair cocoons with stiff, rounded leather collars that arced away from the collarbones in a graceful ellipse; sleek sheared-mink vests with twin lapels falling to the same side; and other toppers with stand-up collars-cum-hoods and rounded backs that looked like a beetle's hard casing. The highlights, though, were undoubtedly the shearlings. With their nipped waists, exaggerated face-framing collars, and cutaway tails, they deftly walked the barbarism/sophistication line that Owens has made his calling card. You could complain that the show was singular in its focus on outerwear at the expense of all else, but with looks as smashing as Owens' shearlings, why bother?"
1965,"To the average American fashion customer, Iceberg is still a bit of an unknown quantity. But with the benefit of some creative input from Giambattista Valli, a stablemate at parent company Gilmar, the Italian label is doing its best to change that. The Fall collection tapped into some key trends, starting with the quilted cocoon coat that opened the show. Other strong outerwear included a fur-trim army-green parka with sporty glamour to spare, and a puffer jacket in safety-orange tucked and folded into this season's capelike shape. Mongolian lamb chubbies were on target, too, save for the superfluous contrasting color straps that cinched the torso. There were a few too many tricky details like those. The sashes crisscrossing oversize cowl-neck sweaters, and the decorative resin chips fastened to a miniskirt, weighed things down. But the unstructured eveningwear was refreshingly simple (the best being an asymmetric-strap goddess dress). All in all, this collection should help bump the brand identity up a notch."
1966,"Dries Van Noten has an almost tribal following of faithful customers who unconditionally love and buy what he designs, season in, season out. Last time around, that band was joined by a hardcore cohort of fashion enthusiasts who spotted something brilliantly right-on in his clean, sporty, brightly colored Spring collection. Sadly, that enthusiasm ebbed away for Fall amid a disappointing welter of dreary colors and awkward shapes. Something of the sporty theme was still there, though, in adaptations of classic, quilted-nylon country jackets, which, granted, nodded to the puffer-ish theme that's been generally cropping up in the collections. Van Noten's other idea, true to his taste for multiethnic references, was Indian paisley, which came abstracted into black-and-white print or picked out in sequined embroideries. Neither of those devices was enough to lift things anywhere near the level of last season's blockbuster, however. Partly it was due to the relentless parade of gray, mustard, khaki, and dulled orange, though equal blame must be attributed to the baggy dropped-crotch divided skirts, and the ugly orthopedic shoes with ankle-thickening socks. Once sifted by expert buyers, there will likely be nothing much here to turn off the women who rely on Van Noten. But in this show, the characteristic alternative joyousness of his perspective sank from view."
1967,"A runway show in New York? said an exhilarated (and slightly flustered) Camilla Stärk backstage. ""It's a big deal."" For Spring she had mounted a simple tableau vivant-style presentation of 12 looks on 12 models, but this week she put on a full-fledged show. It was an important move ahead for a designer who transplanted her studio here from London only months ago. "
1968,"In a season when the agendas of fashion are finally being rewritten, all a professional audience really comes to Paris for is to witness brilliant designers working on modern cut for twenty-first-century life and to inspect it in close-up. Even on a Friday night, in rain and heavy weekend traffic, they will drag themselves to an inhospitable sports venue at the ends of the P riph rique to see an Alexander McQueen show with just those expectations. Unfortunately, the audience was confronted with a distracting, overwrought show that only succeeded in ramming home the realization that the theatrics and stadium-sized presentations of the nineties are or rather should be a thing of the past. To be fair, McQueen had put a heartfelt personal passion into a collection that was based on a startling revelation from his family history. His mother, who traces family trees, discovered that her bloodline leads back to a victim of the Salem witch trials who was hanged in the Puritan hysteria of 1692. The themes of witchcraft, paganism, and religious persecution played on the dark and angry side of McQueen's creativity, but the way he articulated them ultimately ended in one of the season's most deleterious cases of concept overwhelming clothes. First of all, there was a pentagram traced in red in a black-sand circle, with an inverted pyramid hanging over it. As the show started, a macabre film of naked women, swarming locusts, faces decaying to skulls, and blood and fire started to play above the models' heads. Theoretically, no one objects to being disturbed and discomforted by a pointed McQueen performance it's an accepted part of his identity. What they did object to was that the point was lost in the distractions, and what interesting clothes did emerge could barely be appreciated at the distance he put between models and audience. The clothes were there, as far as it was possible to see. The opening of the show proved McQueen is thinking about new shape, in this case pod-like structures that broke the mold of his usual corseted silhouette. The volumes, shown over black leather leggings, moved toward a curved-back, forward-facing shape that put him somewhere in line with other experiments that are going on in Paris. McQueen's research on religion had found links between ancient Egypt and the folk culture of the earliest British immigrants to the New World, so there were Nefertiti hairdos and couture-detailed clothes fashioned to mimic the lapis lazuli and gold of sarcophagi. One blue dyed fur was shaved and shaded like overlapping feathers, and a gilded column and green jersey gown with coiled snakes at the breast looked fit for Elizabeth Taylor starring as Cleopatra. After that, though, it swiftly became a bumpy and difficult ride. Quieter pieces like a cardigan dress, a nipped-waist parka, and a shearling skirt (core items that sell so well for McQueen) got drowned by the gore flowing on the screens. At the end, there were some of the gowns he is so good at a trail of emerald velvet with copper bugle-beaded strands of hair spilling to the waist, and a chic black silver-beaded gown that rippled from the shoulder line as it moved. Still, even those didn't have the power to fill the space or to placate an audience driven to the end of its tolerance by an experience that journey and waiting-in-the-dark time included took four hours. McQueen is too talented to get stuck in an outdated habit of presentation like this."
1969,"Sometimes it takes a mistake to point you in the right direction. Francisco Costa's strong yet spare Fall show today made instant history of his much-maligned Spring collection. First out was a funnel-neck coat in lead gray (the non-color of the season) with sloping shoulders and gently curving seams to the knee. From there, he moved on to an oversize cashmere waffle-knit pullover, a boxy wool-tweed poncho, and a tech-y piqué hoodie that looked lacquered in its stiffness. Some jackets came with notch collars that draped down the back to form a ridgelike V. Whereas outerwear seemed to be about the negative spaces between clothes and bodies a potentially pretentious concept that nonetheless produced results dresses hugged every curve his models had. The trio of gowns that closed the show clung to their ankles. Easier for navigating a cocktail party was a strapless blue number with a molded bustier. Or a marble-print wool-felt sheath with face-framing collar that gave new meaning to the term ""portrait neckline."" This was precise and assured minimalism, and sexy to boot. Costa has found the winning combination."
1970,"Eveningwear was a natural brand extension for the Italian lingerie maker La Perla. But its designer, Alessandro Dell Acqua who is maintaining a very low profile at the label, not even coming out for the requisite post-show bow is beginning to turn the line into a believable all-around resource. To wit, he sent out a sexy day suit and fur coats (in something the company has been calling  kidassian ) that looked like they might have been plucked from the closet of Kate Moss. If anything, it was the gowns that came out looking a little complicated. That was certainly the case with the lace bustier that peeked from beneath fans and folds of black crepe, not to mention a long number with raw-edged panels overlaid atop one another to create an interplay of sheer and opaque. (Some of the separates were likewise tricked out with crystals, feathers, and other potentially clunky bells and whistles.) But a cocktail-length goddess dress, draped from the shoulder to expose the underworkings of a push-up bra, displayed a lighter hand and looked like a lot more fun. Ditto a liquid-copper strapless style with a panel of black lace inset in the back. As for that standout skirtsuit, it came in unadorned alpaca, this season's must-have luxe fabric. More of this sort of thing, and people will want to start paying the collection closer attention."
1971,"Maurizio Pecoraro makes it his business to keep an eye on the way the fashion winds are blowing. Mixed in among his twist-front dresses, full trousers, and a check suit were bugle-beaded shells and matching skirts, slouchy varsity cardigans, sack coats, and other twenties references that started appearing in New York two weeks ago. Short-sleeve jackets came with deep fur cuffs, necklines were trimmed with gem-studded chiffon, and waists were loosely cinched with velvet bows. One short fur jacket looked like it had been dipped in liquid gold. Pecoraro steered the heavily ornamented collection away from becoming a predictable Poiret revival, though, by keeping the silhouettes fresh. For instance, a satin tunic dress topped by a trompe l'oeil velvet cardigan (they were in fact attached) was abbreviated at the upper thigh. But in the end, the models' too-literal marcel waves and red lips gave the pretty clothes a vintage feel, when what they needed was a modern edge."
1972,"Michael Herz and Graeme Fidler riffed on Aquascutum's soldiering history for Fall. The company made officer's uniforms as far back as the Crimean War (as well as ""trench"" coats in WWI, of course). It didn't turn out to be an aggressively militaristic collection, though. Inspired by The Nutcracker , the designers said they ended up thinking more about toy soldiers, which explained the capes, military jackets with oversized frogging and toggles, and the little medals hanging from dress straps. Still, anyone can come up with a catchy theme. The test of true design drive is whether the execution takes the material somewhere else; equally important is whether idea and execution merge to apply to a believable customer. Herz and Fidler's jackets and short coats ticked both of those boxes. Minutely quilted wool and silk numbers with slight standaway volumes had a grown-up sophistication, while waterproof anoraks in color-blocked black, cream, and mustard had a sporty zip. If they're clever, the Aquascutum duo has the potential to appeal simultaneously to traditional customers as well as to a fashion fiend who just might be tempted by a scarlet jacket that seems to be made of painted feathers (it was a jagged cotton and plastic, in fact). And that seems to be the direction the designers are safely headed in now."
1973,"The cat's out of the bag. Elisabeta and Nicolae Petrescu the fashion week arrivistes who, along with their pet tabby, Leo, captivated New York's showgoers aren't the Romanian artistocrats they've been pretending to be. Rather, they're a pair of aspiring actors, plus a professional feline, hired by Trovata's sole remaining member, John Whitledge, to model his new collection. They took an hour out of their busy appearance schedule on Wednesday to pose for Style.com's photographer. Here's where it gets tricky. Whitledge's fall wares, like all of Trovata's previous collections, have a backstory, and it revolves not around twenty-first-century Eastern European sibling socialites, but a pair of New York City school teachers, Bridget Ann Davis and E.S. Barrington, circa 1981. The clothes, it follows, have a retro look  straight out of yearbooks from the early eighties.? Think shirtwaist dresses in colorful prints; stripey turtlenecks and full, dirndl skirts; chunky cable-knit sweaters; and wide-wale corduroys. But for their finer materials and signature charming linings, they wouldn't look out of place at Abercrombie & Fitch, where Whitledge once interned in the design studio. Can a collection like this sustain the interest and good will of New York's stretched-thin fashion community? Sure. But in order to keep elevating his basics, Whitledge will have to bring the same level of invention to his clothes as he does to schemes like the Petrescus."
1974,"Climbing back up after a low season can be a slow process. Brian Reyes stumbled in Fall 2006, but he regained some traction with his Spring collection, and more recently he scored a confidence-building red-carpet coup (that was his royal-blue dress on Ugly Betty 's America Ferrara at the Golden Globes). The Fall show offered further evidence that he's back on track. Save for a few minor problems, it worked. Reyes sent out an army of dresses in a flurry of colors, patterns, and textures borrowed from traditional Himalayan garb kaleidoscope prints, cloud prints, and animal prints in silver, violet, emerald, and more. What many of these looks had going for them was this season's structured volume. Padded cocoon coats looked as if they could hold their own on Everest. A lightly quilted mod silver minidress formed a neat little cylinder around the body. Moving on to movie-star dresses, Reyes impressed with a silver wrapped-and-pleated number and a gold-sequined column trimmed in black chiffon. Shirting-stripe dresses, on the other hand, felt out of place among all the rich colors and patterns. Still, we'd wager that Reyes, in current form, will enjoy another big awards show moment soon."
1975,"If such a process as the homoeroticization of women really exists, Dean and Dan Caten put on a big show of it at Dsquared. What we saw was a standard male-on-male erotic fantasy (construction worker) projected onto a women's fashion collection. The foreplay was an acrobatic performance from a couple of bare-chested  workmen? who swung from ropes amid a mise-en-scène building site leading to a rough concrete runway. Fair enough, as entertainment anyway. At this stage in the game a rough-trade burlesque is hardly offensive, but the prologue did provide a moment to ponder how exactly this is supposed to work as an enticement for women. If men who fancy men put the clothes they fancy men in on girls what's in it for the girls? As it turned out, it was the models? chance to swing a truncheon, don a harness, and, for a lucky couple, the once-in-a-lifetime opportunity to walk out in front of a couple of hundred people sporting black patent horse blinders (did they draw lots for that one backstage ). Still, it would be making too much of it to say that anyone was particularly outraged or that that the theme even interfered much with the view of the Catens? range of clothing. The designers are good at selling fashioned-up jeanswear, and the construction-crew theme did give an excuse for showing their baggy, zippy cargo pants and biker jackets sexed up with deconstructed corsetry, their signature cropped jeans and a strong series of trend-hitting puffers in black, violet, cobalt, and hazard-yellow. Somehow, by the end, the fantasy slewed off into a vaguely medieval heavy-metal zone. A black goat-hair coat had hunched shoulders so high they resembled wings, a tunic was armored with plastic shoulder plates, and a chain-mail tank dress (which might have started life as a security-fence idea) got shown over rockin? leather pants. Delivered to stores, Dsquared always looks well made and has a distinct character that has a following. Do customers need to appreciate how those clothes were spoofed-up on the runway to understand them? Of course not: The product speaks for itself. But sometimes you can't help wondering exactly what sort of club life goes on behind the gray fa ades of Milan to keep its resident designers thus inspired."
1976,"According to their program notes, Lisa Mayock and Sophie Buhai were thinking about gonzo bohemian excess and the hard-living adventurers Hunter S. Thompson and Ernest Hemingway, men whose lifestyles embraced  humor, liquor, depression, peyote and red wine, Paris and Big Sur.? That's not the sort of backstory you hear every day, and it was always going to be a hard concept to pull off, even for a pair of designers who have won a place in the hearts of fashion critics with their quirky charm. And in fact, it was mostly the quirk that was in evidence today. Sheer chiffon tunics and rumpled denim vests were bulked up with cargo pockets, a look unlikely to be embraced by many women. Two awkward dresses a black flared knit and an olive silk shirtdress came across as frumpy. It was with simpler looks that the designers regained their footing. A stiff cotton-twill suit, belted at the waist, felt just right, and the tiered silk dresses were fresh, especially the short black number worn under a supple fawn-colored leather jacket. And there was nothing gonzo about the slim column gown that closed the show."
1977,"Martine Sitbon left the Paris runway scene in 2004, but judging by the arty crowd at her comeback show (her new collection is named after the address of her atelier), she's hardly been forgotten. One of the things she's remembered affectionately for is an edgy sense of romanticism, but at first today she worked more of a tough chic vibe. A streamlined black satin trench was followed by other tailored pieces with doubled collars and padded details on the sleeves. There were also plenty of sweet dresses, though. They trotted out on wedges and stacked-heel pumps, and in keeping with the swing of things, hems were short and silhouettes were full. The weak link was a clunky number made from what looked frankly like a cream chenille bedspread. The best pieces were almost sculptural, with wire hems that circled the legs, curving gracefully at one knee to create an abstract flower and reveal asymmetric tiers beneath. In the mix were lots more bubble and lamp-shade shapes. Her fans seemed pleased enough with all this, but it bears noting that the competition for attention in the crowded French calendar has become even more fierce since Sitbon's departure; to maintain the enthusiasm she was greeted with today, she may have to kick things up a notch or two."
1978,"There is an odd aspect to Hamish Morrow's determinedly modernistic approach that's quite hard to make out. For a start, he delivered the first half of his show with such a brutal assault of sound that it felt like an act of aggression toward his audience. The brain-piercing noise didn't match the visual, though: There was nothing too shocking in the black asymmetrically cut coats and jackets that turned to show a hole in the back. Nor did the rubber coat that came later seem particularly calculated to scandalize, though there was a fair bit of nudging and smirking in the ranks as it went by. What none of this conceptual posturing really covered up is the fact that Morrow's natural talent lies in designing quietly sophisticated pieces for an older woman, pieces like his padded, high-belted, subtly luxe duchesse satin jackets and the dress with a scarf-draped asymmetry at the neck (a theme that's surfacing elsewhere in London). He ended the show with a lot more ""editorial"" ideas about duvets, but what's the point of a down gown with a cutaway back? No one wants Morrow to stop being creative, yet he's passed beyond the stage of life when credibility comes from being edgy and angry. If he'd only get over that, he might understand that people actually value his simplest design gestures most because nobody else is doing stuff like that."
1979,"I like the shiny fabric, the rhinestones, said Destiny's Child's Kelly Rowland, singling out several party dresses as Tracy Reese's models came out for the finale. The singer was attending a Reese show for the first time, but she said she had admired the designer from afar for her feminine fabrics and embroideries. This collection delivered those and then some. With baroque for a buzzword, Reese layered tulle over sequins and topped a hot-pink taffeta cocktail dress with a strawberry-red tunic coat. A flat bow decorated the hem of a boxy cropped jacket worn with a full skirt that had cartridge pleats marching down its front. The hosiery got high marks from Rowland, too. But the polka-dot and striped tights that the designer made in collaboration with Hue not to mention the heavy plastic bangles and earrings, and oversize fabric bows cinching the models' ponytails were ultimately an annoying distraction from pretty clothes that could have easily stood on their own."
1980,"The jumpsuit is a puzzling trend. It has the one-stop-shopping appeal of a dress, yes, but none of the ease. There's no simple way to get one on, and once you have, chances are you'll look like a paratrooper crossed with a car mechanic. In other words, approach with caution a warning that went unheeded at MaxMara, where the boilersuits, coveralls, and ski suits came in all manner of styles: flannels and satins, long-sleeved and tank, full through the leg or tapered. Another strange recurrence were the show's dreadlock knits thick dangling fringes edging the sleeves of jackets and sweaters, and in some cases multiplying across the back. Both concepts served only to distract from the great-looking coats that MaxMara is known for. This season the best were the ankle-grazing belted shearlings and the equally long parkas in camo green with safety-orange lining. There was no ignoring the army jackets, however, with their epaulets in electric bright blue and acid yellow; or the shocking-orange tartan pants (cut nice and slim) that were paired with a snug cropped bomber. Chic practicality has long been the essence of this brand, but, all in all there just wasn't enough of it here."
1981,"Gianfranco Ferré's show notes explained that he began working on the Fall collection with androgyny on his mind, and today's presentation started promisingly, with clean black and navy-blue men's suits, the only feminine touches being the thin fastenings trailing loosely from the lapels of jackets. From there, though, he reverted to glamour-girl mode, turning out full-sleeved, sashed kimono jackets in all manner of fabrications (cashmere, astrakhan, that men's suiting fabric again), followed by sporty luxe parkas, some trimmed in fur. The layering on and embellishments reached a crescendo with a series of precious puffer vests in gold or silver, lined in fur. His evening numbers were more streamlined, but no less dramatic most of them were constructed from stiff metallics. Silk ""so thickly creased it almost resembles Chinese lantern paper,"" as his program explained, made for difficult going when the dresses descended to the floor. It took a real diva like Skin, the singer who closed the show and was scheduled to perform at the after-party, to pull off the look. The material worked better cut boxy and above-the-knee. But not half as well, it must be said, as those pantsuits at the show's beginning. It would've been interesting to see Ferré go with his first instincts."
1982,"A yellow Citroën with a LACOSTE license plate stood at one end of the leaf-strewn catwalk having, in imagination, just whisked a bevy of bourgeois beauties away to Brittany for a getaway at the coast. To build excitement around the classic basics that are the foundation of the House of the Alligator, creative director Christophe Lemaire has relied heavily on elaborate sets and scenarios, and this time he was romancing the idea of le week-end , as depicted in French cinema ? la Yves Montand and Romy Schneider. Lemaire does not claim to be a revolutionary; his aim, he says, is to make clothes that are evermore  precise, refined, and luxurious.? To that end, he offered some good youthful options (knit minis andcrepe-heeled granny boots) as well as a few grown-up looks that Schneider might have loved (the knit kimono coats and voluminous capes). There were lots of desirable separates that fairly screamed  fall? a loden microduffel, belted Annie Hall blazers, a slick rubberized burgundy raincoat. The latter had an undeniable je ne sais quoi , but at times things got a bit syrupy and over-Frenchified. One too many berets made an appearance. And when a trio of models with choreographed smiles marched out toting French novels, cinema magazines, and an artist's portfolio, you sensed it was time to pack up the Citroën and start the journey home."
1983,"The usual oddball celebrity mix turned up at Cynthia Rowley: Alan Cumming, Molly Shannon, Russell Simmons, and Tatum O'Neal. But those weren't the only stars under the sky-high ceilings at Gotham Hall. Cynthia Rowley was looking heavenward, to the aurora borealis. Starshine and shimmer were ubiquitous, as they were throughout the New York shows. Metallic brocades, glistening sequins, liquid lamé all were cut into the sixties minidresses and skirts that came to completely dominate the show. (It would have benefited from a good edit.) The few variations in silhouette were the best looks, including slim trousers topped with floaty blouson tops and seventies brimmed hats, and a chic burgundy calf-hair car coat. The quilted satin pieces, on the other hand, fell rather flat. But while Rowley may not be big on construction details or luxury fabrics, one thing can be said of her: She always has her tongue in her cheek. The witty thematic visual cues included a trompe l'oeil flame print, and long braids referencing comet tails, with the models in the final turn clinging to a Rapunzel-length plait worn by the lead girl."
1984,"Who would've thought the day would come when jeans strutted down a Badgley Mischka runway? But there they were, tight as a glove and worn with cropped sable and Persian lamb jackets. And there was plenty more strong sportswear where those pieces came from, ensuring that the duo's celebrity faithful should be well-dressed in their non-red-carpet moments come fall. The youthful glen-plaid dress worn over a camel turtleneck that opened the show would suit Rachel Bilson, and a standaway-collar tweed jacket with matching high-waisted pants would make a sophisticated addition to the closet of her seatmate Amber Tamblyn. The show's strapless velvet cocktail numbers, however, could've used a few more inches at the hem, and the combined inspirations of Wuthering Heights , which informed the moody platinum-gray palette, and India's jeweled embroideries made for some overwrought evening dresses. Still, a few of the more understated sparklers did stand out: A vibrant violet chiffon gown with hematite embroidery at the high neckline, for one, was a surefire entrance-maker. In the end, the collection might've benefited from a stricter edit, but nonetheless it hit some of the season's important notes."
1985,"It's a vintage season for John Galliano in more ways than one. At Dior, he celebrated the 60th anniversary of the New Look in high movie-star style. Then his own decadently staged collection returned to the romantic, excessive, eccentric hothouse scenes people so adored him for in the early nineties, complete with ""vintage"" Galliano bias-cut dresses. The notion of entertaining fashion audiences as guests and treating models like individuals has become such a forgotten art that the arrivals at the show greeted with a cast of made-up Parisian street characters, overflowing dinner tables, potted palms, dogs, chicken coops, Turkish rugs, bordello couches, and an unmade brass bed were instantly put in party mood. We were in Pigalle during the tens and twenties the world of Kiki de Montparnasse and Brassai's Madame Bijou. And there were the girls, striking totally convincing attitudes, as if no one could teach them a thing about absinthe drinking or streetwalking. Who knew this supposedly blank generation of Sashas, Lilys, and Cocos had it in them to act up like a bunch of old-school supermodels? That, like the clothes, seemed a flashback to everything that made Galliano good in his first years in Paris. The theme sent him off on an orgy of costume reference (and self-reference) that brought out deep-red Poiret-era coats whorled into asymmetric rose ruffles, gigantic leg-of-mutton-sleeved jackets, high-waisted redingotes, flower-printed tea dresses, and a multiplicity of his signature bias-cut gowns, in everything from black velvet and sheer lace to face-powder pink and dusty-tangerine chiffon. The roll of credits included Stephen Jones' millinery, Pat McGrath's makeup, Julien d'Ys hair, and Michael Howells' set design. All played crucial supporting roles in bringing Galliano gloriously back to full cinematic form. Was there anything new here? Well, yes, in the way the show touched the Poiret sensation of the season; then again, no but perhaps that was exactly the point. If the early nineties are a reference point in fashion now, here was Galliano, bringing himself back for a new generation and judging by the way those 20-year-olds got into it, they're ready for every ruffle and cloche the man can throw their way."
1986,"It's not often that a designer can send a bona fide garbage bag down his runway and make it work. But such was the curious beauty behind Alexandre Herchcovitch's fall show. The designer drew his inspiration from the highly resourceful manner in which the indigent plantation and mine workers of his native Brazil dress themselves. It could easily have devolved into parody, but Herchcovitch's third look out a white pointelle shirtdress crafted out of Tyvek made you believe that he could pull it off. The theme played out in clothes that were pieced together from different materials, ostensibly found scraps. Jumpsuits-cum-overalls came in a mélange of satin, vinyl, and wool, with the back pockets of a former pair of pants falling somewhere around mid-calf. That garbage bag came in a few variations, one smartly fashioned into a paper bag-waisted skirt topped with a floral jacquard jacket. While the above-mentioned items were unabashedly ""high concept,"" Herchcovitch also managed to work in wearability in pretty, printed sack dresses, especially one in a diamond patchwork. And who knows as the designer is opening his first boutique in fashion-obsessed Tokyo next month, he could well have a customer for that Hefty frock."
1987,"Diane von Furstenberg's Fall show was her first as the newly appointed president of the CFDA. As she begins her tenure, the industry is confronting some challenging issues, from the long-term project of relocating the tents to the very of-the-moment ""thin model"" debate. But one look at her impressive front row which was lined not with starlets but with newsmen and media moguls, including Anderson Cooper, Charlie Rose, Vanity Fair 's Graydon Carter, and, of course, her husband, Barry Diller and it's obvious that this is a woman who means business. As for her collection, it was singular in its focus on dresses. It opened with a signature wrap, done up in ruffled black taffeta that hinted at the Spanish influences cited in her program notes. From there, it was all leg, whether the model on the runway was wearing a Mir? color-block shift, a velvet flapper style with fringe, or a strapless lace jersey number with a gathered hem. Many of the dresses came with matching coats, a nod toward the designer's sense of practicality an asset that should serve her industry well in the coming months."
1988,"The buildup to the Gareth Pugh show had all the ingredients of the legendary British fashion happenings of the eighties and nineties: heaving tent packed with club kids and drag queens; major international editors present and correct; 80-minute wait just to get everyone steamed up. Part anticipation, part exasperation, it's a buzz that only descends when London's on , and Pugh's rubber-masked, cyber-freaky, balloon-bouncing theater is largely responsible for bringing back the excitement in this city. Without his ever having sold a stitch. This time, though, he had a shock lined up: a collection of outstandingly constructed black and black-and-white coats, some in fur, intricately pieced together in contrasting stripes. ""I was sick of people saying, 'It's crazy,' "" said Pugh, backstage. As a designer, he's already established an influential shape all those big, swathed, cowl-like necklines others are picking up on. Now he's working up exaggeratedly built-out shoulders he likens to The Wicker Man . Again, these look certain to be directional. What really surprised, though, were the fur pieces like a generously easy belted cardigan with a hood, and a black-and-white striped wrap-front short coat, and, later, a couple of chunky knitted coats banded in patent stripes. Any of these would attract envy rather than ridicule in the street. As for the styling you still have to ignore the hair and makeup, and overlook the creepy section of see-through plastic stripes. Those were crowd-pleasers for Pugh's club-claque, but otherwise the boy is showing promising signs of outgrowing the thrill of being poor and mocked. ""I'm working with Kopenhagen Fur and having the coats made in Italy,"" he confided. ""And La Perla is making my stockings."" Which is quite a development for Pugh's detractors to mull at leisure."
1989,"Peter Som transitioned from Spring's eighteenth-century romp to a Fall collection that had echoes of the nineteenth in the peak shoulder of a Chantilly jacquard coat, the ruff on a blouse, the whisper of a train. This gregarious designer's fan base relies on him for a pretty dress, something to wear to an event like the annual Neue Galerie soirée. His crowd is bound to find a suitable pick among the (rather too wide-ranging) evening options, from a blush-colored dinner dress to a layered black cocktail number with a touch of the siren. But it was the day looks that were strongest here. The lineup felt less saccharine than past outings. It also pointed downtown, not just up a good direction for Som to be traveling in. So if one of his front-row favorites like Tinsley Mortimer or Zani Gugelmann wants to vary her routine and try lunch at Caf? Cluny instead of BG, let her go to Som for clothes that will work in any ZIP code: superslim pants, an oversize short-sleeved sweater, a washed (i.e., not too tough) leather jacket, and a dark faille trench with a lot of flair."
1990,"Things are looking up at Bill Blass. Angelina Jolie wore clingy, spicy-red Blass on the cover of the January Vogue , and the company celebrated the launch of the new Blass fragrance during fashion week. Did the Fall collection live up to the moment? For the most part, yes. Michael Vollbracht didn't reinvent the wheel, but he was in good form and the energy was up, up, up, with Johnny Dynell's remix of Benny Goodman's ""Sing, Sing, Sing"" bounding from the loudspeakers. Having struck gold with Jolie's red jersey, it isn't surprising Vollbracht put out more knit dresses for autumn; one, a burgundy-and-camel color-block worn by Freja Beja Erichsen, had a timely eighties vibe. (A quick gripe here, however: Some of these knits would have worked better if they had hit someplace other than over the knee; and all of them would have worked better worn with something other than matronly flesh-colored tights. Odd legwear has been a problem at too many shows this week.) Still, there was plenty for the retailer and the customer to crave: a forest-green corduroyed-mink coat, a sable-lined silk anorak, and a pinstriped suit with just the right insouciance. A strapless black satin evening gown would be perfect for opening night at the American Ballet Theater. Vollbracht's best effort, though, was a series of slithery mermaid dresses, done according to a technique borrowed from the great American master Norman Norell, who made a hit with his liquid sequined mermaids in the fifties (worn to memorable effect by Marilyn Monroe). Literally, thousands of sequins were sewn into place, by hand, ? la Norell. The sterling level of craftsmanship really showed."
1991,"Paulo Melim Andersson has big shoes those great, chunky Chloé wedges girls have loved for years to fill. And he's imagined a new girl to put in them: ""She's angry, but funny-angry,"" he said before the show, ""A girl who steals from her mother. I want this to be young-young, with no tricks. Clean, but not minimal."" So she came over as bit of a handful, this one: a stomping little character with a taste for asymmetric black, orange, and nylon-look trash-bag fabric, rather than broderie anglaise first-communion dresses and peasant smocks. Her boots are based on Doc Martens and ""Diane Arbus"" galoshes, and she has a giant textured green messenger bag slung across her back like a guitar case. She likes print, texture, and off-colors too and Melim Andersson has a lot of them, with a glossary of nutty names to match: ""Secret Garden"" trees, ""Murder Scene"" streaks, ""Magpie"" jeweled embroidery, and ""Mushy Pea"" green. Enough time has elapsed after the departure of Phoebe Philo for Chloé's pretty, vintage-y flyaway aesthetic to be in need of an update. After a long search, Melim Andersson (a British-educated Scandinavian designer whose first job was at Margiela) was hired from that other left-field girlie brand, Marni, and at this first outing something in the Marimekko-type print and square-cut, off-kilter shapes carried the traces of his former employment. The show had energy, but it's too early to judge how any newcomer will make his mark based on one collection (it took quite a few seasons for Philo to climb to the ranks of cult leader, after all). For now, the pertinent question is whether Melim Andersson gets the fact that Chloé has to be an easily broken down assemblage of fab pieces that fly out of shops. Reactions were split over that. This season label loyalists will zoom in on familiar items like the loose, orange semi-sheer dress with a drop waist and ruffled flutter in the skirt, the shifts and skirts decorated with plastic paillettes and crystal, and a few (maybe too few, since it's winter) re-cut boyfriend coat-jackets to throw on over them. What's new is that this Fall there are also lures for an edgier, tougher customer, like the slithery nylon-look bustier sheath with an unzippable collar, and a cool asymmetric sleeveless shift with volume caught into the lower back. Is that moving Chloé out of its comfort zone, or moving it on? It's too soon to make a call on that, but it will be intriguing to watch how the real votes are counted not on the runway, but in the stores."
1992,"Thanks to its fiery visionary, professor Louise Wilson, the Central Saint Martins M.A. degree course has set the gold standard for international fashion education. All the rising names of London fashion Christopher Kane, Jonathan Saunders, Marios Schwab, Todd Lynn, Roksanda Ilincic have passed through the white hell of professor Wilson's crits, while many others populate the design studios of Dior, Lanvin, Chanel, Prada, Marni, Gucci, Jil Sander, and more. That's why, once a year, the graduation ceremony is packed with headhunters, newshunters, and top store buyers craning to see a show that has by now become more than just an indicator of local Brit ideas. The class of 007 is German, Polish, Swedish, Dutch, Japanese, Australian, Greek, Spanish, Korean, and Russian, as well as English and this year, it was a pair of Russians who swept off the glittering trophies. Tatiana Katinova's long, lean black-and-white tailoring had a high padded shoulder with a rounded compactness that was echoed in the hips judging by this collection, she could slot into a job at Jil Sander tomorrow. She won the overall prize, while Georgy Baratashvili scooped an  8,000 check as his reward for redesigning Puma sneakers as gold-and-silver dance shoes (they'll be delivered, for men and women, to Puma stores in August). Meanwhile, the best of their classmates' collections added an index of which way the avant-garde is pushing things. Annalisa Dunn's total sweater dressing all multistriped poncho dresses, hoodie-scarves, wraps, hats, and socks added more energy to the excitement bubbling around knits. Kryzsztof Strozyna's oversize lacquered-wood geometric cuffs, giant knot-pins, and chains looked great on belted beige dresses with the big, rounded shoulders that are the London trend. Tessa Birch designed wide simple dress shapes with bold angular blocks in gray, black, and mustard yellow, and filled them in with patches of PVC and plastic paillettes. Overall, no Christopher Kane burst to the forefront this year, but this cohort of Saint Martins talent still provided plenty of directional clues: in with padded shoulders, calf-length skirts, scarves, wraps, stripes, and strong color and out with last year's volume, flounces, and eighties body dresses. That's the kind of pointer the industry comes to snaffle up here, even if not a single one of these graduates is ready to sell a stitch."
1993,"When the red velvet curtain finally opened, Marc Jacobs' 56 models were arrayed tableau vivant-style in front of an enormous set of French doors the kind you might see in a Paris salon. What you noticed first were the hats. Multicolored, with knit crowns, and short or wide brims, they made the gangly teenage girls onstage hold themselves like proper ladies. Yes, fashion's favorite change agent was at it again. Last season's billowy layers were nowhere in sight. The collection began with a long coat, ribbed sweater, and trousers with loose stirrups that gave them a clean, sharp line. Moving on, Jacobs showed printed satin and matte jersey shirtdresses to the mid-calf, and belted alpaca tunics over slim cropped pants and knee-length skirts. There were jumpsuits straight out of the seventies. ""I wanted something narrower,"" said the designer, describing the show's new silhouette. Duchesse satin minidresses were cut trim and A-line with a fringe of pleats at the hem, or they came draped, wrapped, and sashed from the shoulders. This was American sportswear, but with a European sense of impeccability. Some might call it ""grown-up."" Jacobs, explaining that the collection is a reflection of what's going on with him personally, called it restraint. (Though the term can hardly be used to describe the show's stacks of plastic bangles and Bakelite-heavy handbags.) One look at the designer and you're reminded that he's been spending time at the gym those were pecs beneath his crisp blue shirt. The experiments with volume that he's been focused on in the last several collections have now gone the way of his extra weight. It might take a season for designers who've followed his lead before to catch on. But less, when it looks this chic, really is more."
1994,"There have been big changes in the Azria empire over the past year. A more luxurious niche line called Max Azria was spun off last fall. And as the company brass tells it even the long-familiar contemporary line, BCBG Max Azria, is a wholly new incarnation these days, one that's only in its second season. To clear any lingering confusion, Lubov Azria (wife of Max) attempted to define the two collections in terms that fashion folk could more easily digest: ""The BCBG Max Azria girl is Sienna Miller or Kate Moss,"" she explained backstage before the show. ""Max Azria is more Cate Blanchett."" While the Azrias did have a front-row smattering of socialites (Fabiola Beracasa, Olivia Palermo, Bettina Zilkha, and Byrdie Bell), neither Sienna nor Kate was anywhere in sight. No matter: It was clear that the raffish, magpie style of those British It girls was being mined on the runway. And yes, you could imagine Sienna pulling on a pair of tights and grabbing BCBG's smoke-chiffon trapeze dress, topped with a cream knitted-fur vest, for a winter's night out. And Moss could certainly put to good use one of the hooded jackets, particularly the version in a stylishly crinkled cotton. There were also the sort of swingy frocks with a touch of detail that are bound to appeal to the BCBG customer, though the dresses were occasionally weighed down with copious amounts of appliqué, crocheted trim, and chains. It's hard to imagine any girl, It or not, opting to look quite so tricked out."
1995,"After decades of practice, Sir Paul Smith gives good sound bite. ""Hockney meets Bloomsbury"" was his succinct summation of his women's collection for Spring. If that evokes a mélange of primary colors and florals with a twist of haute bourgeois eccentricity, then you clearly understand Sir Paul's shorthand. The color was strongest when applied to classic shapes, as evidenced by a cornflower-blue shirtwaist dress, a green parka, and a tomato-red blouse (the matching bow tie a prissy flourish). The elongated proportions of a knee-length cable knit with a dropped half-belt suggested Bloomsbury's bohemian languor, just as a silky floor-sweeping skirt or the floral print on a kimono-ish top hinted at the gardens of Charleston, where Vanessa Bell entertained her sister Virginia Woolf and their coterie. The outfits had the artfully thrown-together quality you might find among the guests at a country house party: Formal and casual elements combined in such looks as a black velvet jacket over white cotton Bermudas, a little gray cardigan pulled over a red shirtwaist, or a blue cummerbund wrapping the waist of tiny shorts under a cardigan jacket. The same notion was elaborated on in a full white tie rig trimmed down to a shawl-collared tap suit, as well as in a rugby shirt stretched to the floor and given dress collar and cuffs. If there was a slightly random quality to the whole affair, you could argue that's always been Smith's charm."
1996,"Some designers chase after cool; others are content to let the ladies come to them. And come they do to the Paris house of Andrew Gn. Inspired, he said, by the complete volumes of Buffon's Histoire Naturelle , he looked to flora and fauna to provide the luxe decorative motifs for his lunch suits, short cocktail numbers, and hostess gowns. White patent-leather butterfly appliqu's appeared on a black linen dress with kimono sleeves, and embroidered black roses decorated a white linen coat with a Watteau back. The lilacs on an A-line coat-dress were so densely embroidered, they were a better-than-fair representation of the real three-dimensional thing. Such couture-grade handwork obviously doesn't come cheap, but then, his clients have deep pockets and no inclination to hide the fact. But it wasn't all embellishment all the time. Gn showed a new restraint in colorful silk dresses with little to distract from the flirtatious cut except frills of pleats around the armholes or lining the deep V-necks. Even more elegantly streamlined were the flowing one-shouldered silk dresses (one to the knee, the other floor length, both with floating back panels) that each came with a single black bow at the clavicle. The finale gown, white silk with long puffy sleeves and a black rose corsage at the cleavage, would make a lovely wedding dress. Looks like a new generation might come knocking."
1997,"She's become known for a playful, happy kind of cool, and Stella McCartney's latest collection furthered her easygoing cause with a deft assimilation of the season's trends. She started out with a long, flowing seventies dress in a wildflower-scattered silk voile, loosely tied at the neck, then used the same colorful fabric for the jumpsuits her label is so identified with. Doing her bit for the current pajama-dressing moment, she showed boxy blue silk pj tops with tap pants peeking out from beneath, or extended the top's hem a few inches down the thigh for a reinterpretation of her favorite shirtdresses. Many of the white cotton frocks, with their dippy backs and suggestive ruffles, could've been nightgowns in a former life but McCartney balanced all the dishabille with the blazers that she cut her teeth on in Savile Row, this time in a safari khaki or in double-breasted snow-white, worn with fluid, full-to-the-cuffed-ankle trousers. The designer has a well-known dedication to vegetarianism and the environment, and the show's backdrop, a lushly beautiful ""vertical vegetal wall"" by the botanist Patrick Blanc, will be donated to a low-income housing project in Boulogne, part of an effort to help teach ecology at street level. The carved wooden clogs she asked her models to wear won't make it on the street, however: One pair didn't even make it up and down the runway before falling apart. But that's not of much consequence when the clothes are as pretty and wearable as they were today."
1998,"One glance at Bruno Pieters' Spring collection and you can see why Hugo Boss hired the 30-year-old Belgian up-and-comer as the art director of Hugo, the company's most fashion-forward label. Pieters has an eye and hand for tailoring that takes his jackets, pants, and shirts beyond the mundane. Working along similar lines to Raf Simons at Jil Sander, he cropped his boleros right below the bust and layered them over short bustiers that exposed an expanse of jersey-covered midriff above hip-slung pants. A coincidence, surely, but one that worked to Pieters' advantage. Amid the sharply cut denim anoraks, collarless coats, and a great short-sleeve tux, the designer threw in a pair of puff shoulder, drop-waist dresses, one white, one black, both sheer a nod in the direction of the transparency motif that's been kicking around since New York. Also timely, playing as they did into the boudoir trend, were the beaded cummerbunds-cum-girdles that peeked out above the waistlines of shorts and pants. Tricky, over-styled accessories aside at Hugo, Pieters will have to break the habit for such frivolities as sequined stirrup pants and opaque white tights this collection showed quiet promise."
1999,"There has been a lot of emphasis on craft this season, and so Ralph Rucci was entirely in his element at his first-ever ready-to-wear presentation in Paris. Jaws dropped at a braided leather jacket worn with hammered-satin pajama pants, a taffeta dress with a fitted bodice nipped and tucked from butter-soft alligator, and a gown covered in silver tinsel that swished like air rustling through trees as the model made her circuit of the Palais de Tokyo. Sometimes, though, you can't help wishing Rucci would let his ideas fly, rather than hitching every one of them, however jaw-droppingly, to a demonstration of technique. While his fans among the ladies who lunch are legion, he hasn't yet quite managed to win over a broader audience, and it might help if he could loosen up just a little bit. A groovy young chick could certainly connect with a blue-black taffeta dress with a big bow at the waist or a chocolate feather-and-lace cocktail number from the second half of his show (made up of his couture pieces). It would be interesting to see Rucci extend his talents further in this direction."
