doc_id,year,chunk,dominant_topic,max_theta
69,1999,0,1,0.6090909090909091
51,1999,0,5,0.3642857142857142
89,1999,0,1,0.815625
53,1999,0,1,0.4172413793103448
5,1999,0,1,0.6366666666666667
66,1999,0,1,0.5305555555555556
27,1999,0,7,0.4272727272727272
38,1999,0,1,0.7772727272727273
54,1999,0,9,0.5171428571428572
18,1999,0,1,0.7666666666666667
14,1999,0,1,0.4653846153846154
45,1999,0,1,0.67
73,1999,0,1,0.7275862068965517
84,1999,0,1,0.7240000000000001
93,1999,0,8,0.4575757575757576
80,1999,0,1,0.7717948717948718
7,1999,0,0,0.4391304347826086
61,1999,0,0,0.4208333333333333
41,1999,0,9,0.3736842105263158
85,1999,0,1,0.9136363636363636
78,1999,0,1,0.4851851851851851
8,1999,0,2,0.471875
83,1999,0,1,0.5815789473684211
21,1999,0,1,0.8473684210526317
50,1999,0,1,0.628125
42,1999,0,1,0.5695652173913043
68,1999,0,2,0.524
34,1999,0,9,0.3736842105263158
75,1999,0,1,0.4826086956521739
58,1999,0,1,0.8500000000000001
32,1999,0,1,0.4481481481481481
0,1999,0,7,0.5761904761904761
23,1999,0,1,0.3607142857142857
16,1999,0,1,0.6333333333333334
30,1999,0,4,0.7346153846153847
43,1999,0,6,0.3736842105263158
28,1999,0,1,0.409375
77,1999,0,2,0.440625
52,1999,0,6,0.4111111111111111
36,1999,0,1,0.5750000000000001
96,1999,0,5,0.4510204081632653
37,1999,0,4,0.8282608695652174
10,1999,0,5,0.315625
62,1999,0,1,0.4878787878787879
4,1999,0,1,0.5222222222222223
76,1999,0,1,0.2589743589743589
64,1999,0,1,0.684
33,1999,0,1,0.8185185185185185
81,1999,0,2,0.4366666666666666
79,1999,0,1,0.6885714285714286
94,1999,0,1,0.8185185185185185
92,1999,0,1,0.81875
55,1999,0,1,0.6885714285714286
87,1999,0,0,0.7171428571428572
22,1999,0,1,0.6483870967741936
74,1999,0,2,0.4208333333333333
47,1999,0,2,0.8115384615384615
1,1999,0,1,0.7451612903225807
88,1999,0,8,0.4269230769230769
44,1999,0,1,0.4878787878787879
35,1999,0,5,0.87
71,1999,0,1,0.8096774193548387
26,1999,0,1,0.4624999999999999
13,1999,0,2,0.5355555555555556
19,1999,0,2,0.6694444444444445
39,1999,0,2,0.4028571428571428
67,1999,0,1,0.5033333333333333
15,1999,0,2,0.2277777777777777
11,1999,0,1,0.5787878787878789
56,1999,0,1,0.4870967741935483
6,1999,0,0,0.534375
40,1999,0,8,0.4321428571428571
46,1999,0,4,0.355
48,1999,0,0,0.3457142857142857
72,1999,0,1,0.8739130434782609
25,1999,0,1,0.4906976744186047
2,1999,0,1,0.3681818181818181
31,1999,0,2,0.3431818181818182
91,1999,0,5,0.6243243243243244
49,1999,0,2,0.3374999999999999
12,1999,0,8,0.3374999999999999
59,1999,0,5,0.4775
95,1999,0,2,0.7088235294117647
24,1999,0,2,0.2935483870967741
60,1999,0,1,0.917391304347826
82,1999,0,7,0.6696969696969698
57,1999,0,1,0.2652173913043478
70,1999,0,1,0.7033333333333334
3,1999,0,2,0.5704545454545454
63,1999,0,5,0.55
20,1999,0,1,0.4225806451612903
29,1999,0,1,0.4621621621621622
86,1999,0,0,0.5055555555555555
9,1999,0,1,0.5392857142857143
90,1999,0,5,0.5700000000000001
17,1999,0,2,0.4678571428571428
65,1999,0,2,0.2404761904761904
150,2000,0,1,0.5525
155,2000,0,0,0.3852941176470588
102,2000,0,1,0.7394736842105264
116,2000,0,9,0.5193548387096775
163,2000,0,1,0.924
160,2000,0,1,0.5551724137931034
158,2000,0,1,0.65
135,2000,0,3,0.327906976744186
140,2000,0,1,0.7864864864864866
171,2000,0,1,0.5742857142857143
157,2000,0,3,0.5029411764705882
175,2000,0,9,0.325
142,2000,0,2,0.6760869565217391
164,2000,0,2,0.4272727272727272
109,2000,0,1,0.564
165,2000,0,1,0.7000000000000001
182,2000,0,3,0.5738095238095239
159,2000,0,4,0.5045454545454545
188,2000,0,8,0.374074074074074
185,2000,0,1,0.7921052631578948
143,2000,0,1,0.3964285714285714
97,2000,0,8,0.3827586206896551
180,2000,0,3,0.5366666666666667
183,2000,0,1,0.7535714285714287
153,2000,0,1,0.46
177,2000,0,1,0.9147058823529411
124,2000,0,1,0.4194444444444444
187,2000,0,1,0.7000000000000001
156,2000,0,9,0.3973684210526316
179,2000,0,7,0.4441176470588235
186,2000,0,1,0.8945945945945947
189,2000,0,1,0.7892857142857144
98,2000,0,0,0.4351351351351352
172,2000,0,0,0.5574074074074075
154,2000,0,3,0.534375
107,2000,0,3,0.5962962962962963
134,2000,0,5,0.3903225806451613
112,2000,0,1,0.3836363636363636
123,2000,0,1,0.4547619047619048
148,2000,0,8,0.3871794871794872
139,2000,0,5,0.4272727272727272
169,2000,0,1,0.3981132075471698
145,2000,0,2,0.409375
105,2000,0,5,0.8395348837209302
181,2000,0,0,0.324
117,2000,0,1,0.4209302325581395
120,2000,0,2,0.5761904761904761
152,2000,0,4,0.5026315789473684
167,2000,0,3,0.7074074074074075
178,2000,0,1,0.4028571428571428
100,2000,0,2,0.3827586206896551
114,2000,0,1,0.3916666666666666
119,2000,0,0,0.4039999999999999
184,2000,0,2,0.2522727272727272
113,2000,0,1,0.4678571428571428
106,2000,0,1,0.315625
146,2000,0,1,0.7250000000000001
125,2000,0,1,0.396969696969697
121,2000,0,1,0.6694444444444445
131,2000,0,1,0.7594594594594595
101,2000,0,1,0.3916666666666666
130,2000,0,5,0.5041666666666667
133,2000,0,3,0.6868421052631579
136,2000,0,2,0.6342105263157896
141,2000,0,1,0.9678571428571427
168,2000,0,2,0.5617647058823529
104,2000,0,3,0.8185185185185185
149,2000,0,1,0.7171428571428572
115,2000,0,3,0.6573770491803279
192,2000,0,3,0.642
103,2000,0,9,0.4462962962962963
137,2000,0,3,0.5521739130434783
118,2000,0,3,0.6546666666666667
191,2000,0,1,0.4025
170,2000,0,3,0.5326530612244899
128,2000,0,3,0.458695652173913
122,2000,0,3,0.3871794871794872
190,2000,0,7,0.5732142857142858
111,2000,0,3,0.4735294117647059
166,2000,0,3,0.4529411764705882
162,2000,0,3,0.573469387755102
132,2000,0,5,0.3982758620689655
110,2000,0,4,0.3037735849056604
99,2000,0,3,0.523913043478261
161,2000,0,2,0.5640625
151,2000,0,1,0.6609756097560976
147,2000,0,0,0.3691176470588235
138,2000,0,7,0.2824561403508772
176,2000,0,7,0.5139534883720931
126,2000,0,0,0.4025
129,2000,0,7,0.4018181818181818
127,2000,0,1,0.3102564102564102
144,2000,0,3,0.3717391304347826
173,2000,0,3,0.2768115942028986
108,2000,0,1,0.4683333333333334
174,2000,0,2,0.4878787878787879
240,2000,0,8,0.5352941176470588
289,2000,0,9,0.3399999999999999
196,2000,0,0,0.742
256,2000,0,2,0.2833333333333333
213,2000,0,9,0.596875
241,2000,0,0,0.3638888888888889
267,2000,0,8,0.4301587301587302
221,2000,0,1,0.4366666666666666
286,2000,0,1,0.4033333333333333
215,2000,0,0,0.2630434782608695
212,2000,0,0,0.475
219,2000,0,1,0.5261904761904762
211,2000,0,2,0.6435897435897436
270,2000,0,5,0.3770833333333334
277,2000,0,2,0.6483870967741936
276,2000,0,2,0.2911111111111111
291,2000,0,1,0.7074074074074075
279,2000,0,0,0.4844827586206897
266,2000,0,1,0.4678571428571428
262,2000,0,1,0.5313725490196078
243,2000,0,1,0.5509803921568628
199,2000,0,4,0.2657894736842105
274,2000,0,0,0.4735294117647059
228,2000,0,0,0.617948717948718
225,2000,0,0,0.4275
223,2000,0,1,0.7382352941176471
253,2000,0,2,0.4194444444444444
290,2000,0,1,0.4263157894736842
261,2000,0,0,0.315625
193,2000,0,0,0.505
226,2000,0,2,0.5787878787878789
242,2000,0,1,0.9194444444444444
280,2000,0,1,0.5340425531914894
278,2000,0,8,0.37
272,2000,0,0,0.6885714285714286
235,2000,0,0,0.5477272727272727
197,2000,0,2,0.5146341463414634
255,2000,0,2,0.2981481481481481
281,2000,0,1,0.7382352941176471
239,2000,0,0,0.4763157894736842
220,2000,0,0,0.6314285714285715
218,2000,0,0,0.7805555555555556
201,2000,0,5,0.6483870967741936
238,2000,0,9,0.4272727272727272
275,2000,0,0,0.4147058823529411
198,2000,0,1,0.5289473684210527
216,2000,0,2,0.5775
284,2000,0,2,0.6028571428571429
205,2000,0,1,0.4525
227,2000,0,0,0.7295454545454546
288,2000,0,0,0.7295454545454546
258,2000,0,2,0.6868421052631579
244,2000,0,2,0.2951219512195122
263,2000,0,8,0.3358974358974358
287,2000,0,0,0.4918367346938775
254,2000,0,0,0.77
234,2000,0,0,0.2774999999999999
208,2000,0,6,0.4902439024390244
209,2000,0,0,0.4033333333333333
232,2000,0,2,0.3871794871794872
265,2000,0,3,0.5029411764705882
214,2000,0,0,0.4826923076923077
204,2000,0,1,0.3258064516129032
260,2000,0,1,0.5153846153846154
285,2000,0,0,0.4785714285714286
231,2000,0,1,0.7921052631578948
246,2000,0,5,0.565625
207,2000,0,2,0.3081632653061224
271,2000,0,1,0.6794117647058824
194,2000,0,0,0.4333333333333333
273,2000,0,8,0.3742857142857143
245,2000,0,2,0.4395833333333334
229,2000,0,5,0.2574468085106383
247,2000,0,5,0.4844827586206897
252,2000,0,2,0.3717391304347826
233,2000,0,0,0.5775
283,2000,0,9,0.442
264,2000,0,0,0.4870967741935483
257,2000,0,0,0.596875
222,2000,0,0,0.3742857142857143
203,2000,0,2,0.7274193548387097
210,2000,0,1,0.684
224,2000,0,1,0.4826923076923077
248,2000,0,0,0.4333333333333333
268,2000,0,0,0.5704545454545454
259,2000,0,0,0.6404255319148936
236,2000,0,2,0.29375
282,2000,0,0,0.3886363636363636
230,2000,0,0,0.7742857142857144
250,2000,0,2,0.3710526315789473
195,2000,0,0,0.6483870967741936
200,2000,0,1,0.4897435897435898
217,2000,0,0,0.8515151515151516
249,2000,0,2,0.5861111111111111
237,2000,0,2,0.4575757575757576
206,2000,0,2,0.4194444444444444
269,2000,0,0,0.4735294117647059
251,2000,0,0,0.4152173913043478
202,2000,0,5,0.2847826086956521
393,2001,0,0,0.3447368421052632
362,2001,0,4,0.2793103448275862
377,2001,0,1,0.6416666666666667
385,2001,0,5,0.3615384615384615
352,2001,0,1,0.5275000000000001
365,2001,0,0,0.6214285714285714
375,2001,0,9,0.4244444444444444
330,2001,0,0,0.6161290322580646
386,2001,0,2,0.3852941176470588
389,2001,0,1,0.4472222222222222
369,2001,0,0,0.4795454545454545
380,2001,0,2,0.4911111111111111
295,2001,0,2,0.2629629629629629
336,2001,0,2,0.5962962962962963
342,2001,0,3,0.2442857142857143
345,2001,0,0,0.4674418604651163
379,2001,0,9,0.55
296,2001,0,5,0.4624999999999999
356,2001,0,0,0.4529411764705882
312,2001,0,0,0.4426470588235294
334,2001,0,1,0.7055555555555556
325,2001,0,0,0.3865384615384615
324,2001,0,5,0.2290322580645161
383,2001,0,0,0.5026315789473684
392,2001,0,0,0.4688888888888889
373,2001,0,0,0.565625
381,2001,0,0,0.5705882352941177
314,2001,0,0,0.26
343,2001,0,0,0.6161290322580646
364,2001,0,9,0.7178571428571429
298,2001,0,1,0.4678571428571428
348,2001,0,2,0.628125
321,2001,0,0,0.3833333333333333
340,2001,0,0,0.6479166666666667
335,2001,0,2,0.4147058823529411
326,2001,0,0,0.4785714285714286
346,2001,0,0,0.5193548387096775
355,2001,0,2,0.3666666666666666
366,2001,0,0,0.2805555555555555
327,2001,0,2,0.6224137931034484
351,2001,0,0,0.8212121212121213
319,2001,0,0,0.86
332,2001,0,9,0.3457142857142857
328,2001,0,3,0.4209302325581395
382,2001,0,0,0.4897435897435898
390,2001,0,0,0.5901960784313726
353,2001,0,0,0.3133333333333333
370,2001,0,0,0.3133333333333333
341,2001,0,0,0.4142857142857143
292,2001,0,9,0.4441860465116279
320,2001,0,0,0.6302325581395349
338,2001,0,9,0.4381818181818182
311,2001,0,0,0.4351351351351352
391,2001,0,0,0.4641025641025641
308,2001,0,0,0.7125
331,2001,0,0,0.7104166666666667
317,2001,0,0,0.5023809523809524
337,2001,0,2,0.5787878787878789
396,2001,0,5,0.396969696969697
333,2001,0,1,0.4113636363636364
349,2001,0,5,0.3361111111111111
344,2001,0,7,0.3810810810810811
339,2001,0,0,0.5705882352941177
354,2001,0,0,0.4244444444444444
309,2001,0,0,0.3886363636363636
307,2001,0,1,0.5133333333333334
294,2001,0,6,0.4147058823529411
367,2001,0,9,0.4472222222222222
305,2001,0,2,0.4275
387,2001,0,0,0.502
313,2001,0,0,0.5553191489361703
395,2001,0,0,0.4102040816326531
384,2001,0,0,0.5437500000000001
394,2001,0,0,0.2711538461538461
358,2001,0,0,0.5035714285714286
306,2001,0,0,0.4244444444444444
318,2001,0,0,0.7275
371,2001,0,2,0.5027777777777778
315,2001,0,0,0.6205882352941177
293,2001,0,2,0.3852941176470588
350,2001,0,0,0.4804347826086957
376,2001,0,0,0.4351351351351352
304,2001,0,0,0.6942307692307692
302,2001,0,0,0.3979166666666667
310,2001,0,2,0.5509803921568628
372,2001,0,1,0.7729166666666667
297,2001,0,0,0.3355555555555555
300,2001,0,0,0.575925925925926
299,2001,0,0,0.4702127659574468
368,2001,0,5,0.5305555555555556
347,2001,0,0,0.29375
378,2001,0,0,0.4466666666666667
323,2001,0,0,0.5666666666666667
322,2001,0,0,0.3046511627906976
363,2001,0,0,0.4081081081081081
359,2001,0,0,0.5700000000000001
357,2001,0,5,0.5323529411764706
303,2001,0,1,0.4152173913043478
388,2001,0,0,0.4306122448979592
374,2001,0,0,0.5552631578947369
361,2001,0,2,0.3871794871794872
360,2001,0,1,0.4170731707317073
301,2001,0,5,0.5704545454545454
316,2001,0,4,0.5577777777777778
329,2001,0,0,0.3275
425,2001,0,0,0.5025000000000001
444,2001,0,2,0.6244444444444445
414,2001,0,5,0.5033333333333333
494,2001,0,4,0.523913043478261
417,2001,0,9,0.354054054054054
481,2001,0,0,0.3638297872340426
477,2001,0,0,0.7520833333333333
443,2001,0,2,0.9355555555555556
430,2001,0,1,0.725531914893617
492,2001,0,1,0.4906976744186047
442,2001,0,2,0.3526315789473684
397,2001,0,9,0.5634146341463415
465,2001,0,1,0.2688888888888889
413,2001,0,4,0.4225806451612903
453,2001,0,0,0.5779661016949152
401,2001,0,4,0.5875
427,2001,0,1,0.5027777777777778
423,2001,0,5,0.5033333333333333
450,2001,0,4,0.4128205128205128
404,2001,0,5,0.6870370370370371
488,2001,0,0,0.3431818181818182
464,2001,0,4,0.3886363636363636
398,2001,0,9,0.3363636363636363
468,2001,0,2,0.3447368421052632
459,2001,0,9,0.458695652173913
437,2001,0,9,0.4209302325581395
448,2001,0,6,0.6366666666666667
416,2001,0,5,0.3744186046511628
411,2001,0,4,0.3973684210526316
410,2001,0,5,0.4481481481481481
424,2001,0,3,0.3081632653061224
412,2001,0,2,0.3447368421052632
493,2001,0,0,0.331496062992126
439,2001,0,5,0.5162162162162163
472,2001,0,5,0.6690476190476191
435,2001,0,0,0.3865384615384615
474,2001,0,7,0.3934782608695652
487,2001,0,6,0.4194444444444444
479,2001,0,7,0.4568181818181818
462,2001,0,9,0.4063829787234043
418,2001,0,0,0.4272727272727272
407,2001,0,0,0.3710526315789473
403,2001,0,0,0.5456521739130435
426,2001,0,1,0.2846153846153846
400,2001,0,0,0.4025
421,2001,0,2,0.4568181818181818
471,2001,0,1,0.4244444444444444
428,2001,0,2,0.5101694915254238
445,2001,0,0,0.5410256410256411
461,2001,0,0,0.5366666666666667
422,2001,0,0,0.6243243243243244
406,2001,0,2,0.3976744186046512
483,2001,0,0,0.3827586206896551
485,2001,0,1,0.4575757575757576
456,2001,0,9,0.5139534883720931
433,2001,0,9,0.5372093023255814
452,2001,0,8,0.29375
473,2001,0,1,0.444
402,2001,0,6,0.3638297872340426
440,2001,0,6,0.3184210526315789
458,2001,0,0,0.4906976744186047
490,2001,0,6,0.37
451,2001,0,1,0.4272727272727272
429,2001,0,0,0.3447368421052632
489,2001,0,9,0.6028571428571429
482,2001,0,7,0.5552631578947369
476,2001,0,0,0.5854166666666667
438,2001,0,1,0.4775
455,2001,0,0,0.4725490196078432
436,2001,0,0,0.6386363636363637
415,2001,0,5,0.327027027027027
480,2001,0,0,0.45
432,2001,0,7,0.35625
484,2001,0,9,0.5617647058823529
408,2001,0,0,0.3525
495,2001,0,9,0.764
454,2001,0,9,0.6342105263157896
475,2001,0,4,0.3447368421052632
405,2001,0,0,0.917391304347826
434,2001,0,6,0.4244444444444444
460,2001,0,4,0.5222222222222223
491,2001,0,9,0.5023809523809524
467,2001,0,2,0.396969696969697
441,2001,0,9,0.3682926829268292
478,2001,0,0,0.3638888888888889
419,2001,0,0,0.7880952380952382
449,2001,0,5,0.6396551724137931
446,2001,0,0,0.7171428571428572
469,2001,0,0,0.6821428571428572
463,2001,0,9,0.4804347826086957
457,2001,0,0,0.4653846153846154
470,2001,0,2,0.4833333333333333
399,2001,0,9,0.430952380952381
431,2001,0,2,0.3264705882352941
420,2001,0,0,0.5022727272727273
466,2001,0,9,0.3511627906976744
447,2001,0,9,0.6534883720930232
409,2001,0,2,0.46
486,2001,0,1,0.5499999999999999
529,2002,0,4,0.35625
506,2002,0,8,0.3290909090909091
576,2002,0,9,0.41875
533,2002,0,9,0.4911111111111111
591,2002,0,5,0.6690476190476191
498,2002,0,4,0.3358974358974358
571,2002,0,3,0.3615384615384615
504,2002,0,3,0.6416666666666667
596,2002,0,8,0.6613636363636364
540,2002,0,8,0.4648148148148148
565,2002,0,1,0.5403846153846155
581,2002,0,3,0.5604651162790698
570,2002,0,8,0.5098360655737705
569,2002,0,6,0.4885714285714286
580,2002,0,6,0.2977272727272727
523,2002,0,9,0.6028571428571429
535,2002,0,8,0.662
522,2002,0,7,0.435
600,2002,0,9,0.4225806451612903
593,2002,0,8,0.4775
588,2002,0,3,0.4209302325581395
497,2002,0,4,0.642
513,2002,0,8,0.4725490196078432
597,2002,0,9,0.4674418604651163
605,2002,0,9,0.4106060606060606
503,2002,0,9,0.5098360655737705
549,2002,0,9,0.4063829787234043
561,2002,0,8,0.525
602,2002,0,9,0.4476923076923077
575,2002,0,9,0.4441860465116279
573,2002,0,9,0.6694444444444445
557,2002,0,9,0.5704545454545454
551,2002,0,9,0.5171875
524,2002,0,8,0.442
510,2002,0,5,0.694871794871795
583,2002,0,3,0.4209302325581395
542,2002,0,5,0.5732142857142858
559,2002,0,5,0.3973684210526316
555,2002,0,5,0.3288461538461539
550,2002,0,4,0.4366666666666666
548,2002,0,4,0.4844827586206897
517,2002,0,4,0.6513513513513514
553,2002,0,4,0.3852941176470588
543,2002,0,4,0.3282608695652174
603,2002,0,7,0.6157894736842106
541,2002,0,2,0.396969696969697
582,2002,0,7,0.4381818181818182
579,2002,0,3,0.5704545454545454
568,2002,0,9,0.45
519,2002,0,6,0.3979166666666667
507,2002,0,3,0.3659090909090909
509,2002,0,0,0.3264705882352941
595,2002,0,3,0.3453125
586,2002,0,2,0.446031746031746
499,2002,0,3,0.5807017543859649
564,2002,0,3,0.5456140350877193
511,2002,0,3,0.5390243902439025
585,2002,0,4,0.5654545454545454
589,2002,0,9,0.3797297297297297
532,2002,0,4,0.5437500000000001
521,2002,0,4,0.5280701754385965
527,2002,0,4,0.6911111111111111
547,2002,0,9,0.5982456140350877
577,2002,0,9,0.4481481481481481
546,2002,0,8,0.3258064516129032
536,2002,0,4,0.3637931034482758
545,2002,0,4,0.3693877551020408
539,2002,0,4,0.3836363636363636
566,2002,0,3,0.3745762711864407
496,2002,0,8,0.3638888888888889
520,2002,0,4,0.3204545454545454
538,2002,0,1,0.4254237288135593
515,2002,0,7,0.3046511627906976
554,2002,0,7,0.615909090909091
518,2002,0,0,0.5027777777777778
508,2002,0,4,0.5025000000000001
601,2002,0,5,0.3887096774193548
501,2002,0,7,0.360377358490566
604,2002,0,5,0.4209302325581395
587,2002,0,8,0.5604651162790698
544,2002,0,5,0.4303571428571429
598,2002,0,3,0.4863636363636364
500,2002,0,4,0.45
590,2002,0,9,0.4678571428571428
599,2002,0,5,0.3916666666666666
574,2002,0,3,0.4194029850746268
558,2002,0,3,0.3979166666666667
502,2002,0,2,0.2796296296296296
514,2002,0,3,0.5732142857142858
552,2002,0,3,0.3511627906976744
562,2002,0,3,0.2951219512195122
537,2002,0,4,0.2892857142857142
528,2002,0,9,0.4466666666666667
512,2002,0,4,0.5666666666666667
556,2002,0,4,0.4714285714285715
563,2002,0,6,0.4906976744186047
567,2002,0,7,0.5861111111111111
516,2002,0,5,0.4918367346938775
534,2002,0,1,0.4257575757575758
560,2002,0,8,0.3973684210526316
594,2002,0,1,0.4137254901960784
530,2002,0,4,0.4172413793103448
572,2002,0,3,0.5376811594202898
505,2002,0,3,0.4067567567567567
526,2002,0,3,0.6386363636363637
578,2002,0,3,0.4482142857142857
531,2002,0,3,0.5484375
584,2002,0,5,0.3934782608695652
525,2002,0,4,0.482
592,2002,0,3,0.4063829787234043
658,2002,0,5,0.4839285714285714
692,2002,0,8,0.6161290322580646
672,2002,0,5,0.3096153846153846
691,2002,0,4,0.3195121951219512
673,2002,0,7,0.4351351351351352
676,2002,0,4,0.5879310344827586
612,2002,0,6,0.5113207547169811
607,2002,0,6,0.2244444444444444
633,2002,0,7,0.5750000000000001
615,2002,0,7,0.4525
625,2002,0,6,0.6435897435897436
693,2002,0,1,0.3683333333333333
623,2002,0,4,0.505
668,2002,0,7,0.7880952380952382
665,2002,0,6,0.35625
697,2002,0,3,0.3025
713,2002,0,6,0.3926829268292683
667,2002,0,8,0.35625
626,2002,0,8,0.396969696969697
699,2002,0,8,0.4462962962962963
618,2002,0,7,0.4897435897435898
648,2002,0,5,0.4028571428571428
674,2002,0,8,0.7133333333333334
632,2002,0,8,0.2574468085106383
653,2002,0,9,0.4804347826086957
643,2002,0,8,0.4529411764705882
687,2002,0,9,0.4918367346938775
688,2002,0,8,0.5105263157894737
698,2002,0,8,0.5095238095238096
669,2002,0,8,0.4381818181818182
630,2002,0,6,0.4081081081081081
700,2002,0,8,0.3810810810810811
701,2002,0,8,0.6694444444444445
649,2002,0,8,0.4745454545454545
664,2002,0,8,0.4658536585365854
671,2002,0,9,0.3
678,2002,0,8,0.456060606060606
631,2002,0,3,0.3589285714285714
682,2002,0,8,0.5820000000000001
652,2002,0,9,0.5026315789473684
617,2002,0,8,0.5878048780487806
636,2002,0,8,0.6617021276595745
695,2002,0,1,0.9208333333333334
611,2002,0,8,0.5640625
646,2002,0,6,0.4275
712,2002,0,1,0.3188235294117647
694,2002,0,5,0.3350877192982456
704,2002,0,9,0.3275
627,2002,0,6,0.3979166666666667
706,2002,0,0,0.3595238095238095
616,2002,0,7,0.597872340425532
705,2002,0,9,0.3282608695652174
711,2002,0,7,0.6479166666666667
635,2002,0,7,0.3069444444444444
656,2002,0,4,0.3907407407407408
708,2002,0,7,0.4081081081081081
670,2002,0,6,0.5206896551724138
677,2002,0,7,0.4137254901960784
629,2002,0,6,0.762
639,2002,0,7,0.2574468085106383
710,2002,0,7,0.502
679,2002,0,7,0.3833333333333333
686,2002,0,6,0.5410256410256411
689,2002,0,4,0.6270833333333333
641,2002,0,8,0.4476923076923077
655,2002,0,6,0.5702702702702703
642,2002,0,6,0.4924528301886792
660,2002,0,4,0.4063829787234043
675,2002,0,6,0.97
638,2002,0,7,0.4725490196078432
657,2002,0,9,0.6927272727272727
707,2002,0,9,0.4303571428571429
640,2002,0,7,0.5153846153846154
637,2002,0,8,0.5742857142857143
634,2002,0,9,0.5355555555555556
684,2002,0,6,0.3838235294117647
614,2002,0,7,0.3290909090909091
606,2002,0,5,0.3
702,2002,0,4,0.5388059701492538
666,2002,0,8,0.6138888888888889
709,2002,0,4,0.4548387096774193
619,2002,0,2,0.4466666666666667
610,2002,0,6,0.5366666666666667
703,2002,0,8,0.3833333333333333
644,2002,0,5,0.475
683,2002,0,9,0.4172413793103448
663,2002,0,8,0.4563636363636364
654,2002,0,8,0.322
651,2002,0,1,0.3589285714285714
622,2002,0,4,0.3836363636363636
608,2002,0,7,0.4113636363636364
681,2002,0,6,0.7680851063829788
680,2002,0,7,0.4472222222222222
620,2002,0,5,0.3065217391304348
659,2002,0,7,0.4725490196078432
624,2002,0,4,0.4033333333333333
645,2002,0,7,0.5765957446808511
690,2002,0,5,0.3659090909090909
621,2002,0,6,0.4568181818181818
685,2002,0,6,0.4209677419354839
647,2002,0,6,0.6386363636363637
662,2002,0,7,0.4022222222222222
650,2002,0,6,0.3298507462686567
661,2002,0,7,0.6576923076923078
613,2002,0,4,0.2967213114754098
609,2002,0,6,0.3352941176470588
696,2002,0,4,0.4441176470588235
628,2002,0,9,0.2563636363636363
812,2003,0,6,0.346551724137931
767,2003,0,0,0.4113636363636364
795,2003,0,9,0.5027777777777778
785,2003,0,8,0.4795454545454545
728,2003,0,8,0.5854166666666667
776,2003,0,7,0.3659090909090909
722,2003,0,7,0.3659090909090909
743,2003,0,0,0.2846153846153846
721,2003,0,3,0.3934782608695652
792,2003,0,5,0.3212765957446808
787,2003,0,5,0.3511627906976744
715,2003,0,3,0.4678571428571428
817,2003,0,8,0.374074074074074
772,2003,0,8,0.5577777777777778
718,2003,0,8,0.3927536231884058
752,2003,0,1,0.4563636363636364
763,2003,0,7,0.5025000000000001
799,2003,0,3,0.4272727272727272
793,2003,0,8,0.5553571428571429
758,2003,0,3,0.5980769230769231
808,2003,0,3,0.5015151515151516
719,2003,0,1,0.3516666666666667
724,2003,0,7,0.3109090909090909
757,2003,0,3,0.6294117647058823
736,2003,0,8,0.3979166666666667
779,2003,0,8,0.5127659574468085
796,2003,0,3,0.4147058823529411
774,2003,0,3,0.4142857142857143
748,2003,0,3,0.5098360655737705
802,2003,0,0,0.3202898550724637
780,2003,0,8,0.3347826086956522
764,2003,0,3,0.28875
806,2003,0,5,0.4735294117647059
800,2003,0,9,0.2425925925925925
783,2003,0,1,0.3693877551020408
747,2003,0,7,0.3516666666666667
771,2003,0,5,0.2459459459459459
777,2003,0,0,0.3887096774193548
778,2003,0,4,0.5238805970149254
766,2003,0,7,0.35
811,2003,0,6,0.3725806451612903
816,2003,0,5,0.4114754098360656
770,2003,0,4,0.4423728813559322
782,2003,0,4,0.4878378378378378
735,2003,0,7,0.6416666666666667
807,2003,0,2,0.2787234042553191
754,2003,0,3,0.3366666666666666
739,2003,0,4,0.3877192982456141
742,2003,0,5,0.482
784,2003,0,3,0.476271186440678
809,2003,0,8,0.3666666666666666
803,2003,0,6,0.442
789,2003,0,4,0.4442857142857143
731,2003,0,3,0.2967213114754098
716,2003,0,4,0.597872340425532
744,2003,0,6,0.4078125
791,2003,0,3,0.7862745098039216
801,2003,0,3,0.7112903225806452
732,2003,0,7,0.5683333333333334
769,2003,0,4,0.5490566037735849
797,2003,0,3,0.553061224489796
740,2003,0,6,0.4370967741935484
727,2003,0,2,0.4155172413793103
730,2003,0,3,0.5203703703703704
723,2003,0,8,0.8135135135135135
751,2003,0,3,0.5571428571428572
717,2003,0,7,0.5861538461538461
786,2003,0,3,0.5390243902439025
762,2003,0,2,0.3303797468354431
810,2003,0,7,0.7981481481481482
804,2003,0,3,0.5679245283018868
734,2003,0,7,0.3946428571428572
750,2003,0,3,0.3803030303030303
759,2003,0,3,0.5772727272727273
775,2003,0,7,0.3810344827586207
725,2003,0,9,0.5390243902439025
753,2003,0,3,0.3057971014492754
737,2003,0,5,0.4660714285714286
788,2003,0,5,0.4186813186813187
815,2003,0,4,0.4678571428571428
814,2003,0,6,0.3954545454545455
749,2003,0,6,0.5025000000000001
781,2003,0,8,0.553448275862069
813,2003,0,7,0.4532258064516129
733,2003,0,3,0.3877192982456141
755,2003,0,3,0.4277777777777778
818,2003,0,3,0.3895522388059702
726,2003,0,3,0.6951612903225807
720,2003,0,9,0.3544117647058823
794,2003,0,2,0.2596774193548387
790,2003,0,7,0.5372093023255814
738,2003,0,7,0.4137254901960784
746,2003,0,5,0.5455882352941177
745,2003,0,6,0.302
714,2003,0,4,0.4129411764705882
805,2003,0,7,0.5017857142857143
741,2003,0,6,0.3839506172839506
761,2003,0,4,0.3775
773,2003,0,3,0.5372093023255814
756,2003,0,3,0.4534246575342466
798,2003,0,6,0.4927272727272727
760,2003,0,5,0.4189873417721519
765,2003,0,9,0.2711538461538461
768,2003,0,6,0.3747252747252747
729,2003,0,3,0.4835294117647059
868,2003,0,7,0.4482142857142857
917,2003,0,8,0.7205128205128205
902,2003,0,5,0.360377358490566
825,2003,0,8,0.4902439024390244
906,2003,0,9,0.3946428571428572
883,2003,0,8,0.3897959183673469
934,2003,0,8,0.4575757575757576
882,2003,0,8,0.3666666666666666
889,2003,0,8,0.6755102040816326
928,2003,0,6,0.7025
834,2003,0,9,0.4275
851,2003,0,8,0.5356164383561643
843,2003,0,1,0.425
855,2003,0,4,0.6543478260869565
926,2003,0,8,0.4254237288135593
874,2003,0,9,0.7903846153846155
830,2003,0,8,0.396969696969697
915,2003,0,8,0.6625
916,2003,0,8,0.3597014925373134
892,2003,0,6,0.4578947368421053
911,2003,0,8,0.3597014925373134
877,2003,0,8,0.6508771929824562
888,2003,0,5,0.3745762711864407
840,2003,0,8,0.6346938775510205
930,2003,0,2,0.3526315789473684
822,2003,0,6,0.5982456140350877
885,2003,0,8,0.523913043478261
864,2003,0,8,0.4022222222222222
875,2003,0,8,0.5231884057971015
935,2003,0,8,0.5101694915254238
932,2003,0,7,0.3
849,2003,0,8,0.4660714285714286
884,2003,0,8,0.5972972972972973
912,2003,0,8,0.6446428571428572
895,2003,0,3,0.5280701754385965
910,2003,0,8,0.4303571428571429
841,2003,0,4,0.4714285714285715
847,2003,0,6,0.4048387096774193
922,2003,0,1,0.4397260273972603
856,2003,0,1,0.2728813559322034
913,2003,0,6,0.4395833333333334
850,2003,0,6,0.5086956521739131
838,2003,0,4,0.5432432432432432
924,2003,0,8,0.502
824,2003,0,6,0.3651515151515151
869,2003,0,9,0.3511627906976744
857,2003,0,7,0.4678571428571428
876,2003,0,4,0.5742857142857143
897,2003,0,7,0.7814814814814816
898,2003,0,6,0.3722222222222222
904,2003,0,7,0.4244444444444444
862,2003,0,4,0.2903846153846153
854,2003,0,7,0.5372093023255814
894,2003,0,7,0.5490566037735849
859,2003,0,5,0.362
827,2003,0,7,0.3366666666666666
896,2003,0,9,0.4084745762711864
929,2003,0,7,0.861904761904762
837,2003,0,7,0.35625
873,2003,0,6,0.4092592592592592
839,2003,0,5,0.3453125
852,2003,0,7,0.4333333333333333
870,2003,0,6,0.4743243243243243
835,2003,0,7,0.3096153846153846
887,2003,0,7,0.6121951219512195
863,2003,0,4,0.4018181818181818
925,2003,0,4,0.4839285714285714
846,2003,0,6,0.642
833,2003,0,4,0.3585714285714286
920,2003,0,6,0.5326530612244899
881,2003,0,4,0.3577777777777778
914,2003,0,4,0.4466666666666667
842,2003,0,7,0.2688888888888889
903,2003,0,6,0.35
919,2003,0,2,0.2984375
899,2003,0,6,0.4106060606060606
819,2003,0,6,0.502
845,2003,0,9,0.3507936507936508
829,2003,0,6,0.3112676056338028
931,2003,0,7,0.5092307692307693
890,2003,0,7,0.6464285714285715
831,2003,0,7,0.4548387096774193
878,2003,0,1,0.3673076923076923
921,2003,0,8,0.3425531914893617
905,2003,0,6,0.4155172413793103
918,2003,0,6,0.4859375
891,2003,0,5,0.617948717948718
858,2003,0,6,0.5836363636363636
860,2003,0,6,0.7435483870967742
844,2003,0,6,0.3926829268292683
865,2003,0,6,0.5019230769230769
923,2003,0,2,0.6243243243243244
821,2003,0,0,0.4084745762711864
927,2003,0,7,0.5021739130434782
823,2003,0,1,0.3577777777777778
826,2003,0,5,0.4022222222222222
828,2003,0,6,0.5901960784313726
832,2003,0,4,0.6173076923076923
871,2003,0,9,0.3190476190476191
872,2003,0,4,0.5509803921568628
867,2003,0,4,0.4918367346938775
933,2003,0,3,0.4839285714285714
909,2003,0,6,0.6767441860465117
820,2003,0,5,0.482716049382716
836,2003,0,7,0.508955223880597
848,2003,0,6,0.962
900,2003,0,8,0.2711538461538461
901,2003,0,6,0.4084745762711864
879,2003,0,6,0.5098360655737705
880,2003,0,5,0.4859375
853,2003,0,6,0.5640625
861,2003,0,8,0.2577981651376146
886,2003,0,6,0.425
893,2003,0,4,0.3389610389610389
908,2003,0,9,0.3202898550724637
907,2003,0,6,0.6516666666666667
866,2003,0,7,0.3609375
977,2004,1,3,0.5442857142857143
974,2004,1,3,0.4369565217391304
1044,2004,1,0,0.35625
975,2004,1,5,0.3775
964,2004,1,8,0.5455882352941177
1035,2004,1,3,0.396969696969697
937,2004,1,3,0.4804347826086957
942,2004,1,1,0.4018181818181818
939,2004,1,4,0.6404255319148936
968,2004,1,8,0.4416666666666667
944,2004,1,3,0.6775
1008,2004,1,0,0.5976190476190476
1000,2004,1,1,0.2312499999999999
1038,2004,1,3,0.4111111111111111
949,2004,1,9,0.5604651162790698
1023,2004,1,3,0.5982456140350877
936,2004,1,3,0.5949152542372882
954,2004,1,3,0.4236842105263158
966,2004,1,0,0.4137254901960784
973,2004,1,3,0.2764705882352941
1022,2004,1,5,0.534375
1002,2004,1,9,0.6416666666666667
991,2004,1,5,0.4897435897435898
1045,2004,1,8,0.4228070175438597
1014,2004,1,8,0.3946428571428572
967,2004,1,3,0.4340909090909091
953,2004,1,0,0.2552238805970149
1015,2004,1,2,0.7861538461538462
1020,2004,1,2,0.6381818181818182
976,2004,1,0,0.3282608695652174
1016,2004,1,3,0.6811320754716982
983,2004,1,9,0.5014705882352941
978,2004,1,5,0.4333333333333333
1032,2004,1,8,0.41875
962,2004,1,0,0.775
945,2004,1,9,0.5355555555555556
1027,2004,1,9,0.482
946,2004,1,0,0.3355555555555555
963,2004,1,9,0.2695121951219512
1025,2004,1,3,0.3745098039215686
1029,2004,1,4,0.4902439024390244
1011,2004,1,7,0.4170731707317073
965,2004,1,4,0.4384615384615385
943,2004,1,4,0.446031746031746
1021,2004,1,3,0.5472727272727272
986,2004,1,4,0.5549999999999999
992,2004,1,7,0.3858974358974359
999,2004,1,6,0.3833333333333333
1024,2004,1,0,0.4674418604651163
988,2004,1,3,0.5305555555555556
958,2004,1,9,0.3358974358974358
970,2004,1,9,0.7457142857142858
1037,2004,1,5,0.4157142857142857
982,2004,1,3,0.45
980,2004,1,1,0.642
997,2004,1,0,0.2555555555555556
1043,2004,1,3,0.2576923076923077
993,2004,1,3,0.4621621621621622
1030,2004,1,3,0.3290909090909091
984,2004,1,6,0.4725490196078432
1034,2004,1,3,0.6490196078431373
981,2004,1,1,0.4358490566037736
959,2004,1,1,0.3985294117647059
961,2004,1,6,0.4735294117647059
955,2004,1,6,0.3858974358974359
1028,2004,1,3,0.3673076923076923
1019,2004,1,3,0.5153846153846154
979,2004,1,0,0.4351351351351352
985,2004,1,7,0.4340909090909091
940,2004,1,3,0.5313253012048192
1039,2004,1,2,0.405050505050505
1012,2004,1,3,0.2481481481481481
938,2004,1,5,0.3526315789473684
1042,2004,1,0,0.6342105263157896
1040,2004,1,9,0.4052631578947369
998,2004,1,5,0.668421052631579
995,2004,1,5,0.5604651162790698
1006,2004,1,6,0.3544117647058823
951,2004,1,0,0.6302325581395349
956,2004,1,5,0.4745454545454545
969,2004,1,9,0.3349206349206349
996,2004,1,6,0.3525
1004,2004,1,3,0.4534246575342466
972,2004,1,3,0.4443298969072165
941,2004,1,3,0.6013333333333334
1017,2004,1,3,0.3988636363636363
1005,2004,1,0,0.5166666666666667
1033,2004,1,5,0.3728571428571429
1013,2004,1,5,0.296078431372549
1003,2004,1,3,0.4015384615384615
1041,2004,1,9,0.3576271186440678
1026,2004,1,2,0.2921052631578947
1046,2004,1,3,0.4277777777777778
987,2004,1,6,0.3984126984126984
952,2004,1,3,0.287012987012987
960,2004,1,1,0.3761363636363636
1047,2004,1,2,0.482
948,2004,1,3,0.4547619047619048
990,2004,1,1,0.4340909090909091
1018,2004,1,9,0.3865384615384615
957,2004,1,3,0.5835443037974684
1010,2004,1,2,0.5181818181818182
1007,2004,1,1,0.502
1009,2004,1,0,0.622
989,2004,1,0,0.4125
947,2004,1,8,0.4057692307692307
994,2004,1,3,0.5891304347826087
1001,2004,1,0,0.6089285714285715
1031,2004,1,3,0.5326530612244899
950,2004,1,0,0.5305555555555556
1036,2004,1,0,0.4885714285714286
971,2004,1,9,0.3525
1079,2004,1,1,0.6192307692307693
1142,2004,1,7,0.327027027027027
1131,2004,1,6,0.3765625
1120,2004,1,8,0.3282608695652174
1092,2004,1,9,0.325
1147,2004,1,5,0.2749999999999999
1129,2004,1,0,0.5017241379310345
1170,2004,1,7,0.5021739130434782
1076,2004,1,8,0.5021739130434782
1094,2004,1,6,0.4063829787234043
1054,2004,1,8,0.3282608695652174
1102,2004,1,1,0.4885714285714286
1171,2004,1,1,0.5275000000000001
1136,2004,1,1,0.5552631578947369
1091,2004,1,4,0.3775
1165,2004,1,6,0.5552631578947369
1077,2004,1,8,0.3865384615384615
1141,2004,1,8,0.4703125
1123,2004,1,7,0.4763157894736842
1069,2004,1,4,0.5098360655737705
1063,2004,1,8,0.7097560975609757
1065,2004,1,0,0.3355555555555555
1078,2004,1,8,0.3979166666666667
1138,2004,1,5,0.4395833333333334
1148,2004,1,2,0.3480769230769231
1143,2004,1,5,0.2951219512195122
1153,2004,1,9,0.5938775510204082
1130,2004,1,8,0.323728813559322
1090,2004,1,4,0.2904761904761904
1111,2004,1,8,0.4052631578947369
1158,2004,1,8,0.5372093023255814
1162,2004,1,1,0.5023809523809524
1068,2004,1,2,0.3638888888888889
1135,2004,1,8,0.4057692307692307
1101,2004,1,8,0.4333333333333333
1067,2004,1,0,0.475
1066,2004,1,2,0.5509803921568628
1103,2004,1,6,0.3016666666666667
1166,2004,1,1,0.4735849056603773
1167,2004,1,1,0.4870967741935483
1156,2004,1,8,0.4278688524590164
1134,2004,1,0,0.7318181818181819
1126,2004,1,0,0.5553191489361703
1080,2004,1,2,0.2203125
1150,2004,1,2,0.3431818181818182
1075,2004,1,1,0.382
1072,2004,1,9,0.4209677419354839
1062,2004,1,2,0.5458333333333333
1056,2004,1,0,0.4862068965517241
1116,2004,1,3,0.42
1086,2004,1,9,0.482
1050,2004,1,3,0.4414634146341464
1157,2004,1,7,0.8184210526315789
1105,2004,1,5,0.5162162162162163
1117,2004,1,6,0.2787234042553191
1087,2004,1,5,0.2951219512195122
1061,2004,1,8,0.3358974358974358
1149,2004,1,2,0.4128205128205128
1095,2004,1,7,0.47
1059,2004,1,7,0.3558823529411765
1114,2004,1,5,0.3137931034482758
1139,2004,1,5,0.6393939393939394
1048,2004,1,4,0.2729729729729729
1051,2004,1,6,0.3525
1052,2004,1,5,0.7054054054054054
1057,2004,1,3,0.523913043478261
1160,2004,1,1,0.5931818181818183
1161,2004,1,2,0.4720588235294118
1089,2004,1,1,0.2568627450980392
1099,2004,1,2,0.4147058823529411
1125,2004,1,8,0.4462962962962963
1104,2004,1,9,0.4775
1118,2004,1,9,0.2824561403508772
1146,2004,1,2,0.3288461538461539
1110,2004,1,5,0.48125
1133,2004,1,2,0.6246753246753247
1071,2004,1,7,0.3453125
1098,2004,1,2,0.7054054054054054
1159,2004,1,3,0.2805555555555555
1084,2004,1,9,0.6688888888888889
1060,2004,1,9,0.3851063829787234
1137,2004,1,5,0.476271186440678
1140,2004,1,0,0.4370967741935484
1127,2004,1,5,0.3666666666666667
1168,2004,1,5,0.6435897435897436
1083,2004,1,8,0.3156862745098039
1093,2004,1,0,0.4340909090909091
1122,2004,1,5,0.3926829268292683
1115,2004,1,2,0.4170731707317073
1119,2004,1,0,0.635
1064,2004,1,0,0.3707692307692308
1154,2004,1,5,0.5820000000000001
1124,2004,1,0,0.3836363636363636
1151,2004,1,5,0.5432432432432432
1074,2004,1,5,0.530188679245283
1128,2004,1,3,0.4795454545454545
1144,2004,1,4,0.2911111111111111
1132,2004,1,0,0.5127659574468085
1169,2004,1,4,0.3982758620689655
1163,2004,1,8,0.3439024390243902
1112,2004,1,9,0.5139534883720931
1055,2004,1,1,0.5022727272727273
1107,2004,1,4,0.6686274509803922
1088,2004,1,4,0.5878048780487806
1106,2004,1,2,0.4092592592592592
1121,2004,1,6,0.6880597014925374
1108,2004,1,0,0.3775
1049,2004,1,1,0.3350877192982456
1053,2004,1,4,0.4619047619047619
1081,2004,1,8,0.3638297872340426
1082,2004,1,9,0.4797101449275363
1152,2004,1,9,0.5021739130434782
1085,2004,1,0,0.2519230769230769
1155,2004,1,5,0.4209677419354839
1145,2004,1,5,0.5355555555555556
1097,2004,1,6,0.476271186440678
1100,2004,1,6,0.4492537313432836
1096,2004,1,2,0.5407894736842106
1070,2004,1,8,0.4155172413793103
1109,2004,1,6,0.5196428571428572
1164,2004,1,7,0.3609375
1113,2004,1,1,0.3050632911392405
1073,2004,1,1,0.4826923076923077
1058,2004,1,6,0.482716049382716
1184,2005,2,1,0.5673913043478261
1235,2005,2,1,0.3357142857142857
1188,2005,2,3,0.4785714285714286
1252,2005,2,0,0.3810344827586207
1214,2005,2,4,0.296078431372549
1176,2005,2,1,0.47
1282,2005,2,0,0.5931818181818183
1265,2005,2,1,0.3915254237288136
1270,2005,2,9,0.3415094339622642
1280,2005,2,9,0.48125
1182,2005,2,3,0.4918367346938775
1183,2005,2,5,0.3447368421052632
1243,2005,2,8,0.6806451612903226
1225,2005,2,3,0.4303571428571429
1220,2005,2,3,0.4441860465116279
1295,2005,2,1,0.6069767441860465
1173,2005,2,8,0.5772727272727273
1221,2005,2,5,0.5025000000000001
1251,2005,2,3,0.7346153846153847
1175,2005,2,6,0.6911111111111111
1180,2005,2,0,0.2903846153846153
1237,2005,2,2,0.5229166666666667
1217,2005,2,9,0.4678571428571428
1286,2005,2,9,0.4529411764705882
1232,2005,2,2,0.4169811320754717
1204,2005,2,2,0.3717391304347826
1266,2005,2,2,0.4327586206896552
1242,2005,2,0,0.5015625
1271,2005,2,9,0.42
1193,2005,2,3,0.6696969696969698
1289,2005,2,3,0.4529411764705882
1278,2005,2,1,0.7805555555555556
1197,2005,2,3,0.5189655172413793
1224,2005,2,3,0.523913043478261
1223,2005,2,3,0.4063829787234043
1261,2005,2,2,0.3171428571428571
1287,2005,2,3,0.4018181818181818
1254,2005,2,1,0.4785714285714286
1177,2005,2,1,0.4092592592592592
1240,2005,2,9,0.6214285714285714
1200,2005,2,3,0.5705882352941177
1218,2005,2,0,0.2757575757575757
1208,2005,2,3,0.6692307692307693
1207,2005,2,6,0.3439024390243902
1249,2005,2,1,0.4728571428571428
1268,2005,2,9,0.3810810810810811
1198,2005,2,8,0.3941176470588236
1257,2005,2,7,0.6214285714285714
1292,2005,2,5,0.4763157894736842
1196,2005,2,0,0.3459016393442623
1239,2005,2,5,0.3212765957446808
1264,2005,2,0,0.7654545454545455
1216,2005,2,5,0.3615384615384615
1211,2005,2,2,0.3615384615384615
1259,2005,2,9,0.5020833333333333
1255,2005,2,2,0.46
1297,2005,2,7,0.3833333333333333
1185,2005,2,4,0.4688888888888889
1269,2005,2,7,0.485483870967742
1253,2005,2,0,0.3350877192982456
1267,2005,2,0,0.4885714285714286
1250,2005,2,3,0.3511627906976744
1189,2005,2,4,0.5122448979591837
1213,2005,2,2,0.3358974358974358
1245,2005,2,1,0.6806451612903226
1174,2005,2,3,0.5742857142857143
1284,2005,2,2,0.4785714285714286
1275,2005,2,1,0.4482142857142857
1248,2005,2,3,0.8049180327868852
1272,2005,2,9,0.5098360655737705
1263,2005,2,2,0.3765625
1276,2005,2,9,0.6183333333333334
1238,2005,2,0,0.4170731707317073
1202,2005,2,2,0.5025000000000001
1191,2005,2,4,0.4770491803278688
1258,2005,2,2,0.3232142857142857
1291,2005,2,2,0.5171428571428572
1230,2005,2,0,0.4048387096774193
1298,2005,2,9,0.6107142857142858
1285,2005,2,2,0.362
1192,2005,2,3,0.5621212121212121
1260,2005,2,2,0.422
1206,2005,2,2,0.5610169491525424
1241,2005,2,8,0.617948717948718
1294,2005,2,4,0.6396551724137931
1210,2005,2,5,0.4028571428571428
1256,2005,2,4,0.721875
1229,2005,2,2,0.3871794871794872
1201,2005,2,3,0.5931818181818183
1279,2005,2,5,0.5630136986301371
1296,2005,2,1,0.2517857142857143
1234,2005,2,5,0.4525
1219,2005,2,5,0.3926829268292683
1181,2005,2,4,0.5261904761904762
1293,2005,2,7,0.4735849056603773
1231,2005,2,1,0.3511627906976744
1187,2005,2,7,0.3226415094339623
1203,2005,2,3,0.3659090909090909
1233,2005,2,3,0.4278688524590164
1274,2005,2,1,0.4725490196078432
1195,2005,2,6,0.4048387096774193
1290,2005,2,6,0.436231884057971
1244,2005,2,9,0.4111111111111111
1199,2005,2,3,0.7557377049180328
1281,2005,2,6,0.4833333333333333
1228,2005,2,1,0.6685185185185185
1236,2005,2,1,0.5153846153846154
1205,2005,2,3,0.5372093023255814
1246,2005,2,7,0.6214285714285714
1273,2005,2,4,0.6314285714285715
1227,2005,2,8,0.4209677419354839
1178,2005,2,2,0.523913043478261
1262,2005,2,0,0.4395833333333334
1222,2005,2,5,0.3583333333333333
1215,2005,2,3,0.422
1277,2005,2,5,0.4634615384615385
1283,2005,2,2,0.2893939393939394
1179,2005,2,9,0.4660714285714286
1186,2005,2,1,0.2919354838709677
1194,2005,2,5,0.4072463768115942
1209,2005,2,6,0.4590361445783132
1212,2005,2,6,0.2770114942528736
1190,2005,2,0,0.5931818181818183
1172,2005,2,1,0.508
1247,2005,2,3,0.5152380952380953
1288,2005,2,0,0.4114754098360656
1226,2005,2,0,0.3011111111111111
1317,2005,2,2,0.3615384615384615
1383,2005,2,9,0.4113636363636364
1341,2005,2,4,0.3298507462686567
1372,2005,2,7,0.5976190476190476
1337,2005,2,7,0.5704545454545454
1405,2005,2,7,0.360377358490566
1400,2005,2,1,0.3511627906976744
1359,2005,2,2,0.4114754098360656
1366,2005,2,1,0.448936170212766
1304,2005,2,1,0.3916666666666666
1350,2005,2,8,0.4369565217391304
1334,2005,2,7,0.6346938775510205
1444,2005,2,9,0.3916666666666666
1329,2005,2,8,0.382
1300,2005,2,1,0.5923076923076923
1373,2005,2,6,0.382
1415,2005,2,1,0.4678571428571428
1332,2005,2,5,0.3525
1448,2005,2,1,0.3511627906976744
1387,2005,2,1,0.2911111111111111
1355,2005,2,7,0.6396551724137931
1391,2005,2,5,0.5891304347826087
1323,2005,2,2,0.4754385964912281
1361,2005,2,1,0.3480769230769231
1396,2005,2,1,0.442
1452,2005,2,8,0.5139534883720931
1394,2005,2,6,0.517741935483871
1303,2005,2,8,0.5666666666666667
1399,2005,2,7,0.4735294117647059
1434,2005,2,2,0.5645833333333333
1377,2005,2,1,0.4754385964912281
1420,2005,2,8,0.3241935483870968
1342,2005,2,1,0.4936507936507937
1311,2005,2,0,0.5206896551724138
1306,2005,2,2,0.5661290322580645
1403,2005,2,1,0.2711538461538461
1385,2005,2,3,0.2729729729729729
1301,2005,2,2,0.2787234042553191
1325,2005,2,0,0.5171428571428572
1429,2005,2,9,0.4891891891891892
1318,2005,2,8,0.5910714285714286
1445,2005,2,2,0.3886363636363636
1447,2005,2,7,0.3241935483870968
1338,2005,2,0,0.3403225806451613
1408,2005,2,6,0.4403508771929825
1417,2005,2,8,0.596875
1422,2005,2,8,0.3595238095238095
1362,2005,2,8,0.385
1423,2005,2,0,0.3637931034482758
1330,2005,2,1,0.4381818181818182
1376,2005,2,2,0.3976744186046512
1388,2005,2,5,0.382
1398,2005,2,0,0.4547169811320755
1308,2005,2,1,0.4735294117647059
1331,2005,2,0,0.5014705882352941
1327,2005,2,1,0.5355555555555556
1381,2005,2,9,0.3964285714285714
1371,2005,2,2,0.4022222222222222
1451,2005,2,0,0.4881578947368421
1368,2005,2,9,0.5742857142857143
1344,2005,2,0,0.5388059701492538
1392,2005,2,2,0.5229166666666667
1395,2005,2,7,0.4137254901960784
1450,2005,2,1,0.7033333333333334
1409,2005,2,1,0.3833333333333333
1414,2005,2,9,0.3156862745098039
1419,2005,2,1,0.5585714285714286
1364,2005,2,7,0.4114754098360656
1369,2005,2,2,0.4462962962962963
1438,2005,2,6,0.4891891891891892
1390,2005,2,5,0.4395833333333334
1443,2005,2,7,0.5437500000000001
1404,2005,2,7,0.3525
1365,2005,2,9,0.6365853658536585
1299,2005,2,5,0.3415094339622642
1322,2005,2,2,0.3439024390243902
1441,2005,2,1,0.912121212121212
1397,2005,2,4,0.6483870967741936
1319,2005,2,1,0.4092592592592592
1333,2005,2,7,0.7585365853658537
1348,2005,2,4,0.6205882352941177
1374,2005,2,0,0.306060606060606
1375,2005,2,6,0.4924528301886792
1406,2005,2,6,0.4763157894736842
1411,2005,2,8,0.3264705882352941
1384,2005,2,0,0.5229166666666667
1307,2005,2,9,0.3102564102564102
1393,2005,2,6,0.5457142857142857
1305,2005,2,3,0.4369565217391304
1321,2005,2,2,0.4875
1379,2005,2,4,0.34
1442,2005,2,2,0.3941176470588236
1413,2005,2,9,0.5146341463414634
1412,2005,2,2,0.5283783783783784
1354,2005,2,5,0.5838709677419355
1320,2005,2,2,0.5203703703703704
1436,2005,2,1,0.5583333333333333
1407,2005,2,4,0.4630769230769231
1435,2005,2,0,0.4152173913043478
1360,2005,2,4,0.4779069767441861
1340,2005,2,6,0.5157142857142857
1310,2005,2,1,0.396969696969697
1432,2005,2,5,0.5181818181818182
1367,2005,2,7,0.4918367346938775
1346,2005,2,5,0.4578947368421053
1389,2005,2,3,0.8525
1353,2005,2,7,0.5634146341463415
1430,2005,2,9,0.5013513513513513
1312,2005,2,2,0.4472972972972973
1401,2005,2,7,0.4547169811320755
1356,2005,2,0,0.5631578947368421
1328,2005,2,6,0.3746268656716418
1336,2005,2,4,0.5779661016949152
1386,2005,2,1,0.3171428571428571
1418,2005,2,6,0.6245283018867924
1314,2005,2,6,0.442
1410,2005,2,4,0.7232558139534884
1347,2005,2,5,0.4745454545454545
1428,2005,2,7,0.5775
1437,2005,2,6,0.6466666666666667
1363,2005,2,5,0.4063829787234043
1345,2005,2,6,0.7134615384615385
1357,2005,2,6,0.3609375
1316,2005,2,5,0.440625
1440,2005,2,4,0.4785714285714286
1335,2005,2,8,0.3288461538461539
1302,2005,2,0,0.3439024390243902
1453,2005,2,9,0.5098360655737705
1427,2005,2,5,0.430952380952381
1380,2005,2,0,0.5923076923076923
1402,2005,2,2,0.3525
1352,2005,2,1,0.5788461538461539
1313,2005,2,6,0.4472222222222222
1309,2005,2,5,0.2948275862068966
1324,2005,2,1,0.46
1370,2005,2,8,0.5836363636363636
1358,2005,2,0,0.721875
1343,2005,2,2,0.4466666666666667
1326,2005,2,9,0.3742857142857143
1431,2005,2,4,0.4914893617021277
1449,2005,2,3,0.4155172413793103
1351,2005,2,8,0.5854166666666667
1425,2005,2,5,0.5577777777777778
1424,2005,2,0,0.7577777777777778
1421,2005,2,5,0.6479166666666667
1416,2005,2,7,0.4674418604651163
1339,2005,2,0,0.5275000000000001
1315,2005,2,5,0.4578947368421053
1349,2005,2,5,0.3810344827586207
1426,2005,2,5,0.5704545454545454
1439,2005,2,4,0.2921052631578947
1446,2005,2,8,0.3447368421052632
1433,2005,2,5,0.3701754385964912
1378,2005,2,6,0.4108433734939759
1382,2005,2,3,0.476271186440678
1499,2006,3,1,0.3415094339622642
1517,2006,3,1,0.4333333333333333
1512,2006,3,6,0.5750000000000001
1505,2006,3,8,0.4442307692307692
1484,2006,3,0,0.3691176470588235
1480,2006,3,6,0.7620689655172415
1473,2006,3,1,0.617948717948718
1498,2006,3,2,0.402
1582,2006,3,8,0.3638297872340426
1465,2006,3,7,0.6238095238095238
1459,2006,3,1,0.354054054054054
1613,2006,3,8,0.4052631578947369
1543,2006,3,7,0.5196428571428572
1549,2006,3,9,0.3480769230769231
1610,2006,3,5,0.3770833333333334
1603,2006,3,9,0.8531914893617022
1502,2006,3,6,0.3439024390243902
1475,2006,3,4,0.4358490566037736
1545,2006,3,5,0.4081081081081081
1487,2006,3,6,0.3351851851851852
1481,2006,3,9,0.5910714285714286
1523,2006,3,5,0.430952380952381
1557,2006,3,1,0.5807692307692307
1518,2006,3,6,0.5553846153846154
1565,2006,3,2,0.5923076923076923
1510,2006,3,9,0.553448275862069
1594,2006,3,0,0.615909090909091
1574,2006,3,3,0.5113207547169811
1476,2006,3,0,0.6161290322580646
1544,2006,3,9,0.8230769230769232
1532,2006,3,3,0.3659090909090909
1454,2006,3,8,0.4568181818181818
1538,2006,3,4,0.6605263157894737
1553,2006,3,1,0.3489795918367347
1456,2006,3,1,0.5854166666666667
1584,2006,3,1,0.7606060606060606
1492,2006,3,9,0.6062500000000001
1527,2006,3,3,0.2448275862068965
1600,2006,3,3,0.5705882352941177
1611,2006,3,7,0.6513513513513514
1534,2006,3,4,0.4194444444444444
1522,2006,3,8,0.4169811320754717
1566,2006,3,7,0.4314285714285714
1585,2006,3,7,0.5018518518518519
1595,2006,3,8,0.3934782608695652
1592,2006,3,3,0.4510204081632653
1524,2006,3,9,0.458695652173913
1536,2006,3,9,0.302
1558,2006,3,3,0.3472727272727273
1554,2006,3,4,0.5577777777777778
1562,2006,3,0,0.6056603773584905
1531,2006,3,8,0.492156862745098
1614,2006,3,1,0.7275
1515,2006,3,3,0.4863636363636364
1563,2006,3,9,0.4369565217391304
1508,2006,3,2,0.3770833333333334
1503,2006,3,3,0.6479166666666667
1486,2006,3,8,0.4795454545454545
1586,2006,3,8,0.6863636363636364
1490,2006,3,4,0.5820000000000001
1461,2006,3,7,0.4472222222222222
1555,2006,3,4,0.3717391304347826
1477,2006,3,3,0.8710526315789474
1583,2006,3,1,0.6479166666666667
1598,2006,3,0,0.7892857142857144
1612,2006,3,3,0.29375
1469,2006,3,2,0.5181818181818182
1482,2006,3,3,0.4381818181818182
1572,2006,3,0,0.6056603773584905
1602,2006,3,7,0.3791666666666666
1514,2006,3,9,0.9457142857142856
1546,2006,3,6,0.3081632653061224
1507,2006,3,1,0.6238095238095238
1474,2006,3,5,0.7000000000000001
1496,2006,3,1,0.511764705882353
1504,2006,3,7,0.5707692307692308
1516,2006,3,4,0.6525000000000001
1460,2006,3,4,0.5027777777777778
1526,2006,3,4,0.5372093023255814
1455,2006,3,3,0.4770491803278688
1552,2006,3,4,0.6090909090909091
1607,2006,3,1,0.2642857142857143
1463,2006,3,9,0.5931818181818183
1506,2006,3,3,0.6275000000000001
1464,2006,3,3,0.5456521739130435
1493,2006,3,3,0.4194444444444444
1525,2006,3,4,0.4209302325581395
1542,2006,3,3,0.3580645161290322
1479,2006,3,7,0.4102040816326531
1497,2006,3,3,0.6683333333333333
1539,2006,3,3,0.5222222222222223
1489,2006,3,1,0.34
1500,2006,3,2,0.4136363636363636
1468,2006,3,3,0.6895833333333333
1462,2006,3,3,0.5253968253968254
1609,2006,3,9,0.5661290322580645
1578,2006,3,3,0.7758064516129033
1569,2006,3,4,0.4128205128205128
1513,2006,3,3,0.4209677419354839
1601,2006,3,7,0.3526315789473684
1471,2006,3,6,0.4628205128205128
1491,2006,3,7,0.6911111111111111
1576,2006,3,3,0.553061224489796
1590,2006,3,3,0.555421686746988
1550,2006,3,0,0.3204545454545454
1605,2006,3,7,0.5509803921568628
1488,2006,3,3,0.5811594202898551
1470,2006,3,3,0.4476923076923077
1458,2006,3,3,0.7984375
1596,2006,3,5,0.2984375
1511,2006,3,3,0.6466666666666667
1581,2006,3,4,0.4084745762711864
1573,2006,3,2,0.3682926829268292
1485,2006,3,8,0.3352941176470588
1521,2006,3,9,0.3037735849056604
1570,2006,3,5,0.3609375
1478,2006,3,4,0.3932432432432433
1501,2006,3,3,0.7086206896551724
1548,2006,3,2,0.5326530612244899
1580,2006,3,6,0.4234375
1560,2006,3,7,0.4340909090909091
1528,2006,3,4,0.6741379310344828
1530,2006,3,3,0.7465116279069768
1575,2006,3,1,0.62
1593,2006,3,4,0.4842696629213483
1472,2006,3,3,0.4403508771929825
1571,2006,3,1,0.6557692307692308
1494,2006,3,5,0.4209302325581395
1604,2006,3,9,0.4209677419354839
1529,2006,3,4,0.5021739130434782
1564,2006,3,3,0.3589285714285714
1579,2006,3,4,0.4381818181818182
1599,2006,3,3,0.3576271186440678
1577,2006,3,9,0.675
1509,2006,3,0,0.3946428571428572
1520,2006,3,4,0.5157142857142857
1608,2006,3,4,0.3981132075471698
1540,2006,3,3,0.573469387755102
1567,2006,3,6,0.5211538461538462
1561,2006,3,0,0.4155172413793103
1556,2006,3,3,0.3046511627906976
1495,2006,3,3,0.4710843373493976
1535,2006,3,5,0.4189873417721519
1541,2006,3,4,0.38
1551,2006,3,5,0.3638888888888889
1519,2006,3,8,0.5553191489361703
1559,2006,3,2,0.7680851063829788
1591,2006,3,5,0.3092307692307692
1615,2006,3,5,0.4209677419354839
1457,2006,3,0,0.5127659574468085
1547,2006,3,3,0.4071428571428572
1467,2006,3,6,0.4795454545454545
1589,2006,3,9,0.4025
1533,2006,3,7,0.3810810810810811
1568,2006,3,7,0.612962962962963
1597,2006,3,0,0.4472222222222222
1466,2006,3,8,0.4563636363636364
1587,2006,3,6,0.3410714285714286
1537,2006,3,5,0.3683333333333333
1483,2006,3,3,0.5022727272727273
1588,2006,3,3,0.4951807228915663
1606,2006,3,0,0.35625
1750,2006,3,3,0.47
1638,2006,3,0,0.5750000000000001
1647,2006,3,1,0.5962962962962963
1617,2006,3,7,0.861904761904762
1741,2006,3,8,0.5372093023255814
1657,2006,3,2,0.8375
1725,2006,3,9,0.5878048780487806
1734,2006,3,1,0.4641025641025641
1692,2006,3,9,0.327906976744186
1628,2006,3,1,0.8739130434782609
1703,2006,3,7,0.6783783783783784
1712,2006,3,3,0.5139534883720931
1667,2006,3,5,0.5035714285714286
1671,2006,3,1,0.6885714285714286
1676,2006,3,1,0.471875
1688,2006,3,2,0.448936170212766
1633,2006,3,1,0.4314285714285714
1732,2006,3,6,0.7355555555555556
1625,2006,3,5,0.77
1776,2006,3,2,0.3926829268292683
1622,2006,3,0,0.573469387755102
1736,2006,3,1,0.5577777777777778
1759,2006,3,2,0.9292682926829268
1629,2006,3,5,0.6302325581395349
1639,2006,3,8,0.564
1640,2006,3,1,0.4517241379310345
1691,2006,3,1,0.5372093023255814
1630,2006,3,8,0.3549019607843137
1687,2006,3,4,0.7178571428571429
1726,2006,3,8,0.7275
1674,2006,3,3,0.378125
1672,2006,3,9,0.5477272727272727
1730,2006,3,8,0.4826086956521739
1635,2006,3,6,0.4754385964912281
1699,2006,3,1,0.6138888888888889
1735,2006,3,5,0.5162162162162163
1656,2006,3,8,0.6028571428571429
1659,2006,3,8,0.5275000000000001
1721,2006,3,9,0.4314285714285714
1698,2006,3,0,0.4244444444444444
1652,2006,3,1,0.374074074074074
1648,2006,3,2,0.5702702702702703
1771,2006,3,7,0.4414634146341464
1762,2006,3,6,0.615909090909091
1742,2006,3,2,0.5410256410256411
1707,2006,3,0,0.3447368421052632
1763,2006,3,2,0.7892857142857144
1685,2006,3,0,0.3742857142857143
1717,2006,3,8,0.6244444444444445
1716,2006,3,1,0.5574074074074075
1710,2006,3,9,0.3212765957446808
1727,2006,3,9,0.7303030303030303
1777,2006,3,1,0.5206896551724138
1658,2006,3,5,0.5023809523809524
1679,2006,3,2,0.8638888888888889
1715,2006,3,9,0.4152173913043478
1700,2006,3,4,0.6161290322580646
1701,2006,3,0,0.642
1697,2006,3,7,0.5206896551724138
1634,2006,3,2,0.6464285714285715
1764,2006,3,8,0.4924528301886792
1621,2006,3,6,0.5261904761904762
1728,2006,3,8,0.4472222222222222
1673,2006,3,1,0.4441176470588235
1665,2006,3,9,0.4735294117647059
1731,2006,3,4,0.4906976744186047
1627,2006,3,6,0.5206896551724138
1693,2006,3,4,0.5800000000000001
1729,2006,3,9,0.475
1782,2006,3,0,0.364
1670,2006,3,9,0.3439024390243902
1744,2006,3,0,0.3589285714285714
1637,2006,3,2,0.5023809523809524
1704,2006,3,9,0.2808823529411764
1666,2006,3,2,0.3903225806451613
1623,2006,3,0,0.6613636363636364
1720,2006,3,7,0.8555555555555556
1616,2006,3,7,0.8230769230769232
1702,2006,3,6,0.4049999999999999
1711,2006,3,3,0.3558823529411765
1641,2006,3,2,0.503125
1761,2006,3,0,0.596875
1779,2006,3,3,0.5634146341463415
1690,2006,3,4,0.5923076923076923
1686,2006,3,9,0.5403846153846155
1775,2006,3,4,0.2921052631578947
1753,2006,3,0,0.6972222222222223
1760,2006,3,7,0.475
1719,2006,3,2,0.2927272727272728
1723,2006,3,4,0.6794117647058824
1756,2006,3,7,0.6755102040816326
1745,2006,3,4,0.742
1631,2006,3,0,0.524
1743,2006,3,3,0.3439024390243902
1677,2006,3,4,0.4306122448979592
1678,2006,3,8,0.4333333333333333
1781,2006,3,9,0.2892857142857142
1768,2006,3,8,0.29375
1689,2006,3,7,0.4604166666666667
1718,2006,3,8,0.5122448979591837
1752,2006,3,1,0.5412698412698413
1651,2006,3,2,0.4924528301886792
1757,2006,3,0,0.6161290322580646
1662,2006,3,0,0.3298507462686567
1754,2006,3,4,0.4170731707317073
1774,2006,3,4,0.4775
1751,2006,3,4,0.65
1766,2006,3,7,0.4833333333333333
1708,2006,3,8,0.3397058823529412
1787,2006,3,0,0.4169230769230769
1748,2006,3,5,0.8184210526315789
1783,2006,3,0,0.4795454545454545
1706,2006,3,0,0.3096153846153846
1684,2006,3,0,0.4938461538461539
1765,2006,3,6,0.5375
1695,2006,3,8,0.482
1636,2006,3,7,0.8212121212121213
1785,2006,3,6,0.6069767441860465
1642,2006,3,6,0.3941176470588236
1655,2006,3,7,0.3946428571428572
1705,2006,3,4,0.6138888888888889
1682,2006,3,7,0.502
1696,2006,3,6,0.5013513513513513
1747,2006,3,1,0.363768115942029
1769,2006,3,7,0.4351351351351352
1737,2006,3,7,0.523913043478261
1654,2006,3,6,0.5553191489361703
1683,2006,3,4,0.48125
1644,2006,3,7,0.3348484848484849
1681,2006,3,5,0.4462962962962963
1643,2006,3,6,0.4934426229508197
1626,2006,3,8,0.3654545454545455
1746,2006,3,5,0.6416666666666667
1755,2006,3,0,0.4702127659574468
1733,2006,3,6,0.4370967741935484
1661,2006,3,0,0.5355555555555556
1653,2006,3,1,0.3282608695652174
1786,2006,3,6,0.5661290322580645
1680,2006,3,7,0.4333333333333333
1668,2006,3,0,0.322
1770,2006,3,7,0.546969696969697
1784,2006,3,8,0.4414634146341464
1749,2006,3,4,0.3849315068493151
1632,2006,3,0,0.3767857142857143
1709,2006,3,1,0.3576271186440678
1773,2006,3,9,0.4547619047619048
1650,2006,3,8,0.5015625
1620,2006,3,4,0.3480769230769231
1646,2006,3,0,0.3120689655172414
1645,2006,3,0,0.3556962025316456
1663,2006,3,9,0.6978260869565218
1624,2006,3,9,0.409375
1778,2006,3,6,0.5904109589041097
1694,2006,3,8,0.4244444444444444
1738,2006,3,6,0.4826923076923077
1714,2006,3,6,0.5484375
1660,2006,3,5,0.3728571428571429
1664,2006,3,6,0.3673076923076923
1675,2006,3,0,0.5014705882352941
1713,2006,3,1,0.4275
1722,2006,3,4,0.5280701754385965
1724,2006,3,5,0.4071428571428572
1780,2006,3,1,0.7160714285714286
1619,2006,3,1,0.602
1740,2006,3,6,0.8487179487179487
1739,2006,3,1,0.7774193548387097
1669,2006,3,8,0.6464285714285715
1767,2006,3,4,0.4881578947368421
1758,2006,3,5,0.7275862068965517
1649,2006,3,6,0.530188679245283
1618,2006,3,2,0.2661764705882353
1772,2006,3,1,0.4604166666666667
1839,2007,4,6,0.8395348837209302
1807,2007,4,2,0.4851851851851851
1913,2007,4,3,0.3204545454545454
1994,2007,4,1,0.3871794871794872
1949,2007,4,8,0.3638888888888889
1914,2007,4,9,0.3673076923076923
1916,2007,4,3,0.2473684210526315
1822,2007,4,1,0.6959183673469388
1912,2007,4,8,0.5552631578947369
1874,2007,4,7,0.5962962962962963
1808,2007,4,3,0.7131578947368421
1986,2007,4,2,0.3184210526315789
1869,2007,4,8,0.5457142857142857
1900,2007,4,1,0.5139534883720931
1982,2007,4,3,0.6108695652173913
1846,2007,4,5,0.4025
1929,2007,4,3,0.6142857142857143
1924,2007,4,2,0.2629629629629629
1881,2007,4,1,0.6928571428571428
1979,2007,4,6,0.5323529411764706
1868,2007,4,4,0.6927272727272727
1810,2007,4,0,0.3288461538461539
1987,2007,4,9,0.65
1834,2007,4,7,0.4340909090909091
1951,2007,4,2,0.5923076923076923
1797,2007,4,9,0.5275000000000001
1908,2007,4,3,0.4209302325581395
1855,2007,4,1,0.5019230769230769
1793,2007,4,6,0.422
1897,2007,4,8,0.6576923076923078
1901,2007,4,2,0.5139534883720931
1863,2007,4,5,0.4351351351351352
1832,2007,4,1,0.4902439024390244
1959,2007,4,3,0.6404255319148936
1967,2007,4,1,0.6375
1835,2007,4,9,0.3615384615384615
1842,2007,4,2,0.3693877551020408
1919,2007,4,6,0.9457142857142856
1963,2007,4,3,0.4906976744186047
1993,2007,4,2,0.3166666666666667
1799,2007,4,9,0.4575757575757576
1886,2007,4,1,0.4826923076923077
1806,2007,4,3,0.6911111111111111
1805,2007,4,8,0.5390243902439025
1937,2007,4,1,0.5375
1889,2007,4,3,0.4785714285714286
1871,2007,4,1,0.5706896551724138
1990,2007,4,3,0.3941176470588236
1955,2007,4,5,0.4441860465116279
1796,2007,4,9,0.542
1859,2007,4,2,0.4885714285714286
1890,2007,4,8,0.4327586206896552
1801,2007,4,2,0.5305555555555556
1888,2007,4,5,0.8886792452830189
1932,2007,4,9,0.7131578947368421
1836,2007,4,8,0.3903225806451613
1976,2007,4,9,0.458695652173913
1944,2007,4,5,0.5838709677419355
1803,2007,4,8,0.5750000000000001
1879,2007,4,9,0.325
1884,2007,4,2,0.5477272727272727
1865,2007,4,6,0.8319148936170213
1872,2007,4,0,0.442
1902,2007,4,3,0.8775000000000001
1930,2007,4,3,0.9194444444444444
1940,2007,4,2,0.7054054054054054
1945,2007,4,1,0.5617647058823529
1843,2007,4,0,0.8119047619047619
1840,2007,4,3,0.4194444444444444
1838,2007,4,9,0.5705882352941177
1829,2007,4,0,0.3351851851851852
1989,2007,4,8,0.3439024390243902
1841,2007,4,4,0.790909090909091
1942,2007,4,4,0.503125
1875,2007,4,6,0.4785714285714286
1827,2007,4,7,0.4745454545454545
1956,2007,4,1,0.3693877551020408
1830,2007,4,3,0.5525
1894,2007,4,9,0.5023809523809524
1969,2007,4,1,0.402
1898,2007,4,1,0.668421052631579
1984,2007,4,3,0.562
1983,2007,4,2,0.5025000000000001
1814,2007,4,3,0.5023809523809524
1911,2007,4,3,0.5645833333333333
1973,2007,4,3,0.6853658536585366
1804,2007,4,3,0.7836363636363637
1974,2007,4,7,0.327906976744186
1791,2007,4,1,0.3745762711864407
1909,2007,4,3,0.6069767441860465
1811,2007,4,8,0.4169811320754717
1812,2007,4,2,0.690625
1849,2007,4,2,0.4147058823529411
1817,2007,4,8,0.4384615384615385
1856,2007,4,1,0.35625
1823,2007,4,2,0.5604651162790698
1943,2007,4,4,0.5552631578947369
1910,2007,4,3,0.5196428571428572
1939,2007,4,5,0.5879310344827586
1958,2007,4,7,0.5022727272727273
1802,2007,4,2,0.3081632653061224
1904,2007,4,2,0.4525
1906,2007,4,4,0.5113207547169811
1857,2007,4,0,0.3580645161290322
1792,2007,4,4,0.5702702702702703
1891,2007,4,4,0.4358490566037736
1851,2007,4,3,0.4804347826086957
1864,2007,4,7,0.6681818181818182
1831,2007,4,2,0.846875
1878,2007,4,7,0.5139534883720931
1917,2007,4,3,0.4225806451612903
1828,2007,4,4,0.6525000000000001
1818,2007,4,1,0.4169811320754717
1972,2007,4,3,0.458695652173913
1978,2007,4,4,0.7025
1952,2007,4,8,0.3710526315789473
1870,2007,4,5,0.7394736842105264
1988,2007,4,7,0.5610169491525424
1992,2007,4,4,0.4654761904761905
1934,2007,4,3,0.4301587301587302
1795,2007,4,1,0.5815789473684211
1927,2007,4,0,0.6840909090909091
1925,2007,4,3,0.5290909090909092
1971,2007,4,1,0.425
1880,2007,4,3,0.5016666666666667
1820,2007,4,0,0.3183333333333333
1800,2007,4,7,0.675
1825,2007,4,9,0.6726027397260275
1819,2007,4,0,0.2850746268656716
1866,2007,4,4,0.4546666666666666
1876,2007,4,3,0.6613636363636364
1882,2007,4,0,0.5313725490196078
1954,2007,4,4,0.4804347826086957
1862,2007,4,7,0.4223684210526316
1970,2007,4,6,0.6245283018867924
1815,2007,4,6,0.5537313432835821
1903,2007,4,1,0.5161764705882353
1931,2007,4,7,0.510909090909091
1847,2007,4,4,0.4081081081081081
1953,2007,4,6,0.3979166666666667
1899,2007,4,3,0.6326086956521739
1858,2007,4,0,0.742
1980,2007,4,4,0.3851063829787234
1893,2007,4,4,0.5807017543859649
1892,2007,4,8,0.5289473684210527
1833,2007,4,7,0.4672413793103449
1962,2007,4,7,0.3986301369863014
1961,2007,4,6,0.3934782608695652
1844,2007,4,3,0.4547169811320755
1981,2007,4,3,0.722
1957,2007,4,4,0.4462962962962963
1837,2007,4,0,0.3836363636363636
1941,2007,4,9,0.3403225806451613
1975,2007,4,7,0.5388059701492538
1965,2007,4,3,0.7864864864864866
1867,2007,4,1,0.4754385964912281
1964,2007,4,1,0.602
1918,2007,4,7,0.3472727272727273
1816,2007,4,0,0.3886363636363636
1813,2007,4,4,0.4532258064516129
1850,2007,4,7,0.7974358974358975
1824,2007,4,9,0.5923076923076923
1896,2007,4,9,0.4057692307692307
1861,2007,4,3,0.2711538461538461
1852,2007,4,3,0.4604166666666667
1887,2007,4,4,0.4349397590361445
1809,2007,4,5,0.3742857142857143
1950,2007,4,0,0.5229166666666667
1845,2007,4,6,0.6466666666666667
1789,2007,4,1,0.4276595744680851
1915,2007,4,5,0.4578947368421053
1860,2007,4,6,0.5261904761904762
1885,2007,4,9,0.3693877551020408
1848,2007,4,9,0.4244444444444444
1920,2007,4,3,0.3907407407407408
1966,2007,4,9,0.5026315789473684
1922,2007,4,5,0.5553571428571429
1790,2007,4,3,0.4547169811320755
1928,2007,4,2,0.3285714285714286
1933,2007,4,0,0.5355555555555556
1960,2007,4,0,0.617948717948718
1938,2007,4,7,0.3
1946,2007,4,4,0.4466666666666667
1798,2007,4,0,0.3934782608695652
1873,2007,4,7,0.3638888888888889
1921,2007,4,7,0.4466666666666667
1826,2007,4,7,0.3745098039215686
1788,2007,4,7,0.4775
1895,2007,4,2,0.3637931034482758
1853,2007,4,4,0.6041095890410959
1948,2007,4,9,0.6022222222222222
1977,2007,4,4,0.4025
1935,2007,4,9,0.4482142857142857
1905,2007,4,8,0.3556962025316456
1968,2007,4,5,0.396875
1926,2007,4,0,0.3516666666666667
1794,2007,4,4,0.8254901960784314
1991,2007,4,4,0.2852272727272727
1985,2007,4,5,0.5376811594202898
1854,2007,4,6,0.3576271186440678
1907,2007,4,0,0.3745762711864407
1877,2007,4,4,0.4875
1936,2007,4,3,0.3403225806451613
1883,2007,4,6,0.5098360655737705
1947,2007,4,1,0.422
1923,2007,4,1,0.5472727272727272
1821,2007,4,4,0.4777777777777778
2009,2007,4,8,0.3770833333333334
2117,2007,4,3,0.2541666666666666
2042,2007,4,1,0.3976744186046512
2047,2007,4,2,0.6551020408163266
2014,2007,4,1,0.3352941176470588
2074,2007,4,1,0.7468085106382979
2084,2007,4,0,0.4333333333333333
2097,2007,4,9,0.355
2099,2007,4,2,0.6775
2170,2007,4,1,0.4472222222222222
2160,2007,4,0,0.5021739130434782
2040,2007,4,0,0.694871794871795
2202,2007,4,6,0.535
2203,2007,4,8,0.6446428571428572
2205,2007,4,5,0.3
2147,2007,4,0,0.3083333333333333
2166,2007,4,1,0.6978260869565218
2152,2007,4,2,0.425
2122,2007,4,0,0.3275
2154,2007,4,8,0.4693548387096774
2187,2007,4,5,0.6098039215686275
2060,2007,4,4,0.55
2150,2007,4,4,0.4547169811320755
2073,2007,4,0,0.4678571428571428
2162,2007,4,9,0.85
2116,2007,4,9,0.8204545454545454
2138,2007,4,8,0.5695652173913043
2181,2007,4,9,0.3264705882352941
2032,2007,4,6,0.2574468085106383
2157,2007,4,8,0.9470588235294118
2195,2007,4,5,0.3119047619047619
2091,2007,4,8,0.4333333333333333
2196,2007,4,7,0.458695652173913
2088,2007,4,0,0.354054054054054
2145,2007,4,0,0.5742857142857143
2144,2007,4,1,0.55
2143,2007,4,1,0.3941176470588236
2072,2007,4,6,0.6446428571428572
2109,2007,4,2,0.444
2005,2007,4,1,0.5552631578947369
2046,2007,4,6,0.5113207547169811
2130,2007,4,9,0.7000000000000001
2036,2007,4,6,0.6853658536585366
2096,2007,4,5,0.6028571428571429
2045,2007,4,9,0.6078947368421053
2101,2007,4,0,0.6409090909090909
2051,2007,4,4,0.65
2108,2007,4,0,0.459090909090909
2095,2007,4,2,0.4236842105263158
2106,2007,4,7,0.6783783783783784
2011,2007,4,1,0.4472222222222222
2175,2007,4,1,0.5666666666666667
2024,2007,4,0,0.6686274509803922
2173,2007,4,1,0.8627906976744186
2082,2007,4,5,0.5596153846153846
2080,2007,4,1,0.5432432432432432
2135,2007,4,3,0.4911111111111111
2191,2007,4,2,0.3046511627906976
2120,2007,4,4,0.7829268292682927
2163,2007,4,1,0.9612244897959183
2206,2007,4,3,0.4194444444444444
2132,2007,4,9,0.2911111111111111
2113,2007,4,0,0.5338709677419355
2098,2007,4,8,0.4369565217391304
2021,2007,4,5,0.48125
2185,2007,4,8,0.5891304347826087
2123,2007,4,7,0.382
2044,2007,4,5,0.604
2111,2007,4,1,0.6025
2053,2007,4,8,0.617948717948718
2149,2007,4,9,0.5980769230769231
2037,2007,4,8,0.4137254901960784
2067,2007,4,4,0.5337662337662338
2171,2007,4,5,0.5283783783783784
2089,2007,4,5,0.2611111111111111
2085,2007,4,1,0.35
2198,2007,4,4,0.5113207547169811
2100,2007,4,6,0.4578947368421053
2127,2007,4,9,0.3717391304347826
2174,2007,4,1,0.3589285714285714
2119,2007,4,0,0.6365853658536585
2133,2007,4,1,0.476271186440678
2090,2007,4,2,0.5041666666666667
2055,2007,4,7,0.3976744186046512
2022,2007,4,2,0.4851851851851851
2023,2007,4,5,0.6690476190476191
2026,2007,4,7,0.6192307692307693
2104,2007,4,1,0.8254901960784314
2077,2007,4,4,0.5673913043478261
2081,2007,4,5,0.4839285714285714
2057,2007,4,5,0.3833333333333333
2059,2007,4,2,0.5931818181818183
2028,2007,4,4,0.5732142857142858
2102,2007,4,7,0.7312500000000001
2146,2007,4,9,0.7000000000000001
2063,2007,4,5,0.4327586206896552
2094,2007,4,1,0.7514705882352941
2124,2007,4,1,0.3915254237288136
2048,2007,4,6,0.5617647058823529
2201,2007,4,1,0.6625
2208,2007,4,0,0.3516666666666667
2184,2007,4,6,0.5800000000000001
2194,2007,4,2,0.2676470588235294
2062,2007,4,5,0.5206896551724138
2061,2007,4,9,0.6840909090909091
2034,2007,4,6,0.642
2118,2007,4,7,0.462
2018,2007,4,4,0.6381818181818182
2137,2007,4,4,0.6108695652173913
2068,2007,4,0,0.4826923076923077
2192,2007,4,7,0.476271186440678
2008,2007,4,5,0.7112903225806452
1995,2007,4,3,0.4209677419354839
2199,2007,4,4,0.7814814814814816
2207,2007,4,7,0.4169811320754717
2006,2007,4,3,0.5972972972972973
2076,2007,4,4,0.6853658536585366
2167,2007,4,0,0.4276595744680851
2153,2007,4,5,0.8096153846153846
2125,2007,4,8,0.6142857142857143
2025,2007,4,7,0.5247619047619048
2183,2007,4,5,0.4217391304347826
2015,2007,4,5,0.3946428571428572
2029,2007,4,6,0.4306122448979592
2071,2007,4,5,0.4269230769230769
2069,2007,4,4,0.5738095238095239
2065,2007,4,7,0.7657894736842106
2112,2007,4,9,0.4228070175438597
2110,2007,4,5,0.5323529411764706
2075,2007,4,4,0.3979166666666667
2121,2007,4,6,0.525
2134,2007,4,3,0.4492537313432836
2172,2007,4,7,0.3887096774193548
2193,2007,4,2,0.4048387096774193
2158,2007,4,8,0.4844827586206897
2164,2007,4,6,0.4911111111111111
2079,2007,4,4,0.5238805970149254
2178,2007,4,2,0.5440677966101695
2188,2007,4,3,0.4688888888888889
2050,2007,4,5,0.4125
2176,2007,4,6,0.6605263157894737
2054,2007,4,7,0.4885714285714286
2010,2007,4,5,0.3447368421052632
2103,2007,4,2,0.5788461538461539
2039,2007,4,7,0.492156862745098
2190,2007,4,8,0.6346938775510205
2013,2007,4,0,0.5980769230769231
2151,2007,4,4,0.5695652173913043
2087,2007,4,2,0.7921052631578948
2016,2007,4,6,0.9325581395348838
2017,2007,4,2,0.7634920634920636
2142,2007,4,7,0.4547619047619048
2007,2007,4,4,0.5982456140350877
2140,2007,4,5,0.6433962264150944
2159,2007,4,4,0.6366666666666667
2003,2007,4,5,0.6543478260869565
2043,2007,4,7,0.4725490196078432
2033,2007,4,2,0.4152173913043478
2083,2007,4,4,0.7680851063829788
2056,2007,4,8,0.4529411764705882
2078,2007,4,0,0.6214285714285714
2020,2007,4,7,0.3742857142857143
2035,2007,4,3,0.7377358490566038
1998,2007,4,9,0.3979166666666667
2115,2007,4,5,0.6513513513513514
2038,2007,4,4,0.3175438596491228
2156,2007,4,6,0.3156862745098039
2027,2007,4,2,0.6435897435897436
2129,2007,4,2,0.6476923076923077
2019,2007,4,0,0.4918367346938775
2002,2007,4,1,0.7171428571428572
2031,2007,4,7,0.5388888888888889
2066,2007,4,6,0.4358490566037736
2182,2007,4,9,0.5800000000000001
2030,2007,4,9,0.7163265306122449
2093,2007,4,5,0.3350877192982456
2105,2007,4,7,0.2559322033898305
2012,2007,4,4,0.5253968253968254
2000,2007,4,5,0.4128205128205128
2128,2007,4,9,0.4183333333333333
2136,2007,4,4,0.5305555555555556
2141,2007,4,5,0.3349206349206349
2131,2007,4,6,0.4870967741935483
2092,2007,4,5,0.41875
2177,2007,4,6,0.6028571428571429
2179,2007,4,6,0.7229508196721312
2070,2007,4,8,0.4826923076923077
1996,2007,4,1,0.5949152542372882
2064,2007,4,9,0.8065217391304348
2155,2007,4,2,0.5647887323943662
1997,2007,4,9,0.3907407407407408
2004,2007,4,0,0.6485294117647059
2197,2007,4,6,0.6107142857142858
2161,2007,4,9,0.4063829787234043
2139,2007,4,2,0.6121951219512195
2165,2007,4,2,0.4113636363636364
2114,2007,4,8,0.525
2049,2007,4,4,0.4902439024390244
2200,2007,4,2,0.7104166666666667
2168,2007,4,5,0.6859649122807018
2107,2007,4,0,0.409375
2052,2007,4,0,0.5133333333333334
2148,2007,4,9,0.4183333333333333
2126,2007,4,1,0.5189655172413793
2189,2007,4,5,0.4228070175438597
2058,2007,4,6,0.3096153846153846
2086,2007,4,7,0.5166666666666667
2204,2007,4,1,0.5800000000000001
2041,2007,4,5,0.5189655172413793
2001,2007,4,4,0.3
2169,2007,4,6,0.5704545454545454
1999,2007,4,1,0.6605263157894737
2186,2007,4,6,0.4169811320754717
2180,2007,4,2,0.3164383561643836
2243,2008,5,1,0.5617647058823529
2252,2008,5,9,0.4333333333333333
2413,2008,5,3,0.4775
2222,2008,5,9,0.4775
2256,2008,5,1,0.5553191489361703
2344,2008,5,8,0.315625
2302,2008,5,5,0.4209302325581395
2281,2008,5,9,0.4033333333333333
2218,2008,5,9,0.4209302325581395
2259,2008,5,2,0.440625
2240,2008,5,8,0.4785714285714286
2211,2008,5,1,0.3934782608695652
2416,2008,5,5,0.7000000000000001
2217,2008,5,9,0.5019230769230769
2280,2008,5,7,0.7465116279069768
2340,2008,5,1,0.4525
2429,2008,5,0,0.5206896551724138
2316,2008,5,2,0.7232558139534884
2269,2008,5,0,0.459090909090909
2333,2008,5,0,0.739344262295082
2301,2008,5,7,0.5972972972972973
2297,2008,5,9,0.8320754716981132
2271,2008,5,6,0.4789473684210526
2388,2008,5,1,0.8366666666666667
2362,2008,5,1,0.6018181818181818
2244,2008,5,3,0.5896551724137932
2293,2008,5,4,0.7205128205128205
2319,2008,5,8,0.7742857142857144
2303,2008,5,6,0.5410256410256411
2427,2008,5,9,0.690625
2268,2008,5,9,0.970967741935484
2334,2008,5,3,0.524
2232,2008,5,5,0.48125
2386,2008,5,9,0.5181818181818182
2230,2008,5,2,0.6142857142857143
2382,2008,5,7,0.553448275862069
2360,2008,5,2,0.5146341463414634
2361,2008,5,4,0.5838709677419355
2372,2008,5,1,0.6108695652173913
2224,2008,5,8,0.3425531914893617
2374,2008,5,1,0.3973684210526316
2414,2008,5,9,0.3447368421052632
2409,2008,5,1,0.78
2378,2008,5,0,0.4621621621621622
2287,2008,5,9,0.7303030303030303
2322,2008,5,9,0.4128205128205128
2330,2008,5,8,0.3358974358974358
2310,2008,5,5,0.6694444444444445
2350,2008,5,0,0.5878048780487806
2341,2008,5,3,0.4784615384615385
2320,2008,5,3,0.8152542372881356
2376,2008,5,3,0.4202702702702703
2373,2008,5,2,0.4276595744680851
2305,2008,5,1,0.5923076923076923
2248,2008,5,8,0.4022222222222222
2255,2008,5,9,0.9355555555555556
2250,2008,5,1,0.6245283018867924
2349,2008,5,1,0.5171428571428572
2379,2008,5,3,0.3489795918367347
2387,2008,5,9,0.5457142857142857
2338,2008,5,6,0.3710526315789473
2257,2008,5,0,0.204
2403,2008,5,1,0.4071428571428572
2227,2008,5,1,0.5457142857142857
2238,2008,5,1,0.7366666666666667
2412,2008,5,7,0.3439024390243902
2272,2008,5,2,0.4688888888888889
2270,2008,5,3,0.575925925925926
2260,2008,5,7,0.5133333333333334
2358,2008,5,1,0.3659090909090909
2424,2008,5,9,0.471875
2264,2008,5,1,0.511764705882353
2210,2008,5,1,0.5092307692307693
2289,2008,5,4,0.4462962962962963
2290,2008,5,5,0.5931818181818183
2299,2008,5,6,0.7367346938775511
2364,2008,5,8,0.4442307692307692
2228,2008,5,0,0.5305555555555556
2365,2008,5,4,0.7054054054054054
2366,2008,5,6,0.41875
2225,2008,5,0,0.5139534883720931
2332,2008,5,5,0.553061224489796
2311,2008,5,6,0.4423728813559322
2278,2008,5,8,0.5484848484848486
2411,2008,5,3,0.459090909090909
2267,2008,5,4,0.659375
2384,2008,5,3,0.6686274509803922
2337,2008,5,7,0.8357142857142857
2385,2008,5,0,0.4391304347826086
2401,2008,5,3,0.5027777777777778
2298,2008,5,7,0.5551724137931034
2213,2008,5,3,0.7457142857142858
2329,2008,5,6,0.5596153846153846
2327,2008,5,0,0.5020833333333333
2422,2008,5,2,0.4897435897435898
2292,2008,5,6,0.3877192982456141
2236,2008,5,7,0.6722222222222222
2314,2008,5,9,0.4111111111111111
2263,2008,5,1,0.6928571428571428
2326,2008,5,5,0.4736263736263736
2419,2008,5,9,0.5982456140350877
2306,2008,5,2,0.5013157894736843
2321,2008,5,0,0.3489795918367347
2396,2008,5,7,0.5437500000000001
2284,2008,5,3,0.6169230769230769
2237,2008,5,2,0.2951219512195122
2402,2008,5,7,0.4321428571428571
2274,2008,5,8,0.4735849056603773
2318,2008,5,3,0.6241379310344828
2355,2008,5,2,0.4169811320754717
2383,2008,5,3,0.659375
2418,2008,5,3,0.4735294117647059
2328,2008,5,3,0.6033333333333334
2357,2008,5,8,0.4897435897435898
2249,2008,5,4,0.4113636363636364
2265,2008,5,6,0.7742857142857144
2282,2008,5,8,0.6302325581395349
2371,2008,5,0,0.475
2324,2008,5,3,0.6018181818181818
2406,2008,5,3,0.3871794871794872
2343,2008,5,4,0.5211538461538462
2375,2008,5,0,0.475
2223,2008,5,5,0.4236842105263158
2430,2008,5,0,0.6107142857142858
2261,2008,5,7,0.6365384615384616
2285,2008,5,2,0.5553191489361703
2377,2008,5,5,0.4714285714285715
2209,2008,5,2,0.3149253731343284
2417,2008,5,7,0.5552631578947369
2336,2008,5,5,0.6452380952380953
2367,2008,5,3,0.430952380952381
2359,2008,5,6,0.4018181818181818
2395,2008,5,3,0.8016666666666666
2241,2008,5,3,0.3352941176470588
2233,2008,5,0,0.6811320754716982
2390,2008,5,3,0.3615384615384615
2296,2008,5,4,0.7326923076923078
2394,2008,5,1,0.5980769230769231
2254,2008,5,0,0.2749999999999999
2323,2008,5,3,0.4573529411764706
2246,2008,5,0,0.6483870967741936
2317,2008,5,5,0.4033333333333333
2313,2008,5,3,0.8264705882352942
2420,2008,5,2,0.4482142857142857
2295,2008,5,9,0.5238805970149254
2251,2008,5,3,0.5490566037735849
2266,2008,5,7,0.5604651162790698
2229,2008,5,4,0.5013888888888889
2242,2008,5,4,0.6457627118644068
2216,2008,5,8,0.382
2408,2008,5,3,0.3946428571428572
2393,2008,5,3,0.6090909090909091
2262,2008,5,0,0.5732142857142858
2325,2008,5,3,0.35
2277,2008,5,3,0.3865384615384615
2276,2008,5,8,0.425
2381,2008,5,3,0.7892857142857144
2220,2008,5,5,0.4306122448979592
2331,2008,5,3,0.3914634146341463
2239,2008,5,3,0.5280701754385965
2219,2008,5,9,0.5484848484848486
2369,2008,5,4,0.4911111111111111
2407,2008,5,7,0.5355555555555556
2353,2008,5,8,0.4397260273972603
2247,2008,5,5,0.4155172413793103
2421,2008,5,8,0.37625
2404,2008,5,6,0.5704545454545454
2370,2008,5,3,0.4442622950819672
2275,2008,5,2,0.5326530612244899
2245,2008,5,5,0.5891304347826087
2423,2008,5,7,0.3638297872340426
2309,2008,5,4,0.3921875
2428,2008,5,7,0.448936170212766
2315,2008,5,3,0.5867924528301887
2405,2008,5,5,0.7903846153846155
2348,2008,5,0,0.4525
2253,2008,5,7,0.6508771929824562
2398,2008,5,6,0.5020833333333333
2391,2008,5,6,0.6685185185185185
2279,2008,5,5,0.4234375
2400,2008,5,1,0.4785714285714286
2258,2008,5,4,0.920967741935484
2286,2008,5,4,0.5437500000000001
2288,2008,5,3,0.7355555555555556
2231,2008,5,1,0.3537037037037037
2300,2008,5,6,0.6868421052631579
2342,2008,5,6,0.530188679245283
2291,2008,5,5,0.3691176470588235
2312,2008,5,1,0.5362068965517242
2397,2008,5,6,0.53
2308,2008,5,1,0.5707692307692308
2294,2008,5,9,0.6784615384615384
2426,2008,5,6,0.3941176470588236
2214,2008,5,8,0.5456140350877193
2339,2008,5,8,0.5499999999999999
2351,2008,5,4,0.5673913043478261
2354,2008,5,1,0.573469387755102
2234,2008,5,3,0.9093023255813952
2345,2008,5,6,0.3673076923076923
2226,2008,5,4,0.5746666666666667
2221,2008,5,3,0.3871794871794872
2215,2008,5,7,0.4137254901960784
2235,2008,5,3,0.9125
2347,2008,5,1,0.5477272727272727
2410,2008,5,2,0.5918032786885246
2352,2008,5,1,0.511764705882353
2212,2008,5,8,0.2652777777777778
2415,2008,5,0,0.4532258064516129
2389,2008,5,1,0.458695652173913
2425,2008,5,6,0.4472972972972973
2392,2008,5,7,0.5403846153846155
2380,2008,5,3,0.4703125
2273,2008,5,3,0.3349206349206349
2363,2008,5,7,0.4358490566037736
2368,2008,5,3,0.5490566037735849
2283,2008,5,1,0.4244444444444444
2346,2008,5,3,0.4441860465116279
2335,2008,5,4,0.4254237288135593
2307,2008,5,1,0.4147058823529411
2304,2008,5,0,0.3347222222222222
2356,2008,5,6,0.4745454545454545
2399,2008,5,4,0.5683333333333334
2661,2008,5,0,0.5366666666666667
2616,2008,5,8,0.4885714285714286
2588,2008,5,1,0.4658536585365854
2493,2008,5,1,0.5516129032258065
2494,2008,5,9,0.6928571428571428
2468,2008,5,5,0.5372093023255814
2472,2008,5,3,0.6090909090909091
2481,2008,5,7,0.4194444444444444
2484,2008,5,9,0.7461538461538462
2446,2008,5,9,0.4327586206896552
2502,2008,5,2,0.440625
2456,2008,5,4,0.4275
2525,2008,5,7,0.5516129032258065
2514,2008,5,5,0.5392857142857143
2531,2008,5,8,0.4891891891891892
2595,2008,5,2,0.5033333333333333
2602,2008,5,2,0.3102564102564102
2613,2008,5,6,0.4481481481481481
2631,2008,5,9,0.4725490196078432
2644,2008,5,2,0.8304347826086957
2510,2008,5,0,0.4878787878787879
2597,2008,5,9,0.869811320754717
2457,2008,5,7,0.7195652173913044
2447,2008,5,6,0.5340425531914894
2439,2008,5,0,0.5787878787878789
2434,2008,5,9,0.4442307692307692
2436,2008,5,6,0.7205128205128205
2445,2008,5,7,0.7275
2486,2008,5,6,0.5477272727272727
2598,2008,5,7,0.5654545454545454
2617,2008,5,8,0.4366666666666666
2620,2008,5,2,0.6483870967741936
2449,2008,5,2,0.4529411764705882
2630,2008,5,1,0.45
2448,2008,5,0,0.5552631578947369
2646,2008,5,9,0.4441176470588235
2517,2008,5,7,0.4039999999999999
2559,2008,5,7,0.3950819672131148
2648,2008,5,4,0.2581395348837209
2507,2008,5,0,0.35
2658,2008,5,8,0.360377358490566
2544,2008,5,9,0.5229166666666667
2536,2008,5,0,0.5033333333333333
2440,2008,5,1,0.8115384615384615
2555,2008,5,0,0.6378787878787879
2444,2008,5,9,0.9387096774193548
2506,2008,5,1,0.48125
2587,2008,5,6,0.5162162162162163
2589,2008,5,8,0.6365384615384616
2519,2008,5,7,0.3984126984126984
2565,2008,5,7,0.3358974358974358
2573,2008,5,7,0.8681818181818183
2454,2008,5,5,0.4269230769230769
2601,2008,5,4,0.5815789473684211
2609,2008,5,9,0.6090909090909091
2453,2008,5,0,0.8220000000000001
2651,2008,5,1,0.6033333333333334
2625,2008,5,6,0.4674418604651163
2455,2008,5,3,0.6708333333333334
2520,2008,5,2,0.4660714285714286
2452,2008,5,5,0.8288461538461539
2530,2008,5,1,0.525
2461,2008,5,6,0.4081081081081081
2550,2008,5,9,0.5025000000000001
2464,2008,5,1,0.4147058823529411
2465,2008,5,2,0.3964285714285714
2647,2008,5,4,0.4775
2605,2008,5,2,0.3964285714285714
2618,2008,5,5,0.3916666666666666
2515,2008,5,6,0.5807692307692307
2488,2008,5,4,0.5551724137931034
2473,2008,5,2,0.4674418604651163
2471,2008,5,0,0.6346938775510205
2572,2008,5,0,0.5432432432432432
2497,2008,5,8,0.753125
2585,2008,5,6,0.7131578947368421
2548,2008,5,7,0.7577777777777778
2584,2008,5,2,0.3934782608695652
2579,2008,5,1,0.3916666666666666
2659,2008,5,9,0.3615384615384615
2662,2008,5,7,0.4733333333333333
2590,2008,5,5,0.4678571428571428
2614,2008,5,6,0.562
2610,2008,5,2,0.6314285714285715
2435,2008,5,0,0.5275000000000001
2634,2008,5,9,0.8395348837209302
2599,2008,5,9,0.6018181818181818
2477,2008,5,8,0.3701754385964912
2503,2008,5,1,0.5021739130434782
2490,2008,5,8,0.3941176470588236
2626,2008,5,1,0.4862068965517241
2552,2008,5,1,0.5634146341463415
2442,2008,5,6,0.5153846153846154
2560,2008,5,4,0.5390243902439025
2562,2008,5,4,0.3915254237288136
2542,2008,5,2,0.402
2574,2008,5,7,0.5305555555555556
2496,2008,5,9,0.5807017543859649
2638,2008,5,1,0.7275862068965517
2604,2008,5,7,0.3681818181818181
2632,2008,5,2,0.5035714285714286
2475,2008,5,7,0.471875
2498,2008,5,1,0.4384615384615385
2635,2008,5,6,0.5016129032258064
2553,2008,5,9,0.2711538461538461
2505,2008,5,2,0.41875
2547,2008,5,9,0.4878787878787879
2541,2008,5,5,0.4044776119402985
2431,2008,5,5,0.5275000000000001
2459,2008,5,3,0.4763157894736842
2556,2008,5,5,0.4358490566037736
2537,2008,5,7,0.5553191489361703
2508,2008,5,7,0.5410256410256411
2643,2008,5,5,0.6466666666666667
2593,2008,5,9,0.4918367346938775
2650,2008,5,4,0.4795454545454545
2466,2008,5,4,0.8185185185185185
2512,2008,5,9,0.7921052631578948
2583,2008,5,9,0.7312500000000001
2636,2008,5,7,0.5666666666666667
2655,2008,5,6,0.3785714285714285
2469,2008,5,4,0.4678571428571428
2645,2008,5,4,0.9325581395348838
2467,2008,5,7,0.4510204081632653
2615,2008,5,5,0.5742857142857143
2628,2008,5,5,0.4423728813559322
2540,2008,5,7,0.6022222222222222
2566,2008,5,6,0.575925925925926
2492,2008,5,7,0.5193548387096775
2571,2008,5,6,0.5910714285714286
2458,2008,5,2,0.3119047619047619
2640,2008,5,6,0.4472222222222222
2660,2008,5,6,0.8304347826086957
2603,2008,5,4,0.9604166666666668
2549,2008,5,1,0.8264705882352942
2534,2008,5,0,0.617948717948718
2623,2008,5,5,0.5203703703703704
2561,2008,5,3,0.4763157894736842
2451,2008,5,7,0.3447368421052632
2437,2008,5,5,0.5484848484848486
2586,2008,5,5,0.7025
2558,2008,5,3,0.5525
2526,2008,5,7,0.5553191489361703
2594,2008,5,8,0.4906976744186047
2637,2008,5,1,0.4897435897435898
2578,2008,5,6,0.3293103448275862
2619,2008,5,5,0.525
2545,2008,5,1,0.3553846153846154
2607,2008,5,7,0.502
2557,2008,5,1,0.4102040816326531
2568,2008,5,7,0.4327586206896552
2576,2008,5,7,0.4563636363636364
2532,2008,5,1,0.5171428571428572
2582,2008,5,8,0.4906976744186047
2483,2008,5,2,0.4754385964912281
2528,2008,5,8,0.4327586206896552
2538,2008,5,2,0.6033333333333334
2581,2008,5,1,0.4137254901960784
2575,2008,5,7,0.402
2474,2008,5,4,0.7472727272727273
2522,2008,5,8,0.802
2539,2008,5,0,0.7862745098039216
2612,2008,5,7,0.4170731707317073
2624,2008,5,6,0.6543478260869565
2433,2008,5,4,0.5372093023255814
2608,2008,5,4,0.6386363636363637
2622,2008,5,9,0.5537313432835821
2600,2008,5,0,0.3516666666666667
2524,2008,5,2,0.5976190476190476
2432,2008,5,8,0.6028571428571429
2470,2008,5,8,0.4725490196078432
2529,2008,5,8,0.4624999999999999
2569,2008,5,8,0.5045454545454545
2543,2008,5,5,0.6982142857142858
2577,2008,5,1,0.3480769230769231
2653,2008,5,3,0.444
2591,2008,5,0,0.5457142857142857
2438,2008,5,2,0.4604166666666667
2480,2008,5,0,0.7205128205128205
2443,2008,5,3,0.7847826086956522
2495,2008,5,9,0.8025
2580,2008,5,2,0.3982758620689655
2554,2008,5,4,0.4568181818181818
2482,2008,5,0,0.8558823529411765
2523,2008,5,4,0.523913043478261
2629,2008,5,4,0.8058823529411765
2546,2008,5,6,0.5583333333333333
2654,2008,5,4,0.5437500000000001
2663,2008,5,4,0.5634146341463415
2611,2008,5,2,0.8025
2652,2008,5,8,0.4547619047619048
2487,2008,5,7,0.5923076923076923
2460,2008,5,9,0.6446428571428572
2649,2008,5,8,0.7131578947368421
2450,2008,5,4,0.5861538461538461
2516,2008,5,9,0.5019230769230769
2518,2008,5,2,0.4529411764705882
2621,2008,5,4,0.6022222222222222
2551,2008,5,0,0.4384615384615385
2564,2008,5,9,0.35625
2657,2008,5,5,0.5203703703703704
2535,2008,5,5,0.71
2504,2008,5,8,0.55
2501,2008,5,7,0.462
2570,2008,5,5,0.42
2491,2008,5,6,0.7025
2639,2008,5,1,0.7382352941176471
2567,2008,5,2,0.675
2596,2008,5,9,0.642
2479,2008,5,5,0.4795454545454545
2441,2008,5,9,0.7035087719298246
2489,2008,5,5,0.4547619047619048
2527,2008,5,6,0.6108695652173913
2533,2008,5,4,0.35
2509,2008,5,6,0.9727272727272728
2641,2008,5,3,0.5742857142857143
2462,2008,5,9,0.5181818181818182
2642,2008,5,6,0.6244444444444445
2563,2008,5,0,0.3553846153846154
2485,2008,5,1,0.5911764705882353
2499,2008,5,6,0.4106060606060606
2463,2008,5,6,0.3712328767123288
2633,2008,5,8,0.4137254901960784
2513,2008,5,6,0.5153846153846154
2511,2008,5,6,0.5041666666666667
2500,2008,5,9,0.668421052631579
2476,2008,5,4,0.3871428571428572
2478,2008,5,3,0.7020000000000001
2592,2008,5,8,0.5742857142857143
2606,2008,5,7,0.3903225806451613
2627,2008,5,4,0.6166666666666667
2521,2008,5,4,0.682608695652174
2656,2008,5,4,0.2711538461538461
2757,2009,6,4,0.8440000000000001
2754,2009,6,7,0.8241935483870968
2747,2009,6,2,0.3926829268292683
2912,2009,6,3,0.604
2894,2009,6,1,0.3775
2726,2009,6,3,0.6028571428571429
2817,2009,6,1,0.7025
2820,2009,6,0,0.5704545454545454
2832,2009,6,8,0.5962962962962963
2865,2009,6,1,0.327027027027027
2815,2009,6,4,0.6821428571428572
2791,2009,6,7,0.3767857142857143
2799,2009,6,8,0.5583333333333333
2704,2009,6,7,0.5035714285714286
2763,2009,6,1,0.5772727272727273
2701,2009,6,0,0.5458333333333333
2837,2009,6,1,0.3926829268292683
2736,2009,6,1,0.6703703703703704
2782,2009,6,1,0.4918367346938775
2872,2009,6,3,0.3810810810810811
2672,2009,6,1,0.5954545454545455
2741,2009,6,5,0.7434782608695653
2884,2009,6,4,0.531578947368421
2753,2009,6,6,0.5162162162162163
2738,2009,6,8,0.5260869565217391
2866,2009,6,8,0.4735294117647059
2800,2009,6,9,0.7000000000000001
2790,2009,6,0,0.3033333333333333
2822,2009,6,2,0.9357142857142856
2905,2009,6,1,0.442
2722,2009,6,8,0.6605263157894737
2788,2009,6,0,0.3725806451612903
2919,2009,6,3,0.4703125
2688,2009,6,9,0.5410256410256411
2719,2009,6,6,0.378125
2913,2009,6,0,0.3865384615384615
2774,2009,6,8,0.3264705882352941
2693,2009,6,5,0.3792452830188679
2717,2009,6,7,0.4063829787234043
2785,2009,6,3,0.354054054054054
2713,2009,6,1,0.4918367346938775
2670,2009,6,1,0.8515151515151516
2804,2009,6,1,0.2520833333333333
2727,2009,6,4,0.6863636363636364
2887,2009,6,3,0.4619047619047619
2682,2009,6,1,0.5574074074074075
2883,2009,6,1,0.3964285714285714
2876,2009,6,5,0.440625
2692,2009,6,8,0.5861111111111111
2847,2009,6,7,0.5490566037735849
2680,2009,6,1,0.475
2864,2009,6,2,0.55
2812,2009,6,9,0.8642857142857142
2772,2009,6,2,0.6130434782608696
2760,2009,6,9,0.644
2732,2009,6,3,0.7134615384615385
2743,2009,6,5,0.7097560975609757
2735,2009,6,9,0.5133333333333334
2775,2009,6,1,0.7875
2758,2009,6,1,0.5679245283018868
2863,2009,6,7,0.3264705882352941
2784,2009,6,5,0.5181818181818182
2802,2009,6,5,0.5910714285714286
2811,2009,6,3,0.4653846153846154
2816,2009,6,6,0.6895833333333333
2896,2009,6,4,0.5171428571428572
2702,2009,6,7,0.4906976744186047
2818,2009,6,7,0.5456521739130435
2819,2009,6,1,0.7000000000000001
2892,2009,6,1,0.74
2873,2009,6,2,0.2774999999999999
2679,2009,6,1,0.4936507936507937
2751,2009,6,3,0.3282608695652174
2749,2009,6,3,0.524
2850,2009,6,2,0.4102040816326531
2853,2009,6,3,0.7585365853658537
2783,2009,6,3,0.4137254901960784
2841,2009,6,8,0.7171428571428572
2834,2009,6,6,0.6108695652173913
2771,2009,6,6,0.7434782608695653
2756,2009,6,5,0.459090909090909
2899,2009,6,7,0.5738095238095239
2874,2009,6,8,0.562
2699,2009,6,0,0.4194444444444444
2683,2009,6,9,0.7892857142857144
2681,2009,6,2,0.622
2710,2009,6,3,0.6393939393939394
2689,2009,6,1,0.615909090909091
2690,2009,6,8,0.8500000000000001
2665,2009,6,8,0.4351351351351352
2685,2009,6,8,0.9727272727272728
2870,2009,6,1,0.5911764705882353
2721,2009,6,5,0.482
2718,2009,6,7,0.7171428571428572
2768,2009,6,3,0.3887096774193548
2767,2009,6,1,0.402
2849,2009,6,9,0.3877192982456141
2778,2009,6,2,0.5403846153846155
2745,2009,6,3,0.5456140350877193
2664,2009,6,1,0.85
2824,2009,6,4,0.5326530612244899
2821,2009,6,5,0.694871794871795
2807,2009,6,8,0.8304347826086957
2891,2009,6,1,0.364
2904,2009,6,7,0.6404255319148936
2809,2009,6,1,0.5388888888888889
2844,2009,6,2,0.753125
2893,2009,6,5,0.6191489361702128
2858,2009,6,9,0.462
2808,2009,6,3,0.4658536585365854
2856,2009,6,3,0.597872340425532
2823,2009,6,6,0.8638888888888889
2691,2009,6,5,0.503125
2848,2009,6,3,0.6166666666666667
2857,2009,6,5,0.338095238095238
2715,2009,6,1,0.3016666666666667
2780,2009,6,8,0.5800000000000001
2673,2009,6,5,0.4147058823529411
2907,2009,6,5,0.5432432432432432
2769,2009,6,3,0.915217391304348
2676,2009,6,3,0.5392857142857143
2764,2009,6,9,0.4111111111111111
2744,2009,6,4,0.5962962962962963
2728,2009,6,1,0.7118421052631579
2920,2009,6,2,0.4128205128205128
2765,2009,6,3,0.8183673469387756
2825,2009,6,2,0.440625
2882,2009,6,4,0.3746987951807229
2755,2009,6,2,0.3065217391304348
2667,2009,6,3,0.6028571428571429
2827,2009,6,6,0.2195652173913043
2860,2009,6,4,0.5742857142857143
2897,2009,6,4,0.4384615384615385
2759,2009,6,8,0.4018181818181818
2762,2009,6,5,0.4370967741935484
2730,2009,6,7,0.8016666666666666
2668,2009,6,4,0.4911111111111111
2674,2009,6,9,0.5861538461538461
2898,2009,6,3,0.5206896551724138
2839,2009,6,5,0.6485294117647059
2843,2009,6,7,0.5362068965517242
2711,2009,6,4,0.5355555555555556
2761,2009,6,6,0.402
2739,2009,6,7,0.5645833333333333
2806,2009,6,3,0.6333333333333333
2684,2009,6,3,0.5944444444444444
2840,2009,6,6,0.5800000000000001
2909,2009,6,6,0.4351351351351352
2829,2009,6,2,0.903921568627451
2914,2009,6,2,0.4351351351351352
2698,2009,6,6,0.6783783783783784
2723,2009,6,3,0.3133333333333333
2779,2009,6,4,0.6609756097560976
2801,2009,6,7,0.6138888888888889
2915,2009,6,7,0.3615384615384615
2750,2009,6,7,0.775
2746,2009,6,9,0.8964912280701754
2720,2009,6,6,0.6028571428571429
2798,2009,6,2,0.2796296296296296
2737,2009,6,7,0.3884615384615384
2797,2009,6,7,0.4137254901960784
2852,2009,6,0,0.288095238095238
2776,2009,6,6,0.5029411764705882
2793,2009,6,9,0.7377358490566038
2678,2009,6,9,0.846875
2716,2009,6,7,0.8132075471698114
2805,2009,6,7,0.5837209302325582
2923,2009,6,3,0.5666666666666667
2792,2009,6,3,0.5072289156626506
2859,2009,6,6,0.562
2910,2009,6,6,0.3285714285714286
2742,2009,6,2,0.5477272727272727
2703,2009,6,0,0.5271186440677966
2833,2009,6,7,0.6156626506024097
2881,2009,6,6,0.7068181818181819
2814,2009,6,5,0.4510204081632653
2810,2009,6,6,0.5910714285714286
2724,2009,6,8,0.3431818181818182
2773,2009,6,1,0.6404255319148936
2700,2009,6,1,0.784375
2781,2009,6,6,0.5931818181818183
2869,2009,6,3,0.5189655172413793
2855,2009,6,1,0.6972222222222223
2906,2009,6,4,0.862
2705,2009,6,3,0.4277777777777778
2748,2009,6,4,0.4534246575342466
2889,2009,6,6,0.6794117647058824
2917,2009,6,3,0.5645833333333333
2831,2009,6,3,0.511764705882353
2714,2009,6,7,0.6432835820895523
2918,2009,6,5,0.6452380952380953
2862,2009,6,3,0.4257575757575758
2740,2009,6,2,0.2903846153846153
2696,2009,6,7,0.4735294117647059
2695,2009,6,4,0.546969696969697
2836,2009,6,7,0.6966101694915254
2845,2009,6,3,0.3877192982456141
2712,2009,6,4,0.5788461538461539
2838,2009,6,9,0.8065217391304348
2911,2009,6,0,0.5820000000000001
2770,2009,6,2,0.3654545454545455
2875,2009,6,8,0.7470588235294118
2733,2009,6,7,0.4714285714285715
2813,2009,6,0,0.4674418604651163
2854,2009,6,5,0.5025000000000001
2867,2009,6,2,0.3157142857142857
2697,2009,6,3,0.35
2709,2009,6,4,0.5647887323943662
2828,2009,6,0,0.3347222222222222
2803,2009,6,2,0.4652173913043478
2826,2009,6,4,0.6214285714285714
2830,2009,6,8,0.4775
2885,2009,6,3,0.9408163265306124
2900,2009,6,0,0.3950819672131148
2694,2009,6,4,0.5280701754385965
2916,2009,6,5,0.5490566037735849
2794,2009,6,1,0.273076923076923
2786,2009,6,6,0.3852941176470588
2666,2009,6,4,0.7065573770491803
2901,2009,6,9,0.2616438356164384
2868,2009,6,9,0.342
2835,2009,6,5,0.5854166666666667
2925,2009,6,3,0.346551724137931
2851,2009,6,9,0.3065217391304348
2861,2009,6,3,0.2707317073170732
2777,2009,6,3,0.4015384615384615
2708,2009,6,0,0.7875
2895,2009,6,4,0.6807692307692308
2924,2009,6,4,0.534375
2922,2009,6,5,0.5127659574468085
2921,2009,6,1,0.9790697674418604
2888,2009,6,6,0.4340909090909091
2729,2009,6,3,0.5836363636363636
2886,2009,6,5,0.718867924528302
2787,2009,6,9,0.7457142857142858
2706,2009,6,4,0.476271186440678
2669,2009,6,4,0.3902777777777778
2687,2009,6,1,0.6378787878787879
2677,2009,6,1,0.6224137931034484
2671,2009,6,0,0.3915254237288136
2731,2009,6,0,0.3991150442477876
2725,2009,6,9,0.5275000000000001
2707,2009,6,1,0.4072463768115942
2842,2009,6,7,0.6365079365079366
2871,2009,6,7,0.3
2846,2009,6,4,0.4018181818181818
2877,2009,6,6,0.6435897435897436
2879,2009,6,3,0.802
2752,2009,6,6,0.5153846153846154
2890,2009,6,4,0.3519480519480519
2686,2009,6,2,0.3979166666666667
2903,2009,6,2,0.742
2902,2009,6,7,0.4652173913043478
2796,2009,6,4,0.6692307692307693
2795,2009,6,3,0.8830508474576272
2789,2009,6,6,0.5153846153846154
2880,2009,6,3,0.5362068965517242
2766,2009,6,9,0.5617647058823529
2908,2009,6,9,0.5016129032258064
2675,2009,6,4,0.595945945945946
2734,2009,6,3,0.41875
2878,2009,6,7,0.5418918918918919
2990,2009,6,4,0.4808219178082192
3124,2009,6,3,0.6696969696969698
2972,2009,6,2,0.430952380952381
3173,2009,6,8,0.4870967741935483
3137,2009,6,7,0.3282608695652174
3131,2009,6,1,0.6543478260869565
3191,2009,6,5,0.5837209302325582
3025,2009,6,1,0.4568181818181818
2974,2009,6,4,0.5055555555555555
2930,2009,6,8,0.4147058823529411
3110,2009,6,2,0.6783783783783784
2983,2009,6,2,0.7240000000000001
2988,2009,6,6,0.617948717948718
3159,2009,6,7,0.4754385964912281
3064,2009,6,7,0.4870967741935483
2967,2009,6,0,0.5509803921568628
3190,2009,6,1,0.4851851851851851
2975,2009,6,1,0.5340425531914894
3101,2009,6,0,0.3886363636363636
3079,2009,6,3,0.4025
3067,2009,6,7,0.5836363636363636
3030,2009,6,5,0.4236842105263158
2945,2009,6,7,0.4658536585365854
3181,2009,6,0,0.327906976744186
3026,2009,6,0,0.5673913043478261
3033,2009,6,7,0.7303030303030303
3029,2009,6,6,0.5525
3066,2009,6,7,0.7979591836734694
3005,2009,6,1,0.3907407407407408
3009,2009,6,2,0.3258064516129032
3170,2009,6,2,0.6868421052631579
3062,2009,6,0,0.3717391304347826
2947,2009,6,9,0.4403508771929825
3084,2009,6,5,0.4764705882352941
3056,2009,6,8,0.3792452830188679
3048,2009,6,0,0.3397058823529412
2991,2009,6,8,0.8916666666666667
3001,2009,6,1,0.48125
3074,2009,6,8,0.659375
2931,2009,6,8,0.4763157894736842
3163,2009,6,7,0.6927272727272727
2928,2009,6,9,0.5938775510204082
2948,2009,6,2,0.5305555555555556
3145,2009,6,2,0.35
3142,2009,6,4,0.4688888888888889
3175,2009,6,8,0.3355555555555555
3169,2009,6,1,0.534375
3076,2009,6,9,0.3871794871794872
2949,2009,6,9,0.4688888888888889
3092,2009,6,6,0.5035714285714286
3044,2009,6,2,0.3833333333333333
3143,2009,6,5,0.3457142857142857
2958,2009,6,1,0.4702127659574468
3011,2009,6,0,0.6365853658536585
2936,2009,6,2,0.3934782608695652
3141,2009,6,6,0.3865384615384615
3122,2009,6,6,0.575925925925926
3178,2009,6,1,0.7829268292682927
3027,2009,6,6,0.5931818181818183
3012,2009,6,0,0.5666666666666667
2962,2009,6,0,0.8562500000000001
3081,2009,6,1,0.7457142857142858
2944,2009,6,9,0.440625
3165,2009,6,9,0.5787878787878789
3006,2009,6,6,0.3625
3127,2009,6,1,0.6508771929824562
3177,2009,6,1,0.7055555555555556
3065,2009,6,6,0.6696969696969698
3045,2009,6,5,0.51375
3192,2009,6,4,0.5875
2969,2009,6,6,0.3374999999999999
2935,2009,6,8,0.6687500000000001
3037,2009,6,9,0.735
3162,2009,6,0,0.3033333333333333
3114,2009,6,8,0.4351351351351352
3042,2009,6,9,0.5577777777777778
3104,2009,6,0,0.4754385964912281
3096,2009,6,8,0.5457142857142857
3176,2009,6,1,0.8135135135135135
2957,2009,6,6,0.4414634146341464
3050,2009,6,4,0.7577777777777778
3018,2009,6,8,0.4063829787234043
3052,2009,6,2,0.6576923076923078
3055,2009,6,9,0.5018518518518519
3049,2009,6,5,0.6098039215686275
2966,2009,6,1,0.3707692307692308
3111,2009,6,6,0.5484848484848486
3057,2009,6,0,0.9785714285714286
2971,2009,6,2,0.7965517241379311
3138,2009,6,6,0.5746666666666667
3121,2009,6,8,0.4033333333333333
3120,2009,6,5,0.3827586206896551
2939,2009,6,1,0.4351351351351352
3102,2009,6,2,0.5222222222222223
3117,2009,6,6,0.617948717948718
3156,2009,6,5,0.4674418604651163
3059,2009,6,0,0.6942307692307692
3153,2009,6,5,0.5549999999999999
3078,2009,6,6,0.4314285714285714
3075,2009,6,8,0.7367346938775511
3187,2009,6,2,0.5807692307692307
3180,2009,6,1,0.306060606060606
3123,2009,6,2,0.597872340425532
3032,2009,6,0,0.5275000000000001
3069,2009,6,0,0.4098591549295775
3021,2009,6,8,0.508955223880597
2994,2009,6,1,0.7355555555555556
2998,2009,6,9,0.3775
2934,2009,6,7,0.4063829787234043
2959,2009,6,6,0.5390243902439025
3022,2009,6,5,0.6416666666666667
3028,2009,6,0,0.5029411764705882
3103,2009,6,6,0.4358490566037736
3003,2009,6,1,0.656896551724138
2961,2009,6,5,0.5896551724137932
3053,2009,6,9,0.755072463768116
3154,2009,6,2,0.4826923076923077
3016,2009,6,5,0.3589285714285714
3031,2009,6,7,0.482
3085,2009,6,8,0.3354166666666667
3134,2009,6,5,0.3851063829787234
2984,2009,6,4,0.3489795918367347
2996,2009,6,0,0.2911111111111111
3128,2009,6,1,0.5596153846153846
3146,2009,6,4,0.4619047619047619
3088,2009,6,5,0.7880952380952382
3152,2009,6,6,0.7775000000000001
3058,2009,6,6,0.3394366197183099
3155,2009,6,7,0.5549999999999999
3164,2009,6,7,0.2921052631578947
3017,2009,6,4,0.8025
3041,2009,6,2,0.3349206349206349
3119,2009,6,5,0.7606060606060606
2951,2009,6,7,0.6605263157894737
2956,2009,6,7,0.5038461538461538
2992,2009,6,7,0.5020833333333333
3106,2009,6,5,0.6576923076923078
3135,2009,6,2,0.6961538461538462
3094,2009,6,7,0.9472222222222224
3166,2009,6,9,0.65
3130,2009,6,6,0.4476923076923077
2987,2009,6,6,0.3516666666666667
3082,2009,6,2,0.306060606060606
3089,2009,6,2,0.6270833333333333
2985,2009,6,1,0.55
3113,2009,6,7,0.5457142857142857
2932,2009,6,2,0.8310344827586207
2978,2009,6,7,0.5146341463414634
3040,2009,6,7,0.3615384615384615
3168,2009,6,9,0.6342105263157896
2946,2009,6,5,0.7527777777777778
3179,2009,6,6,0.6078947368421053
2938,2009,6,4,0.5133333333333334
3148,2009,6,3,0.4225806451612903
3013,2009,6,4,0.5645833333333333
3183,2009,6,4,0.6840909090909091
2929,2009,6,6,0.3544117647058823
2943,2009,6,8,0.511764705882353
3116,2009,6,2,0.4466666666666667
2954,2009,6,9,0.4025
2950,2009,6,4,0.7112903225806452
3047,2009,6,6,0.4057692307692307
3007,2009,6,7,0.3133333333333333
3019,2009,6,4,0.3954545454545455
3073,2009,6,6,0.5516666666666666
3038,2009,6,3,0.694871794871795
3144,2009,6,5,0.4672413793103449
3077,2009,6,7,0.553061224489796
3186,2009,6,4,0.5904109589041097
3132,2009,6,2,0.5525
3063,2009,6,8,0.5016666666666667
3167,2009,6,0,0.562
3097,2009,6,7,0.4547619047619048
2965,2009,6,6,0.5854166666666667
3070,2009,6,6,0.4927272727272727
3071,2009,6,2,0.5666666666666667
3086,2009,6,1,0.4276595744680851
3150,2009,6,6,0.6490196078431373
3109,2009,6,4,0.5671052631578948
3133,2009,6,6,0.4314285714285714
2981,2009,6,6,0.5788461538461539
2964,2009,6,7,0.756140350877193
3136,2009,6,2,0.5166666666666667
3161,2009,6,5,0.3129032258064516
2977,2009,6,1,0.4911111111111111
2927,2009,6,6,0.4228070175438597
2997,2009,6,8,0.3984126984126984
3100,2009,6,4,0.5086956521739131
3108,2009,6,9,0.4660714285714286
3149,2009,6,1,0.5456521739130435
2937,2009,6,9,0.4634615384615385
3151,2009,6,2,0.573469387755102
3189,2009,6,0,0.975
3002,2009,6,2,0.4183333333333333
3182,2009,6,2,0.7394736842105264
3099,2009,6,7,0.6530303030303031
2960,2009,6,0,0.5022727272727273
3008,2009,6,6,0.502
3036,2009,6,5,0.5262295081967213
3090,2009,6,7,0.7666666666666667
3125,2009,6,7,0.4395833333333334
3147,2009,6,1,0.5203703703703704
3129,2009,6,8,0.4725490196078432
3158,2009,6,3,0.65
2973,2009,6,5,0.6692307692307693
3035,2009,6,8,0.360377358490566
2989,2009,6,7,0.3987951807228916
3105,2009,6,6,0.9857142857142858
3171,2009,6,9,0.4152173913043478
3174,2009,6,8,0.4775
2999,2009,6,4,0.7912280701754386
3068,2009,6,9,0.5203703703703704
3010,2009,6,1,0.6927272727272727
3172,2009,6,4,0.7404761904761905
2953,2009,6,2,0.35625
3060,2009,6,9,0.6688888888888889
2926,2009,6,8,0.3682926829268292
2970,2009,6,7,0.5896551724137932
2941,2009,6,3,0.5472727272727272
2940,2009,6,7,0.5490566037735849
3072,2009,6,6,0.6908045977011494
3112,2009,6,4,0.363768115942029
3023,2009,6,9,0.6696969696969698
2933,2009,6,2,0.4277777777777778
3080,2009,6,8,0.5139534883720931
3024,2009,6,0,0.3765625
3043,2009,6,4,0.5788461538461539
3051,2009,6,4,0.34
3087,2009,6,6,0.9366666666666668
3118,2009,6,0,0.6134328358208956
3095,2009,6,6,0.5403846153846155
3098,2009,6,0,0.4804347826086957
2995,2009,6,1,0.5246153846153846
3140,2009,6,5,0.66
3014,2009,6,5,0.4743243243243243
2955,2009,6,0,0.5229166666666667
2942,2009,6,9,0.5388888888888889
3160,2009,6,1,0.41875
2993,2009,6,4,0.325
3061,2009,6,6,0.8230769230769232
3188,2009,6,2,0.6224137931034484
2982,2009,6,4,0.5313725490196078
3093,2009,6,6,0.7074074074074075
3046,2009,6,8,0.4924528301886792
3015,2009,6,4,0.3347222222222222
2963,2009,6,9,0.8387755102040817
3000,2009,6,6,0.5878048780487806
3020,2009,6,8,0.7707692307692308
3126,2009,6,8,0.5362068965517242
2976,2009,6,2,0.5621212121212121
3034,2009,6,4,0.3039473684210526
3083,2009,6,2,0.5728571428571428
3185,2009,6,8,0.4234375
2952,2009,6,4,0.4918367346938775
3054,2009,6,3,0.6605263157894737
3107,2009,6,3,0.3849315068493151
3157,2009,6,1,0.6803571428571429
2986,2009,6,1,0.6452380952380953
2979,2009,6,2,0.3986301369863014
3184,2009,6,8,0.6543478260869565
3115,2009,6,6,0.6241379310344828
3039,2009,6,4,0.5730158730158731
3004,2009,6,1,0.5617647058823529
3091,2009,6,0,0.5157142857142857
3139,2009,6,5,0.6241379310344828
2980,2009,6,4,0.3792452830188679
2968,2009,6,8,0.3149253731343284
3422,2010,7,7,0.3710526315789473
3382,2010,7,1,0.3916666666666666
3213,2010,7,1,0.4575757575757576
3432,2010,7,2,0.3638888888888889
3304,2010,7,6,0.707843137254902
3340,2010,7,7,0.5516666666666666
3369,2010,7,1,0.6191489361702128
3339,2010,7,4,0.4492537313432836
3385,2010,7,2,0.5477272727272727
3388,2010,7,3,0.5666666666666667
3333,2010,7,3,0.6121951219512195
3413,2010,7,6,0.4529411764705882
3234,2010,7,2,0.4358490566037736
3232,2010,7,2,0.7303030303030303
3229,2010,7,7,0.9546875
3221,2010,7,7,0.282
3341,2010,7,3,0.4340909090909091
3318,2010,7,0,0.327027027027027
3359,2010,7,3,0.6326086956521739
3418,2010,7,3,0.4870967741935483
3258,2010,7,0,0.4918367346938775
3198,2010,7,9,0.4911111111111111
3305,2010,7,0,0.4891891891891892
3260,2010,7,3,0.6275000000000001
3464,2010,7,4,0.3175438596491228
3278,2010,7,7,0.6490196078431373
3202,2010,7,0,0.7893617021276597
3445,2010,7,8,0.7166666666666667
3449,2010,7,1,0.4236842105263158
3285,2010,7,1,0.6880597014925374
3215,2010,7,7,0.440625
3335,2010,7,7,0.425
3342,2010,7,1,0.5732142857142858
3378,2010,7,3,0.3507936507936508
3478,2010,7,3,0.46
3228,2010,7,6,0.458695652173913
3206,2010,7,2,0.6696969696969698
3365,2010,7,2,0.485483870967742
3199,2010,7,2,0.5340425531914894
3293,2010,7,8,0.5645833333333333
3294,2010,7,7,0.5355555555555556
3460,2010,7,1,0.6536231884057971
3374,2010,7,4,0.8637931034482759
3337,2010,7,5,0.3673076923076923
3424,2010,7,2,0.615909090909091
3469,2010,7,9,0.3810344827586207
3357,2010,7,8,0.7594594594594595
3437,2010,7,9,0.9216216216216216
3346,2010,7,7,0.6767441860465117
3214,2010,7,3,0.503125
3286,2010,7,7,0.4808219178082192
3204,2010,7,3,0.5412698412698413
3358,2010,7,3,0.5275000000000001
3273,2010,7,8,0.3354166666666667
3345,2010,7,9,0.4275
3381,2010,7,1,0.5730158730158731
3269,2010,7,2,0.522
3288,2010,7,7,0.4621621621621622
3423,2010,7,1,0.6609756097560976
3394,2010,7,9,0.5261904761904762
3248,2010,7,7,0.5025000000000001
3398,2010,7,6,0.5410256410256411
3246,2010,7,5,0.7525000000000001
3412,2010,7,0,0.3447368421052632
3332,2010,7,7,0.4018181818181818
3421,2010,7,6,0.4754385964912281
3456,2010,7,3,0.6025
3205,2010,7,3,0.4804347826086957
3201,2010,7,1,0.4510204081632653
3444,2010,7,0,0.4028571428571428
3465,2010,7,3,0.4492537313432836
3194,2010,7,6,0.5640625
3224,2010,7,5,0.622
3435,2010,7,1,0.6025
3314,2010,7,8,0.4641025641025641
3309,2010,7,1,0.4756410256410256
3327,2010,7,4,0.7163265306122449
3308,2010,7,4,0.5095238095238096
3289,2010,7,8,0.3767857142857143
3296,2010,7,1,0.7040540540540541
3438,2010,7,7,0.6025
3391,2010,7,7,0.6341772151898735
3473,2010,7,2,0.6551020408163266
3243,2010,7,3,0.3358974358974358
3241,2010,7,3,0.9678571428571427
3237,2010,7,3,0.6062500000000001
3235,2010,7,9,0.6211267605633803
3472,2010,7,8,0.735
3353,2010,7,8,0.7465116279069768
3459,2010,7,6,0.5597402597402598
3454,2010,7,7,0.3926829268292683
3479,2010,7,1,0.3907407407407408
3299,2010,7,9,0.5269230769230769
3466,2010,7,1,0.7339285714285715
3356,2010,7,1,0.3954545454545455
3451,2010,7,3,0.6169230769230769
3428,2010,7,3,0.4209677419354839
3426,2010,7,4,0.4194444444444444
3401,2010,7,8,0.5910714285714286
3400,2010,7,8,0.4168831168831169
3372,2010,7,3,0.5815789473684211
3307,2010,7,7,0.5362068965517242
3434,2010,7,2,0.6244444444444445
3250,2010,7,2,0.362
3295,2010,7,4,0.5193548387096775
3197,2010,7,8,0.4327586206896552
3276,2010,7,5,0.47625
3211,2010,7,3,0.815625
3247,2010,7,0,0.5261904761904762
3252,2010,7,3,0.3067796610169492
3255,2010,7,8,0.3673076923076923
3271,2010,7,8,0.3810344827586207
3261,2010,7,3,0.2463414634146341
3367,2010,7,3,0.511764705882353
3259,2010,7,8,0.6605263157894737
3375,2010,7,0,0.5122448979591837
3297,2010,7,2,0.7808823529411765
3393,2010,7,4,0.5938775510204082
3408,2010,7,6,0.4628205128205128
3219,2010,7,9,0.5388888888888889
3218,2010,7,1,0.7707692307692308
3200,2010,7,0,0.3525
3325,2010,7,4,0.6690476190476191
3281,2010,7,1,0.4914893617021277
3443,2010,7,9,0.7163265306122449
3316,2010,7,6,0.4785714285714286
3208,2010,7,9,0.6062500000000001
3450,2010,7,3,0.6466666666666667
3448,2010,7,1,0.4147058823529411
3222,2010,7,3,0.8073170731707318
3392,2010,7,9,0.4914893617021277
3387,2010,7,1,0.5418918918918919
3254,2010,7,1,0.7935064935064935
3376,2010,7,8,0.4529411764705882
3352,2010,7,8,0.5432432432432432
3275,2010,7,1,0.6078947368421053
3334,2010,7,4,0.5901960784313726
3477,2010,7,9,0.45125
3480,2010,7,1,0.6342105263157896
3203,2010,7,3,0.4442622950819672
3425,2010,7,2,0.5305555555555556
3470,2010,7,4,0.553125
3298,2010,7,5,0.3
3395,2010,7,3,0.6516666666666667
3410,2010,7,1,0.3526315789473684
3431,2010,7,6,0.4795454545454545
3417,2010,7,9,0.530188679245283
3193,2010,7,7,0.6978260869565218
3416,2010,7,3,0.6457627118644068
3195,2010,7,8,0.4472222222222222
3452,2010,7,4,0.5820000000000001
3383,2010,7,3,0.6895833333333333
3389,2010,7,3,0.8282608695652174
3225,2010,7,4,0.6483870967741936
3461,2010,7,4,0.9078125
3446,2010,7,9,0.925
3274,2010,7,5,0.668421052631579
3475,2010,7,3,0.4169230769230769
3420,2010,7,3,0.6622641509433963
3230,2010,7,1,0.3746987951807229
3411,2010,7,4,0.7642857142857143
3290,2010,7,9,0.5340425531914894
3310,2010,7,3,0.4934426229508197
3306,2010,7,3,0.5014285714285714
3231,2010,7,9,0.7981481481481482
3355,2010,7,1,0.4384615384615385
3311,2010,7,0,0.3576271186440678
3220,2010,7,6,0.3457142857142857
3263,2010,7,5,0.725531914893617
3236,2010,7,1,0.5888888888888889
3458,2010,7,0,0.5617647058823529
3349,2010,7,7,0.7796296296296297
3324,2010,7,0,0.4525
3330,2010,7,6,0.4914893617021277
3320,2010,7,7,0.3658823529411765
3441,2010,7,6,0.3577777777777778
3256,2010,7,5,0.7862745098039216
3406,2010,7,3,0.3871428571428572
3415,2010,7,5,0.5017857142857143
3331,2010,7,9,0.9360655737704918
3371,2010,7,7,0.8106382978723404
3279,2010,7,8,0.5901960784313726
3329,2010,7,7,0.5910714285714286
3348,2010,7,3,0.5433734939759036
3419,2010,7,1,0.4228070175438597
3399,2010,7,4,0.5654545454545454
3447,2010,7,7,0.4306122448979592
3196,2010,7,1,0.8675675675675676
3354,2010,7,7,0.8080645161290323
3282,2010,7,4,0.2784615384615385
3233,2010,7,3,0.2903846153846153
3379,2010,7,4,0.7129032258064517
3210,2010,7,9,0.5022727272727273
3343,2010,7,2,0.7683333333333333
3344,2010,7,3,0.4333333333333333
3300,2010,7,7,0.4395833333333334
3262,2010,7,3,0.6098039215686275
3350,2010,7,6,0.4630769230769231
3216,2010,7,3,0.4621621621621622
3283,2010,7,3,0.7921052631578948
3209,2010,7,3,0.296078431372549
3251,2010,7,3,0.7285714285714285
3386,2010,7,3,0.4333333333333333
3319,2010,7,4,0.6341772151898735
3322,2010,7,3,0.3786885245901639
3396,2010,7,7,0.7840579710144928
3328,2010,7,1,0.6682539682539683
3238,2010,7,7,0.78
3338,2010,7,7,0.5015151515151516
3409,2010,7,4,0.6108695652173913
3268,2010,7,7,0.3253521126760563
3287,2010,7,8,0.3288461538461539
3266,2010,7,0,0.4575757575757576
3347,2010,7,6,0.4333333333333333
3474,2010,7,7,0.5857142857142857
3476,2010,7,7,0.6490196078431373
3433,2010,7,3,0.682608695652174
3463,2010,7,0,0.5113207547169811
3264,2010,7,3,0.4770491803278688
3442,2010,7,0,0.8132075471698114
3407,2010,7,7,0.8357142857142857
3292,2010,7,0,0.5787878787878789
3427,2010,7,4,0.7742857142857144
3226,2010,7,4,0.485483870967742
3440,2010,7,4,0.5604651162790698
3302,2010,7,1,0.6790322580645162
3397,2010,7,2,0.4217391304347826
3366,2010,7,0,0.5127659574468085
3336,2010,7,3,0.7477611940298508
3390,2010,7,4,0.4569620253164557
3436,2010,7,3,0.5980769230769231
3362,2010,7,7,0.7477611940298508
3363,2010,7,5,0.5442857142857143
3457,2010,7,7,0.4683333333333334
3280,2010,7,6,0.4403508771929825
3351,2010,7,3,0.6464285714285715
3467,2010,7,4,0.3765625
3270,2010,7,4,0.598780487804878
3244,2010,7,1,0.523913043478261
3471,2010,7,4,0.7696428571428572
3403,2010,7,4,0.4298701298701299
3217,2010,7,6,0.4833333333333333
3360,2010,7,2,0.6609756097560976
3380,2010,7,4,0.3986301369863014
3301,2010,7,5,0.5836363636363636
3370,2010,7,1,0.502
3284,2010,7,4,0.5362068965517242
3364,2010,7,3,0.4618421052631579
3414,2010,7,3,0.6755102040816326
3439,2010,7,4,0.4683333333333334
3212,2010,7,4,0.3447368421052632
3223,2010,7,0,0.3957746478873239
3323,2010,7,3,0.4784615384615385
3249,2010,7,3,0.3564516129032258
3405,2010,7,7,0.5980769230769231
3361,2010,7,2,0.4041666666666667
3317,2010,7,3,0.396969696969697
3265,2010,7,0,0.5016129032258064
3267,2010,7,7,0.5705882352941177
3272,2010,7,0,0.4604166666666667
3277,2010,7,4,0.6802469135802469
3404,2010,7,9,0.5328125
3239,2010,7,3,0.4940298507462686
3257,2010,7,3,0.5605504587155964
3242,2010,7,5,0.3926829268292683
3291,2010,7,1,0.3246153846153846
3312,2010,7,6,0.4608108108108108
3321,2010,7,1,0.5017241379310345
3373,2010,7,5,0.7260869565217392
3315,2010,7,7,0.4653846153846154
3303,2010,7,4,0.4534246575342466
3313,2010,7,3,0.7435483870967742
3227,2010,7,9,0.6490196078431373
3455,2010,7,0,0.4516666666666667
3253,2010,7,4,0.4736111111111111
3377,2010,7,7,0.6156626506024097
3245,2010,7,3,0.7787037037037037
3430,2010,7,6,0.6333333333333334
3468,2010,7,8,0.725531914893617
3429,2010,7,4,0.5261904761904762
3384,2010,7,3,0.385
3402,2010,7,7,0.7163265306122449
3462,2010,7,7,0.6346938775510205
3240,2010,7,1,0.6870370370370371
3207,2010,7,5,0.5897058823529412
3453,2010,7,3,0.8319148936170213
3326,2010,7,2,0.3285714285714286
3368,2010,7,3,0.6365853658536585
3542,2010,7,2,0.4658536585365854
3527,2010,7,5,0.4885714285714286
3647,2010,7,9,0.5490566037735849
3769,2010,7,1,0.6365853658536585
3544,2010,7,2,0.4547169811320755
3670,2010,7,2,0.3725806451612903
3556,2010,7,8,0.4702127659574468
3754,2010,7,2,0.4906976744186047
3625,2010,7,8,0.5767123287671233
3575,2010,7,3,0.3447761194029851
3617,2010,7,4,0.5640625
3559,2010,7,9,0.5318181818181819
3610,2010,7,5,0.3871794871794872
3784,2010,7,4,0.62
3485,2010,7,8,0.6513513513513514
3486,2010,7,0,0.5014705882352941
3691,2010,7,4,0.5289473684210527
3618,2010,7,1,0.6275000000000001
3582,2010,7,5,0.6882352941176471
3546,2010,7,1,0.582258064516129
3523,2010,7,8,0.6018181818181818
3608,2010,7,0,0.3701754385964912
3596,2010,7,9,0.4466666666666667
3591,2010,7,7,0.5133333333333334
3752,2010,7,7,0.6625
3727,2010,7,9,0.8022222222222223
3643,2010,7,3,0.4621621621621622
3528,2010,7,4,0.3156862745098039
3677,2010,7,3,0.4674418604651163
3669,2010,7,5,0.4169811320754717
3545,2010,7,6,0.6961904761904761
3713,2010,7,2,0.7468085106382979
3785,2010,7,0,0.5472727272727272
3717,2010,7,8,0.2611111111111111
3699,2010,7,1,0.5098360655737705
3537,2010,7,2,0.8973684210526316
3574,2010,7,8,0.7527777777777778
3516,2010,7,2,0.58875
3660,2010,7,4,0.7274193548387097
3765,2010,7,7,0.4081081081081081
3734,2010,7,0,0.7444444444444445
3776,2010,7,0,0.5074074074074074
3735,2010,7,9,0.8314285714285715
3649,2010,7,6,0.4340909090909091
3740,2010,7,0,0.5146341463414634
3741,2010,7,6,0.4170731707317073
3780,2010,7,9,0.4862068965517241
3637,2010,7,1,0.4462962962962963
3635,2010,7,2,0.4038961038961039
3630,2010,7,2,0.611864406779661
3636,2010,7,1,0.6365853658536585
3688,2010,7,7,0.8852941176470589
3580,2010,7,4,0.5878048780487806
3661,2010,7,6,0.5838709677419355
3572,2010,7,5,0.7527777777777778
3534,2010,7,2,0.360377358490566
3535,2010,7,0,0.4785714285714286
3493,2010,7,9,0.5820000000000001
3514,2010,7,2,0.3609375
3759,2010,7,2,0.7112903225806452
3726,2010,7,5,0.5366666666666667
3779,2010,7,2,0.4621621621621622
3718,2010,7,5,0.4384615384615385
3511,2010,7,2,0.4833333333333333
3525,2010,7,1,0.327906976744186
3500,2010,7,1,0.4929824561403509
3708,2010,7,6,0.5904109589041097
3704,2010,7,1,0.4152173913043478
3782,2010,7,2,0.5098360655737705
3531,2010,7,9,0.3475247524752475
3742,2010,7,2,0.3622950819672131
3762,2010,7,0,0.7451612903225807
3627,2010,7,5,0.4934426229508197
3501,2010,7,8,0.6302325581395349
3760,2010,7,9,0.6783783783783784
3571,2010,7,7,0.4785714285714286
3768,2010,7,4,0.5392857142857143
3777,2010,7,4,0.4113636363636364
3607,2010,7,7,0.725531914893617
3597,2010,7,8,0.7775510204081633
3593,2010,7,0,0.5261904761904762
3570,2010,7,9,0.4510204081632653
3492,2010,7,8,0.562
3589,2010,7,2,0.5355555555555556
3508,2010,7,5,0.3907407407407408
3680,2010,7,5,0.65
3655,2010,7,1,0.4851851851851851
3553,2010,7,0,0.403448275862069
3711,2010,7,2,0.6688888888888889
3722,2010,7,5,0.4369565217391304
3642,2010,7,0,0.9780487804878047
3663,2010,7,4,0.3742857142857143
3755,2010,7,6,0.6543478260869565
3681,2010,7,6,0.4891891891891892
3672,2010,7,1,0.3589285714285714
3599,2010,7,9,0.8130434782608695
3605,2010,7,4,0.7166666666666667
3781,2010,7,8,0.5765957446808511
3611,2010,7,8,0.4081081081081081
3733,2010,7,2,0.743939393939394
3657,2010,7,2,0.5824324324324325
3774,2010,7,9,0.971875
3764,2010,7,4,0.4927272727272727
3654,2010,7,6,0.4785714285714286
3622,2010,7,5,0.5807692307692307
3737,2010,7,7,0.6622641509433963
3626,2010,7,5,0.3447368421052632
3778,2010,7,6,0.360377358490566
3694,2010,7,7,0.5551724137931034
3766,2010,7,5,0.7814814814814816
3555,2010,7,0,0.6161290322580646
3491,2010,7,1,0.446031746031746
3565,2010,7,1,0.5910714285714286
3543,2010,7,2,0.3638297872340426
3489,2010,7,7,0.7275862068965517
3551,2010,7,5,0.5982456140350877
3732,2010,7,9,0.385
3490,2010,7,2,0.471875
3495,2010,7,2,0.6543478260869565
3658,2010,7,8,0.7606060606060606
3583,2010,7,9,0.6794117647058824
3748,2010,7,9,0.6302325581395349
3602,2010,7,9,0.8591836734693877
3723,2010,7,0,0.9344827586206896
3600,2010,7,7,0.5604651162790698
3562,2010,7,7,0.3537037037037037
3521,2010,7,9,0.4442622950819672
3569,2010,7,8,0.4209876543209876
3690,2010,7,5,0.4897435897435898
3512,2010,7,1,0.2454545454545454
3509,2010,7,3,0.5098360655737705
3563,2010,7,1,0.718867924528302
3633,2010,7,7,0.5162162162162163
3771,2010,7,9,0.4693548387096774
3533,2010,7,7,0.5577777777777778
3604,2010,7,4,0.4608108108108108
3584,2010,7,9,0.5867924528301887
3540,2010,7,1,0.4277777777777778
3683,2010,7,9,0.5554054054054054
3587,2010,7,4,0.804
3653,2010,7,8,0.90327868852459
3757,2010,7,0,0.2603448275862069
3567,2010,7,0,0.4441860465116279
3520,2010,7,5,0.3887096774193548
3513,2010,7,6,0.5390243902439025
3692,2010,7,2,0.4547619047619048
3664,2010,7,4,0.4155172413793103
3749,2010,7,7,0.5705882352941177
3505,2010,7,9,0.6767441860465117
3558,2010,7,2,0.4123287671232877
3751,2010,7,0,0.6081967213114754
3594,2010,7,1,0.5017857142857143
3619,2010,7,5,0.6065789473684211
3645,2010,7,6,0.8354166666666667
3595,2010,7,8,0.4891891891891892
3720,2010,7,4,0.4784615384615385
3689,2010,7,9,0.5262295081967213
3564,2010,7,4,0.6157894736842106
3744,2010,7,5,0.6683333333333333
3763,2010,7,4,0.4516666666666667
3536,2010,7,4,0.448936170212766
3685,2010,7,5,0.7000000000000001
3612,2010,7,9,0.5403846153846155
3728,2010,7,6,0.41875
3761,2010,7,0,0.6109375
3678,2010,7,3,0.5654545454545454
3712,2010,7,1,0.4684782608695652
3710,2010,7,2,0.6885714285714286
3715,2010,7,6,0.4323076923076923
3541,2010,7,3,0.6295238095238095
3686,2010,7,1,0.6047619047619048
3507,2010,7,9,0.446031746031746
3620,2010,7,8,0.5211538461538462
3638,2010,7,4,0.5020833333333333
3703,2010,7,5,0.5596153846153846
3529,2010,7,1,0.6490196078431373
3504,2010,7,4,0.4875
3526,2010,7,6,0.5390243902439025
3482,2010,7,2,0.4852631578947368
3788,2010,7,8,0.9472972972972972
3743,2010,7,4,0.8450980392156863
3730,2010,7,9,0.6089285714285715
3494,2010,7,7,0.5553191489361703
3496,2010,7,4,0.4804347826086957
3662,2010,7,4,0.588
3487,2010,7,1,0.3486111111111111
3560,2010,7,8,0.6169230769230769
3624,2010,7,2,0.5554054054054054
3644,2010,7,6,0.6622641509433963
3665,2010,7,7,0.5086956521739131
3767,2010,7,6,0.3649350649350649
3547,2010,7,2,0.6959183673469388
3684,2010,7,0,0.5029411764705882
3552,2010,7,7,0.6214285714285714
3656,2010,7,1,0.2875
3530,2010,7,5,0.5596153846153846
3746,2010,7,4,0.4942028985507246
3714,2010,7,2,0.6557692307692308
3639,2010,7,5,0.3258064516129032
3695,2010,7,9,0.45
3484,2010,7,5,0.4945205479452055
3775,2010,7,4,0.4395833333333334
3566,2010,7,6,0.5189655172413793
3629,2010,7,7,0.4168539325842696
3506,2010,7,8,0.5631578947368421
3613,2010,7,9,0.6467741935483872
3783,2010,7,8,0.4795454545454545
3682,2010,7,7,0.4902439024390244
3598,2010,7,2,0.5631578947368421
3585,2010,7,8,0.5738095238095239
3705,2010,7,7,0.5075949367088608
3675,2010,7,6,0.3576271186440678
3696,2010,7,8,0.7367346938775511
3483,2010,7,7,0.7274193548387097
3588,2010,7,2,0.8220000000000001
3538,2010,7,5,0.4022222222222222
3659,2010,7,5,0.4568181818181818
3693,2010,7,0,0.8200000000000001
3687,2010,7,5,0.5403846153846155
3573,2010,7,4,0.2396825396825396
3700,2010,7,2,0.3976744186046512
3517,2010,7,2,0.4428571428571429
3716,2010,7,2,0.5019230769230769
3634,2010,7,1,0.4606557377049181
3698,2010,7,0,0.5101694915254238
3499,2010,7,8,0.4466666666666667
3576,2010,7,8,0.4507246376811594
3725,2010,7,4,0.5938775510204082
3577,2010,7,6,0.7035087719298246
3707,2010,7,1,0.482
3706,2010,7,0,0.6243243243243244
3581,2010,7,4,0.7000000000000001
3481,2010,7,1,0.7025
3701,2010,7,0,0.6871428571428572
3621,2010,7,1,0.4236842105263158
3503,2010,7,5,0.7974358974358975
3786,2010,7,5,0.5289473684210527
3561,2010,7,0,0.5340425531914894
3729,2010,7,5,0.3241935483870968
3590,2010,7,4,0.6557692307692308
3518,2010,7,9,0.826984126984127
3579,2010,7,5,0.3535211267605634
3724,2010,7,1,0.6859649122807018
3592,2010,7,9,0.4015384615384615
3549,2010,7,6,0.9634615384615384
3671,2010,7,4,0.5229166666666667
3719,2010,7,9,0.4575757575757576
3601,2010,7,4,0.7977272727272727
3498,2010,7,5,0.5113207547169811
3586,2010,7,5,0.5019230769230769
3614,2010,7,1,0.4277777777777778
3702,2010,7,4,0.3746268656716418
3522,2010,7,5,0.553448275862069
3651,2010,7,3,0.4390625
3709,2010,7,5,0.4929824561403509
3519,2010,7,7,0.4918367346938775
3721,2010,7,5,0.7104166666666667
3666,2010,7,2,0.523913043478261
3623,2010,7,8,0.8745454545454546
3568,2010,7,5,0.4327586206896552
3632,2010,7,8,0.5122448979591837
3554,2010,7,1,0.4358490566037736
3640,2010,7,0,0.7680851063829788
3652,2010,7,5,0.7367346938775511
3747,2010,7,0,0.323728813559322
3532,2010,7,2,0.5017241379310345
3539,2010,7,5,0.8886363636363637
3524,2010,7,2,0.3981132075471698
3648,2010,7,5,0.6760869565217391
3609,2010,7,9,0.8638888888888889
3502,2010,7,5,0.8442857142857143
3603,2010,7,9,0.3637931034482758
3758,2010,7,5,0.510909090909091
3772,2010,7,6,0.602
3736,2010,7,1,0.442
3628,2010,7,3,0.4573529411764706
3739,2010,7,3,0.531578947368421
3515,2010,7,4,0.5412698412698413
3738,2010,7,5,0.4303571428571429
3646,2010,7,1,0.7000000000000001
3787,2010,7,2,0.559016393442623
3578,2010,7,6,0.5410256410256411
3679,2010,7,5,0.6563636363636364
3756,2010,7,4,0.874468085106383
3753,2010,7,1,0.4648148148148148
3745,2010,7,9,0.4275
3697,2010,7,7,0.4918367346938775
3650,2010,7,7,0.4693548387096774
3557,2010,7,5,0.5569444444444445
3616,2010,7,5,0.3288461538461539
3550,2010,7,9,0.662
3668,2010,7,8,0.9147058823529411
3773,2010,7,5,0.4279411764705882
3750,2010,7,1,0.6622641509433963
3606,2010,7,2,0.7930232558139535
3676,2010,7,5,0.6806451612903226
3667,2010,7,2,0.3595238095238095
3615,2010,7,8,0.802
3731,2010,7,1,0.5113207547169811
3641,2010,7,6,0.4945205479452055
3673,2010,7,5,0.5631578947368421
3631,2010,7,0,0.4785714285714286
3497,2010,7,3,0.6636363636363637
3548,2010,7,7,0.7696428571428572
3770,2010,7,7,0.3053571428571429
3488,2010,7,0,0.4369565217391304
3510,2010,7,1,0.35125
3674,2010,7,2,0.511764705882353
3901,2011,8,3,0.5553846153846154
3986,2011,8,7,0.5229166666666667
3956,2011,8,2,0.4092592592592592
3933,2011,8,3,0.6685185185185185
3833,2011,8,8,0.4568181818181818
4000,2011,8,7,0.6513513513513514
3870,2011,8,1,0.7519230769230769
4045,2011,8,7,0.5730158730158731
3818,2011,8,5,0.4593220338983051
3953,2011,8,1,0.5340425531914894
4029,2011,8,0,0.3691176470588235
3997,2011,8,2,0.5261904761904762
4080,2011,8,4,0.9109090909090908
3926,2011,8,9,0.4795454545454545
3909,2011,8,4,0.3973684210526316
4095,2011,8,4,0.4482142857142857
4102,2011,8,5,0.3682926829268292
4108,2011,8,1,0.7229508196721312
3889,2011,8,0,0.382
3839,2011,8,2,0.3681818181818181
3978,2011,8,8,0.6467741935483872
4023,2011,8,6,0.9602739726027396
4003,2011,8,8,0.5896551724137932
3984,2011,8,0,0.4194029850746268
3821,2011,8,0,0.5754098360655738
4017,2011,8,1,0.4940298507462686
4066,2011,8,6,0.7919354838709678
3974,2011,8,1,0.8555555555555556
3968,2011,8,3,0.6625
3959,2011,8,2,0.5375
3941,2011,8,3,0.5390243902439025
4057,2011,8,1,0.6161290322580646
4070,2011,8,3,0.6245283018867924
4089,2011,8,4,0.3290909090909091
4097,2011,8,8,0.35625
4042,2011,8,3,0.4390625
3990,2011,8,1,0.5835820895522388
3994,2011,8,3,0.4833333333333333
3860,2011,8,3,0.8420000000000001
3929,2011,8,1,0.6686274509803922
3927,2011,8,3,0.6413333333333333
4008,2011,8,8,0.7717948717948718
3832,2011,8,3,0.7131578947368421
3885,2011,8,7,0.4618421052631579
4012,2011,8,3,0.4052631578947369
3829,2011,8,8,0.2312499999999999
4065,2011,8,3,0.5553846153846154
4019,2011,8,0,0.511764705882353
4046,2011,8,5,0.3275
4025,2011,8,2,0.4276595744680851
4084,2011,8,7,0.3472727272727273
3879,2011,8,3,0.47
3798,2011,8,9,0.4108433734939759
4043,2011,8,3,0.785
3831,2011,8,9,0.5779661016949152
3795,2011,8,4,0.8387755102040817
4036,2011,8,2,0.612962962962963
4067,2011,8,9,0.2805555555555555
4085,2011,8,3,0.642
4090,2011,8,6,0.6381818181818182
4099,2011,8,0,0.5027777777777778
4119,2011,8,7,0.7522727272727273
3892,2011,8,3,0.57625
3874,2011,8,4,0.31375
3888,2011,8,0,0.742
3876,2011,8,2,0.6191489361702128
3877,2011,8,3,0.8563636363636364
3916,2011,8,8,0.8083333333333333
4055,2011,8,3,0.6625
3802,2011,8,6,0.7634920634920636
4052,2011,8,3,0.4254237288135593
3969,2011,8,6,0.4775
3973,2011,8,6,0.5537313432835821
4039,2011,8,6,0.3954545454545455
3836,2011,8,1,0.4672413793103449
3826,2011,8,7,0.9472222222222224
4032,2011,8,9,0.6396551724137931
3840,2011,8,6,0.3886363636363636
3949,2011,8,3,0.3447368421052632
4028,2011,8,0,0.4466666666666667
4026,2011,8,1,0.6138888888888889
3887,2011,8,3,0.7472727272727273
4006,2011,8,3,0.4932203389830509
3991,2011,8,3,0.4924528301886792
3996,2011,8,1,0.9693548387096774
3904,2011,8,7,0.5244186046511629
4033,2011,8,4,0.4492537313432836
3985,2011,8,1,0.4693548387096774
3917,2011,8,3,0.5211538461538462
4047,2011,8,3,0.6726027397260275
3890,2011,8,7,0.7657894736842106
4053,2011,8,9,0.7260869565217392
3913,2011,8,3,0.3459016393442623
3834,2011,8,5,0.440625
3806,2011,8,3,0.595945945945946
3848,2011,8,3,0.4152173913043478
3866,2011,8,9,0.7240740740740741
3800,2011,8,1,0.6721518987341772
3810,2011,8,8,0.4358490566037736
3849,2011,8,3,0.7158730158730159
3801,2011,8,8,0.7654545454545455
3823,2011,8,5,0.5854166666666667
3912,2011,8,1,0.3941176470588236
3928,2011,8,0,0.3848837209302326
3943,2011,8,8,0.452112676056338
3827,2011,8,7,0.6169230769230769
3793,2011,8,4,0.5022727272727273
3954,2011,8,3,0.3425531914893617
4002,2011,8,0,0.5705882352941177
3854,2011,8,3,0.3638297872340426
3838,2011,8,3,0.8296875
3993,2011,8,0,0.4366666666666666
3846,2011,8,4,0.5891304347826087
3847,2011,8,3,0.3564516129032258
3975,2011,8,9,0.45
3982,2011,8,1,0.4254237288135593
3809,2011,8,0,0.42
4103,2011,8,3,0.2784615384615385
3980,2011,8,1,0.4301587301587302
3906,2011,8,6,0.5022727272727273
4073,2011,8,1,0.985
3893,2011,8,1,0.3516666666666667
3872,2011,8,3,0.5019230769230769
3873,2011,8,8,0.7295454545454546
3871,2011,8,3,0.6075757575757575
4079,2011,8,0,0.4630769230769231
3989,2011,8,7,0.4648148148148148
3970,2011,8,8,0.3921875
4098,2011,8,1,0.6051724137931035
4071,2011,8,3,0.885
3987,2011,8,1,0.9408163265306124
3950,2011,8,4,0.5854166666666667
4011,2011,8,2,0.953658536585366
3942,2011,8,1,0.3171052631578948
4021,2011,8,3,0.5800000000000001
3824,2011,8,3,0.7354430379746836
3967,2011,8,0,0.385
4069,2011,8,9,0.3492753623188406
3896,2011,8,8,0.5229166666666667
3863,2011,8,9,0.5910714285714286
3791,2011,8,3,0.4532258064516129
3864,2011,8,3,0.4340909090909091
3807,2011,8,1,0.525
3914,2011,8,3,0.6326086956521739
3903,2011,8,3,0.3516666666666667
3918,2011,8,1,0.5972972972972973
3921,2011,8,2,0.7166666666666667
3851,2011,8,2,0.2903846153846153
4015,2011,8,3,0.4114754098360656
4086,2011,8,5,0.4785714285714286
4035,2011,8,7,0.5020833333333333
3880,2011,8,8,0.596875
4107,2011,8,1,0.6723684210526316
3925,2011,8,3,0.3349206349206349
4091,2011,8,1,0.4641791044776119
3937,2011,8,4,0.3589285714285714
4117,2011,8,4,0.4839285714285714
4001,2011,8,2,0.5456140350877193
4113,2011,8,8,0.9325581395348838
3899,2011,8,4,0.2927272727272728
4115,2011,8,7,0.2623188405797101
4092,2011,8,7,0.6452054794520549
3952,2011,8,3,0.7981481481481482
3811,2011,8,0,0.568918918918919
3947,2011,8,3,0.4608108108108108
3907,2011,8,5,0.4532258064516129
3814,2011,8,3,0.4859375
3858,2011,8,0,0.5437500000000001
3940,2011,8,0,0.5018518518518519
4038,2011,8,9,0.3932432432432433
4009,2011,8,8,0.5022727272727273
3995,2011,8,0,0.4228070175438597
4093,2011,8,3,0.5423529411764706
4051,2011,8,7,0.6098039215686275
3966,2011,8,1,0.4924528301886792
4007,2011,8,2,0.764406779661017
3816,2011,8,9,0.4132352941176471
3946,2011,8,0,0.3352941176470588
3789,2011,8,4,0.8438596491228071
4024,2011,8,4,0.8902777777777777
4037,2011,8,1,0.4078125
3859,2011,8,2,0.3057971014492754
4034,2011,8,8,0.62
3842,2011,8,3,0.756140350877193
4050,2011,8,4,0.4914893617021277
3790,2011,8,2,0.7240963855421687
3837,2011,8,4,0.53
4074,2011,8,3,0.3415094339622642
3813,2011,8,3,0.9319444444444444
4106,2011,8,1,0.3492753623188406
3843,2011,8,1,0.3166666666666667
3988,2011,8,6,0.3637931034482758
3869,2011,8,4,0.3651515151515151
3948,2011,8,3,0.6859649122807018
3936,2011,8,5,0.5086956521739131
3910,2011,8,6,0.6913793103448276
3963,2011,8,1,0.3350877192982456
3955,2011,8,5,0.5949152542372882
3934,2011,8,1,0.6396551724137931
4118,2011,8,7,0.3459016393442623
4056,2011,8,1,0.517741935483871
3951,2011,8,4,0.3825396825396825
3804,2011,8,3,0.9194444444444444
4082,2011,8,9,0.5779661016949152
3905,2011,8,9,0.7086206896551724
3902,2011,8,3,0.3927835051546391
3962,2011,8,6,0.5472727272727272
3841,2011,8,6,0.4929824561403509
4087,2011,8,3,0.7392857142857143
4111,2011,8,0,0.5157142857142857
3965,2011,8,0,0.5824324324324325
3931,2011,8,4,0.4340909090909091
3844,2011,8,5,0.7613333333333333
4048,2011,8,1,0.4918367346938775
4020,2011,8,0,0.573469387755102
3964,2011,8,7,0.6734375
3983,2011,8,3,0.5553191489361703
4112,2011,8,3,0.6717647058823529
3820,2011,8,9,0.622
3852,2011,8,1,0.6790322580645162
4088,2011,8,7,0.476271186440678
4005,2011,8,1,0.323728813559322
4049,2011,8,4,0.5938775510204082
4060,2011,8,2,0.6191489361702128
3878,2011,8,2,0.4833333333333333
3886,2011,8,1,0.4106060606060606
4077,2011,8,0,0.6191176470588236
4101,2011,8,6,0.4795454545454545
4059,2011,8,5,0.55
3830,2011,8,1,0.7445945945945946
3883,2011,8,3,0.5585714285714286
4004,2011,8,3,0.3651515151515151
4054,2011,8,0,0.502
3794,2011,8,7,0.5015151515151516
3867,2011,8,2,0.4948051948051948
3894,2011,8,9,0.362
4083,2011,8,2,0.6452380952380953
3924,2011,8,8,0.4278688524590164
4105,2011,8,5,0.525609756097561
3897,2011,8,3,0.8130434782608695
3853,2011,8,1,0.6686274509803922
3992,2011,8,3,0.4608108108108108
3922,2011,8,2,0.3865384615384615
4062,2011,8,7,0.7442857142857143
4016,2011,8,7,0.4384615384615385
3857,2011,8,1,0.7068181818181819
4013,2011,8,9,0.617948717948718
4068,2011,8,5,0.4217391304347826
3957,2011,8,5,0.5516666666666666
3792,2011,8,4,0.4403508771929825
3805,2011,8,5,0.5011904761904762
4104,2011,8,2,0.7721311475409837
3900,2011,8,1,0.4785714285714286
3898,2011,8,5,0.55
4076,2011,8,4,0.5362068965517242
3803,2011,8,9,0.553448275862069
3822,2011,8,6,0.4419354838709677
4022,2011,8,3,0.722
3850,2011,8,4,0.5836363636363636
3935,2011,8,3,0.475
4116,2011,8,3,0.2611111111111111
3923,2011,8,5,0.743103448275862
3891,2011,8,2,0.3950819672131148
3875,2011,8,9,0.3861538461538462
3919,2011,8,4,0.7394736842105264
3865,2011,8,7,0.6841269841269841
3861,2011,8,5,0.3810126582278481
4072,2011,8,3,0.756140350877193
3932,2011,8,3,0.5705882352941177
3799,2011,8,4,0.2898305084745763
3845,2011,8,4,0.6365079365079366
3999,2011,8,1,0.6913793103448276
3944,2011,8,4,0.6314814814814815
3915,2011,8,3,0.9442857142857142
3835,2011,8,0,0.6243243243243244
3884,2011,8,3,0.6479166666666667
3960,2011,8,5,0.5107843137254902
3815,2011,8,3,0.4125
3945,2011,8,1,0.7160714285714286
3939,2011,8,5,0.5229166666666667
4078,2011,8,5,0.8111111111111111
4027,2011,8,6,0.5013888888888889
3930,2011,8,5,0.8145833333333333
3908,2011,8,0,0.682
4010,2011,8,0,0.7519230769230769
3796,2011,8,3,0.7220588235294118
4096,2011,8,1,0.5086956521739131
4110,2011,8,4,0.6972222222222223
4061,2011,8,0,0.4532258064516129
4041,2011,8,3,0.4674418604651163
4040,2011,8,3,0.4063829787234043
3971,2011,8,3,0.41875
3819,2011,8,7,0.8675675675675676
4030,2011,8,9,0.4660714285714286
3938,2011,8,1,0.3654545454545455
4014,2011,8,3,0.6161290322580646
3856,2011,8,5,0.5388888888888889
3972,2011,8,9,0.4036585365853659
3998,2011,8,2,0.3295081967213115
3961,2011,8,5,0.7246153846153847
4109,2011,8,1,0.6779411764705883
3895,2011,8,4,0.525
3979,2011,8,1,0.6682539682539683
3920,2011,8,9,0.3848837209302326
3828,2011,8,8,0.3067796610169492
4058,2011,8,3,0.9204081632653062
3882,2011,8,7,0.6880597014925374
4075,2011,8,2,0.335
4064,2011,8,2,0.5122448979591837
3911,2011,8,9,0.7711538461538462
4063,2011,8,0,0.3915254237288136
3881,2011,8,9,0.435
3976,2011,8,9,0.4710843373493976
4018,2011,8,4,0.523913043478261
3825,2011,8,4,0.3981132075471698
3797,2011,8,2,0.5318181818181819
3868,2011,8,2,0.9472222222222224
3862,2011,8,3,0.475
3981,2011,8,5,0.423943661971831
3855,2011,8,8,0.3651515151515151
3808,2011,8,5,0.5404494382022472
4100,2011,8,3,0.9547619047619048
4044,2011,8,6,0.428
3977,2011,8,1,0.4063829787234043
4114,2011,8,0,0.475
4031,2011,8,3,0.55
3817,2011,8,3,0.3638297872340426
3812,2011,8,3,0.335
3958,2011,8,9,0.4340909090909091
4094,2011,8,7,0.6592105263157895
4081,2011,8,3,0.8630769230769231
4388,2011,8,9,0.3595238095238095
4431,2011,8,1,0.573469387755102
4426,2011,8,2,0.5021739130434782
4244,2011,8,9,0.3527472527472527
4377,2011,8,5,0.30125
4356,2011,8,5,0.6138888888888889
4260,2011,8,2,0.542
4331,2011,8,4,0.4906976744186047
4293,2011,8,4,0.4015384615384615
4211,2011,8,4,0.682
4274,2011,8,9,0.3979166666666667
4394,2011,8,2,0.4314285714285714
4217,2011,8,6,0.4927272727272727
4326,2011,8,7,0.3927536231884058
4267,2011,8,4,0.6613636363636364
4296,2011,8,8,0.3549019607843137
4321,2011,8,5,0.635
4437,2011,8,2,0.5023809523809524
4460,2011,8,7,0.5305555555555556
4291,2011,8,2,0.656896551724138
4246,2011,8,3,0.5390243902439025
4375,2011,8,1,0.7295454545454546
4164,2011,8,7,0.6467741935483872
4243,2011,8,8,0.4423728813559322
4202,2011,8,8,0.4384615384615385
4357,2011,8,0,0.5457142857142857
4466,2011,8,0,0.6270833333333333
4299,2011,8,2,0.615909090909091
4318,2011,8,0,0.7697674418604652
4336,2011,8,1,0.5246153846153846
4334,2011,8,5,0.3246153846153846
4241,2011,8,7,0.2711538461538461
4156,2011,8,1,0.3984126984126984
4381,2011,8,3,0.5020833333333333
4218,2011,8,1,0.5861111111111111
4270,2011,8,4,0.7382352941176471
4410,2011,8,0,0.4770491803278688
4148,2011,8,4,0.4147058823529411
4456,2011,8,5,0.5366197183098592
4333,2011,8,0,0.5372093023255814
4416,2011,8,6,0.3348484848484849
4341,2011,8,9,0.6613636363636364
4306,2011,8,4,0.4303571428571429
4305,2011,8,9,0.4658536585365854
4350,2011,8,9,0.4593220338983051
4355,2011,8,4,0.5086956521739131
4444,2011,8,4,0.5362068965517242
4384,2011,8,1,0.4902439024390244
4405,2011,8,8,0.573469387755102
4407,2011,8,2,0.4918367346938775
4400,2011,8,9,0.6191489361702128
4398,2011,8,9,0.7133333333333334
4445,2011,8,5,0.6018181818181818
4231,2011,8,9,0.7339285714285715
4266,2011,8,8,0.8314285714285715
4288,2011,8,3,0.3577777777777778
4389,2011,8,7,0.4018181818181818
4200,2011,8,4,0.5888888888888889
4125,2011,8,9,0.3080645161290323
4297,2011,8,3,0.5836363636363636
4278,2011,8,2,0.6534883720930232
4223,2011,8,7,0.4683333333333334
4283,2011,8,2,0.562
4248,2011,8,2,0.9457142857142856
4191,2011,8,0,0.5196428571428572
4193,2011,8,4,0.346551724137931
4320,2011,8,5,0.3615384615384615
4263,2011,8,2,0.4725490196078432
4236,2011,8,7,0.8119047619047619
4323,2011,8,9,0.6911111111111111
4369,2011,8,2,0.917391304347826
4408,2011,8,6,0.7642857142857143
4442,2011,8,0,0.6245283018867924
4347,2011,8,8,0.4891891891891892
4457,2011,8,2,0.4604166666666667
4172,2011,8,0,0.4466666666666667
4346,2011,8,9,0.7086206896551724
4123,2011,8,5,0.5026315789473684
4343,2011,8,5,0.5011363636363636
4379,2011,8,7,0.3934782608695652
4256,2011,8,5,0.6813333333333333
4257,2011,8,1,0.7808823529411765
4188,2011,8,7,0.5113207547169811
4259,2011,8,9,0.8213114754098361
4134,2011,8,8,0.65
4430,2011,8,5,0.4688888888888889
4421,2011,8,4,0.3767857142857143
4141,2011,8,5,0.4018181818181818
4214,2011,8,0,0.3
4232,2011,8,0,0.7046875
4124,2011,8,8,0.6551020408163266
4151,2011,8,7,0.3637931034482758
4209,2011,8,6,0.486764705882353
4345,2011,8,8,0.48125
4309,2011,8,2,0.3792452830188679
4176,2011,8,8,0.8028571428571429
4197,2011,8,8,0.6205882352941177
4358,2011,8,5,0.4745454545454545
4371,2011,8,8,0.5962962962962963
4362,2011,8,1,0.4323076923076923
4363,2011,8,2,0.6913793103448276
4168,2011,8,2,0.5472727272727272
4163,2011,8,7,0.8282608695652174
4162,2011,8,2,0.5017857142857143
4207,2011,8,5,0.4906976744186047
4365,2011,8,2,0.5765957446808511
4447,2011,8,1,0.458695652173913
4290,2011,8,6,0.3775
4272,2011,8,3,0.3957746478873239
4392,2011,8,2,0.562
4451,2011,8,8,0.8562500000000001
4310,2011,8,3,0.5707692307692308
4275,2011,8,5,0.5836363636363636
4339,2011,8,1,0.4745454545454545
4462,2011,8,4,0.5016129032258064
4423,2011,8,6,0.5553191489361703
4195,2011,8,1,0.4927272727272727
4227,2011,8,0,0.5702702702702703
4143,2011,8,5,0.4797101449275363
4178,2011,8,7,0.725531914893617
4230,2011,8,7,0.4510204081632653
4129,2011,8,9,0.7425925925925926
4229,2011,8,6,0.4688888888888889
4216,2011,8,1,0.555421686746988
4160,2011,8,3,0.6396551724137931
4173,2011,8,7,0.4924528301886792
4449,2011,8,8,0.3897959183673469
4308,2011,8,6,0.5404494382022472
4344,2011,8,1,0.55
4428,2011,8,6,0.4891891891891892
4177,2011,8,7,0.3984126984126984
4165,2011,8,5,0.5879310344827586
4404,2011,8,8,0.6635135135135135
4215,2011,8,5,0.6688888888888889
4453,2011,8,1,0.815625
4372,2011,8,2,0.4924528301886792
4277,2011,8,2,0.7232558139534884
4138,2011,8,9,0.3767857142857143
4436,2011,8,7,0.4169811320754717
4459,2011,8,8,0.3745098039215686
4184,2011,8,5,0.4575757575757576
4166,2011,8,2,0.7557377049180328
4186,2011,8,4,0.5440677966101695
4121,2011,8,2,0.7893617021276597
4281,2011,8,5,0.573469387755102
4328,2011,8,6,0.5340425531914894
4242,2011,8,1,0.2911111111111111
4395,2011,8,9,0.535
4142,2011,8,5,0.7131578947368421
4406,2011,8,7,0.8466666666666667
4418,2011,8,1,0.4918367346938775
4359,2011,8,5,0.5683333333333334
4420,2011,8,5,0.7476190476190476
4380,2011,8,1,0.5683333333333334
4352,2011,8,7,0.4844827586206897
4414,2011,8,1,0.6525000000000001
4130,2011,8,7,0.597872340425532
4427,2011,8,5,0.3770833333333334
4265,2011,8,4,0.5754098360655738
4452,2011,8,4,0.3195121951219512
4458,2011,8,9,0.5938775510204082
4324,2011,8,8,0.9264150943396228
4448,2011,8,2,0.802
4364,2011,8,4,0.3916666666666666
4354,2011,8,0,0.42625
4203,2011,8,4,0.7000000000000001
4422,2011,8,2,0.3577777777777778
4402,2011,8,1,0.41875
4409,2011,8,6,0.2935483870967741
4311,2011,8,8,0.553061224489796
4280,2011,8,7,0.3666666666666667
4120,2011,8,5,0.982
4373,2011,8,1,0.4244444444444444
4258,2011,8,5,0.5233333333333333
4198,2011,8,7,0.7754716981132076
4139,2011,8,7,0.6314814814814815
4370,2011,8,8,0.5708333333333333
4301,2011,8,7,0.4215909090909091
4313,2011,8,8,0.5666666666666667
4411,2011,8,9,0.962
4298,2011,8,4,0.5086956521739131
4210,2011,8,7,0.6070422535211267
4361,2011,8,9,0.5075949367088608
4146,2011,8,7,0.4851851851851851
4122,2011,8,2,0.802
4441,2011,8,5,0.6597560975609756
4327,2011,8,1,0.4563636363636364
4461,2011,8,7,0.4863636363636364
4252,2011,8,8,0.5953125
4393,2011,8,8,0.428
4157,2011,8,4,0.7921052631578948
4158,2011,8,7,0.5388888888888889
4222,2011,8,5,0.3166666666666667
4434,2011,8,4,0.5189655172413793
4439,2011,8,5,0.7419753086419754
4368,2011,8,8,0.553061224489796
4435,2011,8,6,0.6971014492753623
4303,2011,8,9,0.5179775280898876
4286,2011,8,7,0.8865384615384616
4269,2011,8,2,0.3871428571428572
4190,2011,8,6,0.9093023255813952
4219,2011,8,7,0.4194029850746268
4349,2011,8,4,0.7585714285714286
4249,2011,8,9,0.5569444444444445
4385,2011,8,4,0.4337837837837838
4262,2011,8,2,0.2948275862068966
4247,2011,8,0,0.422
4254,2011,8,0,0.3976744186046512
4284,2011,8,7,0.6183333333333334
4149,2011,8,5,0.4756410256410256
4155,2011,8,1,0.5025000000000001
4316,2011,8,8,0.6346938775510205
4221,2011,8,5,0.475
4325,2011,8,6,0.3957746478873239
4399,2011,8,0,0.5122448979591837
4342,2011,8,8,0.8673076923076923
4237,2011,8,2,0.425
4463,2011,8,1,0.6806451612903226
4220,2011,8,2,0.553061224489796
4273,2011,8,5,0.5871428571428572
4285,2011,8,3,0.4703125
4337,2011,8,1,0.6530303030303031
4465,2011,8,8,0.6191489361702128
4250,2011,8,8,0.289041095890411
4213,2011,8,0,0.5146341463414634
4415,2011,8,9,0.5157142857142857
4304,2011,8,8,0.535
4204,2011,8,1,0.3282608695652174
4153,2011,8,5,0.9171428571428571
4175,2011,8,5,0.5765957446808511
4332,2011,8,1,0.430952380952381
4145,2011,8,1,0.5146341463414634
4159,2011,8,7,0.6794117647058824
4282,2011,8,5,0.5811594202898551
4289,2011,8,2,0.4081081081081081
4294,2011,8,2,0.6525000000000001
4360,2011,8,8,0.3406779661016949
4315,2011,8,1,0.6246376811594203
4292,2011,8,0,0.5181818181818182
4351,2011,8,8,0.6121951219512195
4233,2011,8,5,0.8440000000000001
4140,2011,8,0,0.7525000000000001
4391,2011,8,8,0.6022222222222222
4443,2011,8,1,0.4147058823529411
4170,2011,8,5,0.7179104477611941
4312,2011,8,5,0.4142857142857143
4171,2011,8,5,0.448936170212766
4433,2011,8,7,0.37
4450,2011,8,1,0.6479166666666667
4419,2011,8,1,0.4785714285714286
4128,2011,8,1,0.7339285714285715
4147,2011,8,9,0.5956521739130435
4180,2011,8,7,0.5686567164179105
4271,2011,8,7,0.6098039215686275
4300,2011,8,5,0.8074626865671642
4189,2011,8,5,0.5313725490196078
4161,2011,8,7,0.5275000000000001
4174,2011,8,6,0.5375
4366,2011,8,7,0.2745454545454545
4127,2011,8,0,0.402
4253,2011,8,5,0.3744186046511628
4181,2011,8,2,0.6089285714285715
4196,2011,8,0,0.6142857142857143
4432,2011,8,4,0.7470588235294118
4429,2011,8,4,0.3979166666666667
4440,2011,8,5,0.6911111111111111
4425,2011,8,6,0.3722222222222222
4403,2011,8,5,0.869811320754717
4317,2011,8,7,0.6125
4261,2011,8,8,0.5732142857142858
4307,2011,8,9,0.6409836065573771
4239,2011,8,0,0.8288461538461539
4182,2011,8,7,0.5313725490196078
4376,2011,8,6,0.4714285714285715
4245,2011,8,5,0.597872340425532
4137,2011,8,9,0.5732142857142858
4454,2011,8,4,0.5305555555555556
4135,2011,8,1,0.5290909090909092
4302,2011,8,4,0.5183333333333333
4338,2011,8,5,0.4152173913043478
4179,2011,8,5,0.3877192982456141
4144,2011,8,2,0.430952380952381
4295,2011,8,5,0.6966101694915254
4150,2011,8,2,0.8395348837209302
4383,2011,8,0,0.5229166666666667
4212,2011,8,1,0.5645833333333333
4133,2011,8,6,0.3851063829787234
4192,2011,8,6,0.7465116279069768
4390,2011,8,1,0.5673913043478261
4329,2011,8,7,0.5133333333333334
4464,2011,8,9,0.3241935483870968
4417,2011,8,0,0.4529411764705882
4234,2011,8,8,0.7097560975609757
4322,2011,8,2,0.9525
4201,2011,8,4,0.5537313432835821
4132,2011,8,8,0.3916666666666666
4401,2011,8,1,0.4106060606060606
4424,2011,8,2,0.4547169811320755
4353,2011,8,5,0.5779661016949152
4169,2011,8,5,0.5953125
4413,2011,8,5,0.5113207547169811
4279,2011,8,1,0.3480769230769231
4287,2011,8,5,0.378125
4314,2011,8,0,0.4228070175438597
4225,2011,8,5,0.4914893617021277
4264,2011,8,5,0.6028571428571429
4386,2011,8,7,0.6578125
4187,2011,8,6,0.5982456140350877
4319,2011,8,5,0.5323529411764706
4387,2011,8,0,0.5086956521739131
4367,2011,8,6,0.5403846153846155
4167,2011,8,0,0.5767123287671233
4183,2011,8,4,0.7133333333333334
4467,2011,8,0,0.5976190476190476
4378,2011,8,5,0.6051724137931035
4268,2011,8,9,0.5800000000000001
4199,2011,8,3,0.4804347826086957
4335,2011,8,5,0.6868421052631579
4382,2011,8,9,0.5127659574468085
4194,2011,8,9,0.4844827586206897
4255,2011,8,6,0.5183333333333333
4446,2011,8,7,0.5574074074074075
4224,2011,8,5,0.4482142857142857
4396,2011,8,8,0.3204545454545454
4228,2011,8,0,0.3053571428571429
4240,2011,8,9,0.7903846153846155
4348,2011,8,7,0.5910714285714286
4238,2011,8,6,0.6270833333333333
4136,2011,8,3,0.9140350877192984
4126,2011,8,5,0.4534246575342466
4276,2011,8,6,0.3725806451612903
4185,2011,8,2,0.66
4330,2011,8,1,0.7885245901639345
4397,2011,8,7,0.7571428571428571
4374,2011,8,3,0.4658536585365854
4468,2011,8,9,0.4532258064516129
4438,2011,8,5,0.6543478260869565
4152,2011,8,4,0.7666666666666667
4206,2011,8,9,0.628125
4251,2011,8,7,0.559016393442623
4205,2011,8,4,0.5931818181818183
4226,2011,8,7,0.8058823529411765
4208,2011,8,8,0.5015625
4340,2011,8,3,0.9524590163934428
4455,2011,8,8,0.7729166666666667
4412,2011,8,5,0.4152173913043478
4131,2011,8,9,0.3683333333333333
4154,2011,8,2,0.5617647058823529
4235,2011,8,7,0.8096774193548387
4501,2012,9,7,0.7983050847457628
4489,2012,9,7,0.3511627906976744
4782,2012,9,4,0.3447368421052632
4703,2012,9,2,0.573469387755102
4484,2012,9,3,0.6690476190476191
4587,2012,9,7,0.5788461538461539
4661,2012,9,3,0.4672413793103449
4651,2012,9,8,0.9057692307692308
4791,2012,9,0,0.4423728813559322
4646,2012,9,3,0.525
4595,2012,9,7,0.6404255319148936
4504,2012,9,3,0.5765957446808511
4638,2012,9,3,0.430952380952381
4813,2012,9,9,0.5122448979591837
4760,2012,9,1,0.3666666666666667
4537,2012,9,1,0.5196428571428572
4601,2012,9,3,0.3430379746835443
4545,2012,9,2,0.7470588235294118
4746,2012,9,4,0.4911111111111111
4596,2012,9,1,0.7290909090909091
4723,2012,9,9,0.4652173913043478
4678,2012,9,2,0.4735294117647059
4831,2012,9,5,0.523913043478261
4673,2012,9,4,0.5213333333333333
4475,2012,9,4,0.48125
4581,2012,9,3,0.5418918918918919
4608,2012,9,9,0.8964285714285715
4470,2012,9,0,0.5101694915254238
4802,2012,9,3,0.3290909090909091
4762,2012,9,6,0.6578125
4680,2012,9,2,0.3526315789473684
4578,2012,9,3,0.6396551724137931
4763,2012,9,6,0.3833333333333333
4570,2012,9,8,0.5181818181818182
4597,2012,9,8,0.5888888888888889
4615,2012,9,4,0.5025000000000001
4605,2012,9,6,0.5021739130434782
4547,2012,9,1,0.4775
4565,2012,9,3,0.4063829787234043
4532,2012,9,1,0.4677777777777778
4826,2012,9,0,0.5775
4516,2012,9,2,0.8145833333333333
4686,2012,9,3,0.5238805970149254
4528,2012,9,3,0.6391304347826087
4530,2012,9,4,0.6452380952380953
4612,2012,9,6,0.3290909090909091
4812,2012,9,1,0.5378048780487805
4586,2012,9,2,0.6690476190476191
4772,2012,9,8,0.5329113924050634
4818,2012,9,0,0.4775
4807,2012,9,2,0.5133333333333334
4795,2012,9,0,0.4804347826086957
4566,2012,9,4,0.6688888888888889
4495,2012,9,3,0.6506493506493507
4741,2012,9,6,0.4314285714285714
4656,2012,9,6,0.508955223880597
4499,2012,9,0,0.5105263157894737
4628,2012,9,4,0.802
4742,2012,9,7,0.7133333333333334
4577,2012,9,3,0.6224137931034484
4748,2012,9,0,0.4466666666666667
4725,2012,9,1,0.5953125
4635,2012,9,5,0.2671875
4633,2012,9,3,0.4777777777777778
4602,2012,9,6,0.462
4535,2012,9,8,0.2847826086956521
4801,2012,9,4,0.9155172413793105
4667,2012,9,3,0.4254237288135593
4697,2012,9,3,0.462
4590,2012,9,3,0.6951612903225807
4805,2012,9,1,0.8058823529411765
4784,2012,9,5,0.4333333333333333
4563,2012,9,9,0.35125
4794,2012,9,7,0.5029411764705882
4550,2012,9,8,0.6536231884057971
4779,2012,9,1,0.6051724137931035
4529,2012,9,3,0.4804347826086957
4600,2012,9,7,0.6543478260869565
4669,2012,9,8,0.5820000000000001
4494,2012,9,9,0.7754716981132076
4740,2012,9,3,0.5683333333333334
4482,2012,9,2,0.5280701754385965
4745,2012,9,1,0.3459770114942529
4627,2012,9,1,0.3580645161290322
4476,2012,9,2,0.6245901639344262
4630,2012,9,3,0.6913793103448276
4766,2012,9,4,0.3907407407407408
4731,2012,9,3,0.6416666666666667
4538,2012,9,6,0.503125
4687,2012,9,9,0.5206896551724138
4569,2012,9,0,0.612962962962963
4629,2012,9,8,0.2975308641975309
4722,2012,9,3,0.5750000000000001
4632,2012,9,3,0.7068181818181819
4752,2012,9,3,0.3915254237288136
4679,2012,9,5,0.3092307692307692
4721,2012,9,1,0.5390243902439025
4652,2012,9,5,0.7696428571428572
4604,2012,9,7,0.5610169491525424
4736,2012,9,6,0.4547619047619048
4623,2012,9,6,0.6378787878787879
4473,2012,9,9,0.402
4710,2012,9,5,0.7068181818181819
4497,2012,9,4,0.471875
4518,2012,9,7,0.4943661971830986
4522,2012,9,0,0.4775
4810,2012,9,3,0.323728813559322
4808,2012,9,3,0.4660714285714286
4474,2012,9,1,0.2568627450980392
4472,2012,9,2,0.6302325581395349
4552,2012,9,8,0.4303571428571429
4809,2012,9,3,0.4442857142857143
4500,2012,9,3,0.7203125
4647,2012,9,1,0.8320754716981132
4655,2012,9,1,0.91875
4507,2012,9,6,0.4301587301587302
4749,2012,9,1,0.7160714285714286
4757,2012,9,9,0.6726027397260275
4670,2012,9,5,0.6108695652173913
4527,2012,9,6,0.5645833333333333
4614,2012,9,1,0.2699999999999999
4676,2012,9,2,0.8162790697674419
4606,2012,9,5,0.3907407407407408
4689,2012,9,5,0.5738095238095239
4715,2012,9,3,0.9054794520547944
4471,2012,9,3,0.4057692307692307
4589,2012,9,6,0.4516666666666667
4716,2012,9,4,0.7131578947368421
4719,2012,9,0,0.4826923076923077
4694,2012,9,8,0.4301587301587302
4777,2012,9,6,0.4641025641025641
4525,2012,9,1,0.7377358490566038
4793,2012,9,3,0.5101694915254238
4768,2012,9,6,0.29375
4712,2012,9,9,0.4057692307692307
4485,2012,9,5,0.5705882352941177
4491,2012,9,8,0.7042553191489362
4533,2012,9,2,0.45
4637,2012,9,7,0.3810344827586207
4827,2012,9,3,0.5861111111111111
4696,2012,9,3,0.5704545454545454
4738,2012,9,4,0.4217391304347826
4480,2012,9,7,0.6333333333333333
4557,2012,9,6,0.5410256410256411
4654,2012,9,3,0.644
4543,2012,9,0,0.4795454545454545
4688,2012,9,5,0.4525
4592,2012,9,3,0.3697368421052632
4649,2012,9,3,0.5229166666666667
4560,2012,9,2,0.3746268656716418
4817,2012,9,3,0.5023809523809524
4814,2012,9,3,0.6121951219512195
4822,2012,9,2,0.5807692307692307
4488,2012,9,2,0.5133333333333334
4493,2012,9,4,0.3941176470588236
4492,2012,9,3,0.5850000000000001
4574,2012,9,6,0.7571428571428571
4706,2012,9,5,0.7385964912280703
4672,2012,9,8,0.5985074626865672
4773,2012,9,8,0.924
4770,2012,9,0,0.5631578947368421
4562,2012,9,9,0.7133333333333334
4685,2012,9,4,0.3858974358974359
4583,2012,9,3,0.3480769230769231
4796,2012,9,1,0.4688888888888889
4750,2012,9,6,0.3946428571428572
4664,2012,9,4,0.502
4503,2012,9,7,0.4652173913043478
4496,2012,9,9,0.4683333333333334
4790,2012,9,1,0.5013513513513513
4554,2012,9,3,0.662
4774,2012,9,9,0.3676056338028169
4502,2012,9,5,0.8377049180327869
4588,2012,9,4,0.502
4514,2012,9,3,0.5837209302325582
4515,2012,9,7,0.5372093023255814
4671,2012,9,8,0.3907407407407408
4521,2012,9,2,0.3666666666666667
4534,2012,9,7,0.7326923076923078
4700,2012,9,9,0.5815789473684211
4479,2012,9,7,0.4648148148148148
4732,2012,9,8,0.3932432432432433
4707,2012,9,5,0.5246153846153846
4708,2012,9,3,0.3719101123595505
4490,2012,9,5,0.6081967213114754
4819,2012,9,5,0.3921875
4797,2012,9,4,0.4940298507462686
4553,2012,9,2,0.5326530612244899
4568,2012,9,4,0.6018181818181818
4593,2012,9,6,0.5574074074074075
4544,2012,9,6,0.4132352941176471
4754,2012,9,3,0.656896551724138
4520,2012,9,6,0.6270833333333333
4613,2012,9,5,0.6490196078431373
4727,2012,9,2,0.3576271186440678
4835,2012,9,2,0.4033333333333333
4555,2012,9,7,0.3027397260273973
4690,2012,9,3,0.3098765432098765
4478,2012,9,9,0.6206521739130435
4681,2012,9,6,0.4927272727272727
4828,2012,9,1,0.6951612903225807
4616,2012,9,1,0.3851063829787234
4571,2012,9,4,0.4859375
4663,2012,9,4,0.5683333333333334
4753,2012,9,8,0.7862745098039216
4511,2012,9,6,0.4102272727272727
4799,2012,9,8,0.9604166666666668
4717,2012,9,7,0.3163043478260869
4698,2012,9,3,0.6341772151898735
4508,2012,9,7,0.7465116279069768
4591,2012,9,1,0.4303571428571429
4510,2012,9,3,0.482
4776,2012,9,3,0.6811320754716982
4830,2012,9,4,0.5596153846153846
4820,2012,9,7,0.6283582089552239
4648,2012,9,6,0.5338709677419355
4758,2012,9,9,0.8886363636363637
4718,2012,9,2,0.6894736842105263
4626,2012,9,8,0.5410256410256411
4764,2012,9,6,0.3415094339622642
4739,2012,9,6,0.6246753246753247
4541,2012,9,9,0.2630434782608695
4720,2012,9,5,0.4257575757575758
4729,2012,9,5,0.5888888888888889
4603,2012,9,8,0.9395833333333332
4644,2012,9,2,0.5775
4540,2012,9,3,0.42
4556,2012,9,9,0.4081081081081081
4823,2012,9,3,0.6565217391304348
4787,2012,9,2,0.3366666666666666
4798,2012,9,1,0.4568181818181818
4761,2012,9,2,0.3357142857142857
4582,2012,9,0,0.7033333333333334
4811,2012,9,7,0.6466666666666667
4607,2012,9,1,0.47
4551,2012,9,0,0.3489795918367347
4481,2012,9,1,0.4918367346938775
4674,2012,9,5,0.5355555555555556
4730,2012,9,3,0.492156862745098
4806,2012,9,5,0.6393939393939394
4775,2012,9,7,0.5193548387096775
4665,2012,9,3,0.4578947368421053
4625,2012,9,5,0.7958904109589041
4585,2012,9,4,0.5020833333333333
4517,2012,9,9,0.3676056338028169
4469,2012,9,6,0.7952380952380953
4512,2012,9,1,0.5706896551724138
4683,2012,9,8,0.5021739130434782
4780,2012,9,9,0.4137254901960784
4699,2012,9,2,0.2938461538461538
4709,2012,9,0,0.5944444444444444
4579,2012,9,3,0.6690476190476191
4594,2012,9,6,0.3349206349206349
4653,2012,9,5,0.5567901234567901
4781,2012,9,2,0.4763157894736842
4666,2012,9,1,0.5815789473684211
4743,2012,9,7,0.5878048780487806
4816,2012,9,5,0.6790322580645162
4691,2012,9,1,0.6214285714285714
4509,2012,9,5,0.546969696969697
4821,2012,9,8,0.6978260869565218
4765,2012,9,3,0.5708333333333333
4815,2012,9,3,0.602
4767,2012,9,7,0.5704545454545454
4610,2012,9,1,0.6183333333333334
4609,2012,9,4,0.4369565217391304
4620,2012,9,2,0.3982758620689655
4769,2012,9,4,0.4833333333333333
4785,2012,9,9,0.790909090909091
4786,2012,9,4,0.3673076923076923
4621,2012,9,9,0.5704545454545454
4728,2012,9,8,0.5738095238095239
4536,2012,9,5,0.4038961038961039
4523,2012,9,1,0.5139534883720931
4506,2012,9,9,0.4547619047619048
4783,2012,9,7,0.3701754385964912
4675,2012,9,3,0.5203703703703704
4788,2012,9,6,0.3985294117647059
4573,2012,9,0,0.3295081967213115
4825,2012,9,1,0.4209302325581395
4803,2012,9,5,0.3549019607843137
4531,2012,9,3,0.6760869565217391
4505,2012,9,3,0.9387096774193548
4713,2012,9,3,0.4492537313432836
4836,2012,9,4,0.4791044776119403
4724,2012,9,6,0.5878048780487806
4677,2012,9,6,0.5631578947368421
4641,2012,9,5,0.4585714285714286
4640,2012,9,3,0.3459016393442623
4575,2012,9,2,0.9057692307692308
4611,2012,9,3,0.8843137254901962
4617,2012,9,1,0.3352941176470588
4747,2012,9,3,0.6409836065573771
4618,2012,9,5,0.7260869565217392
4519,2012,9,8,0.3659090909090909
4759,2012,9,8,0.596875
4755,2012,9,6,0.4914893617021277
4693,2012,9,9,0.5634146341463415
4636,2012,9,5,0.5337662337662338
4682,2012,9,1,0.4209677419354839
4572,2012,9,5,0.6342105263157896
4659,2012,9,3,0.6573770491803279
4549,2012,9,8,0.4125
4642,2012,9,3,0.7163265306122449
4631,2012,9,3,0.6794117647058824
4542,2012,9,3,0.4745454545454545
4829,2012,9,3,0.5016129032258064
4524,2012,9,4,0.802
4634,2012,9,3,0.7974358974358975
4751,2012,9,3,0.4604166666666667
4804,2012,9,3,0.4688888888888889
4824,2012,9,6,0.9627450980392156
4558,2012,9,3,0.3597014925373134
4564,2012,9,9,0.8607142857142858
4526,2012,9,6,0.725531914893617
4789,2012,9,2,0.4671232876712329
4668,2012,9,1,0.4048387096774193
4771,2012,9,2,0.4754385964912281
4650,2012,9,9,0.747887323943662
4744,2012,9,7,0.5814814814814815
4486,2012,9,4,0.6270833333333333
4660,2012,9,6,0.6283582089552239
4737,2012,9,3,0.8746031746031746
4619,2012,9,1,0.4152173913043478
4584,2012,9,4,0.4833333333333333
4832,2012,9,0,0.3511627906976744
4701,2012,9,1,0.6036144578313253
4756,2012,9,8,0.425
4643,2012,9,1,0.4630769230769231
4645,2012,9,3,0.4714285714285715
4684,2012,9,0,0.6466666666666667
4477,2012,9,8,0.7055555555555556
4487,2012,9,1,0.486764705882353
4567,2012,9,3,0.7033333333333334
4705,2012,9,5,0.3102941176470588
4714,2012,9,1,0.52625
4734,2012,9,9,0.5779661016949152
4580,2012,9,2,0.5602941176470588
4792,2012,9,4,0.4202702702702703
4692,2012,9,8,0.5484848484848486
4576,2012,9,6,0.3907407407407408
4599,2012,9,6,0.4839285714285714
4704,2012,9,3,0.9775
4702,2012,9,0,0.4466666666666667
4559,2012,9,8,0.3836363636363636
4561,2012,9,2,0.4441860465116279
4778,2012,9,5,0.7796296296296297
4513,2012,9,5,0.4929824561403509
4833,2012,9,0,0.3288461538461539
4548,2012,9,8,0.5206896551724138
4622,2012,9,7,0.5456521739130435
4539,2012,9,9,0.8775000000000001
4657,2012,9,9,0.3355555555555555
4639,2012,9,3,0.553448275862069
4711,2012,9,8,0.6686274509803922
4733,2012,9,4,0.2649122807017544
4695,2012,9,8,0.8810344827586207
4662,2012,9,0,0.622
4800,2012,9,2,0.6694444444444445
4726,2012,9,1,0.3744186046511628
4546,2012,9,0,0.8591836734693877
4834,2012,9,7,0.6982142857142858
4598,2012,9,8,0.5456140350877193
4498,2012,9,1,0.7547945205479453
4658,2012,9,7,0.422
4624,2012,9,3,0.5706896551724138
4483,2012,9,2,0.5020833333333333
4735,2012,9,6,0.3083333333333333
5185,2012,9,7,0.4870967741935483
4954,2012,9,2,0.6959183673469388
5134,2012,9,0,0.7875
4871,2012,9,5,0.3926829268292683
5114,2012,9,4,0.3525
4896,2012,9,0,0.4795454545454545
5109,2012,9,2,0.7527777777777778
5112,2012,9,1,0.6911111111111111
4846,2012,9,2,0.7729166666666667
4842,2012,9,9,0.346551724137931
4983,2012,9,6,0.6694444444444445
4859,2012,9,2,0.9
5054,2012,9,0,0.3309278350515464
4947,2012,9,0,0.5146341463414634
4921,2012,9,4,0.7260869565217392
5070,2012,9,7,0.3746987951807229
5158,2012,9,2,0.3836363636363636
5188,2012,9,8,0.5171428571428572
5147,2012,9,9,0.430952380952381
5144,2012,9,2,0.743103448275862
5108,2012,9,2,0.4826923076923077
5082,2012,9,2,0.5891304347826087
4941,2012,9,6,0.3745762711864407
4863,2012,9,9,0.5029411764705882
5018,2012,9,9,0.682
4847,2012,9,2,0.9
5161,2012,9,6,0.6421875
5190,2012,9,6,0.5457142857142857
4855,2012,9,7,0.5275000000000001
5012,2012,9,2,0.5222222222222223
4883,2012,9,2,0.4063829787234043
5071,2012,9,7,0.7236111111111111
5136,2012,9,8,0.7086206896551724
5106,2012,9,4,0.3838235294117647
4914,2012,9,5,0.7527777777777778
4877,2012,9,9,0.4279411764705882
5122,2012,9,8,0.5923076923076923
5103,2012,9,2,0.7250000000000001
5088,2012,9,0,0.4183333333333333
5126,2012,9,0,0.9525
5090,2012,9,8,0.7250000000000001
4858,2012,9,6,0.6972222222222223
4994,2012,9,0,0.3119047619047619
4957,2012,9,2,0.7880952380952382
5015,2012,9,9,0.6206349206349207
5150,2012,9,2,0.4169811320754717
4910,2012,9,6,0.5166666666666667
5097,2012,9,2,0.6506493506493507
5062,2012,9,0,0.5976190476190476
4904,2012,9,0,0.596875
4841,2012,9,8,0.4653846153846154
5138,2012,9,9,0.582258064516129
4895,2012,9,3,0.3447761194029851
5171,2012,9,6,0.5807017543859649
5123,2012,9,8,0.5574074074074075
4906,2012,9,1,0.7016666666666667
5101,2012,9,0,0.5280701754385965
5080,2012,9,2,0.3080645161290323
5081,2012,9,2,0.5362068965517242
5201,2012,9,2,0.4911111111111111
4878,2012,9,2,0.4906976744186047
4876,2012,9,7,0.3
4972,2012,9,6,0.5412698412698413
4865,2012,9,4,0.3957746478873239
4951,2012,9,7,0.6381818181818182
5186,2012,9,9,0.5375
5040,2012,9,5,0.7195652173913044
5135,2012,9,7,0.4902439024390244
5002,2012,9,1,0.62
5047,2012,9,2,0.6688888888888889
5180,2012,9,0,0.3638297872340426
4993,2012,9,9,0.6056603773584905
5120,2012,9,9,0.4426470588235294
4933,2012,9,2,0.6365384615384616
4845,2012,9,2,0.4621621621621622
4943,2012,9,7,0.41875
5020,2012,9,2,0.7912280701754386
5205,2012,9,2,0.7445945945945946
5207,2012,9,2,0.7457142857142858
4899,2012,9,8,0.35
4901,2012,9,1,0.6326086956521739
5217,2012,9,5,0.7620689655172415
5131,2012,9,6,0.5355555555555556
5006,2012,9,7,0.3638297872340426
5055,2012,9,5,0.6241379310344828
5219,2012,9,2,0.6525000000000001
4908,2012,9,9,0.7303030303030303
5176,2012,9,5,0.976923076923077
5149,2012,9,6,0.3285714285714286
5056,2012,9,1,0.7684931506849315
5060,2012,9,8,0.8743589743589744
4839,2012,9,3,0.5686567164179105
5048,2012,9,1,0.7232558139534884
5115,2012,9,2,0.8466666666666667
4891,2012,9,8,0.3016666666666667
4958,2012,9,6,0.4932203389830509
5019,2012,9,2,0.5956521739130435
5074,2012,9,3,0.426027397260274
5043,2012,9,7,0.9033333333333334
5156,2012,9,5,0.553448275862069
4984,2012,9,0,0.8058823529411765
5083,2012,9,8,0.4276595744680851
4879,2012,9,5,0.5825581395348838
4867,2012,9,9,0.4870967741935483
5044,2012,9,1,0.6911111111111111
4918,2012,9,9,0.6696969696969698
4873,2012,9,9,0.553061224489796
5045,2012,9,8,0.5355555555555556
4970,2012,9,2,0.5509803921568628
5132,2012,9,8,0.4403508771929825
5034,2012,9,2,0.5596153846153846
5169,2012,9,8,0.45
5128,2012,9,2,0.440625
5168,2012,9,3,0.4891891891891892
4963,2012,9,5,0.6056603773584905
5204,2012,9,0,0.492156862745098
4944,2012,9,3,0.5017857142857143
5202,2012,9,9,0.5328125
5102,2012,9,2,0.4924528301886792
4874,2012,9,8,0.4918367346938775
4884,2012,9,8,0.6062500000000001
4892,2012,9,8,0.4578947368421053
5095,2012,9,2,0.5340425531914894
5189,2012,9,7,0.5765957446808511
5143,2012,9,8,0.3295081967213115
5029,2012,9,7,0.7805555555555556
5220,2012,9,1,0.7135593220338984
4919,2012,9,1,0.553061224489796
4998,2012,9,8,0.95
5212,2012,9,2,0.6755102040816326
4996,2012,9,0,0.3981132075471698
4930,2012,9,7,0.8135135135135135
4861,2012,9,4,0.6829787234042554
5116,2012,9,7,0.8745454545454546
4999,2012,9,9,0.4234375
5005,2012,9,1,0.7377358490566038
4995,2012,9,8,0.6446428571428572
5009,2012,9,8,0.6016666666666667
4990,2012,9,2,0.8865384615384616
5130,2012,9,2,0.7381578947368421
5025,2012,9,3,0.6972222222222223
5059,2012,9,1,0.4395833333333334
5153,2012,9,8,0.6525000000000001
5016,2012,9,9,0.5366197183098592
5200,2012,9,4,0.3585714285714286
5193,2012,9,4,0.5437500000000001
4889,2012,9,2,0.6270833333333333
5208,2012,9,9,0.4702127659574468
5209,2012,9,1,0.7829268292682927
4916,2012,9,5,0.5484375
4923,2012,9,0,0.6275000000000001
5183,2012,9,6,0.6806451612903226
4936,2012,9,5,0.5552631578947369
5111,2012,9,7,0.4170731707317073
4864,2012,9,2,0.435
5039,2012,9,8,0.6840909090909091
5049,2012,9,0,0.6928571428571428
5050,2012,9,8,0.667948717948718
5215,2012,9,9,0.617948717948718
5177,2012,9,8,0.6927272727272727
4897,2012,9,1,0.5122448979591837
5170,2012,9,2,0.3264705882352941
5072,2012,9,1,0.5897058823529412
5117,2012,9,0,0.4482142857142857
4911,2012,9,2,0.6446428571428572
4850,2012,9,2,0.5854166666666667
4988,2012,9,6,0.5666666666666667
4912,2012,9,9,0.5193548387096775
5066,2012,9,7,0.482
4853,2012,9,6,0.6811320754716982
4886,2012,9,7,0.288095238095238
4857,2012,9,7,0.6314285714285715
5163,2012,9,4,0.362
5026,2012,9,4,0.3120689655172414
4986,2012,9,4,0.4597222222222222
4929,2012,9,2,0.7470588235294118
5133,2012,9,5,0.7035087719298246
5038,2012,9,5,0.4323076923076923
5113,2012,9,8,0.4688888888888889
5079,2012,9,4,0.5372093023255814
5064,2012,9,5,0.6267857142857143
4902,2012,9,5,0.4927272727272727
5137,2012,9,7,0.4343283582089552
5214,2012,9,7,0.535
4962,2012,9,9,0.41375
4925,2012,9,8,0.4152173913043478
4887,2012,9,0,0.5953125
4987,2012,9,5,0.7465116279069768
4980,2012,9,4,0.7513157894736843
5118,2012,9,5,0.8886363636363637
4940,2012,9,5,0.50125
5187,2012,9,9,0.3447368421052632
4971,2012,9,5,0.6506493506493507
4935,2012,9,4,0.4818181818181818
5172,2012,9,4,0.4044776119402985
4931,2012,9,5,0.5196428571428572
5194,2012,9,4,0.8830508474576272
5022,2012,9,4,0.6142857142857143
4985,2012,9,8,0.4797101449275363
5198,2012,9,5,0.6943181818181818
5181,2012,9,1,0.8288461538461539
5017,2012,9,7,0.7042553191489362
5078,2012,9,3,0.9296296296296296
4955,2012,9,5,0.76375
5107,2012,9,4,0.3622950819672131
4961,2012,9,5,0.5472727272727272
4890,2012,9,4,0.4563636363636364
5001,2012,9,5,0.6803571428571429
5100,2012,9,5,0.36375
4973,2012,9,5,0.4225806451612903
4974,2012,9,7,0.7630434782608696
4982,2012,9,0,0.6942307692307692
5031,2012,9,4,0.8743589743589744
4979,2012,9,4,0.3190476190476191
5010,2012,9,8,0.98125
5052,2012,9,0,0.604
4900,2012,9,9,0.4688888888888889
4939,2012,9,1,0.6467741935483872
5222,2012,9,5,0.4278688524590164
5110,2012,9,0,0.615909090909091
5155,2012,9,7,0.5340425531914894
4956,2012,9,5,0.3722222222222222
5151,2012,9,0,0.2619565217391305
5197,2012,9,3,0.2671875
5139,2012,9,5,0.6016666666666667
5166,2012,9,5,0.5021739130434782
4882,2012,9,0,0.8627906976744186
4932,2012,9,7,0.5013513513513513
5032,2012,9,6,0.9472222222222224
5003,2012,9,5,0.8387755102040817
4948,2012,9,2,0.5289473684210527
5068,2012,9,9,0.4593220338983051
5094,2012,9,5,0.6391304347826087
4952,2012,9,6,0.525
4924,2012,9,2,0.3792452830188679
5148,2012,9,0,0.9756756756756756
4946,2012,9,8,0.628125
4977,2012,9,1,0.3833333333333333
4976,2012,9,2,0.6928571428571428
5041,2012,9,8,0.4795454545454545
5021,2012,9,2,0.9804347826086957
4917,2012,9,8,0.7697674418604652
5098,2012,9,7,0.462
5057,2012,9,4,0.522
4838,2012,9,7,0.7465116279069768
4907,2012,9,5,0.5366666666666667
4922,2012,9,8,0.5181818181818182
5129,2012,9,9,0.5582278481012658
5206,2012,9,9,0.5484848484848486
4868,2012,9,9,0.3694736842105263
4885,2012,9,2,0.5437500000000001
4920,2012,9,8,0.3825396825396825
5191,2012,9,8,0.628125
4893,2012,9,6,0.2478260869565217
5182,2012,9,5,0.5388888888888889
4991,2012,9,4,0.29375
4942,2012,9,6,0.8254901960784314
5160,2012,9,0,0.5289473684210527
4898,2012,9,8,0.7404761904761905
5030,2012,9,9,0.65
5092,2012,9,6,0.4844827586206897
5013,2012,9,5,0.39
4989,2012,9,4,0.5203703703703704
4856,2012,9,2,0.4826923076923077
5085,2012,9,0,0.4269230769230769
5173,2012,9,2,0.8361111111111111
4894,2012,9,3,0.4548387096774193
5084,2012,9,5,0.4155172413793103
4848,2012,9,8,0.5516129032258065
5195,2012,9,1,0.6243243243243244
4875,2012,9,6,0.7522727272727273
5089,2012,9,2,0.5026315789473684
5014,2012,9,6,0.6479166666666667
5000,2012,9,0,0.6183333333333334
5119,2012,9,5,0.7875
4949,2012,9,5,0.3976744186046512
5210,2012,9,0,0.575925925925926
4844,2012,9,7,0.7654545454545455
4837,2012,9,2,0.55
5004,2012,9,9,0.523913043478261
5007,2012,9,2,0.4278688524590164
4870,2012,9,4,0.5820000000000001
5077,2012,9,5,0.8182692307692307
5159,2012,9,3,0.3622950819672131
4926,2012,9,4,0.7341463414634146
5036,2012,9,4,0.485
5165,2012,9,5,0.6479166666666667
4849,2012,9,1,0.5516129032258065
5164,2012,9,2,0.5291666666666667
4851,2012,9,6,0.5472727272727272
5196,2012,9,7,0.5820000000000001
5174,2012,9,1,0.4878787878787879
4938,2012,9,0,0.5878048780487806
4937,2012,9,2,0.7326923076923078
4860,2012,9,2,0.5017857142857143
5053,2012,9,5,0.9408163265306124
5184,2012,9,0,0.4818181818181818
4915,2012,9,5,0.6078947368421053
4913,2012,9,4,0.6364705882352941
4945,2012,9,5,0.6679012345679013
4880,2012,9,8,0.6882352941176471
5099,2012,9,5,0.5021739130434782
4992,2012,9,4,0.3171428571428571
5087,2012,9,0,0.6690476190476191
4888,2012,9,5,0.5152380952380953
4869,2012,9,0,0.4152173913043478
5213,2012,9,2,0.6840909090909091
4840,2012,9,9,0.4063829787234043
5061,2012,9,2,0.6142857142857143
5203,2012,9,4,0.3921875
5023,2012,9,5,0.4018181818181818
5067,2012,9,2,0.5139534883720931
4969,2012,9,6,0.7366666666666667
5199,2012,9,1,0.8152542372881356
4960,2012,9,1,0.3683333333333333
4854,2012,9,7,0.280327868852459
5096,2012,9,5,0.5418918918918919
5146,2012,9,6,0.4442307692307692
5058,2012,9,9,0.3825396825396825
5221,2012,9,3,0.53
4975,2012,9,2,0.4891891891891892
5125,2012,9,2,0.3693877551020408
5093,2012,9,6,0.4891891891891892
5069,2012,9,9,0.5732142857142858
5152,2012,9,6,0.4648148148148148
5104,2012,9,3,0.6951612903225807
4909,2012,9,5,0.81875
5073,2012,9,1,0.9113636363636364
5086,2012,9,8,0.4217391304347826
5033,2012,9,1,0.5407894736842106
5027,2012,9,5,0.5525641025641026
5028,2012,9,5,0.611864406779661
5162,2012,9,9,0.5767123287671233
5141,2012,9,4,0.9158536585365852
4852,2012,9,0,0.4720588235294118
5105,2012,9,0,0.4426470588235294
5063,2012,9,1,0.6841269841269841
4964,2012,9,2,0.4859375
4968,2012,9,5,0.5161764705882353
5145,2012,9,9,0.6685185185185185
5179,2012,9,6,0.4804347826086957
5121,2012,9,1,0.7068181818181819
5042,2012,9,7,0.4714285714285715
5075,2012,9,9,0.4878787878787879
4981,2012,9,5,0.7324324324324325
4843,2012,9,4,0.5824324324324325
5065,2012,9,6,0.5631578947368421
5046,2012,9,5,0.533695652173913
4978,2012,9,7,0.6421875
5223,2012,9,1,0.5388888888888889
5211,2012,9,1,0.8064935064935065
5037,2012,9,2,0.5020833333333333
5218,2012,9,6,0.4510204081632653
5167,2012,9,5,0.6476923076923077
4997,2012,9,0,0.5127659574468085
4966,2012,9,2,0.6870370370370371
5157,2012,9,1,0.4057692307692307
5175,2012,9,9,0.4714285714285715
4862,2012,9,4,0.49
4866,2012,9,8,0.5666666666666667
4959,2012,9,5,0.45
4934,2012,9,1,0.5015151515151516
5008,2012,9,2,0.9486486486486488
5076,2012,9,4,0.4217391304347826
4905,2012,9,8,0.3676056338028169
5051,2012,9,1,0.3037735849056604
5024,2012,9,2,0.662
5142,2012,9,6,0.6142857142857143
5127,2012,9,1,0.4871428571428571
4928,2012,9,2,0.5203703703703704
4965,2012,9,4,0.7861538461538462
4881,2012,9,6,0.95
5140,2012,9,2,0.5552631578947369
5091,2012,9,7,0.785
5011,2012,9,2,0.7754716981132076
5035,2012,9,2,0.7317460317460318
4872,2012,9,7,0.4384615384615385
5154,2012,9,2,0.5583333333333333
5192,2012,9,7,0.6267857142857143
4903,2012,9,9,0.3651515151515151
4950,2012,9,0,0.7134615384615385
5216,2012,9,7,0.5162162162162163
4953,2012,9,2,0.38
5124,2012,9,5,0.3637931034482758
4927,2012,9,0,0.6882352941176471
5178,2012,9,2,0.6157142857142858
4967,2012,9,7,0.492156862745098
5580,2013,10,3,0.9338983050847458
5349,2013,10,5,0.7287878787878788
5377,2013,10,5,0.775
5477,2013,10,3,0.448936170212766
5593,2013,10,3,0.7068181818181819
5338,2013,10,3,0.935
5300,2013,10,4,0.4057692307692307
5358,2013,10,7,0.4693548387096774
5470,2013,10,7,0.5610169491525424
5400,2013,10,2,0.6302325581395349
5428,2013,10,0,0.5139534883720931
5432,2013,10,5,0.6025
5444,2013,10,7,0.8119047619047619
5484,2013,10,0,0.6790322580645162
5485,2013,10,9,0.3865384615384615
5266,2013,10,3,0.642
5392,2013,10,7,0.4517241379310345
5256,2013,10,3,0.725531914893617
5306,2013,10,3,0.9048387096774194
5287,2013,10,7,0.7112903225806452
5294,2013,10,2,0.6885714285714286
5345,2013,10,6,0.4791044776119403
5231,2013,10,1,0.5553191489361703
5267,2013,10,1,0.5610169491525424
5621,2013,10,9,0.6333333333333333
5410,2013,10,3,0.4379310344827586
5330,2013,10,7,0.6958333333333333
5335,2013,10,3,0.5807017543859649
5311,2013,10,3,0.7250000000000001
5275,2013,10,3,0.4871428571428571
5297,2013,10,3,0.6690476190476191
5317,2013,10,8,0.4826923076923077
5373,2013,10,3,0.6811320754716982
5587,2013,10,1,0.6625
5370,2013,10,3,0.7620689655172415
5313,2013,10,9,0.502
5336,2013,10,2,0.8907407407407407
5598,2013,10,4,0.6016666666666667
5302,2013,10,8,0.5604651162790698
5236,2013,10,0,0.5418918918918919
5243,2013,10,2,0.5326530612244899
5387,2013,10,7,0.6421875
5395,2013,10,7,0.4381818181818182
5401,2013,10,2,0.4606557377049181
5407,2013,10,9,0.4575757575757576
5411,2013,10,3,0.5533333333333333
5412,2013,10,5,0.4476923076923077
5554,2013,10,8,0.3954545454545455
5460,2013,10,9,0.5426229508196722
5461,2013,10,3,0.8428571428571429
5535,2013,10,3,0.6018181818181818
5530,2013,10,2,0.6479166666666667
5527,2013,10,1,0.5012820512820513
5502,2013,10,3,0.8463917525773196
5513,2013,10,0,0.8241935483870968
5378,2013,10,6,0.508955223880597
5383,2013,10,1,0.7275
5516,2013,10,3,0.6409999999999999
5565,2013,10,3,0.4194029850746268
5613,2013,10,3,0.6543478260869565
5548,2013,10,1,0.3347826086956522
5230,2013,10,3,0.4098591549295775
5555,2013,10,7,0.6807692307692308
5409,2013,10,3,0.3810810810810811
5624,2013,10,3,0.5253968253968254
5474,2013,10,8,0.522
5403,2013,10,3,0.9612244897959183
5258,2013,10,0,0.5516666666666666
5341,2013,10,9,0.3306818181818182
5232,2013,10,7,0.8852941176470589
5347,2013,10,0,0.3979166666666667
5262,2013,10,0,0.6476923076923077
5372,2013,10,0,0.7112903225806452
5339,2013,10,7,0.6047619047619048
5475,2013,10,1,0.3825396825396825
5592,2013,10,3,0.3626506024096386
5364,2013,10,1,0.2967213114754098
5247,2013,10,0,0.5074074074074074
5532,2013,10,1,0.76375
5608,2013,10,3,0.9048780487804878
5492,2013,10,7,0.7472727272727273
5519,2013,10,3,0.6157142857142858
5280,2013,10,9,0.5621951219512196
5588,2013,10,0,0.4525
5553,2013,10,5,0.4303571428571429
5523,2013,10,3,0.7179104477611941
5397,2013,10,2,0.4441860465116279
5391,2013,10,3,0.6794117647058824
5583,2013,10,8,0.3296875
5578,2013,10,1,0.4108433734939759
5359,2013,10,1,0.6215189873417721
5430,2013,10,8,0.4621621621621622
5238,2013,10,6,0.3354166666666667
5478,2013,10,2,0.5196428571428572
5445,2013,10,9,0.442
5631,2013,10,3,0.3137931034482758
5459,2013,10,5,0.5020833333333333
5450,2013,10,1,0.46375
5273,2013,10,0,0.74
5632,2013,10,1,0.41875
5472,2013,10,2,0.6885714285714286
5419,2013,10,8,0.5867924528301887
5402,2013,10,4,0.6855263157894737
5289,2013,10,5,0.8605633802816902
5259,2013,10,9,0.6157894736842106
5465,2013,10,6,0.4775
5561,2013,10,4,0.6490196078431373
5307,2013,10,1,0.7553846153846154
5515,2013,10,5,0.475
5390,2013,10,4,0.5553571428571429
5278,2013,10,1,0.4155172413793103
5499,2013,10,0,0.5372093023255814
5498,2013,10,1,0.3960526315789474
5599,2013,10,8,0.425
5263,2013,10,1,0.986153846153846
5464,2013,10,1,0.6901639344262296
5512,2013,10,2,0.3957746478873239
5551,2013,10,9,0.5788461538461539
5489,2013,10,4,0.327906976744186
5327,2013,10,0,0.5765957446808511
5600,2013,10,6,0.8254901960784314
5371,2013,10,2,0.3728571428571429
5362,2013,10,9,0.3792452830188679
5441,2013,10,3,0.4833333333333333
5567,2013,10,3,0.6283582089552239
5486,2013,10,2,0.5741573033707865
5563,2013,10,3,0.5021739130434782
5381,2013,10,6,0.5157142857142857
5385,2013,10,7,0.302
5443,2013,10,1,0.6098039215686275
5505,2013,10,9,0.3295081967213115
5398,2013,10,1,0.6915492957746479
5254,2013,10,1,0.6109375
5414,2013,10,3,0.642
5481,2013,10,9,0.5388059701492538
5429,2013,10,1,0.602
5436,2013,10,9,0.4720588235294118
5442,2013,10,8,0.718867924528302
5562,2013,10,4,0.3654545454545455
5503,2013,10,3,0.5246153846153846
5560,2013,10,9,0.435
5290,2013,10,8,0.5645833333333333
5328,2013,10,5,0.8595238095238096
5353,2013,10,3,0.442
5239,2013,10,3,0.6859649122807018
5288,2013,10,8,0.4634615384615385
5406,2013,10,3,0.862
5525,2013,10,1,0.5020833333333333
5250,2013,10,1,0.6833333333333333
5596,2013,10,8,0.5853932584269663
5521,2013,10,3,0.656896551724138
5346,2013,10,5,0.7377358490566038
5350,2013,10,4,0.3763888888888889
5260,2013,10,5,0.6905405405405406
5270,2013,10,3,0.7921052631578948
5620,2013,10,3,0.6245283018867924
5382,2013,10,6,0.5982456140350877
5340,2013,10,2,0.596875
5320,2013,10,4,0.4661971830985916
5483,2013,10,3,0.9292682926829268
5248,2013,10,3,0.6041095890410959
5329,2013,10,1,0.6025
5511,2013,10,6,0.5613333333333334
5326,2013,10,4,0.5171875
5453,2013,10,2,0.5610169491525424
5564,2013,10,3,0.4648148148148148
5308,2013,10,4,0.5771739130434783
5252,2013,10,1,0.2644736842105263
5576,2013,10,3,0.8373134328358209
5384,2013,10,5,0.525
5416,2013,10,8,0.3175438596491228
5448,2013,10,2,0.4466666666666667
5417,2013,10,3,0.5938775510204082
5603,2013,10,3,0.7160714285714286
5268,2013,10,9,0.35
5420,2013,10,5,0.6466666666666667
5331,2013,10,8,0.5878048780487806
5404,2013,10,1,0.48125
5466,2013,10,5,0.7086206896551724
5376,2013,10,5,0.6341772151898735
5356,2013,10,3,0.5645833333333333
5469,2013,10,3,0.525
5360,2013,10,3,0.4720588235294118
5597,2013,10,5,0.6365384615384616
5251,2013,10,6,0.7274193548387097
5375,2013,10,3,0.6755102040816326
5431,2013,10,4,0.575925925925926
5234,2013,10,9,0.4149425287356322
5550,2013,10,8,0.611864406779661
5233,2013,10,4,0.5072289156626506
5315,2013,10,7,0.7163265306122449
5495,2013,10,5,0.846551724137931
5544,2013,10,6,0.5732142857142858
5342,2013,10,0,0.7619718309859155
5446,2013,10,4,0.2515625
5424,2013,10,3,0.3941176470588236
5447,2013,10,5,0.3836363636363636
5324,2013,10,3,0.48875
5374,2013,10,3,0.6943181818181818
5534,2013,10,5,0.743939393939394
5246,2013,10,9,0.4369565217391304
5292,2013,10,8,0.4756410256410256
5422,2013,10,4,0.4703125
5456,2013,10,6,0.6386363636363637
5337,2013,10,9,0.5472727272727272
5625,2013,10,4,0.5105263157894737
5271,2013,10,0,0.4534246575342466
5458,2013,10,4,0.5203703703703704
5557,2013,10,5,0.3453125
5389,2013,10,5,0.7354430379746836
5304,2013,10,0,0.5442857142857143
5235,2013,10,3,0.4945205479452055
5318,2013,10,6,0.4458333333333333
5457,2013,10,5,0.4426470588235294
5473,2013,10,5,0.6833333333333333
5493,2013,10,9,0.5596153846153846
5249,2013,10,5,0.8887096774193549
5497,2013,10,4,0.9623376623376624
5615,2013,10,3,0.5918032786885246
5547,2013,10,4,0.6627118644067796
5440,2013,10,4,0.6926470588235294
5520,2013,10,3,0.4914893617021277
5586,2013,10,5,0.677142857142857
5237,2013,10,9,0.3459016393442623
5405,2013,10,0,0.4169811320754717
5559,2013,10,3,0.4604166666666667
5269,2013,10,4,0.4946666666666667
5299,2013,10,4,0.6814432989690721
5283,2013,10,4,0.4280898876404495
5536,2013,10,5,0.435
5508,2013,10,4,0.5403846153846155
5396,2013,10,9,0.6525000000000001
5529,2013,10,8,0.5854166666666667
5438,2013,10,9,0.6790322580645162
5435,2013,10,3,0.802
5291,2013,10,3,0.448936170212766
5619,2013,10,9,0.3459016393442623
5494,2013,10,2,0.7862745098039216
5366,2013,10,1,0.5710000000000001
5602,2013,10,0,0.7775000000000001
5629,2013,10,1,0.4276595744680851
5606,2013,10,1,0.6490196078431373
5333,2013,10,5,0.4743243243243243
5242,2013,10,3,0.7885245901639345
5451,2013,10,5,0.5972972972972973
5334,2013,10,7,0.6467741935483872
5538,2013,10,5,0.7958333333333334
5296,2013,10,3,0.3895522388059702
5546,2013,10,4,0.4409090909090909
5244,2013,10,7,0.4052631578947369
5437,2013,10,1,0.2630769230769231
5614,2013,10,4,0.5700000000000001
5394,2013,10,1,0.6913793103448276
5319,2013,10,5,0.5507042253521127
5433,2013,10,6,0.354054054054054
5518,2013,10,5,0.5340425531914894
5589,2013,10,3,0.4754385964912281
5514,2013,10,2,0.5630136986301371
5224,2013,10,0,0.4784615384615385
5556,2013,10,3,0.4927272727272727
5421,2013,10,3,0.9147058823529411
5343,2013,10,3,0.8562500000000001
5545,2013,10,5,0.6543478260869565
5524,2013,10,6,0.5596153846153846
5245,2013,10,8,0.48125
5571,2013,10,9,0.45
5282,2013,10,1,0.7585365853658537
5344,2013,10,3,0.7064102564102565
5609,2013,10,3,0.4277777777777778
5612,2013,10,3,0.6796610169491526
5462,2013,10,9,0.642
5316,2013,10,3,0.7774193548387097
5369,2013,10,6,0.5738095238095239
5439,2013,10,6,0.3782608695652174
5569,2013,10,3,0.5836363636363636
5264,2013,10,5,0.4839285714285714
5552,2013,10,0,0.4728571428571428
5277,2013,10,5,0.4369565217391304
5309,2013,10,9,0.4712121212121212
5293,2013,10,9,0.735
5526,2013,10,3,0.3355555555555555
5225,2013,10,7,0.5516666666666666
5572,2013,10,1,0.5730158730158731
5595,2013,10,5,0.38875
5539,2013,10,7,0.4168831168831169
5522,2013,10,8,0.4306122448979592
5605,2013,10,5,0.6841463414634147
5622,2013,10,5,0.48875
5616,2013,10,5,0.3447761194029851
5581,2013,10,0,0.4763157894736842
5633,2013,10,5,0.5879310344827586
5574,2013,10,2,0.6173076923076923
5549,2013,10,3,0.9595744680851064
5540,2013,10,1,0.4604166666666667
5228,2013,10,3,0.517741935483871
5476,2013,10,8,0.5796875
5452,2013,10,0,0.3628571428571429
5425,2013,10,4,0.5456521739130435
5418,2013,10,4,0.4442622950819672
5399,2013,10,4,0.6760869565217391
5467,2013,10,2,0.4323076923076923
5363,2013,10,0,0.2657894736842105
5321,2013,10,7,0.675
5323,2013,10,4,0.4839285714285714
5348,2013,10,5,0.7092307692307692
5355,2013,10,4,0.6169230769230769
5590,2013,10,4,0.66
5368,2013,10,5,0.442
5591,2013,10,8,0.5477272727272727
5408,2013,10,7,0.6928571428571428
5558,2013,10,0,0.5016129032258064
5611,2013,10,5,0.3987951807228916
5255,2013,10,2,0.511764705882353
5227,2013,10,2,0.3511627906976744
5454,2013,10,7,0.6627118644067796
5541,2013,10,0,0.3556962025316456
5510,2013,10,7,0.617948717948718
5482,2013,10,4,0.588
5480,2013,10,2,0.8795918367346939
5491,2013,10,3,0.5016666666666667
5566,2013,10,5,0.6982142857142858
5500,2013,10,1,0.46
5533,2013,10,3,0.6129411764705882
5229,2013,10,2,0.35
5325,2013,10,3,0.5430555555555556
5594,2013,10,6,0.3577777777777778
5312,2013,10,1,0.5661290322580645
5301,2013,10,4,0.459090909090909
5479,2013,10,0,0.4403508771929825
5601,2013,10,3,0.93
5570,2013,10,9,0.6479166666666667
5517,2013,10,4,0.5613333333333334
5365,2013,10,3,0.4660714285714286
5543,2013,10,9,0.4619047619047619
5542,2013,10,5,0.3120689655172414
5393,2013,10,1,0.6895833333333333
5487,2013,10,0,0.3877192982456141
5607,2013,10,5,0.9113636363636364
5582,2013,10,4,0.707843137254902
5351,2013,10,3,0.6986842105263158
5352,2013,10,4,0.3025
5496,2013,10,0,0.45
5388,2013,10,7,0.7040540540540541
5531,2013,10,3,0.4403508771929825
5579,2013,10,7,0.482716049382716
5276,2013,10,4,0.461
5298,2013,10,1,0.8562500000000001
5295,2013,10,1,0.7232558139534884
5617,2013,10,0,0.6446428571428572
5577,2013,10,6,0.5326530612244899
5504,2013,10,7,0.5171875
5573,2013,10,7,0.4791044776119403
5537,2013,10,2,0.6070422535211267
5240,2013,10,5,0.9397959183673468
5367,2013,10,0,0.485483870967742
5226,2013,10,9,0.5455555555555556
5630,2013,10,0,0.6108695652173913
5413,2013,10,1,0.3438356164383562
5627,2013,10,7,0.4462962962962963
5284,2013,10,1,0.7056338028169015
5455,2013,10,5,0.682
5305,2013,10,6,0.4702127659574468
5386,2013,10,6,0.5807017543859649
5575,2013,10,9,0.4671232876712329
5357,2013,10,3,0.612962962962963
5286,2013,10,3,0.8145833333333333
5253,2013,10,5,0.8546666666666666
5265,2013,10,5,0.3873949579831933
5279,2013,10,1,0.975
5471,2013,10,2,0.4018181818181818
5568,2013,10,1,0.5074074074074074
5257,2013,10,5,0.6404255319148936
5623,2013,10,7,0.4911111111111111
5281,2013,10,7,0.53
5628,2013,10,3,0.923529411764706
5618,2013,10,0,0.6108695652173913
5488,2013,10,4,0.5021739130434782
5303,2013,10,7,0.8885714285714286
5310,2013,10,2,0.6244444444444445
5509,2013,10,2,0.6982142857142858
5584,2013,10,8,0.564
5449,2013,10,3,0.6205882352941177
5415,2013,10,9,0.7983050847457628
5468,2013,10,3,0.8651515151515152
5379,2013,10,9,0.4370967741935484
5361,2013,10,9,0.3637931034482758
5354,2013,10,3,0.482
5501,2013,10,0,0.4243589743589743
5426,2013,10,3,0.5101694915254238
5274,2013,10,0,0.5738095238095239
5272,2013,10,4,0.525
5241,2013,10,4,0.6490196078431373
5585,2013,10,3,0.3833333333333333
5507,2013,10,3,0.6247058823529412
5528,2013,10,1,0.2796296296296296
5626,2013,10,1,0.3941176470588236
5314,2013,10,6,0.4932203389830509
5434,2013,10,8,0.5706896551724138
5380,2013,10,4,0.5820000000000001
5285,2013,10,2,0.6314285714285715
5463,2013,10,4,0.3836363636363636
5610,2013,10,0,0.9327586206896552
5490,2013,10,0,0.262
5427,2013,10,3,0.5153846153846154
5604,2013,10,8,0.8957446808510638
5332,2013,10,1,0.4472222222222222
5506,2013,10,1,0.5815789473684211
5322,2013,10,4,0.6543478260869565
5423,2013,10,3,0.98
5261,2013,10,7,0.7064102564102565
6035,2013,10,2,0.7016666666666667
5695,2013,10,8,0.6617021276595745
6011,2013,10,1,0.7029850746268657
5708,2013,10,8,0.5738095238095239
5810,2013,10,1,0.3693877551020408
5762,2013,10,2,0.45
5724,2013,10,3,0.865909090909091
5761,2013,10,1,0.3537037037037037
5750,2013,10,3,0.3
5676,2013,10,8,0.4878787878787879
5743,2013,10,2,0.4209302325581395
5718,2013,10,6,0.7042553191489362
5667,2013,10,1,0.8480769230769231
5949,2013,10,2,0.582258064516129
5746,2013,10,2,0.6094594594594595
5704,2013,10,6,0.4403508771929825
5808,2013,10,0,0.9547619047619048
5801,2013,10,2,0.764406779661017
6018,2013,10,5,0.5122222222222222
6019,2013,10,2,0.4945205479452055
5897,2013,10,1,0.3861538461538462
5943,2013,10,3,0.614516129032258
5908,2013,10,8,0.5585714285714286
5921,2013,10,2,0.7468085106382979
5959,2013,10,8,0.762
5735,2013,10,1,0.668421052631579
5736,2013,10,8,0.62
5997,2013,10,9,0.42
5919,2013,10,9,0.5146341463414634
5700,2013,10,2,0.5203703703703704
5747,2013,10,4,0.4777777777777778
5705,2013,10,9,0.6014285714285714
5688,2013,10,9,0.4660714285714286
5706,2013,10,8,0.4333333333333333
5685,2013,10,0,0.5596153846153846
5951,2013,10,8,0.4702127659574468
5956,2013,10,5,0.476271186440678
5681,2013,10,1,0.7513888888888889
5935,2013,10,4,0.4510204081632653
5864,2013,10,2,0.9216216216216216
5922,2013,10,0,0.3175438596491228
5694,2013,10,8,0.6381818181818182
5794,2013,10,7,0.573469387755102
6003,2013,10,7,0.9292682926829268
5767,2013,10,4,0.2885714285714285
5870,2013,10,7,0.8683333333333334
6022,2013,10,1,0.5017241379310345
5753,2013,10,2,0.58875
5768,2013,10,4,0.9113636363636364
5832,2013,10,4,0.4022222222222222
5786,2013,10,2,0.8780821917808218
6030,2013,10,6,0.3053571428571429
5813,2013,10,0,0.7457142857142858
5730,2013,10,2,0.627710843373494
5635,2013,10,8,0.6942307692307692
5799,2013,10,1,0.6681818181818182
5764,2013,10,5,0.4442622950819672
5820,2013,10,7,0.3981132075471698
5763,2013,10,7,0.7183333333333334
5980,2013,10,2,0.5553846153846154
5797,2013,10,6,0.4949367088607595
5996,2013,10,6,0.6557692307692308
5663,2013,10,8,0.98
5933,2013,10,1,0.6446428571428572
5692,2013,10,2,0.3638888888888889
5928,2013,10,8,0.8911111111111112
5896,2013,10,8,0.5629213483146067
5840,2013,10,9,0.5553846153846154
5913,2013,10,8,0.5018518518518519
6007,2013,10,4,0.3770833333333334
5684,2013,10,2,0.3553846153846154
5854,2013,10,2,0.9275
6004,2013,10,7,0.5861538461538461
5671,2013,10,5,0.4333333333333333
5780,2013,10,2,0.7073529411764706
5778,2013,10,2,0.62
5942,2013,10,2,0.4683333333333334
5904,2013,10,2,0.5075949367088608
5917,2013,10,2,0.7166666666666667
5976,2013,10,1,0.3133928571428571
5925,2013,10,8,0.3589285714285714
5752,2013,10,0,0.6551020408163266
5936,2013,10,5,0.4902439024390244
5666,2013,10,8,0.8230769230769232
5790,2013,10,1,0.4619047619047619
5950,2013,10,1,0.7158730158730159
5844,2013,10,0,0.6682539682539683
5815,2013,10,7,0.9140350877192984
5843,2013,10,0,0.4634615384615385
5957,2013,10,2,0.9275
5847,2013,10,8,0.7065573770491803
5994,2013,10,7,0.614516129032258
5678,2013,10,6,0.7367346938775511
5825,2013,10,0,0.6452380952380953
5693,2013,10,9,0.5355555555555556
6012,2013,10,1,0.7065573770491803
5791,2013,10,0,0.5521739130434783
5866,2013,10,4,0.5436170212765957
5931,2013,10,9,0.4660714285714286
5979,2013,10,9,0.7977272727272727
6025,2013,10,9,0.4016666666666666
5937,2013,10,1,0.4168831168831169
5828,2013,10,7,0.5444444444444445
5981,2013,10,9,0.436231884057971
5846,2013,10,4,0.5017241379310345
5900,2013,10,1,0.7642857142857143
5946,2013,10,4,0.7104166666666667
5795,2013,10,1,0.3295081967213115
5877,2013,10,5,0.628813559322034
5783,2013,10,5,0.4929824561403509
5845,2013,10,7,0.5105263157894737
5787,2013,10,8,0.5011627906976744
5751,2013,10,0,0.5362068965517242
5744,2013,10,2,0.7183333333333334
5652,2013,10,0,0.6421875
5656,2013,10,9,0.4914893617021277
5644,2013,10,1,0.6627118644067796
5703,2013,10,6,0.3871794871794872
5734,2013,10,8,0.878125
5712,2013,10,2,0.628813559322034
6032,2013,10,2,0.6142857142857143
5697,2013,10,2,0.287012987012987
5690,2013,10,2,0.5386792452830189
5858,2013,10,8,0.8016666666666666
6014,2013,10,8,0.5340425531914894
5707,2013,10,4,0.42
5823,2013,10,2,0.747457627118644
5726,2013,10,8,0.5326530612244899
6034,2013,10,6,0.6811320754716982
6002,2013,10,2,0.8145833333333333
5719,2013,10,2,0.6723684210526316
5831,2013,10,9,0.4546875
6005,2013,10,5,0.4225806451612903
5716,2013,10,5,0.7828125
5934,2013,10,2,0.4797101449275363
5867,2013,10,1,0.902
5745,2013,10,1,0.8803030303030304
5916,2013,10,0,0.4784615384615385
5650,2013,10,8,0.5016129032258064
5924,2013,10,2,0.3102941176470588
5646,2013,10,1,0.6622641509433963
5948,2013,10,0,0.5013888888888889
5962,2013,10,0,0.4892857142857143
5742,2013,10,2,0.5018518518518519
5939,2013,10,7,0.4403508771929825
5970,2013,10,6,0.3282608695652174
5755,2013,10,7,0.7893617021276597
5989,2013,10,7,0.303125
5887,2013,10,6,0.3453125
5679,2013,10,3,0.4532258064516129
5990,2013,10,0,0.5788461538461539
5855,2013,10,7,0.6169230769230769
5963,2013,10,6,0.4648148148148148
6036,2013,10,6,0.423943661971831
5754,2013,10,9,0.3577777777777778
5792,2013,10,5,0.4532258064516129
5669,2013,10,2,0.4578947368421053
5789,2013,10,5,0.5708333333333333
5830,2013,10,0,0.7246153846153847
5637,2013,10,6,0.7520833333333333
5665,2013,10,7,0.8466666666666667
5662,2013,10,2,0.4183333333333333
5987,2013,10,7,0.4630769230769231
5766,2013,10,7,0.8106382978723404
6020,2013,10,2,0.397029702970297
5645,2013,10,8,0.4617647058823529
5983,2013,10,2,0.8875
5770,2013,10,4,0.3482758620689655
5639,2013,10,1,0.8162790697674419
5860,2013,10,1,0.3666666666666667
5772,2013,10,8,0.5596153846153846
5991,2013,10,2,0.6774647887323944
5960,2013,10,7,0.33875
5898,2013,10,0,0.5362068965517242
5668,2013,10,2,0.4890243902439024
5954,2013,10,7,0.5732142857142858
5641,2013,10,4,0.3441176470588235
5702,2013,10,7,0.5553846153846154
5673,2013,10,0,0.4014285714285714
5638,2013,10,0,0.3046511627906976
5670,2013,10,4,0.5456140350877193
5932,2013,10,8,0.7465116279069768
5862,2013,10,5,0.4943661971830986
5985,2013,10,7,0.5836363636363636
5729,2013,10,3,0.525
6033,2013,10,8,0.4510204081632653
5643,2013,10,5,0.775
5941,2013,10,4,0.5746666666666667
5953,2013,10,9,0.5796875
5861,2013,10,5,0.602
5995,2013,10,9,0.8833333333333334
5838,2013,10,0,0.8447368421052632
5836,2013,10,2,0.6069767441860465
6040,2013,10,5,0.71375
5738,2013,10,8,0.4137254901960784
5812,2013,10,5,0.3895522388059702
5984,2013,10,5,0.6573770491803279
5785,2013,10,6,0.7210526315789474
5634,2013,10,3,0.3383720930232558
5974,2013,10,5,0.508955223880597
5728,2013,10,8,0.6090909090909091
6006,2013,10,7,0.802
5890,2013,10,2,0.3382022471910113
5807,2013,10,9,0.4280487804878048
5773,2013,10,5,0.5219178082191781
6013,2013,10,8,0.4712121212121212
5967,2013,10,4,0.7642857142857143
5731,2013,10,1,0.6246376811594203
5988,2013,10,5,0.3193181818181818
5971,2013,10,2,0.8722222222222222
5907,2013,10,2,0.5683333333333334
5876,2013,10,8,0.4844827586206897
6001,2013,10,1,0.7666666666666667
5782,2013,10,8,0.3638888888888889
6039,2013,10,1,0.7359375
5775,2013,10,2,0.3609375
5713,2013,10,5,0.8183673469387756
5722,2013,10,2,0.4770491803278688
5796,2013,10,2,0.4891891891891892
5879,2013,10,1,0.735
5804,2013,10,2,0.5679245283018868
5952,2013,10,2,0.4777777777777778
5848,2013,10,2,0.3506024096385542
5873,2013,10,2,0.5847222222222223
5961,2013,10,5,0.4102272727272727
5793,2013,10,3,0.5645833333333333
5816,2013,10,5,0.5262295081967213
5824,2013,10,5,0.747457627118644
5709,2013,10,6,0.3957746478873239
5945,2013,10,7,0.485483870967742
5982,2013,10,4,0.6972222222222223
6026,2013,10,4,0.6416666666666667
5881,2013,10,9,0.5013888888888889
5784,2013,10,3,0.4575757575757576
5715,2013,10,5,0.4056179775280899
5863,2013,10,2,0.6895833333333333
5892,2013,10,4,0.4327586206896552
5859,2013,10,6,0.6270833333333333
6041,2013,10,7,0.6028571428571429
5909,2013,10,2,0.6173076923076923
5914,2013,10,8,0.8053571428571429
5901,2013,10,5,0.5139534883720931
5651,2013,10,3,0.3345679012345679
5648,2013,10,5,0.7697674418604652
5680,2013,10,2,0.4243589743589743
6024,2013,10,2,0.4604166666666667
5872,2013,10,3,0.5433734939759036
5869,2013,10,2,0.7088235294117647
6016,2013,10,5,0.4652173913043478
5884,2013,10,7,0.617948717948718
5875,2013,10,8,0.7642857142857143
5737,2013,10,2,0.4702127659574468
5686,2013,10,5,0.5574074074074075
5839,2013,10,6,0.4927272727272727
5929,2013,10,5,0.4754385964912281
5827,2013,10,1,0.4630769230769231
5717,2013,10,5,0.6244444444444445
5972,2013,10,5,0.3887096774193548
5899,2013,10,7,0.8204545454545454
6023,2013,10,5,0.5457142857142857
5803,2013,10,9,0.4147058823529411
5865,2013,10,3,0.3770833333333334
5993,2013,10,1,0.3954545454545455
6031,2013,10,4,0.5976190476190476
6000,2013,10,1,0.9048780487804878
5642,2013,10,1,0.5897058823529412
5818,2013,10,6,0.6882352941176471
5720,2013,10,0,0.5410256410256411
5842,2013,10,4,0.4194029850746268
5696,2013,10,1,0.7522727272727273
5698,2013,10,6,0.5189655172413793
5851,2013,10,6,0.4839080459770115
5853,2013,10,7,0.4277777777777778
6037,2013,10,5,0.602
5868,2013,10,8,0.2877551020408163
5653,2013,10,7,0.5016129032258064
5999,2013,10,7,0.5275000000000001
5725,2013,10,3,0.4702127659574468
5955,2013,10,4,0.523913043478261
6028,2013,10,3,0.525
5912,2013,10,2,0.346551724137931
5958,2013,10,7,0.9833333333333334
5687,2013,10,5,0.7240740740740741
5918,2013,10,5,0.6089285714285715
5841,2013,10,0,0.3857142857142857
5661,2013,10,2,0.5275000000000001
5814,2013,10,8,0.8053571428571429
5906,2013,10,2,0.5271186440677966
5894,2013,10,0,0.4918367346938775
5674,2013,10,9,0.8405405405405406
5711,2013,10,0,0.502
5677,2013,10,8,0.742
5905,2013,10,8,0.4078125
5969,2013,10,5,0.501
5806,2013,10,2,0.5326530612244899
5672,2013,10,5,0.913235294117647
5640,2013,10,5,0.659493670886076
5821,2013,10,4,0.9795454545454546
5819,2013,10,5,0.4063829787234043
5849,2013,10,0,0.5070588235294118
5765,2013,10,2,0.523913043478261
5649,2013,10,4,0.9808510638297872
5975,2013,10,5,0.6927272727272727
5776,2013,10,3,0.3415094339622642
5655,2013,10,6,0.5023809523809524
6010,2013,10,8,0.741304347826087
5880,2013,10,5,0.8083333333333333
5757,2013,10,8,0.6041095890410959
5675,2013,10,8,0.4735849056603773
5895,2013,10,1,0.6803571428571429
5732,2013,10,4,0.6714285714285715
5756,2013,10,6,0.5390243902439025
5636,2013,10,2,0.385
5833,2013,10,7,0.5440677966101695
5739,2013,10,0,0.9579710144927536
5748,2013,10,6,0.4441176470588235
6009,2013,10,6,0.482
5805,2013,10,8,0.5017857142857143
5944,2013,10,1,0.5820000000000001
5647,2013,10,5,0.3886363636363636
5885,2013,10,2,0.6627118644067796
6017,2013,10,1,0.5553191489361703
5850,2013,10,1,0.4870967741935483
5871,2013,10,8,0.596875
5882,2013,10,4,0.4913461538461539
5915,2013,10,0,0.5276315789473685
6015,2013,10,7,0.7893617021276597
5811,2013,10,1,0.6069767441860465
5911,2013,10,0,0.7134615384615385
5874,2013,10,5,0.5509803921568628
5788,2013,10,1,0.422
5654,2013,10,5,0.6642857142857143
5903,2013,10,7,0.5152777777777778
5777,2013,10,7,0.4301587301587302
6021,2013,10,0,0.4395833333333334
5902,2013,10,6,0.3792452830188679
5857,2013,10,9,0.7435483870967742
6038,2013,10,7,0.4906976744186047
5699,2013,10,5,0.3447761194029851
5826,2013,10,0,0.2911111111111111
5888,2013,10,0,0.4507246376811594
5769,2013,10,4,0.5292134831460674
5660,2013,10,4,0.4476923076923077
5883,2013,10,5,0.6109375
5837,2013,10,0,0.3979166666666667
5964,2013,10,8,0.4773809523809524
5759,2013,10,0,0.7661764705882353
5689,2013,10,8,0.4462962962962963
5733,2013,10,2,0.4927272727272727
5886,2013,10,8,0.5666666666666667
5658,2013,10,9,0.6737704918032787
6027,2013,10,6,0.511764705882353
5798,2013,10,5,0.6081967213114754
5856,2013,10,0,0.6890625
5817,2013,10,4,0.5775
5930,2013,10,1,0.7377358490566038
5760,2013,10,7,0.8970149253731343
5758,2013,10,6,0.743939393939394
5749,2013,10,5,0.7611111111111112
5701,2013,10,7,0.7000000000000001
5683,2013,10,1,0.4413333333333333
5802,2013,10,7,0.3080645161290323
5965,2013,10,1,0.4672413793103449
5740,2013,10,0,0.4529411764705882
5940,2013,10,5,0.6679012345679013
5938,2013,10,4,0.682
5998,2013,10,5,0.4202702702702703
5682,2013,10,1,0.9558139534883722
5927,2013,10,2,0.5397435897435897
5822,2013,10,7,0.5980769230769231
5992,2013,10,7,0.8075268817204301
5714,2013,10,7,0.9720588235294116
5977,2013,10,9,0.57625
5741,2013,10,8,0.7707692307692308
5774,2013,10,4,0.4891891891891892
5889,2013,10,9,0.4225806451612903
5966,2013,10,9,0.8317073170731708
5659,2013,10,2,0.9648148148148148
5835,2013,10,8,0.482
5947,2013,10,6,0.4340909090909091
5664,2013,10,3,0.4228070175438597
5710,2013,10,9,0.3577777777777778
5809,2013,10,2,0.8049180327868852
5657,2013,10,8,0.3044943820224719
5721,2013,10,2,0.5084507042253521
5891,2013,10,1,0.5021739130434782
5834,2013,10,2,0.6760869565217391
5800,2013,10,6,0.6755102040816326
5910,2013,10,8,0.5290909090909092
5852,2013,10,7,0.3537037037037037
5973,2013,10,8,0.6314814814814815
5926,2013,10,6,0.4092592592592592
5691,2013,10,0,0.3810810810810811
5923,2013,10,5,0.4441860465116279
5920,2013,10,2,0.743103448275862
5878,2013,10,8,0.5879310344827586
5968,2013,10,2,0.5653846153846154
5986,2013,10,2,0.6090909090909091
5893,2013,10,2,0.617948717948718
5781,2013,10,2,0.8145833333333333
5771,2013,10,7,0.3190476190476191
6008,2013,10,8,0.4016666666666666
5829,2013,10,1,0.8885714285714286
5779,2013,10,2,0.4878378378378378
5727,2013,10,4,0.5596153846153846
5978,2013,10,1,0.8540983606557377
6029,2013,10,4,0.4658536585365854
5723,2013,10,8,0.3544117647058823
6392,2014,11,3,0.5477272727272727
6448,2014,11,2,0.3537037037037037
6166,2014,11,1,0.6686274509803922
6177,2014,11,7,0.7461538461538462
6338,2014,11,1,0.6173076923076923
6253,2014,11,3,0.7442857142857143
6248,2014,11,2,0.4194029850746268
6384,2014,11,7,0.517741935483871
6308,2014,11,3,0.7303030303030303
6337,2014,11,9,0.5666666666666667
6419,2014,11,7,0.5589147286821705
6399,2014,11,9,0.4063829787234043
6224,2014,11,3,0.7654545454545455
6095,2014,11,6,0.4942028985507246
6350,2014,11,4,0.5983870967741935
6080,2014,11,6,0.4927272727272727
6356,2014,11,9,0.5189655172413793
6143,2014,11,3,0.4934426229508197
6252,2014,11,2,0.4137254901960784
6270,2014,11,2,0.7000000000000001
6236,2014,11,7,0.4482142857142857
6225,2014,11,1,0.7020000000000001
6120,2014,11,3,0.4323076923076923
6123,2014,11,0,0.722
6125,2014,11,0,0.5280701754385965
6126,2014,11,4,0.5683333333333334
6131,2014,11,0,0.4578947368421053
6149,2014,11,3,0.4752577319587629
6296,2014,11,0,0.3589285714285714
6385,2014,11,1,0.7654545454545455
6139,2014,11,3,0.5516666666666666
6425,2014,11,3,0.4578947368421053
6407,2014,11,4,0.2847826086956521
6402,2014,11,1,0.5229166666666667
6442,2014,11,9,0.4492537313432836
6128,2014,11,0,0.7040540540540541
6186,2014,11,0,0.542
6452,2014,11,3,0.4648148148148148
6209,2014,11,6,0.7361445783132531
6165,2014,11,8,0.422
6298,2014,11,7,0.5026315789473684
6234,2014,11,7,0.5541176470588235
6110,2014,11,0,0.6016666666666667
6054,2014,11,2,0.50125
6479,2014,11,6,0.7361445783132531
6434,2014,11,5,0.4688311688311689
6388,2014,11,8,0.7603448275862069
6414,2014,11,2,0.3491071428571429
6045,2014,11,4,0.6365384615384616
6302,2014,11,0,0.6457627118644068
6390,2014,11,3,0.5021739130434782
6322,2014,11,3,0.3595238095238095
6382,2014,11,0,0.446031746031746
6365,2014,11,9,0.3662162162162162
6077,2014,11,8,0.5850000000000001
6331,2014,11,2,0.6089285714285715
6340,2014,11,0,0.5017241379310345
6344,2014,11,2,0.3120689655172414
6312,2014,11,3,0.4754385964912281
6345,2014,11,3,0.5853932584269663
6222,2014,11,7,0.5878048780487806
6217,2014,11,3,0.6984848484848485
6212,2014,11,9,0.4036585365853659
6189,2014,11,0,0.5615384615384615
6400,2014,11,2,0.511764705882353
6067,2014,11,9,0.4380281690140845
6455,2014,11,7,0.506896551724138
6360,2014,11,8,0.3666666666666666
6456,2014,11,9,0.7901408450704226
6488,2014,11,8,0.3585714285714286
6050,2014,11,4,0.4275
6232,2014,11,9,0.7346153846153847
6062,2014,11,7,0.7712643678160919
6053,2014,11,3,0.485
6329,2014,11,2,0.2871428571428571
6289,2014,11,1,0.9155172413793105
6113,2014,11,8,0.553061224489796
6288,2014,11,6,0.6365853658536585
6420,2014,11,7,0.5838709677419355
6101,2014,11,8,0.7657894736842106
6063,2014,11,6,0.6270833333333333
6241,2014,11,0,0.4303571428571429
6262,2014,11,8,0.4702127659574468
6192,2014,11,5,0.5432432432432432
6140,2014,11,6,0.8531914893617022
6391,2014,11,8,0.575925925925926
6152,2014,11,3,0.6563218390804598
6411,2014,11,2,0.5455882352941177
6466,2014,11,6,0.874468085106383
6327,2014,11,3,0.573469387755102
6181,2014,11,6,0.4369565217391304
6342,2014,11,5,0.4813333333333333
6430,2014,11,0,0.5982456140350877
6335,2014,11,4,0.4808219178082192
6446,2014,11,3,0.7163265306122449
6307,2014,11,0,0.7880952380952382
6435,2014,11,8,0.4660714285714286
6243,2014,11,1,0.62
6138,2014,11,3,0.4423728813559322
6129,2014,11,8,0.5261904761904762
6085,2014,11,3,0.7965517241379311
6132,2014,11,3,0.52625
6136,2014,11,1,0.5430555555555556
6088,2014,11,1,0.5986111111111111
6305,2014,11,7,0.461
6044,2014,11,8,0.6433962264150944
6451,2014,11,2,0.4770491803278688
6449,2014,11,1,0.6229729729729729
6445,2014,11,3,0.4578947368421053
6191,2014,11,5,0.4337837837837838
6408,2014,11,3,0.4884615384615385
6233,2014,11,3,0.4891891891891892
6396,2014,11,5,0.6627118644067796
6468,2014,11,6,0.9707692307692308
6394,2014,11,3,0.5082191780821917
6359,2014,11,8,0.3626506024096386
6104,2014,11,3,0.5238805970149254
6348,2014,11,6,0.5308823529411765
6284,2014,11,3,0.3915254237288136
6304,2014,11,8,0.6870370370370371
6238,2014,11,4,0.5153846153846154
6395,2014,11,9,0.4137254901960784
6137,2014,11,1,0.8562500000000001
6066,2014,11,0,0.4875
6497,2014,11,6,0.4529411764705882
6145,2014,11,6,0.986153846153846
6440,2014,11,3,0.573469387755102
6081,2014,11,1,0.7711538461538462
6196,2014,11,7,0.5779661016949152
6439,2014,11,6,0.721875
6079,2014,11,0,0.39
6264,2014,11,5,0.7893617021276597
6204,2014,11,2,0.3926829268292683
6254,2014,11,0,0.718867924528302
6410,2014,11,5,0.3589285714285714
6377,2014,11,4,0.6794117647058824
6155,2014,11,3,0.4280898876404495
6119,2014,11,7,0.4593220338983051
6213,2014,11,1,0.7195652173913044
6216,2014,11,2,0.3140625
6246,2014,11,8,0.6041095890410959
6485,2014,11,0,0.5953125
6424,2014,11,7,0.5879310344827586
6494,2014,11,8,0.3202898550724637
6355,2014,11,6,0.5376811594202898
6401,2014,11,8,0.4279411764705882
6315,2014,11,6,0.5127659574468085
6142,2014,11,0,0.7952380952380953
6294,2014,11,9,0.5796875
6314,2014,11,8,0.940625
6292,2014,11,1,0.6807692307692308
6310,2014,11,1,0.7317460317460318
6090,2014,11,5,0.7657894736842106
6091,2014,11,4,0.4106060606060606
6381,2014,11,9,0.4370967741935484
6214,2014,11,9,0.4525
6324,2014,11,6,0.7974358974358975
6071,2014,11,5,0.3851063829787234
6490,2014,11,9,0.7686046511627906
6220,2014,11,3,0.6294117647058823
6237,2014,11,1,0.787378640776699
6251,2014,11,3,0.3298507462686567
6146,2014,11,1,0.6246753246753247
6484,2014,11,7,0.9634615384615384
6334,2014,11,9,0.4197674418604651
6282,2014,11,7,0.925
6347,2014,11,3,0.7014285714285714
6156,2014,11,3,0.5539473684210526
6477,2014,11,3,0.3921875
6043,2014,11,7,0.9057692307692308
6194,2014,11,9,0.4859375
6293,2014,11,2,0.5013888888888889
6265,2014,11,6,0.7192307692307692
6369,2014,11,2,0.65
6457,2014,11,5,0.5553191489361703
6326,2014,11,8,0.9654761904761904
6068,2014,11,7,0.85
6383,2014,11,7,0.6294117647058823
6102,2014,11,3,0.8522388059701492
6263,2014,11,5,0.6488636363636364
6341,2014,11,8,0.9773809523809524
6491,2014,11,8,0.9178571428571428
6487,2014,11,8,0.9178571428571428
6398,2014,11,3,0.4057692307692307
6099,2014,11,3,0.2636363636363636
6393,2014,11,3,0.689247311827957
6482,2014,11,5,0.3875
6118,2014,11,2,0.6557692307692308
6203,2014,11,3,0.6485294117647059
6438,2014,11,1,0.7000000000000001
6462,2014,11,3,0.8223880597014925
6271,2014,11,2,0.4754385964912281
6117,2014,11,4,0.5494623655913978
6133,2014,11,7,0.6314814814814815
6404,2014,11,3,0.3637931034482758
6172,2014,11,6,0.5949152542372882
6168,2014,11,9,0.3303797468354431
6211,2014,11,7,0.3950819672131148
6089,2014,11,3,0.5366197183098592
6159,2014,11,1,0.506896551724138
6374,2014,11,8,0.3637931034482758
6190,2014,11,4,0.425
6193,2014,11,1,0.575925925925926
6272,2014,11,7,0.41375
6309,2014,11,5,0.3919540229885058
6205,2014,11,4,0.5410256410256411
6161,2014,11,6,0.5553191489361703
6228,2014,11,5,0.6895833333333333
6223,2014,11,3,0.9170212765957448
6219,2014,11,5,0.6081967213114754
6150,2014,11,9,0.659375
6409,2014,11,4,0.6625
6317,2014,11,8,0.48125
6332,2014,11,0,0.7457142857142858
6333,2014,11,3,0.6774647887323944
6221,2014,11,3,0.33
6277,2014,11,8,0.4078125
6276,2014,11,6,0.4371794871794872
6195,2014,11,7,0.5051282051282051
6269,2014,11,4,0.5275000000000001
6405,2014,11,2,0.5038461538461538
6437,2014,11,5,0.9171428571428571
6351,2014,11,0,0.5338709677419355
6389,2014,11,4,0.3489795918367347
6201,2014,11,8,0.3927536231884058
6321,2014,11,4,0.7000000000000001
6096,2014,11,1,0.5071428571428571
6498,2014,11,5,0.595945945945946
6116,2014,11,4,0.5158415841584159
6406,2014,11,5,0.6905405405405406
6465,2014,11,4,0.5752475247524753
6073,2014,11,1,0.8310344827586207
6461,2014,11,8,0.7214285714285714
6291,2014,11,7,0.5750000000000001
6397,2014,11,6,0.523913043478261
6283,2014,11,1,0.3745762711864407
6441,2014,11,8,0.564
6179,2014,11,3,0.6416666666666667
6357,2014,11,5,0.7346153846153847
6164,2014,11,5,0.8388888888888889
6078,2014,11,1,0.5280701754385965
6135,2014,11,1,0.923529411764706
6373,2014,11,4,0.5261904761904762
6169,2014,11,2,0.3059322033898305
6311,2014,11,0,0.4672413793103449
6274,2014,11,2,0.4102040816326531
6240,2014,11,2,0.8074626865671642
6087,2014,11,0,0.790909090909091
6047,2014,11,2,0.6890625
6370,2014,11,3,0.4688888888888889
6361,2014,11,2,0.4932203389830509
6363,2014,11,1,0.7183333333333334
6281,2014,11,6,0.3836363636363636
6231,2014,11,8,0.6868421052631579
6266,2014,11,8,0.2948275862068966
6170,2014,11,2,0.3410714285714286
6268,2014,11,1,0.551685393258427
6300,2014,11,3,0.3357142857142857
6475,2014,11,1,0.51375
6428,2014,11,7,0.7603448275862069
6183,2014,11,1,0.47625
6059,2014,11,5,0.6523809523809524
6174,2014,11,1,0.5127659574468085
6171,2014,11,3,0.8979166666666667
6230,2014,11,8,0.6108695652173913
6471,2014,11,5,0.551685393258427
6124,2014,11,6,0.510909090909091
6328,2014,11,6,0.5291666666666667
6303,2014,11,7,0.78
6173,2014,11,5,0.3943820224719101
6330,2014,11,5,0.990816326530612
6278,2014,11,3,0.739344262295082
6290,2014,11,5,0.6326086956521739
6489,2014,11,5,0.990816326530612
6403,2014,11,1,0.5705882352941177
6092,2014,11,0,0.7303030303030303
6378,2014,11,5,0.6346938775510205
6427,2014,11,1,0.5476744186046512
6500,2014,11,1,0.536046511627907
6197,2014,11,3,0.4052631578947369
6167,2014,11,3,0.5101694915254238
6163,2014,11,5,0.422
6250,2014,11,1,0.6882352941176471
6245,2014,11,3,0.5146341463414634
6076,2014,11,1,0.5442857142857143
6215,2014,11,5,0.6294117647058823
6493,2014,11,4,0.7020000000000001
6074,2014,11,5,0.4784615384615385
6175,2014,11,8,0.288095238095238
6460,2014,11,0,0.5356164383561643
6353,2014,11,4,0.742
6160,2014,11,3,0.6971014492753623
6093,2014,11,6,0.4808219178082192
6470,2014,11,3,0.6681159420289855
6280,2014,11,8,0.5127659574468085
6057,2014,11,3,0.3472727272727273
6083,2014,11,7,0.43
6467,2014,11,5,0.4946666666666667
6367,2014,11,3,0.6840909090909091
6415,2014,11,3,0.8741935483870968
6267,2014,11,5,0.5229166666666667
6483,2014,11,4,0.3982758620689655
6255,2014,11,8,0.6775
6323,2014,11,7,0.6098039215686275
6144,2014,11,8,0.508
6285,2014,11,9,0.511764705882353
6273,2014,11,4,0.4844827586206897
6379,2014,11,2,0.5390243902439025
6473,2014,11,0,0.764406779661017
6346,2014,11,3,0.4932203389830509
6148,2014,11,5,0.8293103448275863
6180,2014,11,0,0.9338983050847458
6207,2014,11,4,0.8651515151515152
6097,2014,11,5,0.5098360655737705
6056,2014,11,9,0.4648148148148148
6072,2014,11,1,0.3
6469,2014,11,5,0.8487179487179487
6115,2014,11,9,0.5854166666666667
6176,2014,11,4,0.4183333333333333
6417,2014,11,6,0.6047619047619048
6376,2014,11,9,0.4327586206896552
6433,2014,11,0,0.5901960784313726
6184,2014,11,3,0.3887096774193548
6065,2014,11,2,0.6622641509433963
6444,2014,11,3,0.5313725490196078
6147,2014,11,5,0.9256410256410256
6366,2014,11,1,0.7296296296296296
6134,2014,11,2,0.5901960784313726
6354,2014,11,4,0.3354166666666667
6492,2014,11,5,0.8904761904761905
6100,2014,11,8,0.4914893617021277
6458,2014,11,3,0.41375
6086,2014,11,3,0.6432835820895523
6299,2014,11,1,0.8293103448275863
6084,2014,11,2,0.668421052631579
6114,2014,11,4,0.5229166666666667
6082,2014,11,3,0.56375
6459,2014,11,2,0.5807017543859649
6070,2014,11,0,0.3984126984126984
6486,2014,11,1,0.95
6352,2014,11,5,0.7952380952380953
6242,2014,11,5,0.7513157894736843
6094,2014,11,9,0.4102040816326531
6372,2014,11,9,0.6525000000000001
6105,2014,11,6,0.6314814814814815
6261,2014,11,8,0.3613333333333333
6480,2014,11,5,0.8302631578947368
6313,2014,11,0,0.685
6375,2014,11,5,0.4688888888888889
6478,2014,11,2,0.8166666666666667
6447,2014,11,5,0.5362068965517242
6227,2014,11,7,0.4604166666666667
6257,2014,11,9,0.6681818181818182
6112,2014,11,6,0.8887499999999999
6464,2014,11,6,0.71375
6202,2014,11,9,0.5213333333333333
6200,2014,11,2,0.9277777777777778
6423,2014,11,3,0.5861111111111111
6358,2014,11,4,0.8366666666666667
6108,2014,11,4,0.9325581395348838
6046,2014,11,9,0.6483870967741936
6064,2014,11,2,0.6868421052631579
6210,2014,11,3,0.6913793103448276
6319,2014,11,3,0.5640625
6416,2014,11,7,0.425
6295,2014,11,4,0.4924528301886792
6418,2014,11,6,0.5666666666666667
6432,2014,11,8,0.6452380952380953
6229,2014,11,5,0.667948717948718
6259,2014,11,0,0.522
6185,2014,11,1,0.4777777777777778
6476,2014,11,1,0.446031746031746
6306,2014,11,6,0.3865384615384615
6436,2014,11,5,0.8509433962264151
6275,2014,11,6,0.3589285714285714
6052,2014,11,2,0.4797101449275363
6121,2014,11,4,0.6506493506493507
6182,2014,11,3,0.4756410256410256
6098,2014,11,5,0.725
6318,2014,11,8,0.6130434782608696
6297,2014,11,7,0.4257575757575758
6042,2014,11,5,0.475
6258,2014,11,1,0.3654545454545455
6474,2014,11,8,0.4371794871794872
6122,2014,11,2,0.553448275862069
6058,2014,11,5,0.88125
6069,2014,11,1,0.802
6386,2014,11,1,0.6895833333333333
6239,2014,11,5,0.7705882352941176
6111,2014,11,8,0.3588235294117647
6218,2014,11,4,0.5916666666666667
6060,2014,11,0,0.573469387755102
6279,2014,11,4,0.4914893617021277
6154,2014,11,1,0.5820000000000001
6472,2014,11,9,0.9048780487804878
6496,2014,11,4,0.9688524590163936
6495,2014,11,5,0.4878787878787879
6157,2014,11,9,0.8964285714285715
6178,2014,11,9,0.8073170731707318
6158,2014,11,2,0.3133333333333333
6320,2014,11,7,0.5785714285714285
6364,2014,11,7,0.5181818181818182
6362,2014,11,3,0.8066666666666666
6244,2014,11,6,0.4357142857142856
6426,2014,11,4,0.41
6380,2014,11,4,0.90327868852459
6463,2014,11,5,0.932876712328767
6421,2014,11,6,0.3415094339622642
6422,2014,11,5,0.5929577464788732
6206,2014,11,3,0.4573529411764706
6499,2014,11,5,0.4802816901408451
6061,2014,11,5,0.8661016949152542
6454,2014,11,5,0.9677966101694916
6316,2014,11,0,0.425
6048,2014,11,9,0.510909090909091
6198,2014,11,5,0.7155844155844157
6109,2014,11,5,0.8917808219178082
6249,2014,11,3,0.5605504587155964
6287,2014,11,7,0.6680555555555556
6450,2014,11,9,0.5305555555555556
6481,2014,11,3,0.5880733944954127
6188,2014,11,3,0.41375
6286,2014,11,5,0.3306818181818182
6453,2014,11,6,0.4462962962962963
6260,2014,11,5,0.4442307692307692
6443,2014,11,7,0.5152777777777778
6413,2014,11,0,0.5275000000000001
6343,2014,11,9,0.8296875
6199,2014,11,4,0.5196428571428572
6256,2014,11,3,0.4476923076923077
6151,2014,11,0,0.4839285714285714
6368,2014,11,9,0.7571428571428571
6235,2014,11,1,0.42
6051,2014,11,7,0.3742857142857143
6049,2014,11,6,0.5631578947368421
6075,2014,11,9,0.5574074074074075
6162,2014,11,4,0.605
6187,2014,11,6,0.5021739130434782
6301,2014,11,2,0.4052631578947369
6325,2014,11,9,0.2684210526315789
6339,2014,11,2,0.6352112676056338
6247,2014,11,2,0.6853658536585366
6055,2014,11,4,0.9387096774193548
6103,2014,11,6,0.4228070175438597
6106,2014,11,3,0.7955882352941177
6371,2014,11,3,0.4409090909090909
6127,2014,11,3,0.90327868852459
6431,2014,11,0,0.4278688524590164
6336,2014,11,3,0.46375
6208,2014,11,0,0.5430555555555556
6130,2014,11,3,0.5986111111111111
6429,2014,11,7,0.4137254901960784
6349,2014,11,3,0.360377358490566
6153,2014,11,3,0.846551724137931
6141,2014,11,5,0.5203703703703704
6107,2014,11,3,0.4942028985507246
6412,2014,11,7,0.617948717948718
6226,2014,11,2,0.5796875
6387,2014,11,2,0.78
